episode,episode_seed,episode_return,decision_count,normal_action_count,forced_action_count,random_action_count,policy_action_count,local_action_count,edge_action_count,cloud_action_count,drop_action_count,total_jobs,completed_jobs,dropped_jobs,unresolved_jobs,queued_jobs,started_from_waiting_jobs,waiting_timeout_drops,max_waiting_queue_length,remaining_waiting_jobs,simulation_end_time,episode_updates,global_decision_steps,global_normal_action_steps,replay_size,replay_trainable_size,replay_forced_size,masac_update_step,critic_loss,q1_loss,q2_loss,actor_loss,alpha_loss,alpha,policy_entropy,target_entropy,mean_q1,mean_q2,mean_target_q,wall_time_seconds,per_agent_returns
1,42,-952.3654165294502,1427,1427,0,1427,0,899,427,101,0,1000,472,528,0,741,213,528,26,0,15712.48642146548,428,1427,1427,1427,1427,0,428,1.2640121881371347,0.629426222468648,0.6345859646240127,-0.9097945134494906,-0.8242869718505121,0.09934544563293457,0.8943667380295903,0.5321349959785693,0.14869352015307627,0.14751303024662368,0.14909866031054755,8.95100389997242,"{""DC-1"": -152.8667713103498, ""DC-2"": -72.1987942848424, ""DC-3"": -228.5716109275881, ""DC-4"": -210.93400227980004, ""DC-5"": -287.79423772686914}"
2,43,-904.1948307044554,1385,1385,0,1385,0,891,385,109,0,1000,474,526,0,748,222,526,25,0,16297.459051503523,1388,2812,2812,2812,2812,0,1816,2.1017764782699455,1.049705673449321,1.052070805743895,-5.325090772909802,0.6987557842812879,0.10762709379196167,0.22546474850315182,0.5324083600161055,3.516535086488829,3.516024279734254,3.517802147672482,19.353420200000983,"{""DC-1"": -96.0555883334022, ""DC-2"": -209.38932180099712, ""DC-3"": -151.0261718171854, ""DC-4"": -189.53797128831582, ""DC-5"": -258.1857774645552}"
3,44,-947.5086299746507,1385,1385,0,1385,0,901,385,99,0,1000,463,537,0,744,207,537,29,0,18634.23963281584,1384,4197,4197,4197,4197,0,3200,2.210410088989776,1.0966532012027812,1.113756887614727,-12.321357907242858,0.712113205257351,0.1207573413848877,0.2046689981745416,0.5323024565257088,10.26379194700649,10.263583995703328,10.266343973964625,18.958443700015778,"{""DC-1"": -89.13674060427394, ""DC-2"": -222.19100468035765, ""DC-3"": -133.48112504971186, ""DC-4"": -198.5764317929928, ""DC-5"": -304.12332784731404}"
4,45,-12.989651612441545,1225,1225,0,803,422,693,225,307,0,1000,650,350,0,565,215,350,77,0,15695.916421270435,1224,5422,5422,5422,5422,0,4424,2.5558256060858957,1.2866012371735636,1.2692243702758372,-20.505480095451954,0.5879679853035733,0.13461463153362274,0.24740959342349977,0.5326271236332414,18.251572708678403,18.251247946732963,18.253277309579786,17.67812330002198,"{""DC-1"": 133.15411837565824, ""DC-2"": -166.59380692512298, ""DC-3"": 49.6469827472992, ""DC-4"": 8.991032057367029, ""DC-5"": -38.18797786764377}"
5,46,582.0919237458311,1000,1000,0,0,1000,468,0,532,0,1000,751,249,0,399,150,249,74,0,16738.344599777658,1000,6422,6422,6422,6422,0,5424,2.7852516330480577,1.400660475552082,1.3845911504030228,-28.991618635177613,0.5195405640006066,0.14708881080150604,0.26833798341453075,0.5331133010983468,26.886524602890013,26.885837202072143,26.888663806915282,14.733254600025248,"{""DC-1"": 182.68509366202338, ""DC-2"": 63.018007233704154, ""DC-3"": 83.97692038204141, ""DC-4"": 79.70284782488407, ""DC-5"": 172.70905464317826}"
6,47,1019.2002649148615,1000,1000,0,0,1000,327,0,673,0,1000,858,142,0,256,114,142,72,0,18854.894113301132,1000,7422,7422,7422,7422,0,6424,3.2015324486494063,1.6125435812473297,1.5889888731837272,-36.731253761291505,0.49009256130456924,0.16202792525291443,0.27115031403303147,0.5334088007211685,34.74560414505005,34.74546443939209,34.7475926322937,14.671793699992122,"{""DC-1"": 310.96663594197935, ""DC-2"": 95.93249978959894, ""DC-3"": 198.4735422609112, ""DC-4"": 135.94919337764117, ""DC-5"": 277.8783935447313}"
7,48,1299.5586479411725,1000,1000,0,0,1000,244,0,756,0,1000,927,73,0,176,103,73,27,0,17268.296064397528,1000,8422,8422,8422,8422,0,7424,3.4610443874597547,1.7447626618146896,1.7162817253470422,-43.12931701278686,0.44643781864643095,0.17828497290611267,0.28193844866752626,0.5337721428871155,41.326434020996096,41.326872192382815,41.32565692138672,14.731904899992514,"{""DC-1"": 318.86045601532487, ""DC-2"": 237.04555907303404, ""DC-3"": 292.23853296872613, ""DC-4"": 171.78983329206423, ""DC-5"": 279.62426659202436}"
8,49,1157.9590687209054,1000,1000,0,0,1000,340,0,660,0,1000,884,116,0,268,152,116,85,0,16410.150440305373,1000,9422,9422,9422,9422,0,8424,3.665511982917786,1.8461461975574494,1.8193657883405685,-48.84584418869019,0.3525660043954849,0.19414131343364716,0.32431308886408805,0.5338944720625878,47.202081649780276,47.2014076423645,47.19793989944458,14.721668300015153,"{""DC-1"": 339.12466249097236, ""DC-2"": 308.47934052423255, ""DC-3"": 177.80030101822294, ""DC-4"": 59.30022159815077, ""DC-5"": 273.25454308932757}"
9,50,1102.1179099026695,1000,1000,0,0,1000,346,0,654,0,1000,873,127,0,253,126,127,63,0,16724.472771431134,1000,10422,10422,10422,10422,0,9424,4.086504012465477,2.054716644823551,2.031787360191345,-54.18326308441162,0.3050050544440746,0.2122565507888794,0.3429199918806553,0.5340365668535233,52.650013336181644,52.65143151473999,52.65047425079346,14.683413899998413,"{""DC-1"": 348.2861497796687, ""DC-2"": 229.99785231182523, ""DC-3"": 110.55124348492022, ""DC-4"": 169.57501058437157, ""DC-5"": 243.70765374188397}"
10,51,1431.2912742366977,1000,1000,0,0,1000,221,0,779,0,1000,956,44,0,147,103,44,36,0,17525.68414754086,1000,11422,11422,11422,11422,0,10424,4.836183928251266,2.4549794771671296,2.381204452037811,-58.85552488708496,0.32327804145216943,0.23509754240512848,0.3184119244515896,0.5340900322198868,57.43447383117676,57.43482077026367,57.4307565498352,14.649867499974789,"{""DC-1"": 341.21086317913023, ""DC-2"": 278.4691943144466, ""DC-3"": 297.7196362469927, ""DC-4"": 231.5764679735467, ""DC-5"": 282.31511252258207}"
11,52,1391.2480367893843,1000,1000,0,0,1000,184,0,816,0,1000,953,47,0,99,52,47,43,0,16039.297626136926,1000,12422,12422,12422,12422,0,11424,4.840082157254219,2.460636074900627,2.379446072101593,-63.09634094619751,0.31677290596067903,0.26064735651016235,0.3074427892714739,0.5342985813617707,61.75198402404785,61.75290911102295,61.750569259643555,14.660872800013749,"{""DC-1"": 221.22324300268838, ""DC-2"": 333.9529738641828, ""DC-3"": 288.3299080934222, ""DC-4"": 238.55195687583958, ""DC-5"": 309.18995495325146}"
12,53,1307.8328200764,1000,1000,0,0,1000,213,0,787,0,1000,932,68,0,129,61,68,35,0,16912.5412564188,1000,13422,13422,13422,13422,0,12424,5.34894241309166,2.703691757977009,2.6452506519556045,-67.29162045288086,0.2808822167366743,0.2873362600803375,0.31756823834776876,0.534309471487999,66.0031252746582,66.00844729995728,66.00347955322266,14.757283699989785,"{""DC-1"": 307.2827029578735, ""DC-2"": 194.45080302232935, ""DC-3"": 265.27422345757066, ""DC-4"": 261.5720009900082, ""DC-5"": 279.25308964861756}"
13,54,1434.0555011184695,1000,1000,0,0,1000,221,0,779,0,1000,957,43,0,124,81,43,26,0,16869.10922168933,1000,14422,14422,14422,14422,0,13424,6.471992590069771,3.2817057896852493,3.1902867916226385,-71.6474789352417,0.21586249386519193,0.31328657269477844,0.35537975800037386,0.5346008378863335,70.40581736755371,70.40382820129395,70.39791403198242,15.93850739998743,"{""DC-1"": 348.4526498351279, ""DC-2"": 255.0233086942847, ""DC-3"": 290.1953036415821, ""DC-4"": 243.57857192655462, ""DC-5"": 296.80566702092176}"
14,55,1080.4448948161412,1001,1001,0,0,1001,369,1,631,0,1000,867,133,0,273,140,133,53,0,16638.592185835696,1000,15423,15423,15423,15423,0,14424,7.002112671256065,3.5433515664339064,3.4587611216306686,-76.23276573181153,0.18349137647636235,0.34219852089881897,0.3702131392657757,0.53443954205513,75.06129081726074,75.06380661773682,75.05797827911377,15.804644399991957,"{""DC-1"": 281.3579073305746, ""DC-2"": 172.2952787648971, ""DC-3"": 120.92819562803045, ""DC-4"": 247.43179211950968, ""DC-5"": 258.43172097313067}"
15,56,1364.7572394268136,1005,1005,0,0,1005,233,5,767,0,1000,943,57,0,133,76,57,27,0,15952.05007181681,1008,16428,16428,16428,16428,0,15432,6.901183195530423,3.4986078309279587,3.4025753802132037,-80.82506938207717,0.1650900728483167,0.3754315972328186,0.37372462699810666,0.5344947196898007,79.70641375344897,79.71057631477477,79.70207777477447,15.652953400014667,"{""DC-1"": 272.0174065763953, ""DC-2"": 282.19396338824214, ""DC-3"": 299.1739962800159, ""DC-4"": 239.69826932070754, ""DC-5"": 271.67360386145253}"
16,57,1389.1601713094271,1006,1006,0,0,1006,253,6,747,0,1000,947,53,0,157,104,53,28,0,18005.18561101524,1004,17434,17434,17434,17434,0,16436,6.785417132287386,3.430666813574939,3.3547503165158616,-84.8557107933014,0.11428174901377053,0.40582746267318726,0.4129594745210917,0.5344202494122593,83.79965233517834,83.80067494001047,83.7918799198956,16.242805399990175,"{""DC-1"": 332.72486945390744, ""DC-2"": 224.23630871492273, ""DC-3"": 255.62845842392585, ""DC-4"": 299.2358643805107, ""DC-5"": 277.3346703361594}"
17,58,1105.4993057368533,1010,1010,0,0,1010,344,10,656,0,1000,876,124,0,243,119,124,61,0,16952.522606363847,1012,18444,18444,18444,18444,0,17448,7.630464430029685,3.861507742124584,3.768956676007731,-88.52176091039605,0.05008202383392251,0.4254019856452942,0.4776500542997843,0.5346129806969948,87.49894414306158,87.4978891229441,87.49681722316818,16.080561799986754,"{""DC-1"": 290.446301405275, ""DC-2"": 222.74395074685523, ""DC-3"": 88.47614139502281, ""DC-4"": 251.0593370895722, ""DC-5"": 252.77357510012735}"
18,59,1308.491426983392,1009,1009,0,0,1009,342,9,658,0,1000,918,82,0,247,165,82,24,0,16877.65940642817,1008,19453,19453,19453,19453,0,18456,7.741345870825979,3.919606674462557,3.821739212269821,-92.22362796087114,0.01872152749620866,0.43594056367874146,0.5123677507988991,0.5345675871958808,91.23032621353391,91.22949124896337,91.22736385133531,16.017655300005572,"{""DC-1"": 363.9028057316832, ""DC-2"": 286.9314704916968, ""DC-3"": 202.06158667632923, ""DC-4"": 231.02433330435898, ""DC-5"": 224.57123077932496}"
19,60,1246.541681040877,1012,1012,0,0,1012,321,12,679,0,1000,906,94,0,220,126,94,52,0,16432.472771431134,1012,20465,20465,20465,20465,0,19468,9.741083847910991,4.920288865686405,4.820794999658355,-95.7513787341212,0.00025205411294865394,0.4363230764865875,0.534345085265137,0.534696143900924,94.77929336185983,94.77861531826818,94.76733872636034,16.025793300010264,"{""DC-1"": 342.8543823320122, ""DC-2"": 308.0604686386208, ""DC-3"": 39.73334382909857, ""DC-4"": 236.93926371692098, ""DC-5"": 318.95422252422424}"
20,61,1101.053748965673,1007,1007,0,0,1007,371,7,629,0,1000,871,129,0,257,128,129,81,0,16091.782173252555,1008,21472,21472,21472,21472,0,20476,9.447005419031022,4.781095240501657,4.665910186098208,-99.00431030515641,-0.013797453909304865,0.42301973700523376,0.5512021998209613,0.5348134873996652,98.09495287092905,98.08863360541207,98.0824493075174,16.073346699995454,"{""DC-1"": 326.30353511730243, ""DC-2"": 282.2489148686677, ""DC-3"": 5.980303629348681, ""DC-4"": 257.0756112178274, ""DC-5"": 229.44538413252644}"
21,62,1214.3005806047352,1008,1008,0,0,1008,311,8,689,0,1000,902,98,0,218,120,98,39,0,17121.412259097022,1008,22480,22480,22480,22480,0,21484,10.28328610223437,5.196865032589625,5.086421087088566,-101.87440388543266,-0.010694013916127872,0.4128211438655853,0.5470803109781136,0.534765352155008,100.9826537389604,100.97753061567035,100.96918498902093,15.518395299994154,"{""DC-1"": 331.74360454425505, ""DC-2"": 160.64578220122561, ""DC-3"": 206.53429687417886, ""DC-4"": 251.27750201944644, ""DC-5"": 264.09939496563055}"
22,63,985.3501772253857,1003,1003,0,0,1003,388,3,612,0,1000,842,158,0,275,117,158,73,0,16550.97769279527,1000,23483,23483,23483,23483,0,22484,9.043328103065491,4.575301220178604,4.468026879906654,-104.78833499908447,0.00029209816153161227,0.4129686951637268,0.5346687343716622,0.5350463481545449,103.92419637298585,103.91835536193848,103.9176934967041,15.194621800008463,"{""DC-1"": 322.61839478360207, ""DC-2"": 15.886980861631287, ""DC-3"": 209.42896055498633, ""DC-4"": 201.73982131782273, ""DC-5"": 235.67601970734546}"
23,64,1297.5381640982198,1001,1001,0,0,1001,366,1,634,0,1000,910,90,0,241,151,90,43,0,17535.946239131634,1004,24484,24484,24484,24484,0,23488,10.473432844259824,5.304266107034874,5.169166744349012,-107.41957504910776,-0.004792894324170893,0.4088518023490906,0.5404448529104312,0.5350336132059059,106.58540756863901,106.59073270364587,106.57658624079123,15.261853300005896,"{""DC-1"": 368.7035945311125, ""DC-2"": 192.08986699605734, ""DC-3"": 269.3791741517638, ""DC-4"": 206.68911687366852, ""DC-5"": 260.67641154561835}"
24,65,1484.1716144972504,1007,1007,0,0,1007,268,7,732,0,1000,963,37,0,172,135,37,26,0,18713.039218902042,1004,25491,25491,25491,25491,0,24492,11.943438336193799,6.062025697820215,5.881412607740121,-109.6574109142045,-0.011884524042168967,0.3988279402256012,0.5482431029774754,0.5350977852050052,108.86535236465029,108.86021240203979,108.85974216081232,15.209874499996658,"{""DC-1"": 317.384614282026, ""DC-2"": 295.93149838944504, ""DC-3"": 332.83058984087705, ""DC-4"": 247.3627041988579, ""DC-5"": 290.6622077860459}"
25,66,1435.619153974254,1004,1004,0,0,1004,277,4,723,0,1000,949,51,0,169,118,51,24,0,15906.188561251434,1004,26495,26495,26495,26495,0,25496,12.507857483459183,6.3107286981971145,6.197128792920435,-111.44551634313576,-0.0134294266818069,0.38775306940078735,0.5494196694863744,0.5350151788072283,110.68163520691404,110.68374961305899,110.67244980344735,15.263107100006891,"{""DC-1"": 370.4524662219398, ""DC-2"": 257.80084048768924, ""DC-3"": 271.9403317385251, ""DC-4"": 231.3319388698138, ""DC-5"": 304.0935766562884}"
26,67,1441.5411295730385,1004,1004,0,0,1004,302,4,698,0,1000,949,51,0,190,139,51,35,0,15455.894113301132,1004,27499,27499,27499,27499,0,26500,10.405765705137139,5.2681170690107155,5.1376486229469105,-113.56699132729337,-0.0033274776635290795,0.38456854224205017,0.5385428960936003,0.5349336626282726,112.81528413628202,112.82232010222052,112.81552718265124,15.195613899995806,"{""DC-1"": 353.87180603056004, ""DC-2"": 315.2156115238595, ""DC-3"": 279.88576261138115, ""DC-4"": 234.98947254577703, ""DC-5"": 257.5784768614613}"
27,68,1403.6835995456534,1002,1002,0,0,1002,294,2,706,0,1000,939,61,0,184,123,61,25,0,15109.188561251434,1004,28501,28501,28501,28501,0,27504,11.953677454792645,6.055841874910066,5.897835573233456,-115.21643286017307,0.007904380942793169,0.3910392224788666,0.5267793718146613,0.535154824416001,114.50999109488559,114.50997780423715,114.50955867387384,15.073048799997196,"{""DC-1"": 373.57279642572524, ""DC-2"": 269.99525767652267, ""DC-3"": 221.0684359931384, ""DC-4"": 251.355387010326, ""DC-5"": 287.69172243994245}"
28,69,1300.3744339776545,1005,1005,0,0,1005,264,5,736,0,1000,925,75,0,173,98,75,36,0,17324.905851802294,1004,29506,29506,29506,29506,0,28508,12.474787316236839,6.308297658702767,6.166489656821665,-116.82739744908307,-0.00756387575320803,0.38482001423835754,0.5431346082948594,0.5351475536585804,116.14708841179471,116.14966747390322,116.14173820769169,15.121780299989041,"{""DC-1"": 294.11744187023027, ""DC-2"": 238.90945362118066, ""DC-3"": 361.11337658194867, ""DC-4"": 153.1248327076903, ""DC-5"": 253.1093291966027}"
29,70,1416.5772147276462,1003,1003,0,0,1003,220,3,780,0,1000,954,46,0,133,87,46,29,0,13289.360164026679,1004,30509,30509,30509,30509,0,29512,12.929684949823585,6.532986774209486,6.39669821616188,-118.37366127682873,0.0033299543545117593,0.38789260387420654,0.5314259469449758,0.534972403747627,117.71509491209964,117.71419058567975,117.70390614665362,15.053799899993464,"{""DC-1"": 318.950469269028, ""DC-2"": 328.2100372753134, ""DC-3"": 271.9196572013882, ""DC-4"": 240.2436369646692, ""DC-5"": 257.2534140172484}"
30,71,1366.2468861218524,1003,1003,0,0,1003,273,3,727,0,1000,937,63,0,166,103,63,34,0,15990.677932585058,1004,31512,31512,31512,31512,0,30516,12.679758538406684,6.394936073586285,6.284822460130392,-119.90881778519467,0.0040427495804763736,0.3912121057510376,0.5310709614202795,0.5352766500763684,119.27945074712137,119.27421336534964,119.26717821250399,15.107429799973033,"{""DC-1"": 327.5201282778674, ""DC-2"": 257.2875484048089, ""DC-3"": 230.07799721909322, ""DC-4"": 264.32227885058563, ""DC-5"": 287.0389333695004}"
31,72,1317.0950487615432,1005,1005,0,0,1005,287,5,713,0,1000,924,76,0,191,115,76,54,0,15977.045114051349,1004,32517,32517,32517,32517,0,31520,14.343045265076169,7.2704680180882075,7.072577287357642,-121.55242388751877,0.007656316967463989,0.39787304401397705,0.5271032791866724,0.5352564697484096,120.92889512202655,120.93245525284118,120.9172062056948,15.203302699985215,"{""DC-1"": 372.58072455010597, ""DC-2"": 239.49298688288135, ""DC-3"": 190.75943847234575, ""DC-4"": 227.18487064838882, ""DC-5"": 287.07702820782146}"
32,73,1400.1160037051814,1005,1005,0,0,1005,249,5,751,0,1000,948,52,0,152,100,52,22,0,17550.188561251434,1004,33522,33522,33522,33522,0,32524,13.305339782361491,6.758090383978004,6.547249367156351,-123.04973267938986,0.003486289321101712,0.4011642634868622,0.531184172190993,0.5349920519082195,122.45553803158947,122.45794199757367,122.44899166152771,15.224541600007797,"{""DC-1"": 296.1083744673939, ""DC-2"": 357.4154285958662, ""DC-3"": 182.4686072835127, ""DC-4"": 275.1842577109012, ""DC-5"": 288.9393356475092}"
33,74,1406.368823978058,1008,1008,0,0,1008,260,8,740,0,1000,946,54,0,155,101,54,25,0,16138.729837885812,1008,34530,34530,34530,34530,0,33532,13.64329595414419,6.894375087131584,6.748920840817312,-124.32136873971848,0.007664288642459608,0.4086320698261261,0.5268982201518994,0.5353389002146229,123.72187955038888,123.72051133806744,123.7087696241954,15.857643900002586,"{""DC-1"": 332.25212292325364, ""DC-2"": 268.02101309015507, ""DC-3"": 323.419122194099, ""DC-4"": 215.90421214835445, ""DC-5"": 266.77235362219704}"
34,75,1370.1213483057068,1007,1007,0,0,1007,307,7,693,0,1000,934,66,0,202,136,66,44,0,17118.28838783866,1008,35537,35537,35537,35537,0,34540,13.98796370554538,7.078434741922787,6.909528945764852,-125.39417338749719,-0.001976108673954427,0.4071154296398163,0.5374046447317279,0.5352476371067857,124.82181023794507,124.82404011771793,124.81547804484292,15.505681299982825,"{""DC-1"": 330.3032714252536, ""DC-2"": 143.58491715007608, ""DC-3"": 313.02573684441484, ""DC-4"": 270.63250191143646, ""DC-5"": 312.5749209745267}"
35,76,1399.4943151034597,1003,1003,0,0,1003,287,3,713,0,1000,938,62,0,160,98,62,27,0,17361.946239131634,1004,36540,36540,36540,36540,0,35544,13.534501914246624,6.828238297387423,6.706263592756127,-126.66920342768331,-0.011028969706550047,0.3963993191719055,0.5473225685764119,0.5350954239943113,126.07835888197698,126.07261061953358,126.06933402255237,15.445108599989908,"{""DC-1"": 338.354022031601, ""DC-2"": 317.68151049439666, ""DC-3"": 199.5865523332111, ""DC-4"": 216.52234627653073, ""DC-5"": 327.3498839677213}"
36,77,1368.3193634407003,1007,1007,0,0,1007,309,7,691,0,1000,933,67,0,207,140,67,34,0,14840.369817868243,1004,37547,37547,37547,37547,0,36548,15.530469179865849,7.825351907912479,7.705117282401993,-128.15771260204542,-0.001576433514348747,0.3952641487121582,0.536919036561037,0.5352325348621345,127.58154612233439,127.58152749718897,127.5768996158919,15.72404609998921,"{""DC-1"": 358.80864210489676, ""DC-2"": 312.18499733080716, ""DC-3"": 173.4534399696326, ""DC-4"": 227.84700254980524, ""DC-5"": 296.0252814855587}"
37,78,1309.5402776973833,1003,1003,0,0,1003,360,3,640,0,1000,912,88,0,217,129,88,47,0,15519.472771431134,1004,38550,38550,38550,38550,0,37552,16.023190358720452,8.074690854881863,7.948499456819785,-129.50913535646234,-0.00028630996802895967,0.39476680755615234,0.5356783828887332,0.5352546813715977,128.95157202306495,128.9469732535313,128.93819589348902,16.28306329998304,"{""DC-1"": 339.4848881239531, ""DC-2"": 239.11265424888325, ""DC-3"": 114.23554310728159, ""DC-4"": 259.3159104234261, ""DC-5"": 357.39128179383925}"
38,79,1422.8186823684377,1003,1003,0,0,1003,259,3,741,0,1000,950,50,0,166,116,50,27,0,15218.065845472149,1004,39553,39553,39553,39553,0,38556,13.945093043296936,7.023362575892908,6.92173050812991,-130.49492456808508,0.007086705224193351,0.4012986421585083,0.5277959694009853,0.5354360961225403,129.9722183957043,129.96319112739715,129.9572889852334,15.508734599978197,"{""DC-1"": 337.085556239141, ""DC-2"": 330.75637264090267, ""DC-3"": 248.63139742888455, ""DC-4"": 240.81217594457647, ""DC-5"": 265.53318011493366}"
39,80,1408.6697536574698,1002,1002,0,0,1002,289,2,711,0,1000,943,57,0,173,116,57,39,0,15850.08566455818,1000,40555,40555,40555,40555,0,39556,14.334586709260941,7.247471246242523,7.087115436673164,-131.41810689544678,0.0028495917848777026,0.40431803464889526,0.5321707832217216,0.5352372661828995,130.8868629989624,130.8809410018921,130.87266023254395,15.175500199984526,"{""DC-1"": 305.86481083898536, ""DC-2"": 251.10093184954843, ""DC-3"": 277.9563464559787, ""DC-4"": 255.22995600884894, ""DC-5"": 318.5177085041086}"
40,81,1507.8229482149134,1004,1004,0,0,1004,257,4,743,0,1000,968,32,0,137,105,32,17,0,17699.077263983418,1004,41559,41559,41559,41559,0,40560,16.802983992840666,8.486639533384862,8.316344480115578,-132.35883913382116,0.007084277200844673,0.41095030307769775,0.527325172882631,0.5352170084458423,131.83241684598278,131.83209214077527,131.82147256311669,15.019149499974446,"{""DC-1"": 386.67879991346337, ""DC-2"": 308.23666102832175, ""DC-3"": 240.20624804240276, ""DC-4"": 298.23139988374504, ""DC-5"": 274.4698393469822}"
41,82,1427.6330001868612,1002,1002,0,0,1002,323,2,677,0,1000,941,59,0,190,131,59,32,0,17445.15433139282,1004,42561,42561,42561,42561,0,41564,15.32937693999583,7.645549036829595,7.683827936768057,-133.17669893545934,-0.004347642321293557,0.4067075252532959,0.5402550435220578,0.5353623241542345,132.6324089323857,132.62980705048457,132.62271166797652,15.240145699994173,"{""DC-1"": 318.8307757208994, ""DC-2"": 263.75947518859, ""DC-3"": 307.3024930202693, ""DC-4"": 241.1293912297972, ""DC-5"": 296.61086502730683}"
42,83,1412.4412722223658,1001,1001,0,0,1001,274,1,726,0,1000,946,54,0,170,116,54,17,0,15797.522145741972,1000,43562,43562,43562,43562,0,42564,15.36887233185768,7.72648781645298,7.642384475946426,-133.94061145019532,0.007659164431504905,0.41455671191215515,0.5267459055185318,0.5353490878343582,133.40494633483885,133.4035273284912,133.39852334594727,15.12576490000356,"{""DC-1"": 329.38224368061617, ""DC-2"": 256.31147571256093, ""DC-3"": 299.9603684031728, ""DC-4"": 254.38900890881635, ""DC-5"": 272.39817551719847}"
43,84,1542.8213738508746,1004,1004,0,0,1004,258,4,742,0,1000,976,24,0,147,123,24,22,0,17051.02089468451,1004,44566,44566,44566,44566,0,43568,15.990712246809348,8.042066223117935,7.948645964086769,-134.94249644792413,0.0037124497925888644,0.4181044101715088,0.5311826936217893,0.5353455688967648,134.422025551359,134.4223881603712,134.4190298741557,15.086645700008376,"{""DC-1"": 307.99756124135087, ""DC-2"": 300.0008628465644, ""DC-3"": 340.195192648109, ""DC-4"": 271.21560127495917, ""DC-5"": 323.4121558398938}"
44,85,1368.260225590877,1004,1004,0,0,1004,290,4,710,0,1000,936,64,0,179,115,64,32,0,18366.194896583373,1004,45570,45570,45570,45570,0,44572,15.801703912328438,7.9362524215918615,7.865451505459637,-135.55549620062231,0.004999240474920141,0.42358407378196716,0.5296748328315785,0.5353025911576245,135.05792807772815,135.0566162018187,135.05285339051508,14.98826939999708,"{""DC-1"": 282.0495527034623, ""DC-2"": 286.99631660992634, ""DC-3"": 281.59993315754053, ""DC-4"": 228.85147135655998, ""DC-5"": 288.76295176338635}"
45,86,1325.9336984420581,1006,1006,0,0,1006,267,6,733,0,1000,928,72,0,166,94,72,28,0,13812.668293578743,1008,46576,46576,46576,46576,0,45580,15.068938232840054,7.531698065381201,7.537240203292597,-136.30180013747443,0.0014784876779202253,0.4253198206424713,0.5336525778153113,0.5353061802803524,135.81292453644767,135.81903736175053,135.81234754834855,15.105511200003093,"{""DC-1"": 334.22244444705643, ""DC-2"": 190.01222444431625, ""DC-3"": 253.9622669696841, ""DC-4"": 231.1108516047038, ""DC-5"": 316.6259109762977}"
46,87,1341.4142623025489,1004,1004,0,0,1004,273,4,727,0,1000,931,69,0,174,105,69,24,0,15527.66422412658,1004,47580,47580,47580,47580,0,46584,15.921528313501897,7.9185571783329864,8.002971162121609,-136.90717130258264,0.007837737375217308,0.4338196814060211,0.5260432762097552,0.5353039615895169,136.45093402634578,136.44672352764235,136.43226865183308,15.154330199991819,"{""DC-1"": 352.828965192451, ""DC-2"": 318.2563576509686, ""DC-3"": 140.6358765485861, ""DC-4"": 247.48215322758838, ""DC-5"": 282.2109096829551}"
47,88,1330.6812887324006,1007,1007,0,0,1007,308,7,692,0,1000,925,75,0,198,123,75,42,0,16935.401029268513,1004,48587,48587,48587,48587,0,47588,15.952827727889634,8.012835810621421,7.939991921423916,-137.10455638383965,-0.0009504331758642844,0.43223392963409424,0.536533633165388,0.5353937841862796,136.642842965297,136.64789666407611,136.64349957956262,15.126547799998662,"{""DC-1"": 329.0976468073364, ""DC-2"": 190.31842218772255, ""DC-3"": 233.60741178782158, ""DC-4"": 262.7097015409061, ""DC-5"": 314.94810640861533}"
48,89,1372.6130233736858,1007,1007,0,0,1007,286,7,714,0,1000,935,65,0,191,126,65,26,0,15556.65397338411,1008,49594,49594,49594,49594,0,48596,15.877423670083758,7.9321630585288245,7.945260599846878,-137.16068208785285,-0.007589575728782202,0.4248570203781128,0.5440043776281296,0.535001355326838,136.73796948932466,136.74798081413147,136.74315413217695,14.99912740002037,"{""DC-1"": 410.1606298759541, ""DC-2"": 249.94112298580671, ""DC-3"": 187.08217605735453, ""DC-4"": 221.60719878169627, ""DC-5"": 303.8218956728749}"
49,90,1548.3879251096205,1002,1002,0,0,1002,265,2,735,0,1000,974,26,0,161,135,26,29,0,16991.23963281584,1004,50596,50596,50596,50596,0,49600,16.15843991810582,8.090887497976956,8.067552427371659,-137.2422146436228,0.006051592864615627,0.43124493956565857,0.5281273912326748,0.5352223104096029,136.84303092196643,136.83715341575592,136.82052866111238,15.308370200014906,"{""DC-1"": 342.7429025205153, ""DC-2"": 301.329862851794, ""DC-3"": 308.49082961114976, ""DC-4"": 277.14128773617654, ""DC-5"": 318.68304238998644}"
50,91,1393.1212893870706,1003,1003,0,0,1003,269,3,731,0,1000,943,57,0,169,112,57,32,0,16507.30425113243,1000,51599,51599,51599,51599,0,50600,15.073425364255906,7.532743667244911,7.540681669473648,-137.51812118530273,0.005694031916093081,0.4375724494457245,0.5283546355068683,0.5351188792586327,137.1128528442383,137.1088632659912,137.10346466064453,15.080248900019797,"{""DC-1"": 338.39132463043654, ""DC-2"": 208.26214218780527, ""DC-3"": 295.56039368637204, ""DC-4"": 293.5116704382872, ""DC-5"": 257.39575844416913}"
51,92,1437.257925528726,1007,1007,0,0,1007,309,7,691,0,1000,945,55,0,180,125,55,39,0,16399.69525948157,1008,52606,52606,52606,52606,0,51608,14.950981091648814,7.484828730305982,7.466152332250088,-137.98716996208069,-0.003961229292072526,0.4333469569683075,0.5399890777374071,0.5352360289248209,137.59100400833856,137.5919611945985,137.59070889911953,15.155227300012484,"{""DC-1"": 355.68631947742307, ""DC-2"": 260.46129707435784, ""DC-3"": 277.93468528675925, ""DC-4"": 197.25788151719448, ""DC-5"": 345.917742172991}"
52,93,1582.0426391899223,1003,1003,0,0,1003,202,3,798,0,1000,990,10,0,112,102,10,17,0,16260.847356881319,1004,53609,53609,53609,53609,0,52612,15.366914527824676,7.664333199837293,7.702581308277479,-138.36765176841462,-0.008257503408857017,0.4240959584712982,0.5449723249293893,0.5351682806394965,138.00413338406628,137.99240106225488,137.9960081244845,15.188116700010141,"{""DC-1"": 345.5437727686461, ""DC-2"": 288.1378693874293, ""DC-3"": 299.6604591061453, ""DC-4"": 328.10490066645883, ""DC-5"": 320.59563726124196}"
53,94,1439.7801777647933,1006,1006,0,0,1006,295,6,705,0,1000,948,52,0,169,117,52,29,0,15151.261611352313,1004,54615,54615,54615,54615,0,53616,16.17761965220668,8.136173433991543,8.04144624671138,-138.64425188041778,-0.004893076285720799,0.4191514253616333,0.5407819731005159,0.5350907370744948,138.28592004054096,138.29690866356353,138.27112664454486,15.198500900005456,"{""DC-1"": 275.7452791399491, ""DC-2"": 291.71896866256924, ""DC-3"": 281.35039137498393, ""DC-4"": 266.4387016436302, ""DC-5"": 324.52683694365993}"
54,95,1359.5363157869483,1003,1003,0,0,1003,300,3,700,0,1000,933,67,0,184,117,67,26,0,19052.045114051347,1004,55618,55618,55618,55618,0,54620,16.029623506078682,8.040626188910815,7.988997313130899,-138.76556239945006,-0.0048365875303121916,0.4143488109111786,0.5406486228761445,0.5350626392430993,138.41321036350206,138.4159860193017,138.4201648757752,15.126819400000386,"{""DC-1"": 305.1455358885896, ""DC-2"": 178.67075161753843, ""DC-3"": 326.9853049719861, ""DC-4"": 255.24540707921196, ""DC-5"": 293.4893162296236}"
55,96,1489.8601747753414,1009,1009,0,0,1009,272,9,728,0,1000,961,39,0,155,116,39,19,0,16328.476421465482,1008,56627,56627,56627,56627,0,55628,15.336580600293855,7.6815208448540595,7.655059698673468,-138.80708564273894,-0.0043672841683950366,0.4102509319782257,0.5401785721677164,0.5351414506042761,138.4683592054579,138.47123385232592,138.46171371520512,15.406532799999695,"{""DC-1"": 369.29097338408656, ""DC-2"": 296.8069665804361, ""DC-3"": 299.3241324204206, ""DC-4"": 209.79705114327732, ""DC-5"": 314.6410512471214}"
56,97,1437.9677827957137,1005,1005,0,0,1005,273,5,727,0,1000,950,50,0,144,94,50,26,0,17245.99759914723,1008,57632,57632,57632,57632,0,56636,15.266421812630835,7.697492251438754,7.568929542388235,-139.03401340000212,0.004052543533838443,0.41407710313796997,0.530561929036464,0.5351177259451814,138.6992496762957,138.7046964584835,138.6962738339863,15.465688100026455,"{""DC-1"": 358.58299301079376, ""DC-2"": 291.1869447101528, ""DC-3"": 294.7257293136195, ""DC-4"": 258.41214080235545, ""DC-5"": 235.0599749587921}"
57,98,1486.764370118868,1003,1003,0,0,1003,250,3,750,0,1000,965,35,0,152,117,35,29,0,14767.84584954554,1000,58635,58635,58635,58635,0,57636,17.160521187782287,8.666119481801987,8.494401697397231,-139.30422967529296,-0.0040456745533738285,0.41013967990875244,0.5397140249013901,0.5350776099562645,138.99725399780274,139.00187594604492,138.99540182495116,15.523469800013117,"{""DC-1"": 317.49435527258663, ""DC-2"": 312.9815710805366, ""DC-3"": 327.4762797231423, ""DC-4"": 225.4325002196799, ""DC-5"": 303.37966382292257}"
58,99,1160.4101414525442,1004,1004,0,0,1004,352,4,648,0,1000,887,113,0,251,138,113,32,0,17915.130328632997,1004,59639,59639,59639,59639,0,58640,15.113152180772378,7.565506087831292,7.547646114550739,-139.30321726096105,-0.0068984109782187115,0.4044470489025116,0.5427928125240888,0.5351545027052739,139.0063102691772,138.99066045084797,138.9900084111795,16.006564699986484,"{""DC-1"": 224.7515566791076, ""DC-2"": 165.526272593567, ""DC-3"": 215.13506946445156, ""DC-4"": 298.60382831577994, ""DC-5"": 256.3934143996373}"
59,100,1302.463115696711,1019,1019,0,0,1019,288,19,712,0,1000,926,74,0,171,97,74,30,0,16047.594616528413,1020,60658,60658,60658,60658,0,59660,18.913011078741036,9.497283615902358,9.415727410830703,-138.99530309041342,-0.013704579972260284,0.39214861392974854,0.5501065463412042,0.5351276113122118,138.6904130225088,138.69639937456915,138.68636124554803,14.704383999982383,"{""DC-1"": 308.45399587938135, ""DC-2"": 292.7721583923828, ""DC-3"": 137.0507472098998, ""DC-4"": 287.40729007143483, ""DC-5"": 276.77892414361077}"
60,101,1447.4206570452743,1001,1001,0,0,1001,334,1,666,0,1000,943,57,0,205,148,57,43,0,16656.41593409813,1000,61659,61659,61659,61659,0,60660,16.657420293092727,8.384551738858223,8.272868529081345,-138.65972218322753,0.007277446893509477,0.3983950614929199,0.5272763323485852,0.5350663366913796,138.37078260803221,138.37369277954102,138.37554681396483,14.49553289997857,"{""DC-1"": 353.4132038713949, ""DC-2"": 364.4143321361543, ""DC-3"": 181.18271494735615, ""DC-4"": 260.7025024454524, ""DC-5"": 287.70790364491637}"
61,102,1479.2678391637646,1002,1002,0,0,1002,256,2,744,0,1000,961,39,0,138,99,39,20,0,13377.719005069728,1004,62661,62661,62661,62661,0,61664,16.277683807321754,8.092844023528802,8.18483985301508,-138.23074988254987,-0.0004891217686235905,0.39770734310150146,0.5356546941387701,0.5350424380178945,137.94672209903064,137.95241555749658,137.93017496055816,14.486594300018623,"{""DC-1"": 299.24554750068745, ""DC-2"": 292.82929436073607, ""DC-3"": 308.62563220616175, ""DC-4"": 256.25672987154223, ""DC-5"": 322.3106352246382}"
62,103,1367.5381031468994,1000,1000,0,0,1000,268,0,732,0,1000,936,64,0,160,96,64,33,0,17262.36016402668,1000,63661,63661,63661,63661,0,62664,15.83769709444046,7.959625275850296,7.878071859359741,-138.06617678833007,-0.0004479063249891624,0.39756840467453003,0.5357273307740689,0.5352316702008247,137.79505613708497,137.78367910766602,137.7810725402832,14.412900399998762,"{""DC-1"": 342.2617275617179, ""DC-2"": 243.58254495341689, ""DC-3"": 229.54814356027003, ""DC-4"": 230.5823854484389, ""DC-5"": 321.56330162305545}"
63,104,1394.1888225356008,1003,1003,0,0,1003,274,3,726,0,1000,941,59,0,148,89,59,22,0,16363.941053420522,1004,64664,64664,64664,64664,0,63668,17.61994623852916,8.818386061732987,8.801560155542724,-137.99047786211113,0.002945021433529418,0.40009811520576477,0.5321592838462605,0.5352585023024168,137.70905363227266,137.71270972324083,137.70191906932817,14.513407499995083,"{""DC-1"": 363.7264768157018, ""DC-2"": 298.05188133424326, ""DC-3"": 223.93866903782543, ""DC-4"": 242.08632749179395, ""DC-5"": 266.3854678560361}"
64,105,1366.1391542526078,1000,1000,0,0,1000,301,0,699,0,1000,932,68,0,174,106,68,29,0,15699.668293578743,1000,65664,65664,65664,65664,0,64668,17.52970725941658,8.780824981927871,8.748882271170617,-137.7018329772949,0.000395780548453331,0.40075546503067017,0.5348212080597877,0.5352114372253418,137.42703477478028,137.42519451904298,137.41355058288573,14.400897299987264,"{""DC-1"": 343.71011022358135, ""DC-2"": 329.93401579234444, ""DC-3"": 285.1718340498734, ""DC-4"": 223.53644244502468, ""DC-5"": 183.7867517417831}"
65,106,1531.6212142452016,1004,1004,0,0,1004,243,4,757,0,1000,973,27,0,144,117,27,21,0,15354.201071861542,1004,66668,66668,66668,66668,0,65672,16.759135981954902,8.430932097107291,8.328203887222298,-137.61455967511787,-0.003824973273215318,0.39719802141189575,0.5394625577674919,0.5352062676769803,137.38190007304766,137.37770563862713,137.3682772875782,14.411194399988744,"{""DC-1"": 349.2000090317056, ""DC-2"": 318.50479577493536, ""DC-3"": 305.3689197850371, ""DC-4"": 247.755539267338, ""DC-5"": 310.79195038618553}"
66,107,1460.4034548230572,1017,1017,0,0,1017,314,17,686,0,1000,951,49,0,175,126,49,18,0,15496.164868740852,1016,67685,67685,67685,67685,0,66688,15.140124718973956,7.555355489488662,7.584769188419101,-137.49227206913505,-0.005886758146688386,0.3921678066253662,0.5415993678992189,0.5352701226205338,137.25788769759532,137.24944613299033,137.24322388115831,14.570237200008705,"{""DC-1"": 364.66983261542333, ""DC-2"": 247.78222708461007, ""DC-3"": 260.8127865204805, ""DC-4"": 251.90059208606263, ""DC-5"": 335.2380165164809}"
67,108,1415.8532789073242,1005,1005,0,0,1005,315,5,685,0,1000,941,59,0,188,129,59,28,0,15590.304251132433,1004,68690,68690,68690,68690,0,67692,15.261922449942128,7.6648419348604655,7.597080504989244,-137.09603591554193,0.0038343266944820247,0.3956451416015625,0.5311902637381952,0.5352968254174845,136.8643596086844,136.87144448937647,136.86370272085486,14.336462600011146,"{""DC-1"": 323.9566280445207, ""DC-2"": 290.332925123064, ""DC-3"": 248.76560432106533, ""DC-4"": 253.51940157567265, ""DC-5"": 299.2787198430008}"
68,109,1401.9446425873734,1003,1003,0,0,1003,321,3,679,0,1000,937,63,0,197,134,63,38,0,15353.719005069728,1004,69693,69693,69693,69693,0,68696,15.279105409682984,7.689557378391821,7.589548050407394,-137.0334451531034,0.0066015684287958,0.4011411666870117,0.5280864974298325,0.5351608374204294,136.81407586511864,136.80834117448663,136.80922740009203,14.327905700018164,"{""DC-1"": 352.02193156974164, ""DC-2"": 223.8574825051923, ""DC-3"": 293.7670892289423, ""DC-4"": 231.16953033127368, ""DC-5"": 301.12860895222457}"
69,110,1414.5480578137324,1041,1041,0,0,1041,269,41,731,0,1000,953,47,0,147,100,47,36,0,17960.188561251434,1040,70734,70734,70734,70734,0,69736,15.507638912246778,7.785774026123377,7.721864899190573,-136.99897400782658,-0.0020602245519582467,0.3996344208717346,0.5373851309315516,0.535069359265841,136.76305993887095,136.7671455676739,136.7623074898353,14.93600940000033,"{""DC-1"": 311.2965076364652, ""DC-2"": 236.05161006739345, ""DC-3"": 289.16022284726705, ""DC-4"": 267.8079862868999, ""DC-5"": 310.23173097570594}"
70,111,1542.768330745702,1004,1004,0,0,1004,264,4,736,0,1000,972,28,0,133,105,28,31,0,17237.265210785314,1004,71738,71738,71738,71738,0,70740,17.260211175418945,8.664970859825848,8.59524040215044,-136.97928297187227,0.0009542884403910206,0.4005463719367981,0.5340253418066587,0.5350889292846163,136.76346817624523,136.75665187455743,136.74890205109736,14.432432799978415,"{""DC-1"": 341.52734313256974, ""DC-2"": 327.50215931415096, ""DC-3"": 341.4000524738965, ""DC-4"": 271.5826089561562, ""DC-5"": 260.75616686892874}"
71,112,1373.4578835248676,1006,1006,0,0,1006,292,6,708,0,1000,933,67,0,172,105,67,41,0,16564.81549620117,1008,72744,72744,72744,72744,0,71748,16.445681487757064,8.266556917556695,8.179124626611907,-136.73903574262346,0.004000225530785789,0.40381160378456116,0.5310802825150036,0.5353349839884137,136.51724704863534,136.50917764693972,136.50795759473527,14.573999999993248,"{""DC-1"": 360.2564482310095, ""DC-2"": 179.29439823066681, ""DC-3"": 303.61168145464615, ""DC-4"": 240.99863359258774, ""DC-5"": 289.2967220159579}"
72,113,1490.7172529526388,1008,1008,0,0,1008,231,8,769,0,1000,969,31,0,132,101,31,18,0,16548.803238363176,1008,73752,73752,73752,73752,0,72756,15.406695663455933,7.7048143859183975,7.701881296223118,-136.55545109037368,0.002613377619935717,0.405937522649765,0.5322620136633752,0.535147339696922,136.3474080978878,136.35285742320713,136.34443840147958,14.452905700018164,"{""DC-1"": 341.1824604846272, ""DC-2"": 300.27238628328416, ""DC-3"": 336.9629215862005, ""DC-4"": 222.55225896129323, ""DC-5"": 289.74722563723225}"
73,114,1465.946880292842,1002,1002,0,0,1002,254,2,746,0,1000,958,42,0,135,93,42,22,0,14530.905851802296,1000,74754,74754,74754,74754,0,73756,16.07014837384224,8.049123397827149,8.021024954438209,-136.63006509399415,0.005797421952942386,0.4111573398113251,0.5287416395843029,0.5351581904888153,136.41303521728517,136.4161559753418,136.39989445495604,14.36088049999671,"{""DC-1"": 345.2886567307901, ""DC-2"": 303.9888606360807, ""DC-3"": 277.79702897498737, ""DC-4"": 251.74713686802818, ""DC-5"": 287.1251970829551}"
74,115,1384.873555736195,1002,1002,0,0,1002,329,2,671,0,1000,931,69,0,197,128,69,23,0,17665.97769279527,1004,75756,75756,75756,75756,0,74760,14.57152562478624,7.2910904149372735,7.280435193938563,-136.65094416644945,-0.006172855778419193,0.40577253699302673,0.5423496599453854,0.5353606770713016,136.45631533314983,136.4531151364999,136.44053529838166,14.324935900018318,"{""DC-1"": 348.89825454033814, ""DC-2"": 262.5617930240402, ""DC-3"": 239.50019295576865, ""DC-4"": 244.86031288439392, ""DC-5"": 289.05300233165485}"
75,116,1417.003565382414,1004,1004,0,0,1004,246,4,754,0,1000,950,50,0,149,99,50,31,0,16078.585097121555,1004,76760,76760,76760,76760,0,75764,17.19827037669748,8.654379043089916,8.543891319715645,-136.40892016650196,-0.006576351928097971,0.4004347026348114,0.5424568572664166,0.5352117348002248,136.21788470203657,136.22192676133844,136.2067424120656,14.66701400000602,"{""DC-1"": 371.21132900514203, ""DC-2"": 309.8016145811684, ""DC-3"": 234.9967136545564, ""DC-4"": 222.1038255873641, ""DC-5"": 278.8900825541827}"
76,117,1205.0649156226452,1001,1001,0,0,1001,373,1,627,0,1000,887,113,0,241,128,113,43,0,16239.989082663846,1000,77761,77761,77761,77761,0,76764,15.28400530743599,7.627205354571342,7.656799960136413,-136.31118214416503,0.0020972680437844247,0.4026961624622345,0.5329851684868335,0.5352904508113862,136.10901481628417,136.10520834350586,136.10699291992188,14.42417280000518,"{""DC-1"": 351.90437098688096, ""DC-2"": 56.244881455254045, ""DC-3"": 344.0035650227655, ""DC-4"": 225.7345443602078, ""DC-5"": 227.1775537975371}"
77,118,1247.187311643244,1009,1009,0,0,1009,338,9,662,0,1000,905,95,0,218,123,95,39,0,17076.937995193108,1008,78770,78770,78770,78770,0,77772,13.762032319155951,6.893244768773752,6.86878755345704,-136.17152590978714,0.008457964525044348,0.40930524468421936,0.5262189020535776,0.5354119619679829,135.9768190383911,135.9667538082789,135.95652339571998,14.467340400005924,"{""DC-1"": 295.9150693857096, ""DC-2"": 251.0399884032871, ""DC-3"": 294.15780368036235, ""DC-4"": 115.27560571109004, ""DC-5"": 290.79884446279516}"
78,119,1420.461254351146,1003,1003,0,0,1003,293,3,707,0,1000,945,55,0,173,118,55,41,0,16648.30425113243,1004,79773,79773,79773,79773,0,78776,15.297031420872981,7.6979748943887385,7.599056530877413,-136.35971806438795,0.0017999123953063917,0.41071492433547974,0.533320768688067,0.5352878713037863,136.15634067125055,136.1627850931479,136.1502481893714,14.555580399988685,"{""DC-1"": 328.5072176135189, ""DC-2"": 313.6428718903549, ""DC-3"": 344.0065012522381, ""DC-4"": 263.3886265021279, ""DC-5"": 170.91603709290607}"
79,120,1449.1011780237775,1002,1002,0,0,1002,303,2,697,0,1000,947,53,0,165,112,53,22,0,16370.27726365679,1000,80775,80775,80775,80775,0,79776,14.786306780815124,7.426042122006416,7.360264706611633,-136.5618476715088,0.0008903559681493789,0.41136306524276733,0.534416932284832,0.5353702026009559,136.3533971557617,136.33499977111816,136.34601127624512,14.475820799998473,"{""DC-1"": 395.7358313420712, ""DC-2"": 349.1584021084182, ""DC-3"": 189.34489292344173, ""DC-4"": 265.3215909374187, ""DC-5"": 249.5404607124276}"
80,121,1354.779144563234,1003,1003,0,0,1003,272,3,728,0,1000,933,67,0,140,73,67,45,0,14280.20980770325,1004,81778,81778,81778,81778,0,80780,15.118902927850822,7.54716229664377,7.571740642961752,-136.5267915155783,0.0020124967886224034,0.4134637117385864,0.5330470722925615,0.5352713082772327,136.30404091641248,136.30720565613524,136.29683019630463,14.476909999997588,"{""DC-1"": 235.15572544036672, ""DC-2"": 311.0507641869035, ""DC-3"": 322.0499838364349, ""DC-4"": 185.45813815752948, ""DC-5"": 301.06453294199997}"
81,122,1487.9315205225264,1008,1008,0,0,1008,248,8,752,0,1000,963,37,0,148,111,37,22,0,16510.188561251434,1008,82786,82786,82786,82786,0,81788,14.877295371558931,7.456872239590637,7.4204231517182455,-136.45029372260683,0.005224767103855912,0.4184538424015045,0.5295929943048765,0.5354579273788702,136.24459578498963,136.24788384210495,136.2481736834087,14.3928842000023,"{""DC-1"": 402.5608235565689, ""DC-2"": 321.2844032754547, ""DC-3"": 277.8699172651695, ""DC-4"": 236.50234374584525, ""DC-5"": 249.71403267948773}"
82,123,1353.9213088717531,1001,1001,0,0,1001,305,1,695,0,1000,929,71,0,190,119,71,38,0,17154.950906756458,1000,83787,83787,83787,83787,0,82788,14.92158304309845,7.425913567066193,7.4956694757938385,-136.50942434692382,0.00030178127670660613,0.41889333724975586,0.5348216503560543,0.5351928749680519,136.28126461791993,136.2880288543701,136.27881889343263,14.347569299978204,"{""DC-1"": 335.088958940054, ""DC-2"": 332.5257459694414, ""DC-3"": 213.0261392272819, ""DC-4"": 234.8402041820688, ""DC-5"": 238.44026055290905}"
83,124,1345.8917214320531,1006,1006,0,0,1006,324,6,676,0,1000,928,72,0,203,131,72,62,0,15420.782173252555,1008,84793,84793,84793,84793,0,83796,14.933867108490732,7.450028791195816,7.4838383416571315,-136.47937771630666,-0.0037678066605982916,0.4148836135864258,0.5396345752986178,0.5352124098747496,136.27428221324132,136.28165628039648,136.2791811171032,14.508225600002334,"{""DC-1"": 290.7935880884087, ""DC-2"": 279.9177016105545, ""DC-3"": 202.55099383667005, ""DC-4"": 267.4608738386193, ""DC-5"": 305.16856405780106}"
84,125,1462.685546865935,1000,1000,0,0,1000,246,0,754,0,1000,957,43,0,145,102,43,30,0,14770.37721762465,1000,85793,85793,85793,85793,0,84796,16.005037979602815,7.922453458428383,8.082584523558616,-136.2069391479492,-0.010721046722494066,0.40497568249702454,0.54739897865057,0.535318321108818,136.05147988891602,136.03841743469238,136.03624674987793,14.292592199984938,"{""DC-1"": 373.7520288848579, ""DC-2"": 323.56456967553726, ""DC-3"": 216.35519800556966, ""DC-4"": 243.85551992096794, ""DC-5"": 305.15823037900475}"
85,126,1316.7157825964734,1007,1007,0,0,1007,326,7,674,0,1000,919,81,0,189,108,81,37,0,15971.307241864135,1008,86800,86800,86800,86800,0,85804,15.668237481088866,7.814021149798045,7.854216327861188,-135.70829031202527,-0.008424233002144666,0.3973144292831421,0.5445326657463161,0.5353099142629949,135.53252307952397,135.53386471763488,135.53331676362052,14.430773800006136,"{""DC-1"": 339.7209328412924, ""DC-2"": 272.9647454171786, ""DC-3"": 265.1392556954521, ""DC-4"": 135.6828592986406, ""DC-5"": 303.2079893439106}"
86,127,1466.2213695658916,1003,1003,0,0,1003,246,3,754,0,1000,959,41,0,127,86,41,22,0,15819.001274871798,1000,87803,87803,87803,87803,0,86804,15.162023413896561,7.636771472454071,7.525251971244812,-135.31950894165038,-0.00781875473121181,0.3908589780330658,0.5437226370871067,0.5352842336297036,135.1769477081299,135.1737761993408,135.1629806060791,14.460913299990352,"{""DC-1"": 323.699357277341, ""DC-2"": 331.6366800754511, ""DC-3"": 317.4645937216423, ""DC-4"": 205.1672914404655, ""DC-5"": 288.25344705099263}"
87,128,1443.6188955388252,1004,1004,0,0,1004,310,4,690,0,1000,949,51,0,192,141,51,26,0,17473.53722041601,1004,88807,88807,88807,88807,0,87808,14.862554618561886,7.328919109595249,7.533635547080363,-134.99168902089397,-0.0028074916310244762,0.3881694972515106,0.5384015820000276,0.5352904015328305,134.84669021971197,134.85422698245105,134.84824606906847,14.397614299989073,"{""DC-1"": 319.57091412509834, ""DC-2"": 310.4090663086891, ""DC-3"": 280.8676102181287, ""DC-4"": 253.0012016595762, ""DC-5"": 279.77010322733213}"
88,129,1421.8140645893218,1003,1003,0,0,1003,277,3,723,0,1000,948,52,0,157,105,52,28,0,18776.36016402668,1004,89810,89810,89810,89810,0,88812,13.835124494782482,6.897201726042417,6.937922774795517,-134.7724594177003,-0.0009186759083698767,0.3877895772457123,0.5363225673596222,0.5354170064883403,134.634350081364,134.63177215150628,134.6293607005085,14.555687099986244,"{""DC-1"": 294.9500770510999, ""DC-2"": 327.4033215510981, ""DC-3"": 266.96120908646117, ""DC-4"": 216.8921147036643, ""DC-5"": 315.6073421970009}"
89,130,1455.2267834507797,1002,1002,0,0,1002,276,2,724,0,1000,951,49,0,134,85,49,26,0,15954.297626136926,1004,90812,90812,90812,90812,0,89816,14.210306109422707,7.135845357322123,7.074460755900083,-134.24570240157533,-0.0009838566471603643,0.3868729770183563,0.5364584585881803,0.5352969805439155,134.11314148921892,134.09942712061908,134.09744227739918,14.365561699989485,"{""DC-1"": 365.26512800321245, ""DC-2"": 285.1122792359074, ""DC-3"": 241.1559498490709, ""DC-4"": 250.73005951989714, ""DC-5"": 312.9633668426931}"
90,131,1436.2102365340397,1002,1002,0,0,1002,267,2,733,0,1000,952,48,0,148,100,48,24,0,16433.26161135231,1000,91814,91814,91814,91814,0,90816,13.668209752559662,6.765557171463966,6.902652582883835,-133.9154243545532,0.004063358101993799,0.3901558220386505,0.5311763928830624,0.535352738559246,133.79116088867187,133.78700075531006,133.78542126464845,14.370094899990363,"{""DC-1"": 333.47084065462946, ""DC-2"": 321.19217862935795, ""DC-3"": 237.57641911395467, ""DC-4"": 283.68400617714855, ""DC-5"": 260.28679195894904}"
91,132,1496.0175155722047,1000,1000,0,0,1000,235,0,765,0,1000,967,33,0,114,81,33,30,0,14651.34459977766,1000,92814,92814,92814,92814,0,91816,14.153322647571564,7.068325435519219,7.084997205972671,-133.74181858825685,-0.001356230593053624,0.3890411853790283,0.536743640333414,0.5352927047014236,133.64769340515136,133.63756184387208,133.6429041900635,14.39419849999831,"{""DC-1"": 338.8638454321735, ""DC-2"": 282.33757524975664, ""DC-3"": 245.77278037195566, ""DC-4"": 292.3429353620005, ""DC-5"": 336.70037915631923}"
92,133,1383.1244016220633,1008,1008,0,0,1008,306,8,694,0,1000,938,62,0,194,132,62,23,0,15858.360164026679,1008,93822,93822,93822,93822,0,92824,13.652379764923973,6.837055834158073,6.81532396861012,-133.48151842753092,-0.001983655785258475,0.3873230218887329,0.5372899751518927,0.5351822639386805,133.35984328436473,133.35553090534512,133.35365246212672,14.398297900013858,"{""DC-1"": 308.3368042233802, ""DC-2"": 210.6696921742521, ""DC-3"": 260.56778172344787, ""DC-4"": 304.7487744282105, ""DC-5"": 298.8013490727714}"
93,134,1363.7760529016703,1001,1001,0,0,1001,283,1,717,0,1000,935,65,0,182,117,65,51,0,15510.179342370993,1000,94823,94823,94823,94823,0,93824,13.367555466413497,6.679470565438271,6.688084869027138,-133.1809182434082,-0.008683702784357593,0.38023117184638977,0.5444552280902862,0.5353486192822456,133.0824164505005,133.07469316101074,133.07073107147218,14.379986899992218,"{""DC-1"": 283.0572376281097, ""DC-2"": 321.6459206945637, ""DC-3"": 197.3724843594032, ""DC-4"": 242.537181960255, ""DC-5"": 319.1632282593395}"
94,135,1559.3517392168017,1002,1002,0,0,1002,288,2,712,0,1000,972,28,0,140,112,28,29,0,16655.188561251434,1004,95825,95825,95825,95825,0,94828,14.23605153213934,7.1472515782037105,7.088799932800916,-132.7372537286158,0.001327614462053203,0.38106679916381836,0.533894440270515,0.5352684207171557,132.62047503194012,132.62639698469306,132.62519078805627,14.356185799988452,"{""DC-1"": 339.8167603551792, ""DC-2"": 340.92184715848447, ""DC-3"": 305.5880869041446, ""DC-4"": 257.707716503031, ""DC-5"": 315.3173282959629}"
95,136,1539.0815173158799,1006,1006,0,0,1006,260,6,740,0,1000,974,26,0,133,107,26,22,0,16289.063138366728,1004,96831,96831,96831,96831,0,95832,13.46450863463945,6.707535049354887,6.756973577923034,-132.61365458119914,-0.002022830149079061,0.3793523907661438,0.5374344997553236,0.5352206478912042,132.48000624455304,132.4856960403017,132.4834280052033,14.569234599999618,"{""DC-1"": 369.7513763204314, ""DC-2"": 321.3412790461458, ""DC-3"": 310.52964878546163, ""DC-4"": 269.4862081334737, ""DC-5"": 267.97300503036786}"
96,137,1276.244819579139,1006,1006,0,0,1006,334,6,666,0,1000,908,92,0,217,125,92,19,0,15772.479129232237,1008,97837,97837,97837,97837,0,96840,13.401083618402481,6.748654292098114,6.6524293144780495,-132.13645928246635,-0.00410260471454378,0.37604257464408875,0.5394952680974726,0.5351948843352379,132.02246400288172,132.0144835653759,132.01147484400914,14.460149200021988,"{""DC-1"": 273.40014528483795, ""DC-2"": 276.28069137850616, ""DC-3"": 310.3417497505943, ""DC-4"": 126.29606087844658, ""DC-5"": 289.9261722867547}"
97,138,1487.8563140597867,1003,1003,0,0,1003,282,3,718,0,1000,962,38,0,167,129,38,19,0,18203.201071861542,1004,98840,98840,98840,98840,0,97844,12.50080639432626,6.228375923229879,6.272430493893377,-131.98272556897655,0.0036236978336831043,0.37857794761657715,0.5315803669660215,0.5352259863064108,131.86647232025268,131.86168327179564,131.8592892453015,14.465772099996684,"{""DC-1"": 276.7341159846428, ""DC-2"": 336.9108393006399, ""DC-3"": 286.2851787750027, ""DC-4"": 304.052731949473, ""DC-5"": 283.87344805002886}"
98,139,1425.068777540364,1002,1002,0,0,1002,284,2,716,0,1000,947,53,0,156,103,53,31,0,16183.594838563784,1000,99842,99842,99842,99842,0,98844,14.17828555727005,7.143149310827256,7.035136237263679,-131.6621315689087,-0.002890562857151963,0.3765178322792053,0.5381459984183311,0.5351202518343926,131.54206071472169,131.54464611053467,131.5534331588745,14.414679499983322,"{""DC-1"": 354.51167419303334, ""DC-2"": 295.5789529918525, ""DC-3"": 227.98955231017132, ""DC-4"": 282.38339808373644, ""DC-5"": 264.60519996156927}"
99,140,1479.9377958090254,1010,1010,0,0,1010,241,10,759,0,1000,965,35,0,123,88,35,26,0,18738.941053420524,1012,100852,100852,100852,100852,0,99856,13.45290006526374,6.755071529522244,6.697828542220263,-131.32543639232048,-0.005447467585672209,0.37192007899284363,0.5409790476555881,0.5353700098666277,131.21768961216623,131.22415192042416,131.2270736769725,14.615370599989546,"{""DC-1"": 321.0349084963228, ""DC-2"": 275.24080161837173, ""DC-3"": 273.74069955645945, ""DC-4"": 270.61816137071975, ""DC-5"": 339.30322476715247}"
100,141,1409.1744820186157,1002,1002,0,0,1002,350,2,650,0,1000,933,67,0,208,141,67,25,0,16484.966874243335,1000,101854,101854,101854,101854,0,100856,13.164558447599411,6.572121898293495,6.59243652510643,-131.393165184021,0.003481112171895802,0.37459123134613037,0.5318285773396492,0.5352762050032616,131.3023292388916,131.3029097213745,131.29198223876952,14.3444571,"{""DC-1"": 357.3267523825472, ""DC-2"": 224.30834511319858, ""DC-3"": 244.57979618108016, ""DC-4"": 252.42706198762178, ""DC-5"": 330.5325263541678}"
101,142,1465.812185976361,1003,1003,0,0,1003,303,3,697,0,1000,952,48,0,165,117,48,17,0,18206.269866269657,1004,102857,102857,102857,102857,0,101860,14.971237300401665,7.4739003540035265,7.497336988430099,-131.27864563322638,-0.00439069349229692,0.37148937582969666,0.5398390171418627,0.5353520665154514,131.18558352496996,131.18786184151335,131.18069100854882,14.356189799989806,"{""DC-1"": 325.84348317767456, ""DC-2"": 320.31919076747363, ""DC-3"": 226.5519692217346, ""DC-4"": 283.82371797355285, ""DC-5"": 309.2738248359237}"
102,143,1595.3942333058635,1000,1000,0,0,1000,263,0,737,0,1000,980,20,0,112,92,20,28,0,16511.26161135231,1000,103857,103857,103857,103857,0,102860,13.49630453300476,6.732697648644447,6.763606923103333,-130.75655532073975,-0.0005799320018850267,0.3707568645477295,0.5359049763679504,0.5353128454685211,130.65876679229737,130.6628641281128,130.66360707855225,14.386640399985481,"{""DC-1"": 380.0857249363764, ""DC-2"": 354.52271762749194, ""DC-3"": 336.5433264150111, ""DC-4"": 246.68492735258275, ""DC-5"": 277.55753697440235}"
103,144,1403.885918833186,1000,1000,0,0,1000,265,0,735,0,1000,943,57,0,148,91,57,28,0,16622.404459585574,1000,104857,104857,104857,104857,0,103860,13.120032818555831,6.594744965672493,6.525287838578224,-130.63377965545655,-0.001592447231290862,0.3695351183414459,0.536993210196495,0.5353605734109879,130.53688232421874,130.52795088195802,130.53760932159423,14.604398600000422,"{""DC-1"": 383.75189694676817, ""DC-2"": 277.2057928781544, ""DC-3"": 191.3858657095465, ""DC-4"": 232.94537788038127, ""DC-5"": 318.5969854183361}"
104,145,1457.949784892439,1010,1010,0,0,1010,278,10,722,0,1000,956,44,0,151,107,44,21,0,16765.188561251434,1008,105867,105867,105867,105867,0,104868,14.231156542424172,7.2669497506013,6.964206761192708,-130.41876422791253,0.001876145657170416,0.37090983986854553,0.5335339998146371,0.5353312027596292,130.35022675044954,130.35427378094386,130.3488887075394,14.535876000009011,"{""DC-1"": 383.95904221262646, ""DC-2"": 252.44176371362937, ""DC-3"": 236.3407576849588, ""DC-4"": 301.8264890763378, ""DC-5"": 283.3817322048882}"
105,146,1488.5178696084017,1001,1001,0,0,1001,320,1,680,0,1000,953,47,0,187,140,47,30,0,14371.27726365679,1004,106868,106868,106868,106868,0,105872,13.015175571717114,6.68014799990502,6.335027561957142,-130.17427993105701,0.006879823001990266,0.37638935446739197,0.5281633137172437,0.5351399600624563,130.11739203464464,130.11408051266613,130.11359467829365,14.38649269999587,"{""DC-1"": 337.58645297356105, ""DC-2"": 295.1930999955714, ""DC-3"": 282.9893710421994, ""DC-4"": 264.70275828874793, ""DC-5"": 308.0461873083196}"
106,147,1415.6033999798406,1002,1002,0,0,1002,377,2,623,0,1000,934,66,0,241,175,66,36,0,17435.05007181681,1000,107870,107870,107870,107870,0,106872,13.036502912044526,6.557193703889847,6.47930922794342,-129.6641869277954,0.0024403296471573414,0.3783813416957855,0.53298625639081,0.5354451668858529,129.58628674316407,129.58214851379395,129.57752027893068,14.471506000001682,"{""DC-1"": 234.09125192059003, ""DC-2"": 300.35470692085016, ""DC-3"": 260.18171605180135, ""DC-4"": 298.14560455360584, ""DC-5"": 322.83012053299313}"
107,148,1480.6828511597018,1002,1002,0,0,1002,258,2,742,0,1000,964,36,0,143,107,36,27,0,16200.045114051349,1004,108872,108872,108872,108872,0,107876,13.39078565826454,6.779123807214646,6.611661830152649,-129.36203313728728,0.007606544114224449,0.38463854789733887,0.5275205458065428,0.5353564246598468,129.30870135941828,129.3036673116494,129.30157798219963,14.463079699984519,"{""DC-1"": 306.8628346191304, ""DC-2"": 278.1455105322282, ""DC-3"": 337.91347347321357, ""DC-4"": 290.72794100673735, ""DC-5"": 267.0330915283923}"
108,149,1387.1684887136857,1001,1001,0,0,1001,296,1,704,0,1000,935,65,0,173,108,65,33,0,16269.360164026679,1000,109873,109873,109873,109873,0,108876,12.555127404689788,6.330745213389397,6.224382212758064,-129.0986620941162,0.00597552825207822,0.38965117931365967,0.5290687917768955,0.5353201479315758,129.02790686035155,129.01564881134033,129.02026998901368,14.410804200015264,"{""DC-1"": 402.5013432405428, ""DC-2"": 292.31741586107483, ""DC-3"": 115.99325249818789, ""DC-4"": 259.5717302912832, ""DC-5"": 316.7847468225979}"
109,150,1465.6129867458653,1000,1000,0,0,1000,287,0,713,0,1000,953,47,0,152,105,47,23,0,14469.847356881319,1000,110873,110873,110873,110873,0,109876,14.357698565006256,7.236504890918732,7.121193709731102,-129.17788719940185,-0.001673198152333498,0.3883589208126068,0.5372324703931809,0.5353847648501396,129.12585903167724,129.11381405639648,129.11072428894042,14.340566300001228,"{""DC-1"": 338.0928433672968, ""DC-2"": 319.1857936401611, ""DC-3"": 265.3504744745492, ""DC-4"": 229.0818801722606, ""DC-5"": 313.9019950915984}"
110,151,1494.6833071931296,1001,1001,0,0,1001,331,1,669,0,1000,952,48,0,195,147,48,19,0,17143.69525948157,1000,111874,111874,111874,111874,0,110876,13.31905520915985,6.749830358743668,6.569224853396416,-128.97608281707764,-0.0007607368079479784,0.3876473307609558,0.5361482449769974,0.5353449026346206,128.9123692932129,128.91517367553712,128.90792739868164,14.297560400009388,"{""DC-1"": 425.7845401199301, ""DC-2"": 226.98702567053132, ""DC-3"": 245.39115639819715, ""DC-4"": 263.73567208223085, ""DC-5"": 332.78491292224163}"
111,152,1337.1373430553097,1002,1002,0,0,1002,318,2,682,0,1000,925,75,0,181,106,75,50,0,15765.190458365381,1004,112876,112876,112876,112876,0,111880,14.414775798520244,7.210173708627899,7.204602059615086,-129.02690135150317,0.003369694329386362,0.39062002301216125,0.5318150343410523,0.535292353644314,128.97618602281548,128.96416091159045,128.9697135910095,15.693170899990946,"{""DC-1"": 322.7180056962465, ""DC-2"": 171.0932804521371, ""DC-3"": 269.15125540964834, ""DC-4"": 258.2126287662352, ""DC-5"": 315.9621727310451}"
112,153,1399.9331326649603,1003,1003,0,0,1003,273,3,727,0,1000,942,58,0,165,107,58,35,0,16548.063138366728,1000,113879,113879,113879,113879,0,112880,13.034148577690125,6.53104505097866,6.5031035592556,-128.8890707397461,0.008290348238544538,0.3981209695339203,0.5264134186208248,0.5352634609937668,128.818013381958,128.81489614105226,128.80877633666992,14.789439500018489,"{""DC-1"": 357.0518057566015, ""DC-2"": 239.00080583047432, ""DC-3"": 262.8128569184678, ""DC-4"": 186.79149835897746, ""DC-5"": 354.27616580043974}"
113,154,1505.7211989942593,1001,1001,0,0,1001,316,1,684,0,1000,958,42,0,194,152,42,22,0,16467.9904994352,1004,114880,114880,114880,114880,0,113884,14.24288351317326,7.088522193441353,7.154361370787678,-128.63989227416505,0.0014450444027770356,0.39898183941841125,0.5339310585383875,0.5353990579506316,128.5810618837516,128.58659121144817,128.58855024087,14.730649899982382,"{""DC-1"": 358.53713033145925, ""DC-2"": 273.4573783234987, ""DC-3"": 256.42900674710813, ""DC-4"": 299.5049968854372, ""DC-5"": 317.7926867067564}"
114,155,1460.1232677018809,1000,1000,0,0,1000,340,0,660,0,1000,944,56,0,183,127,56,55,0,15211.063138366728,1000,115880,115880,115880,115880,0,114884,12.442421910047532,6.295904663562775,6.146517273664474,-128.40136251831055,-0.001483746516518295,0.3977094888687134,0.5369145978987216,0.5352960609197617,128.37552829742432,128.3720615234375,128.37665104675293,14.62407330001588,"{""DC-1"": 354.2426793486154, ""DC-2"": 343.0776603202104, ""DC-3"": 224.26561582771265, ""DC-4"": 265.2033730446311, ""DC-5"": 273.33393916071225}"
115,156,1435.2307455982561,1003,1003,0,0,1003,310,3,690,0,1000,946,54,0,169,115,54,18,0,17896.006324376554,1000,116883,116883,116883,116883,0,115884,12.435200386047363,6.2119419083595275,6.223258483052254,-128.45115322875978,-0.0036386697178240864,0.39435628056526184,0.5392089121341705,0.5352781565189362,128.4151577835083,128.4198251876831,128.41851516723634,14.508903200010536,"{""DC-1"": 363.7772731964852, ""DC-2"": 247.13295540553264, ""DC-3"": 283.7437077382272, ""DC-4"": 285.58084839110774, ""DC-5"": 254.99596086690272}"
116,157,1482.184938926169,1000,1000,0,0,1000,282,0,718,0,1000,957,43,0,139,96,43,50,0,14204.461851788597,1000,117883,117883,117883,117883,0,116884,14.99915442943573,7.5134322383403775,7.4857221651077275,-128.3146587600708,-0.004761387537233532,0.3903215229511261,0.540363757520914,0.5351893035769463,128.27748207092284,128.27022504425048,128.2586022491455,14.354924599989317,"{""DC-1"": 359.7007932735246, ""DC-2"": 335.50101107408415, ""DC-3"": 185.4831382213953, ""DC-4"": 272.1161792075753, ""DC-5"": 329.3838171495887}"
117,158,1478.1921176650362,1004,1004,0,0,1004,316,4,684,0,1000,953,47,0,185,138,47,22,0,14347.720011132064,1004,118887,118887,118887,118887,0,117888,12.072981555148425,5.985141731353395,6.08783987045763,-128.22303091862287,-0.003931800616150017,0.38693636655807495,0.539595903479958,0.5353409283427129,128.16729680855437,128.1768363481499,128.1761064947364,14.668843999999808,"{""DC-1"": 349.7921287318552, ""DC-2"": 288.6770141377808, ""DC-3"": 294.62152503235745, ""DC-4"": 255.29030106947442, ""DC-5"": 289.8111486935694}"
118,159,1475.4302491008914,1001,1001,0,0,1001,290,1,710,0,1000,956,44,0,163,119,44,15,0,15424.522513301477,1004,119888,119888,119888,119888,0,118892,13.634707977572285,6.8233470736271835,6.811360908694477,-127.96322888682089,-0.0029000484243599306,0.3842410147190094,0.5383174005317023,0.5352851588175116,127.91636614400552,127.90707693061981,127.9098430648743,13.36066859998391,"{""DC-1"": 336.02959762866226, ""DC-2"": 295.77202252591496, ""DC-3"": 284.4482416332381, ""DC-4"": 264.61497981700387, ""DC-5"": 294.56540749607126}"
119,160,1370.0629692264022,1001,1001,0,0,1001,301,1,699,0,1000,933,67,0,176,109,67,25,0,19095.164868740852,1000,120889,120889,120889,120889,0,119892,14.05060204410553,6.969833294391632,7.080768758058548,-127.5937467956543,-0.0018167685160879045,0.3827364146709442,0.5373274989426136,0.5353237091302872,127.55551626586914,127.55584243774415,127.55584483337402,13.348593700007768,"{""DC-1"": 242.12946507916172, ""DC-2"": 334.4589293075905, ""DC-3"": 253.48565572532854, ""DC-4"": 270.1105825944306, ""DC-5"": 269.8783365198919}"
120,161,1431.5582832022492,1001,1001,0,0,1001,317,1,683,0,1000,944,56,0,190,134,56,28,0,17122.30425113243,1000,121890,121890,121890,121890,0,120892,15.475581207752228,7.727034449934959,7.748546706438065,-127.17924931335449,-0.001708308764733374,0.38125473260879517,0.53723791629076,0.5354203310608864,127.15934913635255,127.13937581634522,127.14537736511231,13.36469109999598,"{""DC-1"": 340.9889377581445, ""DC-2"": 309.0301020156987, ""DC-3"": 241.91201479672196, ""DC-4"": 248.15315905421977, ""DC-5"": 291.4740695774656}"
121,162,1424.2669364963008,1001,1001,0,0,1001,284,1,716,0,1000,946,54,0,155,101,54,40,0,18032.194896583373,1000,122891,122891,122891,122891,0,121892,14.935609287500382,7.531117851614952,7.4044914314746855,-127.16118491363525,0.0035961600742302835,0.38428765535354614,0.5315536787509918,0.535223294377327,127.13522107696534,127.13964151763916,127.13757222747803,13.338605400000233,"{""DC-1"": 342.3177730304888, ""DC-2"": 348.68245878504536, ""DC-3"": 190.04970295116533, ""DC-4"": 232.95119924472638, ""DC-5"": 310.2658024848763}"
122,163,1520.917340143194,1000,1000,0,0,1000,297,0,703,0,1000,965,35,0,173,138,35,23,0,15453.720011132064,1000,123891,123891,123891,123891,0,122892,14.082771656513215,7.066436944961548,7.016334666490555,-126.93521490478516,-0.00032769308844581246,0.3841905891895294,0.5358172308504582,0.5354204885363579,126.89899938201904,126.88498989868164,126.89969734191895,13.303785800002515,"{""DC-1"": 352.0353887430319, ""DC-2"": 314.58131568592455, ""DC-3"": 281.7344642182798, ""DC-4"": 281.99295520737013, ""DC-5"": 290.5732162885874}"
123,164,1340.1372497850093,1000,1000,0,0,1000,311,0,689,0,1000,924,76,0,192,116,76,42,0,13929.997599147233,1000,124891,124891,124891,124891,0,123892,17.56825848865509,8.854021174669265,8.714237421512603,-126.77444654846191,0.003989467938197776,0.38803744316101074,0.5311573391854763,0.5352643905282021,126.74702623748779,126.73696523284912,126.74185888671875,13.296033299993724,"{""DC-1"": 309.95470437404936, ""DC-2"": 275.6249781982203, ""DC-3"": 191.41486835702582, ""DC-4"": 248.39698881899326, ""DC-5"": 314.7457100367181}"
124,165,1525.790510676208,1001,1001,0,0,1001,244,1,756,0,1000,973,27,0,121,94,27,15,0,14904.526109882956,1004,125892,125892,125892,125892,0,124896,16.582058473887198,8.370441472150414,8.21161705077407,-126.78660022690002,-0.0022387708214007735,0.3856033384799957,0.5378894518571071,0.5353826623988817,126.75753904243864,126.75960673753958,126.7570156234194,13.29969469999196,"{""DC-1"": 318.2416791596735, ""DC-2"": 323.1470962162379, ""DC-3"": 298.98778503766306, ""DC-4"": 261.3822009075549, ""DC-5"": 324.0317493550791}"
125,166,1620.624965930085,1000,1000,0,0,1000,268,0,732,0,1000,985,15,0,123,108,15,12,0,14798.941053420522,1000,126892,126892,126892,126892,0,125896,14.787568593025208,7.399157686948776,7.38841078209877,-126.66843591308594,0.004847856057109311,0.3899290859699249,0.5302145163118839,0.535337617278099,126.63925910949708,126.63239723968506,126.63887357330323,13.338220899982844,"{""DC-1"": 393.86440188770393, ""DC-2"": 351.27370991658836, ""DC-3"": 303.6437207034355, ""DC-4"": 248.49050887991805, ""DC-5"": 323.3526245424379}"
126,167,1509.4027218431859,1001,1001,0,0,1001,301,1,699,0,1000,962,38,0,164,126,38,17,0,16329.297626136926,1000,127893,127893,127893,127893,0,126896,13.10965623474121,6.564174337625504,6.545481900453567,-126.70156665039063,0.0033167324704118074,0.3928166627883911,0.5318110726475715,0.5353750522136689,126.65659727478027,126.66871053314209,126.66640235900879,13.275290699995821,"{""DC-1"": 342.11815032517075, ""DC-2"": 296.71300833897044, ""DC-3"": 316.8241268851203, ""DC-4"": 254.26384989247435, ""DC-5"": 299.4835864014505}"
127,168,1394.2053057650467,1000,1000,0,0,1000,289,0,711,0,1000,939,61,0,177,116,61,47,0,16577.45799628715,1000,128893,128893,128893,128893,0,127896,13.75987156677246,6.869661758780479,6.89020987701416,-126.59169773101807,-0.0022927175557706505,0.39089861512184143,0.537963547796011,0.5353772163391113,126.55588047027588,126.57673747253418,126.55462422180176,13.304747799993493,"{""DC-1"": 350.48358727872954, ""DC-2"": 356.69278817996604, ""DC-3"": 210.10464255077247, ""DC-4"": 177.13733099430706, ""DC-5"": 299.7869567612717}"
128,169,1443.2262258454034,1000,1000,0,0,1000,317,0,683,0,1000,947,53,0,193,140,53,45,0,14992.484205808305,1000,129893,129893,129893,129893,0,128896,17.991191586494445,9.104686411261559,8.886505126833915,-126.76270127868652,0.002920579860219732,0.39314818382263184,0.532109854310751,0.5352115848064423,126.73433762359619,126.73617263793945,126.7283371887207,13.403803100023651,"{""DC-1"": 295.7235111126258, ""DC-2"": 287.15169574086497, ""DC-3"": 269.20563759364404, ""DC-4"": 292.9304439696051, ""DC-5"": 298.21493742866454}"
129,170,1419.2349597443595,1002,1002,0,0,1002,259,2,741,0,1000,950,50,0,144,94,50,22,0,16012.655590798095,1000,130895,130895,130895,130895,0,129896,19.6272396941185,9.841102011203766,9.786137836933136,-126.571541305542,-0.004405840228078887,0.39016252756118774,0.5398850526213645,0.5352257550358772,126.5776563796997,126.57256086730958,126.56639973449707,13.39143079999485,"{""DC-1"": 320.08487770087, ""DC-2"": 293.93827097195015, ""DC-3"": 316.73236450892324, ""DC-4"": 274.64715339356326, ""DC-5"": 213.83229316905255}"
130,171,1445.983763859363,1000,1000,0,0,1000,267,0,733,0,1000,951,49,0,154,105,49,25,0,14474.472771431134,1000,131895,131895,131895,131895,0,130896,15.589760110855103,7.904076526880265,7.6856836771965025,-126.7848688735962,0.0010330796507187188,0.3905011713504791,0.5343221043348312,0.5352280312776565,126.75401054382324,126.75862787628174,126.75780593872071,13.359155299986014,"{""DC-1"": 370.48562267291413, ""DC-2"": 325.21211030496903, ""DC-3"": 238.01147303790745, ""DC-4"": 220.22730432674774, ""DC-5"": 292.0472535168248}"
131,172,1463.624433909447,1003,1003,0,0,1003,266,3,734,0,1000,955,45,0,143,98,45,17,0,16781.208944172387,1004,132898,132898,132898,132898,0,131900,18.73016789994867,9.395599217053903,9.334568554661663,-126.75886610874616,0.0025659114355685198,0.39281532168388367,0.5325155714712295,0.5352584657916035,126.74574953056427,126.7377591912015,126.72547335833667,13.356869600014761,"{""DC-1"": 327.697463288507, ""DC-2"": 296.4096538284192, ""DC-3"": 280.69467819060804, ""DC-4"": 254.79852390798305, ""DC-5"": 304.02411469393036}"
132,173,1518.8871497770735,1003,1003,0,0,1003,251,3,749,0,1000,970,30,0,133,103,30,19,0,17100.701603158235,1004,133901,133901,133901,133901,0,132904,13.736480827825478,6.969883647098009,6.7665971733659385,-125.9326862699957,0.006035152926625483,0.3975030779838562,0.5288818054702652,0.535265742604476,125.95029311161117,125.94810320181675,125.94316316885777,13.379109200002858,"{""DC-1"": 358.27479932782506, ""DC-2"": 322.7457876405438, ""DC-3"": 267.4211339905597, ""DC-4"": 288.3946887922709, ""DC-5"": 282.0507400258745}"
133,174,1445.3757969229302,1002,1002,0,0,1002,278,2,722,0,1000,952,48,0,167,119,48,18,0,16148.23963281584,1000,134903,134903,134903,134903,0,133904,16.814857229709624,8.502690610647202,8.312166718959809,-126.02372894287109,-0.003117785813752562,0.3950149714946747,0.5386922590434551,0.5352691906094551,125.9876256942749,125.99544861602783,125.99585353851319,13.34032039999147,"{""DC-1"": 328.34580590399605, ""DC-2"": 299.11697016831084, ""DC-3"": 275.44884860115724, ""DC-4"": 225.37665315041392, ""DC-5"": 317.0875190990504}"
134,175,1433.2061196253796,1002,1002,0,0,1002,311,2,689,0,1000,944,56,0,168,112,56,29,0,17685.032584019293,1004,135905,135905,135905,135905,0,134908,21.9879088078837,11.082932495975875,10.904976198635254,-126.50100390369674,0.002471811268191072,0.39682072401046753,0.5324656930696442,0.5351481535638946,126.5188268608306,126.50945520590976,126.51504705816626,13.319934200000716,"{""DC-1"": 341.521084591272, ""DC-2"": 268.5623211084649, ""DC-3"": 276.78583451643794, ""DC-4"": 264.1429283080031, ""DC-5"": 282.19395110120274}"
135,176,1466.5149141911672,1002,1002,0,0,1002,260,2,740,0,1000,957,43,0,140,97,43,26,0,17282.0012748718,1000,136907,136907,136907,136907,0,135908,31.412639674186707,15.648801841974258,15.763838064432145,-126.72950378417968,0.004814169615041465,0.4007423222064972,0.5300613143146038,0.5352716320753097,126.67871828460693,126.67676106262208,126.67255815124511,13.310900200012838,"{""DC-1"": 366.8738283831297, ""DC-2"": 308.5572995477794, ""DC-3"": 269.85777073079475, ""DC-4"": 254.21662358511546, ""DC-5"": 267.0093919443482}"
136,177,1438.6248515232085,1003,1003,0,0,1003,273,3,727,0,1000,949,51,0,146,95,51,27,0,16947.592185835696,1004,137910,137910,137910,137910,0,136912,19.810472668404596,9.938762246375065,9.87171015843927,-126.84826486899084,-0.0012968413518329868,0.39961525797843933,0.5366579923793614,0.5351720181594332,126.81203842163086,126.81532375746039,126.81116421764115,13.367052399989916,"{""DC-1"": 367.3351810081375, ""DC-2"": 248.08317832642572, ""DC-3"": 259.2732090061514, ""DC-4"": 270.65855865595785, ""DC-5"": 293.2747245265344}"
137,178,1455.4461261175588,1000,1000,0,0,1000,271,0,729,0,1000,953,47,0,153,106,47,26,0,16353.815496201169,1000,138910,138910,138910,138910,0,137912,34.53155014944077,17.257710394382478,17.273839759111404,-127.00128736114502,0.012890928971813992,0.410110205411911,0.5210022641420364,0.5351367337107659,126.95561814117431,126.95788764190674,126.94728022766114,13.280915400013328,"{""DC-1"": 339.16760215235394, ""DC-2"": 279.06316168888816, ""DC-3"": 275.0532316645883, ""DC-4"": 257.92433228239184, ""DC-5"": 304.23779832933866}"
138,179,1242.339838549603,1000,1000,0,0,1000,354,0,646,0,1000,899,101,0,213,112,101,43,0,14367.717698285642,1000,139910,139910,139910,139910,0,138912,30.44669821214676,15.173126973390579,15.273571429252625,-126.72628884887695,-0.0010117253414355218,0.4095526337623596,0.5364965035915374,0.5353382085561752,126.70893548583985,126.71399877929687,126.70078118896484,13.315715500008082,"{""DC-1"": 364.7861647277921, ""DC-2"": 189.20160697582386, ""DC-3"": 126.77928406908268, ""DC-4"": 284.9123928744851, ""DC-5"": 276.66038990241964}"
139,180,1487.430788307964,1002,1002,0,0,1002,289,2,711,0,1000,958,42,0,136,94,42,18,0,14550.461851788597,1004,140912,140912,140912,140912,0,139916,56.65390865831261,28.34219900735346,28.311710109036284,-127.22955541116782,0.002105715822806931,0.4107397496700287,0.5330758243502374,0.5353082468310201,127.20532828403184,127.20115930625641,127.17992059168112,13.363653899985366,"{""DC-1"": 346.84918714756617, ""DC-2"": 269.94907234380776, ""DC-3"": 323.70797210583873, ""DC-4"": 256.0030631291954, ""DC-5"": 290.9214935815554}"
140,181,1403.208647979453,1001,1001,0,0,1001,317,1,683,0,1000,938,62,0,191,129,62,38,0,17785.188561251434,1000,141913,141913,141913,141913,0,140916,42.21171771812439,21.10778342485428,21.103934813022615,-127.06982370758057,-0.0014557168220635504,0.40974360704421997,0.5369907951653003,0.5353627502322197,126.99625193023681,127.00639028167724,126.99382402801514,13.29354150002473,"{""DC-1"": 353.5200939760503, ""DC-2"": 262.51346909519407, ""DC-3"": 218.95157664388444, ""DC-4"": 272.3858759720332, ""DC-5"": 295.8376322922901}"
141,182,1243.8527611133497,1002,1002,0,0,1002,331,2,669,0,1000,903,97,0,206,109,97,44,0,15813.457996287148,1000,142915,142915,142915,142915,0,141916,38.87564272832871,19.44126072072983,19.43438151884079,-127.95783145904541,0.007700934221851639,0.4159793555736542,0.5266892310082912,0.5353120591640472,127.88560877990723,127.88095314025878,127.88821772766113,13.342017499991925,"{""DC-1"": 352.9731648237107, ""DC-2"": 180.78256441515342, ""DC-3"": 215.432478439666, ""DC-4"": 202.0209464226634, ""DC-5"": 292.6436070121582}"
142,183,1434.2590854616249,1002,1002,0,0,1002,290,2,710,0,1000,947,53,0,169,116,53,28,0,14641.039218902042,1004,143917,143917,143917,143917,0,142920,57.19361433042473,28.677454082851867,28.51616021955156,-128.62922182121125,-0.0009580484662850599,0.41514864563941956,0.536491335299148,0.5353523200132932,128.55221884374126,128.54614485022557,128.52594716805385,13.420721299975412,"{""DC-1"": 320.55695660751604, ""DC-2"": 250.89818036330064, ""DC-3"": 305.79322553059984, ""DC-4"": 267.7230009957989, ""DC-5"": 289.2877219644105}"
143,184,1373.0375229134527,1011,1011,0,0,1011,298,11,702,0,1000,937,63,0,186,123,63,25,0,16463.592185835696,1012,144928,144928,144928,144928,0,143932,20.50506092390053,10.384943182524957,10.120117803571723,-128.66370875844842,0.0016239901407338355,0.4165407121181488,0.5335008098850609,0.5352454027050568,128.57417196341655,128.58367003942195,128.57788764440966,13.434604300011415,"{""DC-1"": 358.4294647361593, ""DC-2"": 221.39729722266458, ""DC-3"": 255.43223080192698, ""DC-4"": 275.626682557078, ""DC-5"": 262.1518475956243}"
144,185,1493.2157293943453,1001,1001,0,0,1001,297,1,703,0,1000,958,42,0,168,126,42,22,0,14685.032584019293,1000,145929,145929,145929,145929,0,144932,58.075889307022095,29.179725780010223,28.896162555217742,-129.00146676635742,-0.0018817944037728012,0.4149095118045807,0.5374946714043617,0.535299967288971,128.91297229003905,128.89875330352783,128.8932396697998,13.357529000000795,"{""DC-1"": 346.7168139338051, ""DC-2"": 305.8402766246636, ""DC-3"": 272.2375466733719, ""DC-4"": 272.01692135059756, ""DC-5"": 296.40417081190617}"
145,186,1321.6833005806145,1060,1060,0,0,1060,323,60,677,0,1000,935,65,0,178,113,65,32,0,14847.077263983416,1060,146989,146989,146989,146989,0,145992,22.735913343699472,11.51645334531676,11.219459997932866,-129.91368572307084,-0.00010018936086024316,0.41491878032684326,0.5355379115579263,0.535416372373419,129.81254689918373,129.812798626018,129.81423175739792,14.1350241000182,"{""DC-1"": 373.3545302717534, ""DC-2"": 77.6401247906468, ""DC-3"": 316.2464980058274, ""DC-4"": 272.00822165705915, ""DC-5"": 282.4339258553283}"
146,187,1449.135402076426,1002,1002,0,0,1002,304,2,696,0,1000,949,51,0,180,129,51,26,0,16644.459051503523,1000,147991,147991,147991,147991,0,146992,21.071569412231444,10.69196970629692,10.37959970498085,-129.87827487945557,0.012342753948178142,0.4250093996524811,0.5212434887886047,0.5353809472322464,129.82515522003175,129.81181327819823,129.82486710357665,13.316494600003352,"{""DC-1"": 318.3681833601175, ""DC-2"": 249.31224605785562, ""DC-3"": 321.6069169543918, ""DC-4"": 274.53780335302775, ""DC-5"": 285.3102523510348}"
147,188,1483.8839534893389,1000,1000,0,0,1000,290,0,710,0,1000,957,43,0,141,98,43,20,0,14723.66422412658,1000,148991,148991,148991,148991,0,147992,49.58086972475052,24.920050931692124,24.660819792747496,-129.9597475128174,0.001396222310140729,0.426373153924942,0.5337304682731628,0.5354648736715317,129.93313517761231,129.93565660095214,129.92774797058107,13.242669700004626,"{""DC-1"": 349.9192961862861, ""DC-2"": 257.0365359144082, ""DC-3"": 318.4958205093548, ""DC-4"": 274.71495609132876, ""DC-5"": 283.7173447879591}"
148,189,1112.7306548322454,1012,1012,0,0,1012,377,12,623,0,1000,870,130,0,249,119,130,64,0,16058.08566455818,1012,150003,150003,150003,150003,0,149004,82.44521717403246,41.41893326176014,41.02628392852813,-130.2106024323716,0.004853250649564425,0.42974165081977844,0.5297036281392979,0.5353313853500389,130.16737304657343,130.1747038845017,130.16145412912482,13.445863300003111,"{""DC-1"": 382.0223343883822, ""DC-2"": 196.69950954528778, ""DC-3"": 199.15997766009377, ""DC-4"": 78.39551327822095, ""DC-5"": 256.45331996026204}"
149,190,1354.6130096144175,1004,1004,0,0,1004,308,4,692,0,1000,930,70,0,205,135,70,27,0,14587.53776638027,1004,151007,151007,151007,151007,0,150008,184.96984688314308,92.58492263902231,92.384927167598,-130.97064466590425,-0.004050603393136906,0.42636993527412415,0.540172474436551,0.5353647916915407,130.86123948268207,130.85355023083935,130.82791820845281,13.406972199998563,"{""DC-1"": 293.5942133288802, ""DC-2"": 270.77238456424624, ""DC-3"": 228.36717638479007, ""DC-4"": 226.71347555203036, ""DC-5"": 335.1657597844711}"
150,191,1284.9810289394302,1001,1001,0,0,1001,317,1,683,0,1000,911,89,0,197,108,89,32,0,15833.9356760103,1004,152008,152008,152008,152008,0,151012,69.09456527423099,34.800403466262665,34.29416372576558,-132.37663655831994,0.006065951773676042,0.4309665560722351,0.5282281521722615,0.535316663434306,132.1967690152476,132.1931266404718,132.18045724055682,13.360412399983034,"{""DC-1"": 335.0045017569753, ""DC-2"": 202.54464659249368, ""DC-3"": 240.53779377609897, ""DC-4"": 187.39245651938245, ""DC-5"": 319.5016302944808}"
151,192,1392.5965818112113,1010,1010,0,0,1010,278,10,722,0,1000,941,59,0,163,104,59,47,0,18616.45799628715,1008,153018,153018,153018,153018,0,152020,163.8868767188655,81.83824562364154,82.04863105454142,-133.0603404045105,-0.0018669778085221344,0.4296589195728302,0.5376647498222098,0.5353741241944214,132.9380205547999,132.90876914584447,132.90355717946613,13.436825900018448,"{""DC-1"": 367.0618587140611, ""DC-2"": 286.2458466243479, ""DC-3"": 165.59454628686981, ""DC-4"": 243.15791395722664, ""DC-5"": 330.5364162287046}"
152,193,1522.635942962189,1003,1003,0,0,1003,262,3,738,0,1000,970,30,0,143,113,30,26,0,16599.957395369693,1004,154021,154021,154021,154021,0,153024,76.80547393745636,38.31085218043916,38.494621680552264,-132.81379228569122,-0.00282487230337377,0.4274522662162781,0.5388623511945584,0.5355221611332608,132.7217067703308,132.71735461869562,132.71852476568336,13.367494900012389,"{""DC-1"": 356.056623640088, ""DC-2"": 319.29663340659954, ""DC-3"": 310.4589865232164, ""DC-4"": 253.5390498739537, ""DC-5"": 283.28464951833416}"
153,194,1341.4740548162233,1004,1004,0,0,1004,291,4,709,0,1000,929,71,0,162,91,71,40,0,17460.296064397528,1004,155025,155025,155025,155025,0,154028,27.503857416460715,13.776542182225155,13.727315247296337,-132.24597575275072,-0.011972113069521628,0.4182838499546051,0.5491668130772047,0.5353016042376895,132.24725297722682,132.2516247874712,132.2566551725228,13.41613589998451,"{""DC-1"": 321.05044710535174, ""DC-2"": 189.1043623506302, ""DC-3"": 305.3311576189892, ""DC-4"": 270.10690562436565, ""DC-5"": 255.88118211688666}"
154,195,1375.1482724072857,1006,1006,0,0,1006,353,6,647,0,1000,928,72,0,210,138,72,33,0,15321.815496201169,1004,156031,156031,156031,156031,0,155032,143.95510589174066,72.10225635007083,71.85285159506171,-132.2155248330409,-0.00500922127644461,0.4138951003551483,0.5412823685196292,0.5354059517858513,132.18934088019262,132.19290145934815,132.16302757719123,13.326393399998778,"{""DC-1"": 409.8101684571985, ""DC-2"": 146.5866969613741, ""DC-3"": 284.6135101720643, ""DC-4"": 270.00156094502387, ""DC-5"": 264.1363358716248}"
155,196,1422.8886281670054,1007,1007,0,0,1007,309,7,691,0,1000,944,56,0,190,134,56,28,0,16685.526109882958,1008,157038,157038,157038,157038,0,156040,86.1983334237621,43.18765852304678,43.010672860675385,-132.84947028235783,0.00018929784432874017,0.414264440536499,0.5351358169009761,0.5353997445532254,132.66192187203302,132.64947014006358,132.64315323602585,13.534611399983987,"{""DC-1"": 368.1813342478016, ""DC-2"": 261.71545901743224, ""DC-3"": 257.31127575416986, ""DC-4"": 272.7809960196321, ""DC-5"": 262.8995631279706}"
156,197,1326.1013680545839,1005,1005,0,0,1005,320,5,680,0,1000,924,76,0,197,121,76,27,0,15807.188561251434,1004,158043,158043,158043,158043,0,157044,164.35242292178106,81.91168765717768,82.440741049341,-132.88657688429632,0.004392911732684732,0.41790077090263367,0.5302642685958588,0.5352780637869322,132.740166812304,132.74305467491607,132.71861741267352,13.364650800009258,"{""DC-1"": 346.51173167011245, ""DC-2"": 240.41055539291696, ""DC-3"": 267.44434645873287, ""DC-4"": 287.76280364663916, ""DC-5"": 183.9719308861836}"
157,198,1385.574914306145,1012,1012,0,0,1012,288,12,712,0,1000,943,57,0,170,113,57,31,0,15394.941053420522,1012,159055,159055,159055,159055,0,158056,104.36968955220912,52.35585956446267,52.013830017902166,-133.6233813395142,-0.002896588043081519,0.4151231050491333,0.5388941244468859,0.5353706483784401,133.5921893364827,133.60493475269422,133.61130546298423,13.424552599986782,"{""DC-1"": 293.2657940487877, ""DC-2"": 249.61384940978158, ""DC-3"": 283.4892275927417, ""DC-4"": 294.37148122624933, ""DC-5"": 264.83456202858656}"
158,199,1497.9390824662255,1001,1001,0,0,1001,289,1,711,0,1000,960,40,0,170,130,40,30,0,15993.9356760103,1004,160056,160056,160056,160056,0,159060,180.20989155484386,90.05222648785883,90.15766102787983,-132.99134216460573,0.003126742430745561,0.4175306558609009,0.5319361597358943,0.5353803673232219,132.84451584227057,132.83841362607433,132.81578368684686,13.311933499993756,"{""DC-1"": 318.14843871865065, ""DC-2"": 337.3038638489669, ""DC-3"": 262.6282889218478, ""DC-4"": 235.6794868720956, ""DC-5"": 344.17900410466524}"
159,200,1312.2393855991318,1077,1077,0,0,1077,292,77,708,0,1000,942,58,0,177,119,58,25,0,14830.188561251434,1076,161133,161133,161133,161133,0,160136,320.6926312783394,160.5540181292034,160.13861674447043,-133.14109898677103,-0.0007107894271300572,0.41699662804603577,0.5362885050392505,0.535306102336561,133.05405045264715,133.05920690231608,133.01446856530626,14.253128800017294,"{""DC-1"": 350.8976921702581, ""DC-2"": 72.21288177747068, ""DC-3"": 375.59513067807666, ""DC-4"": 263.05109215564903, ""DC-5"": 250.48258881767828}"
160,201,1340.8247748904535,1011,1011,0,0,1011,294,11,706,0,1000,929,71,0,179,108,71,34,0,16098.868208914997,1012,162144,162144,162144,162144,0,161148,200.8799922169433,100.88910212417836,99.99089016579828,-133.4745571076163,0.0008893884569332887,0.41810858249664307,0.5343451961109289,0.5354096712802239,133.33437516284084,133.3301155406967,133.31950253271773,13.511448499979451,"{""DC-1"": 369.4826113227223, ""DC-2"": 319.3666618647818, ""DC-3"": 162.8032223774895, ""DC-4"": 254.89123148700952, ""DC-5"": 234.28104783845012}"
161,202,1347.7385848689214,1016,1016,0,0,1016,284,16,716,0,1000,935,65,0,179,114,65,31,0,17506.585097121555,1016,163160,163160,163160,163160,0,162164,305.82422829143644,153.026429716527,152.79780635894753,-133.43415168702134,-0.006864526312739596,0.41229134798049927,0.5433907419091134,0.5353768692007215,133.2490210495596,133.22668752895567,133.20199937144602,13.475039199984167,"{""DC-1"": 304.5493180348257, ""DC-2"": 238.2528248168553, ""DC-3"": 303.58609862233226, ""DC-4"": 246.89362984957597, ""DC-5"": 254.45671354533235}"
162,203,1150.8583726565475,1059,1059,0,0,1059,308,59,692,0,1000,900,100,0,223,123,100,39,0,16913.592185835696,1056,164219,164219,164219,164219,0,163220,144.7657671850739,72.50923206905524,72.25653501600027,-135.36106338645473,0.005802326259899101,0.41668689250946045,0.5288785117198572,0.535441786445903,135.10562662644818,135.10710528402618,135.11324435291868,13.970131700014463,"{""DC-1"": 369.29036033597765, ""DC-2"": 301.6197110575302, ""DC-3"": 283.8460575605279, ""DC-4"": 53.78633534311918, ""DC-5"": 142.31590835939124}"
163,204,1423.3856299608058,1016,1016,0,0,1016,278,16,722,0,1000,950,50,0,151,101,50,18,0,17315.489271035156,1016,165235,165235,165235,165235,0,164236,610.9999504765187,306.01729680421784,304.982661403305,-138.75477829129676,0.006487280688859068,0.42146751284599304,0.5281710683654143,0.5355242138772499,138.57968402472068,138.57113157107136,138.51117879762424,13.509949500003131,"{""DC-1"": 301.43955826654627, ""DC-2"": 267.82876710880583, ""DC-3"": 313.1856228904305, ""DC-4"": 235.04497213450009, ""DC-5"": 305.8867095605245}"
164,205,1268.8219401916792,1003,1003,0,0,1003,320,3,680,0,1000,908,92,0,209,117,92,27,0,14904.611497566815,1004,166238,166238,166238,166238,0,165240,191.44114687623255,96.35500685912204,95.0861440707013,-140.0678300971529,0.025605206614113467,0.4418465197086334,0.5050742496472905,0.5355264139602859,139.88437125977293,139.88574920897466,139.89385267462865,13.34383520000847,"{""DC-1"": 329.5077958156139, ""DC-2"": 309.3505995427251, ""DC-3"": 156.05242349598257, ""DC-4"": 216.85110259919202, ""DC-5"": 257.0600187381653}"
165,206,1115.0951545048842,1024,1024,0,0,1024,345,24,655,0,1000,880,120,0,231,111,120,46,0,14832.565165275406,1024,167262,167262,167262,167262,0,166264,208.59015061333776,104.53671530960128,104.05343524133787,-141.3481594324112,0.016178028345620987,0.45598089694976807,0.5152078137616627,0.5353680909029208,141.15424790978432,141.12503072619438,141.1370464116335,13.559796400018968,"{""DC-1"": 297.9052952197521, ""DC-2"": 213.01682448159772, ""DC-3"": 272.59963146885036, ""DC-4"": 125.80816490128703, ""DC-5"": 205.76523843339794}"
166,207,1343.4412934141385,1008,1008,0,0,1008,314,8,686,0,1000,927,73,0,181,108,73,43,0,15416.594838563784,1008,168270,168270,168270,168270,0,167272,210.62116443732427,105.92499671237809,104.69616019158136,-140.6453833201575,0.003974626716207861,0.45986655354499817,0.5304366167457331,0.5354888477022686,140.51706502551124,140.5138366260226,140.48996708128186,13.391218300006585,"{""DC-1"": 333.910734905388, ""DC-2"": 337.12628604515277, ""DC-3"": 189.13762639857762, ""DC-4"": 244.92941827793882, ""DC-5"": 238.3372277870816}"
167,208,1116.770101767503,1030,1030,0,0,1030,308,30,692,0,1000,885,115,0,218,103,115,32,0,16602.115527215457,1032,169300,169300,169300,169300,0,168304,384.92751803416616,192.5801125201144,192.34739794241366,-144.36528980639554,0.015541067582242869,0.4749806225299835,0.515051339543605,0.5352990008139795,144.21683497761572,144.2420813686164,144.21547112723653,13.67657290000352,"{""DC-1"": 257.9342473746467, ""DC-2"": 336.0188531173041, ""DC-3"": 132.07875502660542, ""DC-4"": 115.67522878452193, ""DC-5"": 275.06301746442705}"
168,209,1187.0284290303978,1070,1070,0,0,1070,299,70,701,0,1000,912,88,0,223,135,88,26,0,16951.181776820657,1068,170370,170370,170370,170370,0,169372,83.87678614002041,42.28165683764197,41.59512923763933,-143.07325487458303,-0.013504308318346042,0.46231719851493835,0.5532847492770756,0.5355025776539849,142.99093932962597,143.02198514331147,143.01821555805563,14.144778200017754,"{""DC-1"": 280.5962465007129, ""DC-2"": 278.73808800059845, ""DC-3"": 248.13516953419506, ""DC-4"": 260.1168604969573, ""DC-5"": 119.4420644979329}"
169,210,1158.2880597036044,1061,1061,0,0,1061,326,61,674,0,1000,896,104,0,205,101,104,38,0,17286.572771431136,1060,171431,171431,171431,171431,0,170432,520.5909202926564,261.31665970109543,259.27424599899433,-143.6929999009618,0.00340308385466243,0.46617957949638367,0.5311771119540593,0.5354772684146774,143.5712468633112,143.55771459183603,143.51666423149828,14.048236199974781,"{""DC-1"": 413.6255557432539, ""DC-2"": 301.21870994737577, ""DC-3"": 116.98427999287694, ""DC-4"": 148.91523947097284, ""DC-5"": 177.54427454912457}"
170,211,1001.5203516779791,1024,1024,0,0,1024,350,24,650,0,1000,857,143,0,241,98,143,42,0,16894.26161135231,1024,172455,172455,172455,172455,0,171456,562.3640094781294,281.6182183595374,280.7457990818657,-144.0722123235464,0.012862542260563714,0.4790230691432953,0.5182404064689763,0.5354416897171177,143.8510558605194,143.85030448436737,143.80718076974154,13.607017599977553,"{""DC-1"": 260.9714092045352, ""DC-2"": 199.93102969445727, ""DC-3"": 7.967173624310348, ""DC-4"": 260.5720868767975, ""DC-5"": 272.0786522778795}"
171,212,1101.2918920175712,1038,1038,0,0,1038,333,38,667,0,1000,881,119,0,233,114,119,37,0,19234.655048066626,1040,173493,173493,173493,173493,0,172496,445.3076781346248,223.08801012543532,222.21966780699216,-144.1688780417809,0.005794013817705071,0.48457077145576477,0.5276317318185018,0.5353773325681687,143.9709660896888,143.9743287746723,143.96779478513278,13.773594800004503,"{""DC-1"": 295.61901403643515, ""DC-2"": 216.57424725543373, ""DC-3"": 109.63990586385763, ""DC-4"": 244.7566673822355, ""DC-5"": 234.70205747960955}"
172,213,1297.607563756857,1003,1003,0,0,1003,313,3,687,0,1000,917,83,0,170,87,83,26,0,15995.664224126578,1004,174496,174496,174496,174496,0,173500,297.2557278078391,149.43295538140484,147.82277244780644,-143.3845521539331,0.0014338303137982479,0.4862615168094635,0.5335708363538244,0.535473616415286,143.2151871563429,143.22608496373394,143.20202708149336,13.369692900014343,"{""DC-1"": 245.69545182213378, ""DC-2"": 181.53694941915805, ""DC-3"": 292.7033350056363, ""DC-4"": 259.277387255972, ""DC-5"": 318.39444025395915}"
173,214,1168.7900492438273,1008,1008,0,0,1008,295,8,705,0,1000,894,106,0,196,90,106,39,0,17289.05661205956,1008,175504,175504,175504,175504,0,174508,534.3515584345848,268.17333542496436,266.17822333129624,-143.9386447195023,0.0028023802785485585,0.4885900914669037,0.5316169722567475,0.5354519753110787,143.63678721776085,143.63219067407033,143.5941371463594,13.426548999996157,"{""DC-1"": 269.4458909810149, ""DC-2"": 230.13750053404885, ""DC-3"": 162.32717193620104, ""DC-4"": 258.1344681236257, ""DC-5"": 248.74501766893619}"
174,215,1200.3054755865946,1000,1000,0,0,1000,288,0,712,0,1000,901,99,0,200,101,99,40,0,18903.66422412658,1000,176504,176504,176504,176504,0,175508,117.13497206783295,59.12463937997818,58.01033234071731,-145.23064192962647,0.0008353593415813521,0.49005362391471863,0.5342672475278377,0.5354216422438621,145.04319646453857,145.05904698944093,145.073001663208,13.225388999999268,"{""DC-1"": 245.07900495079667, ""DC-2"": 319.1175749324407, ""DC-3"": 124.99664186862378, ""DC-4"": 223.52974180523012, ""DC-5"": 287.5825120295034}"
175,216,1132.1195869007597,1030,1030,0,0,1030,297,30,703,0,1000,892,108,0,220,112,108,40,0,14682.317873312404,1028,177534,177534,177534,177534,0,176536,818.6344445679438,410.6895756563788,407.9448611239979,-147.73411619431315,0.007294427179269391,0.49786046147346497,0.5251928568176258,0.5354408331302354,147.4138823334809,147.39637094341828,147.34537604068504,13.669920599990292,"{""DC-1"": 291.39122697094547, ""DC-2"": 149.47548673551515, ""DC-3"": 231.57282366083544, ""DC-4"": 231.68235042247673, ""DC-5"": 227.99769911098582}"
176,217,1094.4445386571444,1056,1056,0,0,1056,362,56,638,0,1000,878,122,0,246,124,122,37,0,16354.461851788597,1056,178590,178590,178590,178590,0,177592,2056.392097639315,1029.9708277447658,1026.4212394894073,-148.10278663490757,-0.006363487050376451,0.4904897212982178,0.5445131558473363,0.5354332413072839,147.80545887802586,147.7867841720581,147.62415178616843,14.084914600010961,"{""DC-1"": 365.2785440172265, ""DC-2"": 167.4746376246141, ""DC-3"": 215.08383000901912, ""DC-4"": 143.332585727495, ""DC-5"": 203.2749412787908}"
177,218,1016.4189570894081,1017,1017,0,0,1017,362,17,638,0,1000,856,144,0,262,118,144,75,0,16737.592185835696,1016,179607,179607,179607,179607,0,178608,475.9903867826687,238.46718421085612,237.52320215270277,-146.77136768130805,-0.010222816519901215,0.4806462228298187,0.5495834158161493,0.5353552615783346,146.5783726249154,146.5777041292566,146.5652051159716,13.49586980001186,"{""DC-1"": 277.1217274462654, ""DC-2"": 36.825198916008475, ""DC-3"": 272.27828550641067, ""DC-4"": 219.65121877763582, ""DC-5"": 210.5425264430884}"
178,219,1158.4229280286493,1033,1033,0,0,1033,290,33,710,0,1000,898,102,0,196,94,102,26,0,17920.585097121555,1036,180640,180640,180640,180640,0,179644,510.5790975719805,256.56608144196764,254.013015567566,-150.29283691465164,-0.013992916702735147,0.4679815471172333,0.5543181321162975,0.5354545406393103,150.1462351898429,150.10685816878978,150.12001304184608,13.811670499999309,"{""DC-1"": 361.6496903111815, ""DC-2"": 264.0603225287599, ""DC-3"": 115.42985347745167, ""DC-4"": 199.92029505202692, ""DC-5"": 217.3627666592285}"
179,220,1227.361046806281,1028,1028,0,0,1028,301,28,699,0,1000,909,91,0,198,107,91,33,0,17311.484205808305,1028,181668,181668,181668,181668,0,180672,1290.7827602620255,647.4713729694196,643.3113571108547,-150.30634712337985,-0.0012096950375739528,0.46671968698501587,0.5370330974633591,0.5353484677317542,149.92513535644295,149.89881483590094,149.8265630595879,13.670795100013493,"{""DC-1"": 292.3357506865592, ""DC-2"": 301.2350585083575, ""DC-3"": 117.06444835746682, ""DC-4"": 263.87765410359987, ""DC-5"": 252.8481351502983}"
180,221,757.8382383649476,1030,1030,0,0,1030,403,30,597,0,1000,797,203,0,290,87,203,130,0,19119.946239131634,1028,182698,182698,182698,182698,0,181700,165.05624958977162,82.87412644360316,82.18212349915783,-153.50631491219488,-0.020183253827675135,0.4507896602153778,0.5613816988433381,0.5354507955131828,153.09692313791712,153.12100975244425,153.08228254503777,13.645637899986468,"{""DC-1"": 419.66964906021184, ""DC-2"": -187.7411413359375, ""DC-3"": 41.462998029794775, ""DC-4"": 226.15904658214143, ""DC-5"": 258.28768602873663}"
181,222,1197.6806612952953,1019,1019,0,0,1019,289,19,711,0,1000,904,96,0,181,85,96,43,0,15253.23963281584,1020,183717,183717,183717,183717,0,182720,674.1573463561488,338.8249913491455,335.3323555862202,-153.4814089457194,0.006030077971723479,0.45534735918045044,0.5280287115889437,0.535546406752923,153.23861971088485,153.23199213813334,153.1657865786085,13.473082700016676,"{""DC-1"": 302.2877938528123, ""DC-2"": 201.4640130922817, ""DC-3"": 218.2723149359443, ""DC-4"": 265.683863862204, ""DC-5"": 209.97267555205372}"
182,223,1179.2882589794335,1035,1035,0,0,1035,263,35,737,0,1000,905,95,0,180,85,95,40,0,15093.164868740852,1036,184752,184752,184752,184752,0,183756,722.5948057616539,361.8080168727742,360.78678866058704,-156.48613384791784,-0.0035597838911553305,0.452460378408432,0.5399857059293732,0.5353511242217539,156.2092029173862,156.2300051317252,156.1871947726688,13.718424899998354,"{""DC-1"": 355.600841009564, ""DC-2"": 226.09172945887755, ""DC-3"": 127.13787016819062, ""DC-4"": 184.246670075865, ""DC-5"": 286.21114826693736}"
183,224,1152.3229096826783,1002,1002,0,0,1002,302,2,698,0,1000,889,111,0,214,103,111,59,0,16944.077263983418,1000,185754,185754,185754,185754,0,184756,768.18013712883,384.16022058868407,384.01991651153565,-153.5885263671875,0.01823577166092582,0.46741554141044617,0.5121175168752671,0.5354386392235756,153.27959208679198,153.27791680908203,153.21814143371583,13.587724399985746,"{""DC-1"": 266.7024469855603, ""DC-2"": 285.8313432844558, ""DC-3"": 66.70677530986403, ""DC-4"": 276.44090869714586, ""DC-5"": 256.6414354056527}"
184,225,1087.2757139994267,1037,1037,0,0,1037,317,37,683,0,1000,881,119,0,209,90,119,43,0,16357.621497566815,1036,186791,186791,186791,186791,0,185792,1037.1595495511206,519.3287885354753,517.8307304179807,-158.04691495122137,-0.024013213193247233,0.4500003457069397,0.5662527395894168,0.5354978278221771,157.96644632788698,157.92940253180427,157.92164510189338,13.80985160000273,"{""DC-1"": 265.4769619806744, ""DC-2"": 366.46560699184647, ""DC-3"": 112.63040391415616, ""DC-4"": 101.04376900461551, ""DC-5"": 241.6589721081341}"
185,226,1161.1094645282917,1052,1052,0,0,1052,254,52,746,0,1000,907,93,0,189,96,93,30,0,18032.045114051347,1052,187843,187843,187843,187843,0,186844,3160.247523175446,1583.9480017636665,1576.299461601805,-162.26930152690002,0.012156894344866572,0.4590510129928589,0.5201609233542993,0.5354509659593096,162.24336978781812,162.23268209392128,162.10665430859467,13.966046299989102,"{""DC-1"": 338.8833739924082, ""DC-2"": 363.02440467097335, ""DC-3"": 171.89459276912808, ""DC-4"": 108.5008987769015, ""DC-5"": 178.80619431887993}"
186,227,1145.327591399394,1059,1059,0,0,1059,327,59,673,0,1000,895,105,0,206,101,105,38,0,15274.261611352313,1060,188902,188902,188902,188902,0,187904,1729.3045104368678,867.9571642389838,861.3473751212066,-163.535185119341,0.01403090929972746,0.47034353017807007,0.5174163577972718,0.5354832736951001,163.53619510002855,163.56267883732633,163.4829954975056,14.08034299997962,"{""DC-1"": 209.3985608257708, ""DC-2"": 330.5882318236872, ""DC-3"": 213.25145073742084, ""DC-4"": 246.30128883589296, ""DC-5"": 145.78805917662234}"
187,228,1195.3266341813962,1051,1051,0,0,1051,348,51,652,0,1000,902,98,0,247,149,98,26,0,16441.719005069728,1052,189953,189953,189953,189953,0,188956,2656.706175300105,1330.855506963603,1325.850639555391,-163.67069530124448,0.002534680670267148,0.47321608662605286,0.5319339065554024,0.5353688931397159,163.74906551520635,163.7405801925369,163.63508386213064,13.907885399996303,"{""DC-1"": 336.5533258645186, ""DC-2"": 315.3970000321607, ""DC-3"": 160.35828604052634, ""DC-4"": 229.99123530294594, ""DC-5"": 153.02678694124572}"
188,229,1281.4626126916296,1002,1002,0,0,1002,294,2,706,0,1000,916,84,0,183,99,84,29,0,17155.655590798095,1000,190955,190955,190955,190955,0,189956,1903.880120414734,954.0075521974563,949.8725675535202,-168.01711947631836,0.021493955485755577,0.4915868639945984,0.5062023057043552,0.5354769995808601,168.13254621887208,168.11045427703857,168.0421986541748,13.26627410002402,"{""DC-1"": 312.3350110462161, ""DC-2"": 288.90889942451645, ""DC-3"": 224.50227219886224, ""DC-4"": 175.2918272888568, ""DC-5"": 280.42460273317823}"
189,230,992.7320501631069,1008,1008,0,0,1008,345,8,655,0,1000,852,148,0,255,107,148,54,0,16748.53722041601,1008,191963,191963,191963,191963,0,190964,1111.2648146776926,554.118157630875,557.1466567733931,-166.3945283814082,0.004353344304411347,0.49599725008010864,0.5294023380866126,0.5354003284185652,166.48110248928978,166.47791247897678,166.43957054047357,13.436742799996864,"{""DC-1"": 185.74463675904988, ""DC-2"": 311.0322502634739, ""DC-3"": -28.784100940309095, ""DC-4"": 215.77426084073363, ""DC-5"": 308.9650032401578}"
190,231,705.6343693742102,1005,1005,0,0,1005,404,5,596,0,1000,783,217,0,307,90,217,82,0,17500.9899644594,1008,192968,192968,192968,192968,0,191972,2765.85311277329,1385.6167368794245,1380.2363793376892,-166.00429403214227,0.00435810019275994,0.5003572106361389,0.5292142410836522,0.5354851793556933,165.89727839212568,165.87876540895493,165.83526032311576,13.776623199984897,"{""DC-1"": 289.2930770366638, ""DC-2"": 186.55891856172562, ""DC-3"": 41.261162620936325, ""DC-4"": -53.461142684311085, ""DC-5"": 241.9823538391977}"
191,232,719.620050041562,1005,1005,0,0,1005,393,5,607,0,1000,790,210,0,297,87,210,77,0,16897.971312032176,1004,193973,193973,193973,193973,0,192976,1248.9912720752427,624.1984820052447,624.7927921084294,-166.0628054417462,-0.0006595420573682217,0.49995535612106323,0.5363348845644776,0.5353922287068994,166.17425223270735,166.13448699252064,166.09701500850844,13.444376500003273,"{""DC-1"": 236.1562660028666, ""DC-2"": 70.44741935203926, ""DC-3"": -114.27808184630481, ""DC-4"": 252.10440520946682, ""DC-5"": 275.19004132349534}"
192,233,829.2313136912207,1011,1011,0,0,1011,349,11,651,0,1000,819,181,0,257,76,181,42,0,17141.23963281584,1012,194984,194984,194984,194984,0,193988,1206.413611702297,603.1467552543157,603.2668275032119,-167.12211907428244,-0.016955104860589425,0.4853743612766266,0.5593826777555726,0.5353345654227517,167.04300048134544,167.03281596338326,166.97108248382688,13.475400499999523,"{""DC-1"": 149.64680666738266, ""DC-2"": 133.5586060587965, ""DC-3"": 101.84045493299831, ""DC-4"": 205.52085717348706, ""DC-5"": 238.66458885855727}"
193,234,1085.1194015571584,1023,1023,0,0,1023,367,23,633,0,1000,870,130,0,249,119,130,33,0,16652.782173252555,1020,196007,196007,196007,196007,0,195008,1131.3938621520997,566.3071947350221,565.0866981880338,-165.21820933772068,-0.022814053367576834,0.46810010075569153,0.5662968457913866,0.5353869725091784,165.20221827637914,165.2211913763308,165.13954020481484,13.629316000005929,"{""DC-1"": 273.72782728111724, ""DC-2"": 244.06017313170182, ""DC-3"": 103.71468658965394, ""DC-4"": 254.97449987021287, ""DC-5"": 208.64221468447445}"
194,235,871.023204320252,1018,1018,0,0,1018,358,18,642,0,1000,828,172,0,263,91,172,66,0,18220.971312032176,1020,197025,197025,197025,197025,0,196028,1188.8244584644542,596.0767850679509,592.7477027649973,-165.76317243389056,0.004014085512836555,0.4707949161529541,0.5301534153667151,0.5353620037144305,165.73898179297353,165.72351316564223,165.69321051952886,13.667528199992375,"{""DC-1"": 293.9349655702937, ""DC-2"": 240.42831271988146, ""DC-3"": -130.9337689393478, ""DC-4"": 206.937760177469, ""DC-5"": 260.65593479195604}"
195,236,961.0439253086905,1025,1025,0,0,1025,355,25,645,0,1000,847,153,0,262,109,153,48,0,18254.188561251434,1024,198050,198050,198050,198050,0,197052,359.56580636277795,180.78181407041848,178.78399277478456,-165.79333323985338,0.014653700005510473,0.4825916588306427,0.5158660201414023,0.535465493099764,165.71018358319998,165.73643039166927,165.71396490186453,14.601200300006894,"{""DC-1"": 279.08994216961145, ""DC-2"": 227.63666268941083, ""DC-3"": 27.57729716115444, ""DC-4"": 184.98564358070757, ""DC-5"": 241.75437970780783}"
196,237,1042.3497741253475,1018,1018,0,0,1018,359,18,641,0,1000,865,135,0,267,132,135,30,0,14293.594616528413,1020,199068,199068,199068,199068,0,198072,1307.7161478491391,656.4829973220825,651.2331815794403,-167.5658794328278,-0.01566087792880888,0.47092047333717346,0.5565599415816512,0.5353266245009852,167.51243208342908,167.48837784411862,167.44499850553626,14.517226299998583,"{""DC-1"": 290.38223166533356, ""DC-2"": 197.44485679756252, ""DC-3"": 101.36824033854475, ""DC-4"": 209.03187223963448, ""DC-5"": 244.12257308427397}"
197,238,714.2222986227479,1086,1086,0,0,1086,406,86,594,0,1000,804,196,0,301,105,196,74,0,15165.69525948157,1084,200154,200154,200000,200000,0,199156,1311.4590684443822,656.1896304389207,655.2694643335589,-171.26139514120743,0.006707683005851325,0.47544047236442566,0.5264876107393156,0.5353271716525194,171.2073939418441,171.21746023114756,171.1586206724723,15.310620300006121,"{""DC-1"": 150.2944969806326, ""DC-2"": 304.70401273568757, ""DC-3"": -115.55482058207271, ""DC-4"": 222.7738033701063, ""DC-5"": 152.00480611839498}"
198,239,1009.3372097924545,1073,1073,0,0,1073,309,73,691,0,1000,871,129,0,227,98,129,29,0,15831.466415855126,1072,201227,201227,200000,200000,0,200228,2319.3733489584565,1163.105527667857,1156.267817370927,-173.00400528978946,0.008368151450057083,0.4823043644428253,0.5240535259858441,0.535345041151367,172.9681445164467,172.95566617908761,172.80608812730705,14.872848700004397,"{""DC-1"": 365.3469193871243, ""DC-2"": 244.93978142736577, ""DC-3"": 104.1212318096227, ""DC-4"": 80.41641231447989, ""DC-5"": 214.51286485386225}"
199,240,807.1789079822473,1041,1041,0,0,1041,341,41,659,0,1000,822,178,0,251,73,178,50,0,17604.97769279527,1044,202268,202268,200000,200000,0,201272,1561.046806540069,780.3683052885121,780.6785329155538,-180.8824532169035,-0.000858409062850421,0.48168838024139404,0.5367784613450824,0.5355276657246996,180.8066744091867,180.7984236720878,180.6923621824418,14.426638900011312,"{""DC-1"": 169.6082042896704, ""DC-2"": 323.31916564115534, ""DC-3"": -40.74238991813834, ""DC-4"": 210.2478555717776, ""DC-5"": 144.74607239778322}"
200,241,883.1402241503753,1034,1034,0,0,1034,331,34,669,0,1000,837,163,0,246,83,163,54,0,16650.404459585574,1032,203302,203302,200000,200000,0,202304,1576.1282811534497,787.8320987039758,788.2961825076924,-182.5842004228932,0.010732522715436288,0.49099528789520264,0.5206103642839331,0.5352695024059725,182.4943740903869,182.5184392041938,182.43967155338257,14.46910580000258,"{""DC-1"": 303.59284959468164, ""DC-2"": 158.52871241948085, ""DC-3"": 49.482967510667926, ""DC-4"": 204.727679152853, ""DC-5"": 166.8080154726927}"
201,242,658.6363210201421,1118,1118,0,0,1118,404,118,596,0,1000,798,202,0,312,110,202,69,0,15653.628686176975,1120,204420,204420,200000,200000,0,203424,1873.46734319755,937.4983847447804,935.9688929864338,-186.0438066482544,0.012815097057526665,0.5052990317344666,0.5172676374337503,0.5355843456728118,185.80359242984227,185.84104625156948,185.76875019754684,15.685269899986451,"{""DC-1"": 226.27158825109473, ""DC-2"": 212.31314676739865, ""DC-3"": 26.99145273590033, ""DC-4"": 90.99106477703805, ""DC-5"": 102.06906848871034}"
202,243,1043.30827446837,1056,1056,0,0,1056,312,56,688,0,1000,875,125,0,219,94,125,26,0,16374.522640378935,1056,205476,205476,200000,200000,0,204480,1770.5603808128471,886.3491876730413,884.2111348889091,-188.110148415421,0.020756426874647856,0.5270538926124573,0.5041932659647004,0.5355005262024475,188.23042090011364,188.2200883807558,188.1808828874068,14.938431300019147,"{""DC-1"": 239.80078091908143, ""DC-2"": 203.30520778004777, ""DC-3"": 221.3594423940604, ""DC-4"": 136.89556399593616, ""DC-5"": 241.94727937924415}"
203,244,580.0594510549053,1104,1104,0,0,1104,408,104,592,0,1000,773,227,0,328,101,227,75,0,14943.58113527795,1104,206580,206580,200000,200000,0,205584,2774.722745100657,1385.5904599825542,1389.1322295631187,-189.18224718259728,-0.01790989094339581,0.5077365040779114,0.5628025373848884,0.5354550597460374,189.08173162349757,189.08686058763143,189.00834932189056,15.340202199993655,"{""DC-1"": 242.22443197010824, ""DC-2"": 367.01047929383014, ""DC-3"": -82.18357728690069, ""DC-4"": -198.8777926027061, ""DC-5"": 251.88590968057395}"
204,245,830.1506326116357,1074,1074,0,0,1074,365,74,635,0,1000,828,172,0,276,104,172,34,0,19217.28838783866,1072,207654,207654,200000,200000,0,206656,7923.8813830133695,3961.679020011603,3962.202475758631,-194.02959379509315,0.004808401547758075,0.5116250514984131,0.5286954939365387,0.5356150487465645,193.8755431459911,193.8498105931638,193.627514419271,15.760316100000637,"{""DC-1"": 321.09582205324654, ""DC-2"": 144.2088004609934, ""DC-3"": 175.90076674235496, ""DC-4"": 87.4083883502213, ""DC-5"": 101.53685500482091}"
205,246,971.2254442071927,1075,1075,0,0,1075,359,75,641,0,1000,855,145,0,271,126,145,26,0,17690.592185835696,1076,208729,208729,200000,200000,0,207732,892.6438020614,447.83210187507825,444.81169479575743,-202.43788526315228,-0.01377013456972219,0.4995254576206207,0.5557156278021274,0.5354857656924698,202.3592354373861,202.39221093557137,202.40360743582914,14.848842899984447,"{""DC-1"": 414.7862500452549, ""DC-2"": 126.92211822913552, ""DC-3"": 133.27389839205117, ""DC-4"": 45.20788278133555, ""DC-5"": 251.03529475941642}"
206,247,776.1325342147321,1129,1129,0,0,1129,386,129,614,0,1000,823,177,0,290,113,177,45,0,18795.719005069728,1128,209858,209858,200000,200000,0,208860,1324.0707677002495,661.9091144994641,662.1616445948891,-210.25340935186293,-0.003087080940183133,0.49619606137275696,0.5402043458629162,0.5355693056439677,210.34581084285222,210.38154697418213,210.36549118393702,15.817613200022606,"{""DC-1"": 346.8341208517252, ""DC-2"": 239.17768538373184, ""DC-3"": -56.25896446688937, ""DC-4"": -5.4269043990031935, ""DC-5"": 251.8065968451687}"
207,248,204.58565902664918,1431,1431,0,0,1431,453,431,547,0,1000,761,239,0,373,135,238,53,0,17087.526109882958,1432,211289,211289,200000,200000,0,210292,2867.9997794082046,1435.6358275879695,1432.3640361391633,-210.96269692255797,0.0085603048344983,0.5103229284286499,0.5230580637200252,0.5354415738965546,211.08230928602165,211.0630026662816,210.91697470169493,20.252376299991738,"{""DC-1"": 243.42091013548747, ""DC-2"": -27.217622286134823, ""DC-3"": 41.28917717467539, ""DC-4"": -235.84530633063804, ""DC-5"": 182.93850033325927}"
208,249,712.138237756877,1102,1102,0,0,1102,421,102,579,0,1000,805,195,0,335,140,195,34,0,18488.19045836538,1100,212391,212391,200000,200000,0,211392,2342.254069630016,1174.4018978942524,1167.852237290469,-211.20799595919522,0.0049237940816039385,0.5160524845123291,0.5282320879806172,0.535452428297563,211.52964175137606,211.53383734963157,211.517880228216,15.23203129999456,"{""DC-1"": 214.311119106064, ""DC-2"": 82.27740696666424, ""DC-3"": 113.25487913693527, ""DC-4"": 110.70654886023749, ""DC-5"": 191.5882836869763}"
209,250,666.6797277540564,1126,1126,0,0,1126,398,126,602,0,1000,801,199,0,335,136,199,43,0,15832.150440305373,1128,213517,213517,200000,200000,0,212520,4201.021162800755,2105.0856210111724,2095.935658682323,-209.319321368603,-0.0026644363024904464,0.512120246887207,0.5396850688501875,0.5353713246419075,209.43560862033925,209.43402725923147,209.25733462800372,15.390054700023029,"{""DC-1"": 341.4136568925739, ""DC-2"": 273.75591089020446, ""DC-3"": -15.582630322368665, ""DC-4"": -40.02772050766767, ""DC-5"": 107.12051080131592}"
210,251,442.16325540461395,1037,1037,0,0,1037,475,37,525,0,1000,730,270,0,375,105,270,95,0,17517.759435507814,1036,214554,214554,200000,200000,0,213556,4670.387062838639,2338.7946807297963,2331.59233176294,-211.9040750186876,0.015064866894574721,0.5261788964271545,0.5123695224581077,0.5354564599548988,212.23185665174802,212.17884578483907,212.04019063411994,14.205565800017212,"{""DC-1"": 269.9678038033073, ""DC-2"": -181.60815355881923, ""DC-3"": 2.607742575123395, ""DC-4"": 204.13286948872832, ""DC-5"": 147.06299309627445}"
211,252,647.4240005205993,1096,1096,0,0,1096,444,96,556,0,1000,789,211,0,349,138,211,37,0,16874.479129232237,1096,215650,215650,200000,200000,0,214652,2770.812033566245,1388.9217263329638,1381.890308243515,-211.7515099100823,-0.018987799388353106,0.5091993808746338,0.5642815889777059,0.5355052521085217,212.00446270852194,212.01527149311818,211.85131778856262,15.602757999993628,"{""DC-1"": 331.3249542279236, ""DC-2"": 85.50430624621707, ""DC-3"": 141.47579891558297, ""DC-4"": 87.92997846516107, ""DC-5"": 1.188962665714624}"
212,253,947.2214544674455,1126,1126,0,0,1126,331,126,669,0,1000,860,140,0,241,101,140,36,0,17944.526109882958,1128,216776,216776,200000,200000,0,215780,889.3756849089413,446.6396149270078,442.7360690333319,-208.04055744198197,-0.03781034088318305,0.4784867465496063,0.5892953269500681,0.5355508165262269,208.27612145065416,208.27724918744244,208.19463926680544,16.375185799988685,"{""DC-1"": 557.844287586365, ""DC-2"": 160.13562234004402, ""DC-3"": 80.71152042977798, ""DC-4"": -31.762035005385155, ""DC-5"": 180.29205911664457}"
213,254,955.1399161788046,1051,1051,0,0,1051,324,51,676,0,1000,855,145,0,237,92,145,41,0,16661.946239131634,1048,217827,217827,200000,200000,0,216828,2897.9307065810867,1450.6294321249459,1447.301386307214,-208.79168209046807,-0.021784100498033702,0.46386194229125977,0.5646680301154843,0.5355934621837303,208.88904211903346,208.91180789743672,208.8060564812813,15.005390799982706,"{""DC-1"": 320.1299000139854, ""DC-2"": 205.4127882410625, ""DC-3"": 100.93824094023748, ""DC-4"": 130.72896074575343, ""DC-5"": 197.9300262377654}"
214,255,695.1729637739071,1089,1089,0,0,1089,367,89,633,0,1000,805,195,0,304,109,195,48,0,16136.08566455818,1092,218916,218916,200000,200000,0,217920,1977.9345354212946,990.4773542348282,987.4571882778909,-211.07881222539768,0.0005134145664000004,0.46378839015960693,0.5352915915704909,0.5356410556769633,211.29469906454122,211.30497564238942,211.21952393640092,15.96350959999836,"{""DC-1"": 386.3108503637333, ""DC-2"": 120.90461604796964, ""DC-3"": -19.299306245168296, ""DC-4"": 184.5881619509177, ""DC-5"": 22.66864165645549}"
215,256,501.59836264022795,1061,1061,0,0,1061,406,61,594,0,1000,755,245,0,334,89,245,57,0,16201.537220416008,1060,219977,219977,200000,200000,0,218980,1840.9482766961153,925.9642872378512,914.9839889652325,-208.14134009019384,-0.023140380470705973,0.4483611583709717,0.5650141712067263,0.5355959324904208,208.25883853840378,208.25851080552587,208.161798930618,14.725968299986562,"{""DC-1"": 131.91575704716084, ""DC-2"": 65.37675839197549, ""DC-3"": -7.500803929133631, ""DC-4"": 178.45135280229312, ""DC-5"": 133.35529832793185}"
216,257,666.0816715935184,1061,1061,0,0,1061,415,61,585,0,1000,782,218,0,306,88,218,73,0,15457.150440305373,1060,221038,221038,200000,200000,0,220040,2803.4301404557136,1405.9565818660665,1397.4736138955602,-212.6110821346067,0.004249148829488681,0.45176613330841064,0.5304520848224747,0.535660242978132,212.74927263799702,212.72612717106657,212.59475810212908,14.564862200000789,"{""DC-1"": 309.5535277701534, ""DC-2"": 36.04538145938821, ""DC-3"": 83.74799219980723, ""DC-4"": 115.03307318545974, ""DC-5"": 121.70169697871039}"
217,258,863.5738807247546,1068,1068,0,0,1068,340,68,660,0,1000,837,163,0,264,101,163,32,0,17521.655590798095,1068,222106,222106,200000,200000,0,221108,2222.9034070272123,1111.4015474292669,1111.5018637546439,-215.81109642000234,-0.013305044536673279,0.4425680339336395,0.5523433645398875,0.5355536014622964,215.96645395228924,215.96458535069382,216.01201888238,14.814245799992932,"{""DC-1"": 269.67324171414947, ""DC-2"": 160.35008524891305, ""DC-3"": 136.12286087273102, ""DC-4"": 118.57008660968923, ""DC-5"": 178.85760627927226}"
218,259,576.4536142536052,1057,1057,0,0,1057,410,57,590,0,1000,771,229,0,337,108,229,45,0,18779.296064397528,1056,223163,223163,200000,200000,0,222164,3163.1183270360484,1584.7239058839552,1578.394346482826,-216.84283515178797,0.010940971764229647,0.4502507448196411,0.522246194805837,0.5357362163450682,216.88460796529597,216.87273914163762,216.78466119188252,15.161430100008147,"{""DC-1"": 318.4661438697656, ""DC-2"": -108.02977307290199, ""DC-3"": 39.322058923847734, ""DC-4"": 180.4854145193672, ""DC-5"": 146.20977001352773}"
219,260,380.2440404499354,1126,1126,0,0,1126,449,126,551,0,1000,736,264,0,379,115,264,54,0,17324.720011132064,1128,224289,224289,200000,200000,0,223292,2299.6760747449616,1149.7789161374383,1149.897177752028,-215.36543125125533,-0.027670415468821104,0.431255966424942,0.5695686807710652,0.5356031334991996,215.5122161621743,215.4994842583406,215.4226200293142,15.87866170000052,"{""DC-1"": 328.1217269515172, ""DC-2"": -42.87016034203185, ""DC-3"": -112.27139962237698, ""DC-4"": 167.87696456788967, ""DC-5"": 39.38690889493752}"
220,261,752.4441117967133,1061,1061,0,0,1061,357,61,643,0,1000,812,188,0,284,96,188,39,0,18784.89973434752,1060,225350,225350,200000,200000,0,224352,2060.1657669643187,1030.8388912317887,1029.3268754617222,-217.06682978216207,-0.018773549697186167,0.42057234048843384,0.5577333931934159,0.5356524793044576,217.103951997577,217.12241766587744,216.9779745569769,14.97602740000002,"{""DC-1"": 290.7443592816239, ""DC-2"": 122.87221809949975, ""DC-3"": 52.0637964355467, ""DC-4"": 199.6757129606371, ""DC-5"": 87.08802501940703}"
221,262,857.0692661742198,1053,1053,0,0,1053,334,53,666,0,1000,835,165,0,251,86,165,38,0,15097.190458365381,1052,226403,226403,200000,200000,0,225404,3645.2545841383844,1819.8231745872208,1825.4314703587797,-215.0855248527382,-0.011213407477278956,0.41424819827079773,0.548506747860419,0.5356004173538077,215.05234803174386,215.0040803336372,215.00236718645567,15.312084200006211,"{""DC-1"": 158.2640823540319, ""DC-2"": 127.86580561183371, ""DC-3"": 297.4771582553335, ""DC-4"": 179.77010603354418, ""DC-5"": 93.69211391947758}"
222,263,469.4047858568476,1123,1123,0,0,1123,469,123,531,0,1000,754,246,0,373,127,246,62,0,17811.777738285662,1124,227526,227526,200000,200000,0,226528,888.7762015875549,445.68957267028156,443.0866268198685,-215.6946804548922,-0.011337576458045014,0.4068043529987335,0.5486399027058239,0.5357177103753616,215.62748867591506,215.59155732287206,215.51209487100513,16.622321700007888,"{""DC-1"": 241.45251835887362, ""DC-2"": -253.94739931352078, ""DC-3"": 143.9581387651404, ""DC-4"": 233.58962208274167, ""DC-5"": 104.35190596361417}"
223,264,982.5924803976084,1042,1042,0,0,1042,351,42,649,0,1000,855,145,0,254,109,145,51,0,17981.92116847595,1044,228568,228568,200000,200000,0,227572,2132.902505911173,1067.7341589416123,1065.1682883231576,-215.96302608329216,0.01849319444727545,0.4168582260608673,0.5147371402017458,0.5355164592521857,215.93962309095593,215.94606839468653,215.80960160471014,14.651878700009547,"{""DC-1"": 150.78102274505866, ""DC-2"": 206.54861827450407, ""DC-3"": 247.16311755903232, ""DC-4"": 129.97334044200943, ""DC-5"": 248.12638137700253}"
224,265,715.6139350372493,1011,1011,0,0,1011,454,11,546,0,1000,781,219,0,329,110,219,68,0,18570.225701741096,1008,229579,229579,200000,200000,0,228580,5293.0985801825445,2648.9016722194733,2644.196961692401,-200.2240178547208,0.0030228766418221066,0.41911259293556213,0.5321107028081776,0.5355993422369162,200.29312898242284,200.27169547005306,200.0555837570675,14.465470499999356,"{""DC-1"": 281.48947295238185, ""DC-2"": 49.85857824077955, ""DC-3"": -78.43304947601492, ""DC-4"": 267.14619409680165, ""DC-5"": 195.5527392233029}"
225,266,770.7811421122802,1070,1070,0,0,1070,315,70,685,0,1000,823,177,0,240,63,177,46,0,16832.188561251434,1072,230649,230649,200000,200000,0,229652,563.9112884855982,283.3457094359754,280.5655785914677,-172.22941612841478,0.011064710396119575,0.4264906644821167,0.5228849065059157,0.5355714264867911,172.6396765281905,172.64646442612604,172.63292812233541,15.67493859998649,"{""DC-1"": 309.61319781746664, ""DC-2"": -29.480965465651273, ""DC-3"": 163.58026650255357, ""DC-4"": 209.17865729448195, ""DC-5"": 117.88998596343066}"
226,267,385.7652429478331,1110,1110,0,0,1110,446,110,554,0,1000,734,266,0,358,92,266,52,0,18112.194896583373,1108,231759,231759,200000,200000,0,230760,573.4524761124208,287.76932029861837,285.68315734243566,-173.55561790741737,-0.01234858650218238,0.41737601161003113,0.5500745758521858,0.5355567038597183,173.97708822587768,174.00886662342057,173.9519525452211,16.624664899980417,"{""DC-1"": 167.21168598484428, ""DC-2"": -44.11595045692696, ""DC-3"": 202.98749288661776, ""DC-4"": 89.9004317135135, ""DC-5"": -30.218417180215756}"
227,268,949.295608988056,1031,1031,0,0,1031,370,31,630,0,1000,847,153,0,289,136,153,37,0,16840.53722041601,1032,232790,232790,200000,200000,0,231792,540.0691527470137,273.17684607357944,266.89230896705806,-176.50145061995633,-0.0010172403623961823,0.41645246744155884,0.5369624966510045,0.5356521016752073,176.93243230036063,176.9757059008576,176.9272015371988,15.468966999993427,"{""DC-1"": 310.0639716348121, ""DC-2"": 114.7677671293256, ""DC-3"": 210.19310012625354, ""DC-4"": 200.2023523707766, ""DC-5"": 114.06841772688864}"
228,269,760.4230012133312,1017,1017,0,0,1017,381,17,619,0,1000,802,198,0,285,87,198,50,0,17162.188561251434,1016,233807,233807,200000,200000,0,232808,515.6791115163818,258.3418458343491,257.33726530281575,-174.86341251163032,0.005403486165029224,0.4201360046863556,0.5294899730173153,0.5356342365422587,175.24870266501358,175.264264639907,175.17098121192512,14.23027309999452,"{""DC-1"": 135.33446927927494, ""DC-2"": 68.04244180906349, ""DC-3"": 168.51174728418502, ""DC-4"": 213.40895425660435, ""DC-5"": 175.1253885842028}"
229,270,943.8400819612679,1021,1021,0,0,1021,294,21,706,0,1000,852,148,0,226,78,148,35,0,17756.628686176977,1024,234828,234828,200000,200000,0,233832,626.1456431187689,314.84977044072,311.29587313439697,-173.6747953593731,-0.0014080552887207887,0.41931265592575073,0.5371568597329315,0.5355666174436919,174.08519028127193,174.07221268862486,173.97773272544146,14.505675500025973,"{""DC-1"": 361.97056715374424, ""DC-2"": 76.81884816511446, ""DC-3"": 188.9598749737595, ""DC-4"": 182.247665085106, ""DC-5"": 133.84312658354307}"
230,271,813.2027897720395,1041,1041,0,0,1041,351,41,649,0,1000,819,181,0,262,81,181,29,0,18342.201071861542,1040,235869,235869,200000,200000,0,234872,611.832955301725,307.65711476802824,304.1758406281471,-171.19749110295223,-0.0255059025335448,0.4040165841579437,0.5645624969727718,0.5356514612642619,171.61734924316406,171.587158540579,171.50425052642822,14.712020700011635,"{""DC-1"": 273.5277900571256, ""DC-2"": 216.33212395715043, ""DC-3"": 150.31646173921712, ""DC-4"": 100.24730107086931, ""DC-5"": 72.77911294767809}"
231,272,707.2008124256955,1022,1022,0,0,1022,407,22,593,0,1000,788,212,0,313,101,212,72,0,18018.45799628715,1020,236891,236891,200000,200000,0,235892,507.68727459440044,253.69127398659202,253.99599798613903,-170.79686209734749,-0.005505294926058246,0.4015480875968933,0.5417501311091816,0.5356843525288152,171.13437057943906,171.18327255249022,171.11180781944125,15.169801799987908,"{""DC-1"": 261.2621191964918, ""DC-2"": -81.12490895142406, ""DC-3"": 182.51627525170807, ""DC-4"": 176.8080145345713, ""DC-5"": 167.7393123943487}"
232,273,866.5537624463334,1017,1017,0,0,1017,359,17,641,0,1000,827,173,0,264,91,173,41,0,15454.150440305373,1020,237908,237908,200000,200000,0,236912,438.31752527087343,218.70131737671647,219.6162062299018,-169.56049245946548,-0.01578150694167205,0.39265286922454834,0.5529124440223563,0.5356398612260819,169.89517349542356,169.91614845126284,169.9424622030819,14.426004100008868,"{""DC-1"": 261.7880299381594, ""DC-2"": 72.4661900343866, ""DC-3"": 158.0930470705802, ""DC-4"": 215.58745847628762, ""DC-5"": 158.61903692691936}"
233,274,588.4681074505588,1024,1024,0,0,1024,402,24,598,0,1000,763,237,0,323,86,237,69,0,17029.30425113243,1024,238932,238932,200000,200000,0,237936,437.7774802483618,219.9156799390912,217.8618014343083,-168.0152973011136,0.006209047303855186,0.3955563008785248,0.5291161492932588,0.5356353360111825,168.3199767768383,168.32470354437828,168.20164912939072,15.527636700018775,"{""DC-1"": 341.5927873571005, ""DC-2"": 17.831930258012093, ""DC-3"": -139.8288510379418, ""DC-4"": 157.66603649613768, ""DC-5"": 211.20620437725}"
234,275,841.2899156977252,1006,1006,0,0,1006,354,6,646,0,1000,817,183,0,264,81,183,44,0,18568.461851788597,1004,239938,239938,200000,200000,0,238940,416.30607886523364,210.1125922269555,206.19348716830828,-166.51828695958355,0.019945208127267168,0.4071056544780731,0.5139772770592416,0.5357609631055855,166.87255407994488,166.86441605404553,166.808027579015,14.451477700000396,"{""DC-1"": 309.0722650324014, ""DC-2"": 187.18994392234038, ""DC-3"": 94.53899716348414, ""DC-4"": 139.86193287997656, ""DC-5"": 110.62677669952306}"
235,276,847.8430846766927,1009,1009,0,0,1009,362,9,638,0,1000,819,181,0,266,85,181,65,0,15857.415594894863,1008,240947,240947,200000,200000,0,239948,401.25660588438546,202.28365729157886,198.9729459976393,-165.03294357420907,-0.0007682003227287963,0.406705379486084,0.5366604411235404,0.5356486561515975,165.3780254636492,165.38777903904992,165.3049519856771,15.055765099998098,"{""DC-1"": 331.0611436952918, ""DC-2"": -13.996937602064106, ""DC-3"": 164.74817680140484, ""DC-4"": 220.51923953354418, ""DC-5"": 145.51146224851584}"
236,277,1215.2010197942811,1004,1004,0,0,1004,262,4,738,0,1000,906,94,0,175,81,94,23,0,15786.039218902042,1004,241951,241951,200000,200000,0,240952,414.5926425789457,208.04615446295873,206.5464869647387,-164.4480042628558,0.016274537390470876,0.41859787702560425,0.5173069412014873,0.5356715313823099,164.68943371715773,164.70026109703034,164.6504358770363,13.784118200012017,"{""DC-1"": 354.334864680408, ""DC-2"": 232.7365306044658, ""DC-3"": 239.92581634603357, ""DC-4"": 192.54835098211834, ""DC-5"": 195.65545718125583}"
237,278,880.0210606145115,1004,1004,0,0,1004,312,4,688,0,1000,829,171,0,234,63,171,41,0,18991.006324376554,1004,242955,242955,200000,200000,0,241956,392.41513369282876,198.1713647433961,194.243769948701,-166.73568362353808,-0.015943570204674677,0.4083264172077179,0.553723157966042,0.535672044611547,166.97533618881408,167.02357434276567,167.01817891702234,13.718614399986109,"{""DC-1"": 287.6163591406147, ""DC-2"": 157.03906540281082, ""DC-3"": 118.06392256446296, ""DC-4"": 65.94377686562038, ""DC-5"": 251.35793664100305}"
238,279,790.5335851815167,1018,1018,0,0,1018,357,18,643,0,1000,809,191,0,269,78,191,57,0,17054.26161135231,1020,243973,243973,200000,200000,0,242976,351.12859602535474,176.2129999301013,174.91559703677308,-167.79489038504806,-8.107710392305664e-05,0.40752482414245605,0.5359241944025545,0.5356512493946973,168.0987175286985,168.0735304140577,168.06581437353995,13.666955599997891,"{""DC-1"": 341.2960885954804, ""DC-2"": 56.11218379183526, ""DC-3"": 51.65445458501891, ""DC-4"": 178.29274157917303, ""DC-5"": 163.17811663001075}"
239,280,1086.1079719025986,1019,1019,0,0,1019,274,19,726,0,1000,882,118,0,198,80,118,41,0,18961.74357677477,1020,244992,244992,200000,200000,0,243996,424.6082665761312,215.78952606519064,208.81874163478028,-166.42566330853631,-0.01205973779947004,0.4001435339450836,0.5489869333949744,0.5355351629210453,166.76140269859164,166.8096535476984,166.80571072148342,13.681750999996439,"{""DC-1"": 304.0168467508689, ""DC-2"": 250.17490193846442, ""DC-3"": 140.2548675319737, ""DC-4"": 214.80591917185552, ""DC-5"": 176.8554365094355}"
240,281,675.2787544815819,1022,1022,0,0,1022,351,22,649,0,1000,789,211,0,277,66,211,72,0,18445.585097121555,1020,246014,246014,200000,200000,0,245016,375.60902841044407,189.6547088361254,185.95432046628466,-164.98154000674978,-0.00016002855674528024,0.3998694121837616,0.5358431338387377,0.5355149122429829,165.27657724268298,165.29503983142328,165.20202753403606,13.825635199988028,"{""DC-1"": 320.8888948030979, ""DC-2"": 137.3594179833092, ""DC-3"": -111.94248241463868, ""DC-4"": 241.04796742848293, ""DC-5"": 87.92495668133068}"
241,282,537.6324779370473,1006,1006,0,0,1006,406,6,594,0,1000,747,253,0,334,81,253,118,0,18198.628686176977,1008,247020,247020,200000,200000,0,246024,306.93595543551066,155.56015405200776,151.37580196441166,-162.31248718594748,0.0080443257366636,0.40441054105758667,0.526991652709151,0.5356831928449017,162.6122623171125,162.62920220692953,162.5841471278478,13.92156360001536,"{""DC-1"": 352.47978816403236, ""DC-2"": -190.59822366133852, ""DC-3"": 161.41436422659183, ""DC-4"": 119.7580977615597, ""DC-5"": 94.57845144620276}"
242,283,916.259615759668,1002,1002,0,0,1002,330,2,670,0,1000,837,163,0,239,76,163,51,0,15976.405602785077,1000,248022,248022,200000,200000,0,247024,297.199522687912,149.9092583694458,147.2902642507553,-159.2807786102295,0.004303912971401587,0.40745583176612854,0.5307901622354985,0.5356338164806366,159.52766886138917,159.58976339721679,159.5746093978882,14.447667000000365,"{""DC-1"": 255.01396526691383, ""DC-2"": 168.97906026879772, ""DC-3"": 70.7466724894379, ""DC-4"": 239.25952512753244, ""DC-5"": 182.26039260698525}"
243,284,1013.2967397203954,1004,1004,0,0,1004,344,4,656,0,1000,857,143,0,246,103,143,28,0,16064.719005069728,1004,249026,249026,200000,200000,0,248028,239.3194011730027,120.59734454097976,118.72205711835883,-157.01063435011176,0.02418093298064671,0.42326995730400085,0.5083631981030641,0.5356990426066387,157.2852501964189,157.2817257429024,157.28360180645825,14.069047800003318,"{""DC-1"": 275.42523267349657, ""DC-2"": 159.42470837547285, ""DC-3"": 84.02176226551032, ""DC-4"": 229.3707751526803, ""DC-5"": 265.0542612532354}"
244,285,1122.0470581943298,1011,1011,0,0,1011,351,11,649,0,1000,877,123,0,252,129,123,59,0,15142.69525948157,1012,250037,250037,200000,200000,0,249040,511.9562485114388,259.27227037132025,252.68397448656586,-159.13385226886734,-0.003496898120092486,0.4225628674030304,0.539393755169254,0.5355753011029699,159.4685735363263,159.48946523100963,159.44148264195138,14.084480200021062,"{""DC-1"": 342.4743143325818, ""DC-2"": 159.42971894549328, ""DC-3"": 270.74685759875456, ""DC-4"": 140.30203291500055, ""DC-5"": 209.09413440250023}"
245,286,1099.1210225418708,1006,1006,0,0,1006,277,6,723,0,1000,879,121,0,186,65,121,41,0,17805.41559489486,1004,251043,251043,200000,200000,0,250044,362.8825295759862,183.5246011070996,179.3579292344857,-161.04246277068242,0.0013479127259220024,0.42287564277648926,0.5343592170462665,0.5355675248985746,161.38258115608855,161.39748710085198,161.42977202366072,16.770201199979056,"{""DC-1"": 329.62067368990864, ""DC-2"": 302.52185329095647, ""DC-3"": -1.4858595577399742, ""DC-4"": 173.57921142032117, ""DC-5"": 294.88514369842386}"
246,287,1029.9498042150813,1010,1010,0,0,1010,313,10,687,0,1000,864,136,0,233,97,136,39,0,15877.459051503523,1012,252053,252053,200000,200000,0,251056,452.8040354562842,226.99826734716243,225.80576033743003,-159.4572781121778,-0.0111576241566229,0.41593605279922485,0.548583224916411,0.5357236370974379,159.7502540467756,159.74034916270864,159.71452175487173,15.045263100008015,"{""DC-1"": 324.63357121273947, ""DC-2"": 219.55065499215735, ""DC-3"": 61.299302121857714, ""DC-4"": 260.94074118788325, ""DC-5"": 163.52553470044361}"
247,288,1000.9717402077857,1002,1002,0,0,1002,304,2,696,0,1000,856,144,0,213,69,144,49,0,17289.592185835696,1000,253055,253055,200000,200000,0,252056,292.8172004585266,147.23937034511567,145.57782806587218,-156.8009728012085,0.004859320918098092,0.41961008310317993,0.5301723057031631,0.535599079310894,157.0482195968628,157.07358947753906,157.05610079956054,14.482164199987892,"{""DC-1"": 322.82195028098226, ""DC-2"": 213.86320699769539, ""DC-3"": 34.72031251133692, ""DC-4"": 191.44947863757625, ""DC-5"": 238.11679178019446}"
248,289,1081.9760235833758,1013,1013,0,0,1013,285,13,715,0,1000,879,121,0,189,68,121,32,0,18806.85366139718,1016,254068,254068,200000,200000,0,253072,311.7958207656079,157.34163839610542,154.45417891337178,-157.1774983894168,-0.00656119533278246,0.41438740491867065,0.543221742442743,0.5356069898276817,157.4117061059306,157.41588484396146,157.35680649975154,14.641909700003453,"{""DC-1"": 334.89971316280685, ""DC-2"": 226.71005395659236, ""DC-3"": 204.95048131955627, ""DC-4"": 169.58974678379133, ""DC-5"": 145.82602836063057}"
249,290,1219.868477013725,1017,1017,0,0,1017,259,17,741,0,1000,912,88,0,170,82,88,14,0,18753.30425113243,1016,255085,255085,200000,200000,0,254088,439.55681936759646,220.75981777577888,218.79700090002825,-156.07657304148034,0.02301395613943982,0.43111124634742737,0.5090987393999193,0.5356439918162316,156.30174813308116,156.29884921847366,156.2556606578076,14.717333600012353,"{""DC-1"": 314.0571060055098, ""DC-2"": 280.6140065587604, ""DC-3"": 106.43801922136323, ""DC-4"": 249.24778935734378, ""DC-5"": 269.5115558707471}"
250,291,690.7535106709576,1012,1012,0,0,1012,426,12,574,0,1000,782,218,0,325,107,218,46,0,16664.472771431134,1012,256097,256097,200000,200000,0,255100,674.1724121221912,339.098910898088,335.0734994835533,-160.53053388482496,0.003545501452995825,0.434884637594223,0.5314653228394127,0.5357102912523058,160.81769043089372,160.80674518992308,160.78874921233287,14.650992800015956,"{""DC-1"": 130.68674976585498, ""DC-2"": 98.77409328179903, ""DC-3"": 98.18306901624737, ""DC-4"": 132.88149816144966, ""DC-5"": 230.22810044560586}"
251,292,523.4537223007851,1007,1007,0,0,1007,419,7,581,0,1000,744,256,0,335,79,256,60,0,17905.438513688663,1008,257104,257104,200000,200000,0,256108,1136.0909950562886,569.7664029598236,566.3246060647662,-166.85736823460414,0.0114183770142734,0.44406431913375854,0.5219063101306795,0.5356359862618976,167.1026649020967,167.06757744531782,167.01915179358588,14.998398700001417,"{""DC-1"": 362.04096054921587, ""DC-2"": -149.16033643686174, ""DC-3"": -19.18820907129748, ""DC-4"": 154.29722734788652, ""DC-5"": 175.464079911842}"
252,293,974.5122349718188,1007,1007,0,0,1007,348,7,652,0,1000,847,153,0,253,100,153,64,0,14990.045114051349,1004,258111,258111,200000,200000,0,257112,1012.1620337801626,507.51397347925194,504.648060518432,-166.42806576732622,0.014592718819770369,0.45746806263923645,0.5174020966032586,0.5356881696864428,166.68995168009602,166.7205571710351,166.64971078819488,15.08476579998387,"{""DC-1"": 247.05006431166598, ""DC-2"": 317.5150396360696, ""DC-3"": -43.783713300034016, ""DC-4"": 218.71912187838433, ""DC-5"": 235.01172244573175}"
253,294,1004.7142953340917,1015,1015,0,0,1015,309,15,691,0,1000,860,140,0,234,94,140,42,0,18207.65940642817,1016,259126,259126,200000,200000,0,258128,570.2367615211667,287.6969066679947,282.5398557157967,-165.7470664902935,-0.00044897185339717063,0.45633450150489807,0.5364787095175014,0.5356404047430031,165.9890434610562,165.96415178043637,165.92643891732524,15.119630700006383,"{""DC-1"": 349.17444569162393, ""DC-2"": 290.41555731216823, ""DC-3"": -56.541231183411504, ""DC-4"": 192.5837923796933, ""DC-5"": 229.0817311340161}"
254,295,984.1568619541852,1006,1006,0,0,1006,323,6,677,0,1000,851,149,0,248,99,149,51,0,18810.00882912202,1008,260132,260132,200000,200000,0,259136,1050.0844775211244,526.0938981960691,523.990586444499,-165.19726433829655,0.010947724757392684,0.46548762917518616,0.5216468927406129,0.5357678640219901,165.50063534388465,165.47753612578862,165.46484168370566,14.756683799991151,"{""DC-1"": 335.8915363699996, ""DC-2"": 164.13458683171547, ""DC-3"": 53.381994643773965, ""DC-4"": 206.65981078624665, ""DC-5"": 224.08893332244983}"
255,296,751.8405368997596,1008,1008,0,0,1008,407,8,593,0,1000,793,207,0,310,103,207,94,0,18565.039218902042,1008,261140,261140,200000,200000,0,260144,803.8128886979724,403.7794713945616,400.033416292024,-163.9441927047003,-0.006249102581355218,0.459290087223053,0.5440790888276839,0.5357827761225284,164.21835548158677,164.20531238071501,164.25776535367208,14.71705939999083,"{""DC-1"": 379.4614738797103, ""DC-2"": -145.00707096261823, ""DC-3"": 120.3814799129177, ""DC-4"": 191.78846246187317, ""DC-5"": 205.21619160787841}"
256,297,694.4157002588322,1004,1004,0,0,1004,368,4,632,0,1000,786,214,0,284,70,214,155,0,17451.659121227152,1004,262144,262144,200000,200000,0,261148,655.3500611145657,328.02264932047325,327.3274082007161,-161.56714314768513,-0.003872314568672077,0.45596787333488464,0.540670057543483,0.5356540311855149,161.79506899921068,161.8312079441025,161.79845604763563,15.00489209999796,"{""DC-1"": 284.73615243642143, ""DC-2"": 239.8113347678024, ""DC-3"": -314.39137533509256, ""DC-4"": 253.75137746171407, ""DC-5"": 230.50821092798708}"
257,298,706.8164114286483,1004,1004,0,0,1004,406,4,594,0,1000,784,216,0,313,97,216,49,0,18657.317873312404,1004,263148,263148,200000,200000,0,262152,532.7368501211067,267.4814539862819,265.25539014253957,-158.60104852653595,-0.018846263524735778,0.439443975687027,0.5591158030398813,0.5355600496805997,158.8455384395037,158.8083106341115,158.8088696924339,14.563289399986388,"{""DC-1"": 285.17811868614496, ""DC-2"": -34.19657067103321, ""DC-3"": 87.9017174290579, ""DC-4"": 140.49217027772255, ""DC-5"": 227.4409757067562}"
258,299,1326.153751612253,1006,1006,0,0,1006,263,6,737,0,1000,929,71,0,160,89,71,18,0,14597.592185835698,1004,264154,264154,200000,200000,0,263156,925.403298170918,463.7326745160547,461.6706143973833,-155.92441933468518,0.009625314041949898,0.4475539028644562,0.5238752164748085,0.5356387200939703,156.1838374118881,156.18170100664238,156.10152985470228,14.507777300023008,"{""DC-1"": 297.42715390092746, ""DC-2"": 255.3201289731448, ""DC-3"": 263.815308228086, ""DC-4"": 263.5075198695033, ""DC-5"": 246.08364064059393}"
259,300,1016.6405419603145,1006,1006,0,0,1006,354,6,646,0,1000,855,145,0,248,103,145,43,0,16274.390453871514,1008,265160,265160,200000,200000,0,264164,522.6338286778283,262.78079715039996,259.8530350715395,-154.47491677602133,-0.005764859322100945,0.4425806999206543,0.5429796983029634,0.5356910607762753,154.7527762064858,154.73409182684762,154.74799207657102,14.438807700003963,"{""DC-1"": 305.4282635042834, ""DC-2"": -32.92690981289822, ""DC-3"": 310.4353125874142, ""DC-4"": 220.7672069771537, ""DC-5"": 212.93666870436053}"
260,301,1019.83580222038,1010,1010,0,0,1010,263,10,737,0,1000,867,133,0,182,49,133,37,0,14621.825184428937,1008,266170,266170,200000,200000,0,265172,456.7437339245327,228.7631121249426,227.9806276247615,-153.26309342611404,-0.0010739687429685589,0.44169512391090393,0.536772071014321,0.535563857013744,153.5113640361362,153.4821136641124,153.45678489170376,14.658514099981403,"{""DC-1"": 324.157147735285, ""DC-2"": 190.88777436576586, ""DC-3"": 162.43505664435224, ""DC-4"": 139.0486394647244, ""DC-5"": 203.30718401025297}"
261,302,931.3964563361692,1011,1011,0,0,1011,367,11,633,0,1000,838,162,0,270,108,162,51,0,16876.53722041601,1012,267181,267181,200000,200000,0,266184,1140.8575129999003,568.4916330128319,572.36588437708,-153.60382984749413,-0.008738115809838519,0.43523186445236206,0.5465431741987292,0.5357252351144557,153.88134584690744,153.88213585110992,153.80507619955793,14.499340400012443,"{""DC-1"": 236.23040878905374, ""DC-2"": -120.82871300703678, ""DC-3"": 256.69902740933514, ""DC-4"": 266.72681277305566, ""DC-5"": 292.56892037176135}"
262,303,883.9592474094413,1004,1004,0,0,1004,370,4,630,0,1000,825,175,0,270,95,175,49,0,19252.201071861542,1004,268185,268185,200000,200000,0,267188,690.4602887165024,346.60414648720945,343.85613259946206,-152.1369671232672,-0.0015050395676194583,0.43339961767196655,0.5374966419313059,0.5355822155437622,152.41997203598933,152.3976198857524,152.34176312784749,14.446115800004918,"{""DC-1"": 303.62591191397064, ""DC-2"": -39.60956676932627, ""DC-3"": 63.133392365427824, ""DC-4"": 233.98463057497875, ""DC-5"": 322.8248793243908}"
263,304,802.5338947821823,1012,1012,0,0,1012,375,12,625,0,1000,810,190,0,289,99,190,49,0,17582.719005069728,1012,269197,269197,200000,200000,0,268200,716.1017274517316,357.33904856184256,358.7626802817635,-150.34534639803317,0.00886075903147113,0.4406493008136749,0.5249796410205336,0.5356575074520978,150.57645698969543,150.5492696121276,150.5034093894506,14.498677299998235,"{""DC-1"": 292.9771936401492, ""DC-2"": -175.798036650085, ""DC-3"": 226.852213885432, ""DC-4"": 200.93782906906512, ""DC-5"": 257.56469483762237}"
264,305,995.541855278101,1015,1015,0,0,1015,355,15,645,0,1000,854,146,0,246,100,146,43,0,17059.585097121555,1016,270212,270212,200000,200000,0,269216,536.8891300028704,268.3406820325401,268.54844749583975,-149.28698704186388,-0.01380796335737485,0.42890608310699463,0.5523737682190937,0.53565821045731,149.49958973982203,149.52371281901682,149.55406480323612,14.533494300005259,"{""DC-1"": 274.26713052383985, ""DC-2"": 129.64488840423883, ""DC-3"": 122.73440961863685, ""DC-4"": 234.10985033851756, ""DC-5"": 234.78557639286734}"
265,306,760.8539121930843,1008,1008,0,0,1008,397,8,603,0,1000,796,204,0,293,89,204,65,0,15677.484205808305,1008,271220,271220,200000,200000,0,270224,405.16495600106225,201.66578990599467,203.4991664493841,-145.66774107161024,0.014355186456264669,0.4402174651622772,0.5184772299927851,0.5356105309393671,145.89162857570346,145.88295838946388,145.87449312210083,14.407375099981437,"{""DC-1"": 260.03219778572, ""DC-2"": 36.082410812791295, ""DC-3"": -63.68288143899788, ""DC-4"": 258.5136785045282, ""DC-5"": 269.9085065290427}"
266,307,655.7346245515766,1022,1022,0,0,1022,372,22,628,0,1000,783,217,0,293,76,217,92,0,16944.26161135231,1020,272242,272242,200000,200000,0,271244,455.05902604869766,226.6269249341067,228.43210084111084,-142.2092757430731,0.0005011721317857211,0.4412692189216614,0.535205918024568,0.5358232358507081,142.40675576901904,142.39640625598383,142.36498208139457,14.757777599996189,"{""DC-1"": 354.80954082734104, ""DC-2"": -7.466157938687104, ""DC-3"": -103.1453504345275, ""DC-4"": 199.32640048311453, ""DC-5"": 212.21019161433517}"
267,308,1226.1721420538147,1017,1017,0,0,1017,263,17,737,0,1000,908,92,0,151,59,92,36,0,15566.971312032176,1016,273259,273259,200000,200000,0,272260,285.9314027114177,143.34460480757585,142.58679617483784,-140.62679382384292,0.005608579345087807,0.4464006721973419,0.5289764655973967,0.5358565836323528,140.8325457760668,140.8348491173091,140.83146968601258,14.559343500004616,"{""DC-1"": 375.40279588714566, ""DC-2"": 141.61105187985254, ""DC-3"": 202.645695380979, ""DC-4"": 174.74557399034637, ""DC-5"": 331.767024915492}"
268,309,1081.490459565439,1008,1008,0,0,1008,266,8,734,0,1000,879,121,0,167,46,121,28,0,15813.077263983416,1008,274267,274267,200000,200000,0,273268,442.6074063626547,221.03516848550902,221.57224430356706,-138.069689576588,-0.0013062532070473515,0.44504210352897644,0.5374191835640915,0.5356736679871877,138.26656474764386,138.25662197385515,138.2691565014067,14.434328100003768,"{""DC-1"": 358.6955263219455, ""DC-2"": 111.43519902779755, ""DC-3"": 134.10451799020936, ""DC-4"": 216.76512462608778, ""DC-5"": 260.4900915993991}"
269,310,1077.3801483543168,1003,1003,0,0,1003,282,3,718,0,1000,877,123,0,189,66,123,32,0,18121.9904994352,1004,275270,275270,200000,200000,0,274272,301.1869069960013,150.20961279223164,150.97729539918708,-136.57098237451805,0.005581451277642796,0.44946637749671936,0.5289592510200591,0.5357193696902568,136.7207338781471,136.73152504119264,136.70414700451124,14.35319370002253,"{""DC-1"": 306.93520582761766, ""DC-2"": 150.5832466888433, ""DC-3"": 103.37217198554511, ""DC-4"": 233.6877521210866, ""DC-5"": 282.80177173122377}"
270,311,1135.3714089382527,1011,1011,0,0,1011,269,11,731,0,1000,892,108,0,172,64,108,52,0,14136.555420917914,1012,276281,276281,200000,200000,0,275284,330.0012677799572,164.9808799377072,165.02038783989406,-136.5480467302526,-0.0002281998352951963,0.44871681928634644,0.5361129079941704,0.5357021156389251,136.74127260592616,136.7489252505095,136.7245057675207,14.586664000002202,"{""DC-1"": 274.7080245208351, ""DC-2"": 85.37063278290768, ""DC-3"": 262.9046736506495, ""DC-4"": 258.79824226797336, ""DC-5"": 253.58983571588698}"
271,312,1140.0700330594293,1016,1016,0,0,1016,257,16,743,0,1000,895,105,0,151,46,105,55,0,16772.401029268513,1016,277297,277297,200000,200000,0,276300,351.44218034068433,175.24098335711037,176.20119934804796,-136.3976705205722,-0.015465254707932911,0.43661725521087646,0.5546092847142163,0.5356919317850917,136.55704546350194,136.55694037159597,136.53178087369665,14.665915399993537,"{""DC-1"": 345.99601724958603, ""DC-2"": 75.14907993145387, ""DC-3"": 215.87156776889074, ""DC-4"": 244.5217387164872, ""DC-5"": 258.53162939301194}"
272,313,1372.8261589311558,1004,1004,0,0,1004,226,4,774,0,1000,945,55,0,129,74,55,26,0,16285.304251132433,1004,278301,278301,200000,200000,0,277304,224.60155932646825,111.99435088074065,112.60720883422638,-135.78174132844842,-0.01001507141608819,0.42895346879959106,0.5476734911599958,0.5356111113293712,135.95642545783662,135.93593152870696,135.93430701479969,14.861543400009396,"{""DC-1"": 237.86537626832782, ""DC-2"": 289.68654297108355, ""DC-3"": 350.8319672533211, ""DC-4"": 215.3828964566541, ""DC-5"": 279.0593759817697}"
273,314,1233.5813372186722,1007,1007,0,0,1007,275,7,725,0,1000,910,90,0,166,76,90,26,0,14992.989082663846,1008,279308,279308,200000,200000,0,278312,289.7932316698725,144.64297516241905,145.15025764940276,-133.77318242239573,-0.0024405079071469133,0.42668288946151733,0.5385962537829838,0.5356225366038936,133.8990292322068,133.91636611544897,133.91874613080705,15.524570699984906,"{""DC-1"": 357.2192784230189, ""DC-2"": 220.8215070330251, ""DC-3"": 135.64447475574406, ""DC-4"": 246.65452858862568, ""DC-5"": 273.241548418259}"
274,315,1199.3083067891012,1009,1009,0,0,1009,232,9,768,0,1000,910,90,0,147,57,90,34,0,18160.02991680843,1008,280317,280317,200000,200000,0,279320,292.79702083269757,145.82968832386865,146.96733180681863,-133.06148007559398,-0.0010411344224444798,0.4262131452560425,0.5368579291398563,0.5356625371745655,133.18635625687855,133.15930507296608,133.18301240224687,15.92311519998475,"{""DC-1"": 235.34807605688613, ""DC-2"": 199.25662304209646, ""DC-3"": 246.1025989924609, ""DC-4"": 214.0782790352876, ""DC-5"": 304.5227296623691}"
275,316,1033.190718800322,1022,1022,0,0,1022,337,22,663,0,1000,867,133,0,220,87,133,61,0,15210.297626136926,1020,281339,281339,200000,200000,0,280340,210.47379920903373,105.33913522093904,105.13466807860954,-133.00346978131464,-0.012729904324948495,0.41496264934539795,0.5505127913811627,0.5357808063427607,133.14786753186993,133.1369213179046,133.12866825776942,14.993048899981659,"{""DC-1"": 272.0543507354162, ""DC-2"": -47.307481421811765, ""DC-3"": 290.9798041083775, ""DC-4"": 264.0849282278699, ""DC-5"": 253.3791171504692}"
276,317,1442.3203420497791,1003,1003,0,0,1003,262,3,738,0,1000,952,48,0,143,95,48,29,0,13836.188561251434,1004,282342,282342,200000,200000,0,281344,307.5863457277002,152.92703317266063,154.65931557564147,-132.1743656325625,-0.006789919401730496,0.40958067774772644,0.5434018258317058,0.5356619794411488,132.27941982679633,132.27851500644152,132.246156084585,14.59737820000737,"{""DC-1"": 340.4810084970267, ""DC-2"": 248.29012064680356, ""DC-3"": 358.2248348775357, ""DC-4"": 245.96502347729108, ""DC-5"": 249.3593545511237}"
277,318,1193.2734924646181,1007,1007,0,0,1007,274,7,726,0,1000,901,99,0,187,88,99,23,0,16320.69525948157,1008,283349,283349,200000,200000,0,282352,231.5031765084418,115.37693947317108,116.1262334712914,-131.1655394841754,0.004490523503923286,0.4129228889942169,0.530665505913988,0.5355973487335538,131.2536627678644,131.27096278326852,131.2686444312807,14.797644899983425,"{""DC-1"": 344.9362815619192, ""DC-2"": 244.52430321058085, ""DC-3"": 136.67455003392422, ""DC-4"": 241.3310169680763, ""DC-5"": 225.80734069011828}"
278,319,1148.8699461351252,1011,1011,0,0,1011,308,11,692,0,1000,891,109,0,203,94,109,33,0,17818.297626136926,1012,284360,284360,200000,200000,0,283364,194.92657407187662,97.74697637793575,97.17959855526333,-129.81333238805234,0.017207241613231967,0.4267619550228119,0.5156849426302043,0.5354415722515272,129.8974203026813,129.90265033556068,129.89282602754977,14.816337099997327,"{""DC-1"": 275.8788227837774, ""DC-2"": 147.43780377700384, ""DC-3"": 169.27408585969542, ""DC-4"": 251.9713959991468, ""DC-5"": 304.307837715503}"
279,320,1437.724113948884,1004,1004,0,0,1004,172,4,828,0,1000,963,37,0,94,57,37,24,0,11697.756433609997,1004,285364,285364,200000,200000,0,284368,248.2443500866453,124.39015915859268,123.8541902028232,-129.10436874176875,0.0004580653627612721,0.42695653438568115,0.5350891617367942,0.5355420614262502,129.2058858605495,129.1937220524032,129.1794807312498,15.375545799994143,"{""DC-1"": 386.7937938996218, ""DC-2"": 304.6815315525725, ""DC-3"": 186.15669570496226, ""DC-4"": 248.44277624217435, ""DC-5"": 311.6493165495541}"
280,321,1377.8182645717884,1003,1003,0,0,1003,212,3,788,0,1000,946,54,0,106,52,54,20,0,14744.304251132433,1000,286367,286367,200000,200000,0,285368,184.9126633644104,92.22350035238266,92.68916468715668,-128.09675328826904,0.0063352085676742715,0.4324090778827667,0.5282003401815891,0.5356555914282799,128.18782902526854,128.1670952758789,128.178613571167,15.468184099998325,"{""DC-1"": 327.077464908821, ""DC-2"": 293.39012270642223, ""DC-3"": 252.82737414796418, ""DC-4"": 216.3705500818322, ""DC-5"": 288.1527527267484}"
281,322,1225.047099382939,1018,1018,0,0,1018,301,18,699,0,1000,906,94,0,203,109,94,45,0,14750.522606363847,1020,287385,287385,200000,200000,0,286388,109.7053440542782,54.47650008388594,55.22884455895891,-126.05859772177304,0.0060287770698778335,0.43667492270469666,0.5286039503766041,0.5356500190262701,126.14201511308259,126.14981803146063,126.13725235134947,15.015634599985788,"{""DC-1"": 339.49374774290914, ""DC-2"": 135.16862329914574, ""DC-3"": 264.84948468212417, ""DC-4"": 186.0535998683632, ""DC-5"": 299.4816437903965}"
282,323,1335.506307077787,1007,1007,0,0,1007,277,7,723,0,1000,931,69,0,157,88,69,32,0,13531.261611352313,1008,288392,288392,200000,200000,0,287396,170.62666593941432,85.38934519130086,85.23732072351471,-125.70263000518557,-0.007852871012541332,0.4309181571006775,0.5450425771848549,0.5357013285633118,125.78142459051949,125.78441149847848,125.76022210196844,14.728305299999192,"{""DC-1"": 313.73850748586284, ""DC-2"": 286.5362704445296, ""DC-3"": 194.1598432443264, ""DC-4"": 268.1262010773441, ""DC-5"": 272.9454848257246}"
283,324,1174.2449406573555,1013,1013,0,0,1013,310,13,690,0,1000,894,106,0,198,92,106,30,0,15392.461851788597,1012,289405,289405,200000,200000,0,288408,119.42586717209797,59.69255921067928,59.73330616338451,-126.74514782570097,0.003594876845871566,0.4336887001991272,0.5313664782836504,0.5355861403136385,126.82514235907392,126.84018948521067,126.83568321951765,15.592390400008298,"{""DC-1"": 320.86722406081515, ""DC-2"": 117.71638714211208, ""DC-3"": 177.72125572675193, ""DC-4"": 252.38309632887908, ""DC-5"": 305.55697739879713}"
284,325,1408.8665621583377,1006,1006,0,0,1006,210,6,790,0,1000,954,46,0,123,77,46,21,0,17827.522145741972,1004,290411,290411,200000,200000,0,289412,119.59974360798459,59.867169115647854,59.73257520545526,-127.52578565133996,-0.000624266328787305,0.43338826298713684,0.5363421063736615,0.535558115082433,127.5982764042706,127.61469347068513,127.62978485380985,14.925962899986189,"{""DC-1"": 328.92075062037435, ""DC-2"": 278.7896167190871, ""DC-3"": 218.39813901300386, ""DC-4"": 241.50355862384967, ""DC-5"": 341.254497182024}"
285,326,1275.6526014383323,1006,1006,0,0,1006,250,6,750,0,1000,924,76,0,158,82,76,39,0,16454.53722041601,1008,291417,291417,200000,200000,0,290420,129.06822193898853,64.57923402412543,64.48898942792226,-126.75467190666804,-0.007206201885959932,0.4274139404296875,0.544197400854457,0.535619317775681,126.79118109506274,126.79842286639743,126.78312819344657,14.688518000009935,"{""DC-1"": 255.5169412623789, ""DC-2"": 263.2913674580282, ""DC-3"": 259.523961258635, ""DC-4"": 236.16596753641824, ""DC-5"": 261.1543639228738}"
286,327,1358.2309798403599,1011,1011,0,0,1011,266,11,734,0,1000,937,63,0,158,95,63,36,0,16880.26161135231,1012,292428,292428,200000,200000,0,291432,121.0051224448464,60.3498741689878,60.65524949080388,-125.44295781403191,-0.010972842622319193,0.41864073276519775,0.5486871573058042,0.53582341615626,125.53765449976261,125.53532537075841,125.51339057500184,15.047057999996468,"{""DC-1"": 300.2273624005533, ""DC-2"": 227.85355556124787, ""DC-3"": 307.86142659440196, ""DC-4"": 231.53892340259637, ""DC-5"": 290.74971188156087}"
287,328,1480.6310408322843,1013,1013,0,0,1013,196,13,804,0,1000,973,27,0,86,59,27,17,0,15495.957399200757,1012,293441,293441,200000,200000,0,292444,90.48496495593677,45.155200230274275,45.32976528071603,-124.40304922774847,0.00647731203486473,0.42358291149139404,0.5282492399097902,0.5357186912076747,124.44318961343275,124.44447744316734,124.43169885567525,15.391836099995999,"{""DC-1"": 340.12593904591944, ""DC-2"": 328.0698533583003, ""DC-3"": 286.78071486813496, ""DC-4"": 264.3834958785081, ""DC-5"": 261.2710376814233}"
288,329,1262.7887217742996,1012,1012,0,0,1012,259,12,741,0,1000,921,79,0,164,85,79,26,0,15884.261611352313,1012,294453,294453,200000,200000,0,293456,135.2234256474868,67.69127604565601,67.5321494746114,-122.98332575470091,0.0027396920311500285,0.42589864134788513,0.5325126413535695,0.5356394669166196,123.0055021881586,122.99374312751378,122.9944661181906,15.171610899997177,"{""DC-1"": 270.5506788505396, ""DC-2"": 238.39748352710325, ""DC-3"": 263.1626399645769, ""DC-4"": 264.8108150093691, ""DC-5"": 225.86710442271072}"
289,330,1194.4548398869097,1005,1005,0,0,1005,296,5,704,0,1000,894,106,0,193,87,106,32,0,18368.888489774858,1004,295458,295458,200000,200000,0,294460,106.93117804261318,53.48912801139383,53.44204953016038,-122.1985304631085,0.014169231856768705,0.43701276183128357,0.5189969372820569,0.5356681390231349,122.23669756551188,122.2330316794346,122.22543500619106,14.872983899986139,"{""DC-1"": 382.91548059596835, ""DC-2"": 105.69124361720462, ""DC-3"": 320.88126877903846, ""DC-4"": 140.1072598607733, ""DC-5"": 244.8595870339255}"
290,331,1372.8631776283082,1011,1011,0,0,1011,258,11,742,0,1000,942,58,0,134,76,58,20,0,14377.130328632997,1012,296469,296469,200000,200000,0,295472,91.65290580813593,45.4816997190238,46.171205964719825,-120.9004202002122,0.005715388010128074,0.4425051212310791,0.5287480464742589,0.5357197470697961,120.91253334166034,120.92046635895379,120.91221553817569,15.854190799989738,"{""DC-1"": 257.9294769429279, ""DC-2"": 268.30142196546666, ""DC-3"": 296.0252593493014, ""DC-4"": 264.1649319193467, ""DC-5"": 286.4420874512662}"
291,332,1292.2580852036403,1013,1013,0,0,1013,306,13,694,0,1000,919,81,0,201,120,81,27,0,12062.655048066626,1012,297482,297482,200000,200000,0,296484,90.74618824574316,45.436262831857555,45.30992601016764,-119.95971713612673,-0.0011682578897666879,0.4417310357093811,0.5372274938249305,0.5357903972444799,119.9747224212164,119.97835803880051,119.96079555707487,15.616493900015485,"{""DC-1"": 306.45208613480816, ""DC-2"": 207.22018583253103, ""DC-3"": 318.1650018512649, ""DC-4"": 199.6004485245002, ""DC-5"": 260.82036286053665}"
292,333,1483.058308646403,1012,1012,0,0,1012,231,12,769,0,1000,964,36,0,107,71,36,15,0,13889.188561251434,1012,298494,298494,200000,200000,0,297496,80.65686665646173,40.27288234493007,40.38398396544777,-119.35612022641148,-0.0060075459127100885,0.43656954169273376,0.5428917725154534,0.5355892414632051,119.35419223619544,119.34521105166952,119.38384622264756,15.715573599998606,"{""DC-1"": 356.5975468137469, ""DC-2"": 321.9869403376508, ""DC-3"": 259.935465316539, ""DC-4"": 243.94395477256396, ""DC-5"": 300.5944014059037}"
293,334,1394.108392142022,1004,1004,0,0,1004,253,4,747,0,1000,945,55,0,155,100,55,15,0,15305.209670583205,1004,299498,299498,200000,200000,0,298500,97.835013514021,48.91102593424786,48.92398900529778,-118.80052851490765,-0.019687481204593234,0.41983890533447266,0.5591486890418121,0.5357937917885077,118.78184700012207,118.78648567959607,118.76121668416665,15.26599100002204,"{""DC-1"": 326.4802555299489, ""DC-2"": 324.79897891025087, ""DC-3"": 309.5966752362823, ""DC-4"": 192.39133663985254, ""DC-5"": 240.84114582568665}"
294,335,1268.9395751691384,1016,1016,0,0,1016,275,16,725,0,1000,921,79,0,182,103,79,22,0,13955.225701741098,1016,300514,300514,200000,200000,0,299516,73.1099144234432,36.390716135736525,36.71919834308737,-118.04598326194943,0.01224470679926884,0.4297073185443878,0.5214779873591239,0.5356995522623925,118.03987659995012,118.03602036904162,118.04810304716815,13.86334949999582,"{""DC-1"": 258.85590439764474, ""DC-2"": 254.5972516017352, ""DC-3"": 226.38435938643912, ""DC-4"": 214.0470043849459, ""DC-5"": 315.0550553983754}"
295,336,1426.4609771128455,1001,1001,0,0,1001,248,1,752,0,1000,951,49,0,141,92,49,17,0,17798.36016402668,1000,301515,301515,200000,200000,0,300516,72.31608987903596,36.601960542917254,35.7141288895607,-117.3698240814209,0.003240388419479132,0.43271374702453613,0.5317157960236073,0.5355895265340805,117.35524263763428,117.34846138763427,117.34433950805663,13.635998400015524,"{""DC-1"": 330.8090796098217, ""DC-2"": 240.35667083786865, ""DC-3"": 325.0774498009142, ""DC-4"": 238.52666282775047, ""DC-5"": 291.69111403649094}"
296,337,1445.3216921780588,1008,1008,0,0,1008,265,8,735,0,1000,950,50,0,131,81,50,18,0,14131.65940642817,1008,302523,302523,200000,200000,0,301524,73.42206536777435,36.93899744370627,36.48306790301724,-116.8420681045169,0.0021675529010641934,0.4343665540218353,0.5333445839406479,0.5358213291518272,116.80823566043188,116.79787701652164,116.80130527889918,13.755111800011946,"{""DC-1"": 393.44340892868, ""DC-2"": 258.3387993646374, ""DC-3"": 315.4075197560821, ""DC-4"": 199.18250117974642, ""DC-5"": 278.94946294891554}"
297,338,1464.4229967583506,1004,1004,0,0,1004,245,4,755,0,1000,958,42,0,129,87,42,16,0,13395.56364661451,1004,303527,303527,200000,200000,0,302528,54.608519794931446,27.407782464863296,27.20073730489647,-116.46412227828189,-0.001805596750468921,0.43317267298698425,0.5378764884702238,0.5357402714481392,116.41706291137939,116.41841480361514,116.41193667256024,13.492024299979676,"{""DC-1"": 352.12166810733606, ""DC-2"": 261.0749443444665, ""DC-3"": 315.11518197883635, ""DC-4"": 219.03425099812225, ""DC-5"": 317.07695132959196}"
298,339,970.0999948790285,1006,1006,0,0,1006,397,6,603,0,1000,840,160,0,284,124,160,48,0,15893.537220416008,1008,304533,304533,200000,200000,0,303536,46.48568756476281,23.07123904332282,23.414448738098145,-115.96086911549644,-0.009066865601602735,0.42436307668685913,0.5464098110854153,0.5356333355700212,115.91066154601081,115.91526709662543,115.92828413796803,13.563863299990771,"{""DC-1"": 198.8398412141281, ""DC-2"": 301.05823974001675, ""DC-3"": 154.21763606485703, ""DC-4"": 94.48340630804648, ""DC-5"": 221.50087155198028}"
299,340,1403.7003351272404,1004,1004,0,0,1004,254,4,746,0,1000,948,52,0,130,78,52,17,0,14595.537220416008,1004,305537,305537,200000,200000,0,304540,45.20055661163482,22.363120057430876,22.83743656987688,-115.47366094399258,-0.006941207229350861,0.4186011254787445,0.5437809938928521,0.5357240277576256,115.42734960730807,115.4377882984055,115.42480526502389,13.506041299988283,"{""DC-1"": 323.54580424514444, ""DC-2"": 332.5983810367024, ""DC-3"": 263.0494870907118, ""DC-4"": 212.48346344188346, ""DC-5"": 272.02319931279783}"
300,341,1203.326160341853,1004,1004,0,0,1004,330,4,670,0,1000,895,105,0,198,93,105,40,0,17460.05007181681,1004,306541,306541,200000,200000,0,305544,49.17441295817554,24.705762560624052,24.468650056546426,-114.83533862292529,0.0009362728017719975,0.419382780790329,0.5346888956498814,0.5356775708644989,114.79937309477909,114.79568915348129,114.80660302515524,13.501681599998847,"{""DC-1"": 339.4304397624114, ""DC-2"": 204.13754932984315, ""DC-3"": 275.5229931328374, ""DC-4"": 224.1227496165264, ""DC-5"": 160.1124285002361}"
301,342,1325.7130066101506,1004,1004,0,0,1004,288,4,712,0,1000,922,78,0,168,90,78,34,0,17498.74309304134,1004,307545,307545,200000,200000,0,306548,42.86084129040935,21.353936958123015,21.50690461344928,-114.68325367201847,0.0033770616210819,0.4217270016670227,0.5319035130133667,0.5356827075500412,114.64090195310068,114.64863732326553,114.65085973397669,13.380420200002845,"{""DC-1"": 392.1172707579794, ""DC-2"": 166.7279204069548, ""DC-3"": 277.0227105954656, ""DC-4"": 168.99392054613128, ""DC-5"": 320.8511843036198}"
302,343,1357.7307617730492,1005,1005,0,0,1005,317,5,683,0,1000,930,70,0,188,118,70,24,0,15779.480913426874,1004,308550,308550,200000,200000,0,307552,46.795456933310305,23.88804708866484,22.90740977981651,-114.6521167679137,0.002806084577701021,0.42448878288269043,0.5323148285190897,0.5356203379384075,114.59254715452157,114.59788542059788,114.59272610333811,13.35753370000748,"{""DC-1"": 331.04008081656843, ""DC-2"": 299.64325703211557, ""DC-3"": 306.683083109597, ""DC-4"": 226.54830791417098, ""DC-5"": 193.81603290059678}"
303,344,1327.7260853664216,1007,1007,0,0,1007,296,7,704,0,1000,926,74,0,197,123,74,22,0,15258.457996287148,1008,309557,309557,200000,200000,0,308560,41.86693658431371,21.179973013817317,20.68696317999136,-114.29222598151556,-0.0036338629186733642,0.4206483066082001,0.5400745999954996,0.5357072428460159,114.22712708276416,114.23010087391687,114.2384891888452,13.471887299994705,"{""DC-1"": 290.80588964502425, ""DC-2"": 341.0895572043751, ""DC-3"": 236.4859616819758, ""DC-4"": 209.63488398868796, ""DC-5"": 249.7097928463594}"
304,345,1190.7978198251997,1003,1003,0,0,1003,341,3,659,0,1000,893,107,0,233,126,107,27,0,18592.597916709667,1004,310560,310560,200000,200000,0,309564,48.613290977668,24.83681228958753,23.77647858834362,-114.63397531395414,-0.00019654377947554022,0.4207233488559723,0.5359886363742361,0.5356808143307963,114.55999461778131,114.5561606494554,114.56100253374927,13.377571099990746,"{""DC-1"": 356.8330411869348, ""DC-2"": 250.55490346808767, ""DC-3"": 210.80300403348468, ""DC-4"": 183.0213394619853, ""DC-5"": 189.5855316747071}"
305,346,1319.0893411333236,1010,1010,0,0,1010,311,10,689,0,1000,922,78,0,197,119,78,43,0,17038.825137710013,1008,311570,311570,200000,200000,0,310572,43.701001408081204,21.94016012052695,21.760841557903895,-114.14097851798648,0.005678144320087981,0.42567548155784607,0.5291446569774833,0.5356532480745089,114.05619405564808,114.0385420284574,114.06271033059983,13.470353799988516,"{""DC-1"": 316.1878466805143, ""DC-2"": 313.6131574113715, ""DC-3"": 206.29754245604698, ""DC-4"": 181.54142685222754, ""DC-5"": 301.44936773316437}"
306,347,1352.9668432403646,1003,1003,0,0,1003,262,3,738,0,1000,932,68,0,158,90,68,25,0,15231.324777374779,1004,312573,312573,200000,200000,0,311576,42.774317201865145,21.739439373947235,21.03487771464534,-113.90715181875039,0.0069636661226330585,0.43212541937828064,0.527259101460417,0.5355224909772911,113.83133664074172,113.82004180087512,113.81829688083603,13.513951700006146,"{""DC-1"": 391.33890377578825, ""DC-2"": 193.00530797926132, ""DC-3"": 315.5910549094038, ""DC-4"": 200.81908990850002, ""DC-5"": 252.2124866674119}"
307,348,1264.7699042399397,1006,1006,0,0,1006,286,6,714,0,1000,915,85,0,181,96,85,22,0,16115.342035757185,1004,313579,313579,200000,200000,0,312580,33.661597304135206,16.950517652044258,16.711079677262628,-113.49323382130657,-0.00423606509942027,0.428683340549469,0.5406423311428245,0.5356058770441914,113.41114601955945,113.40570218059646,113.41332771483646,13.478676499973517,"{""DC-1"": 236.4315870974585, ""DC-2"": 274.8673743287637, ""DC-3"": 222.7837663019827, ""DC-4"": 217.84169335979644, ""DC-5"": 312.8454831519391}"
308,349,1345.7854305402232,1003,1003,0,0,1003,261,3,739,0,1000,933,67,0,155,88,67,17,0,18141.628686176977,1004,314582,314582,200000,200000,0,313584,26.83919323440567,13.542837893107972,13.296355419662369,-113.56032420914487,-0.006492771896806386,0.42285245656967163,0.5431858138496657,0.5355520056063435,113.47814711156595,113.4702496699603,113.48139743121021,13.463373000005959,"{""DC-1"": 308.22317731368145, ""DC-2"": 283.17641590763515, ""DC-3"": 291.9878322243836, ""DC-4"": 204.47679389490514, ""DC-5"": 257.921211199619}"
309,350,1344.7129458436536,1004,1004,0,0,1004,291,4,709,0,1000,933,67,0,178,111,67,23,0,16720.957395369693,1004,315586,315586,200000,200000,0,314588,37.940803824192976,19.272717854653695,18.668085867190268,-113.55071765398124,-0.00846186299799975,0.41552022099494934,0.5455238524364285,0.5357229669849236,113.46665624033407,113.4643736835495,113.45910789672122,13.498657299991464,"{""DC-1"": 187.5292364471879, ""DC-2"": 239.79006035095628, ""DC-3"": 346.4534279182502, ""DC-4"": 274.31409598870454, ""DC-5"": 296.62612513855663}"
310,351,1306.4240751364748,1005,1005,0,0,1005,288,5,712,0,1000,922,78,0,189,111,78,19,0,15537.645091205779,1004,316591,316591,200000,200000,0,315592,36.459259670569125,18.53531362430983,17.923945997340745,-113.35222232864197,-0.0006930505635636113,0.41484108567237854,0.5364818451592172,0.5355628861849051,113.25446558188632,113.24620142021027,113.2574255209995,13.530512400000589,"{""DC-1"": 326.44249960729314, ""DC-2"": 281.52993552376205, ""DC-3"": 316.30318767165454, ""DC-4"": 158.87071121862246, ""DC-5"": 223.27774111514293}"
311,352,1465.4946852883354,1003,1003,0,0,1003,302,3,698,0,1000,953,47,0,157,110,47,17,0,15060.466415855126,1004,317594,317594,200000,200000,0,316596,32.663332607641635,16.44931883640973,16.214013796878525,-113.25081352598639,0.0047198355898717455,0.41873201727867126,0.530437187310234,0.5357939185374286,113.17180011946841,113.15838052362085,113.16255437995333,13.421829300001264,"{""DC-1"": 271.4025440587056, ""DC-2"": 360.164548528767, ""DC-3"": 334.0436150703103, ""DC-4"": 261.94453297503156, ""DC-5"": 237.93944465552153}"
312,353,1349.683100355869,1002,1002,0,0,1002,297,2,703,0,1000,931,69,0,199,130,69,28,0,14590.930229121499,1004,318596,318596,200000,200000,0,317600,31.865664920958864,16.1894231695103,15.676241771870876,-113.09238235504029,-0.0019875721156270617,0.41691499948501587,0.5379840414896905,0.5356572588601435,113.01239630710556,113.03002327086917,113.02127800139773,13.394451799977105,"{""DC-1"": 308.8148559276763, ""DC-2"": 293.936769046544, ""DC-3"": 237.29957823125167, ""DC-4"": 188.50754852905797, ""DC-5"": 321.1243486213395}"
313,354,1427.4996849699105,1005,1005,0,0,1005,261,5,739,0,1000,951,49,0,145,96,49,20,0,13279.720011132064,1004,319601,319601,200000,200000,0,318604,34.397383291882825,17.657322816639784,16.740060470731134,-112.90684780561591,0.007859737195577324,0.4244319200515747,0.5268031800113826,0.5358601010059455,112.81230641551227,112.82001620744803,112.82389890815158,13.512332999991486,"{""DC-1"": 345.41091107694655, ""DC-2"": 326.16894179358434, ""DC-3"": 287.45352167523265, ""DC-4"": 202.3227865125793, ""DC-5"": 266.1435239115713}"
314,355,1456.2677302743325,1006,1006,0,0,1006,278,6,722,0,1000,955,45,0,145,100,45,24,0,17326.989082663844,1004,320607,320607,200000,200000,0,319608,31.9868371158957,16.25433888069662,15.732498087731015,-112.97173200660492,0.004864325700165422,0.4289470613002777,0.5298482205763281,0.5355696999931715,112.86871067366278,112.86525558380492,112.87583032737216,13.465645699994639,"{""DC-1"": 315.3729593060364, ""DC-2"": 295.6783287895879, ""DC-3"": 323.07877129530294, ""DC-4"": 222.9619531135839, ""DC-5"": 299.1757177698209}"
315,356,1283.1944675777756,1008,1008,0,0,1008,306,8,694,0,1000,917,83,0,191,108,83,28,0,17080.65940642817,1008,321615,321615,200000,200000,0,320616,28.206993941749847,14.326207605855805,13.88078630065161,-113.09699103188893,-0.00884902264806442,0.42109188437461853,0.5461997390089054,0.5357269336070333,112.99112185220869,112.98264103087168,112.98560912268502,13.483855899976334,"{""DC-1"": 323.3053297243369, ""DC-2"": 251.26337372999188, ""DC-3"": 264.1796132055731, ""DC-4"": 224.08951820942139, ""DC-5"": 220.35663270845345}"
316,357,1446.6963333161086,1004,1004,0,0,1004,264,4,736,0,1000,952,48,0,143,95,48,14,0,15184.65397338411,1004,322619,322619,200000,200000,0,321620,25.977432509342513,13.067935604498206,12.909496968723388,-113.15105664682578,0.0030166853056474777,0.42412087321281433,0.5321154874634457,0.5356344657233987,113.04458389434207,113.05079864410766,113.03760074144341,13.483955000003334,"{""DC-1"": 314.4885675525586, ""DC-2"": 316.9338563908759, ""DC-3"": 328.4486987908297, ""DC-4"": 227.70577699862108, ""DC-5"": 259.11943358322367}"
317,358,1327.0043562227793,1004,1004,0,0,1004,313,4,687,0,1000,923,77,0,192,115,77,19,0,17061.92116847595,1004,323623,323623,200000,200000,0,322624,24.93282479973903,12.494033982079342,12.438790924520607,-113.08998047878067,-0.01292393387172861,0.41332772374153137,0.5504342472232671,0.5356524454288749,112.98678384454126,112.98344950277017,112.9881051128129,13.460824699985096,"{""DC-1"": 336.7916543514445, ""DC-2"": 275.52474897292575, ""DC-3"": 304.5828509320024, ""DC-4"": 177.16559217030948, ""DC-5"": 232.93950979609875}"
318,359,1516.9116737706952,1003,1003,0,0,1003,219,3,781,0,1000,973,27,0,80,53,27,9,0,15932.437507410956,1004,324626,324626,200000,200000,0,323628,31.173787001119667,15.948086854233685,15.225700098679836,-113.03064402546066,0.007494963015628185,0.41864335536956787,0.527383554801048,0.5357805219779451,112.92249966047675,112.92087670436419,112.92944940057883,13.4458579000202,"{""DC-1"": 342.92308016865326, ""DC-2"": 321.1864701829174, ""DC-3"": 318.5292474598293, ""DC-4"": 249.3944092924143, ""DC-5"": 284.8784666668819}"
319,360,1469.7930445598383,1005,1005,0,0,1005,248,5,752,0,1000,960,40,0,121,81,40,14,0,13245.84584954554,1004,325631,325631,200000,200000,0,324632,26.945694641762994,13.711771333122634,13.233923284893493,-113.0047950516659,-0.007032291582447896,0.4129374623298645,0.5438161025721714,0.5356814601269376,112.88167913976419,112.8781436752988,112.87537567928968,13.453358099999605,"{""DC-1"": 316.5567695512474, ""DC-2"": 337.4758021015765, ""DC-3"": 305.90589423836326, ""DC-4"": 216.96934641492675, ""DC-5"": 292.8852322537267}"
320,361,1446.5393010450066,1004,1004,0,0,1004,228,4,772,0,1000,958,42,0,133,91,42,14,0,14982.437507410956,1004,326635,326635,200000,200000,0,325636,24.127309047843355,12.147257209299095,11.980051885325596,-112.95422819981061,0.0006107022699183855,0.41314440965652466,0.5349637071687386,0.5356513639370284,112.85446246781672,112.85463070964433,112.84958771025516,13.42234940000344,"{""DC-1"": 310.38476475551215, ""DC-2"": 287.1510159004888, ""DC-3"": 332.1251601296342, ""DC-4"": 229.03404103103585, ""DC-5"": 287.84431922833636}"
321,362,1568.1908953476818,1001,1001,0,0,1001,212,1,788,0,1000,983,17,0,80,63,17,9,0,14371.484205808305,1004,327636,327636,200000,200000,0,326640,27.59041967952394,14.072101951120384,13.518317679485001,-112.84866160510546,-0.008245176109494604,0.40545400977134705,0.5452409706030233,0.5358192252804084,112.72901279707828,112.72880154491895,112.73811670128568,13.504642700019758,"{""DC-1"": 354.3808150629259, ""DC-2"": 301.1018570771815, ""DC-3"": 322.2758382983355, ""DC-4"": 255.83593884108726, ""DC-5"": 334.59644606815215}"
322,363,1467.05842729433,1003,1003,0,0,1003,272,3,728,0,1000,957,43,0,153,110,43,17,0,15224.796716482504,1000,328639,328639,200000,200000,0,327640,27.427791561603545,13.990378397464752,13.437413086414336,-112.74687969970704,0.008651935056317598,0.4127503037452698,0.5261205081641674,0.5358527685403824,112.63153417205811,112.63302136993408,112.63914923095703,15.320964699989418,"{""DC-1"": 347.65589945654307, ""DC-2"": 282.0618112599336, ""DC-3"": 292.64676772131656, ""DC-4"": 252.8991008363888, ""DC-5"": 291.79484802014605}"
323,364,1315.4740235163422,1005,1005,0,0,1005,307,5,693,0,1000,922,78,0,201,123,78,34,0,16877.84735688132,1008,329644,329644,200000,200000,0,328648,25.501255567584717,13.098584390585385,12.402671205855551,-112.72191800768414,0.0030348894701640507,0.41527730226516724,0.5323217936924526,0.5356717181229402,112.60980441078307,112.59785326700361,112.61791163399106,16.56897869997192,"{""DC-1"": 356.1875395256886, ""DC-2"": 230.6090693006829, ""DC-3"": 228.1222242428415, ""DC-4"": 222.02270872564046, ""DC-5"": 278.5324817214914}"
324,365,1340.3219164074367,1006,1006,0,0,1006,286,6,714,0,1000,931,69,0,181,112,69,43,0,18197.006324376554,1004,330650,330650,200000,200000,0,329652,22.511121157156044,11.521941558535831,10.989179501970451,-112.70707622087335,-0.005198621825107273,0.4113500416278839,0.54152191709356,0.535666371246733,112.58727896640976,112.57313231358015,112.59353572343925,15.690631100005703,"{""DC-1"": 324.1648463235115, ""DC-2"": 189.70120001238337, ""DC-3"": 299.3853345509578, ""DC-4"": 246.8744579658191, ""DC-5"": 280.1960775547646}"
325,366,1422.7688935223991,1004,1004,0,0,1004,249,4,751,0,1000,952,48,0,140,92,48,21,0,14409.825137710013,1004,331654,331654,200000,200000,0,330656,22.945799600080665,11.552964334231449,11.39283535679973,-112.68721145082755,0.0026799063506699446,0.412246972322464,0.5328702235304977,0.5357378894589336,112.55692928815743,112.55040014502536,112.55726429000794,14.172785799979465,"{""DC-1"": 263.0435153685072, ""DC-2"": 330.90277703735245, ""DC-3"": 301.4575468226051, ""DC-4"": 258.6878092185419, ""DC-5"": 268.67724507539214}"
326,367,1399.6804525989726,1004,1004,0,0,1004,244,4,756,0,1000,947,53,0,156,103,53,25,0,15815.858178078946,1004,332658,332658,200000,200000,0,331660,19.042188676704924,9.605112587906925,9.43707603809843,-112.56946103221392,0.005383851234123957,0.417121946811676,0.5295592834690652,0.5356740055093727,112.4275614597883,112.42417853761954,112.41717396314401,14.07105820000288,"{""DC-1"": 344.35962918831495, ""DC-2"": 219.44730032726793, ""DC-3"": 287.7040464452091, ""DC-4"": 206.67141504831795, ""DC-5"": 341.4980615898649}"
327,368,1528.303848781018,1002,1002,0,0,1002,256,2,744,0,1000,970,30,0,133,103,30,29,0,14052.894113301132,1004,333660,333660,200000,200000,0,332664,21.22419211683995,10.687945289678307,10.536246810301366,-112.66140259214606,0.00014143073731899796,0.4170876741409302,0.5355455080767076,0.5356165921070661,112.53080783707212,112.52550998247003,112.52832687803473,14.152454800001578,"{""DC-1"": 353.6883450390199, ""DC-2"": 274.33315535742105, ""DC-3"": 310.2964004491224, ""DC-4"": 253.42752091675885, ""DC-5"": 336.5584270186967}"
328,369,1300.107050522939,1006,1006,0,0,1006,310,6,690,0,1000,920,80,0,213,133,80,29,0,14602.853661397183,1004,334666,334666,200000,200000,0,333668,22.176083411828454,11.300058289115647,10.876025120575589,-112.70905014433234,-0.006922310002081363,0.41112402081489563,0.5436574397274697,0.5356915733253813,112.56654850325262,112.5599609390198,112.57290777837137,14.116469300002791,"{""DC-1"": 268.549809851429, ""DC-2"": 260.7509612969492, ""DC-3"": 266.450714759472, ""DC-4"": 225.8604215634027, ""DC-5"": 278.4951430516866}"
329,370,1485.084009941929,1003,1003,0,0,1003,248,3,752,0,1000,964,36,0,130,94,36,18,0,13088.719005069728,1004,335669,335669,200000,200000,0,334672,21.444930140240732,10.66152299566573,10.78340720524826,-112.63282775878906,0.005760855899949325,0.41570788621902466,0.5291666338643229,0.5356743976295707,112.5072083948143,112.51376196872666,112.50879875122314,14.14476470000227,"{""DC-1"": 329.52631667680276, ""DC-2"": 289.5429050071232, ""DC-3"": 339.5132828840679, ""DC-4"": 216.6103772410943, ""DC-5"": 309.89112813284197}"
330,371,1298.5579776270806,1004,1004,0,0,1004,288,4,712,0,1000,920,80,0,187,107,80,37,0,15703.895446573693,1004,336673,336673,200000,200000,0,335676,24.67369941126303,12.55373841167921,12.119961040190967,-112.65056184563504,-0.0020145124835110606,0.4140603542327881,0.5379398778912081,0.5356436706634157,112.51230914659234,112.51118928977692,112.53370346586068,14.432664099993417,"{""DC-1"": 215.03168118494833, ""DC-2"": 297.6595233197152, ""DC-3"": 301.66262789378595, ""DC-4"": 183.807915856641, ""DC-5"": 300.39622937199243}"
331,372,1511.4164023082878,1004,1004,0,0,1004,219,4,781,0,1000,972,28,0,108,80,28,16,0,13883.985595783519,1004,337677,337677,200000,200000,0,336680,20.026017616944483,10.17054675988467,9.855470896479618,-112.90155593902466,0.001583038005315554,0.41568881273269653,0.5338885520855744,0.5356921764958902,112.74990797612772,112.74865081300773,112.74628662778088,14.083232600009069,"{""DC-1"": 318.1797481207703, ""DC-2"": 327.55776154619747, ""DC-3"": 341.27175257844044, ""DC-4"": 227.5749178813828, ""DC-5"": 296.8322221814954}"
332,373,1391.885521102616,1004,1004,0,0,1004,252,4,748,0,1000,948,52,0,159,107,52,26,0,18702.66422412658,1004,338681,338681,200000,200000,0,337684,20.408751721876076,10.26360209220909,10.145149690696442,-112.96224360826956,-0.0005768899999714764,0.41513553261756897,0.5364937028918133,0.5357426416826438,112.81291304356549,112.80594006572586,112.8136703825567,14.164328100014245,"{""DC-1"": 325.92754035435036, ""DC-2"": 231.07991871455135, ""DC-3"": 266.6970753904559, ""DC-4"": 296.23626455489983, ""DC-5"": 271.94472208836004}"
333,374,1403.644676469421,1003,1003,0,0,1003,256,3,744,0,1000,945,55,0,133,78,55,16,0,19042.438066466966,1004,339684,339684,200000,200000,0,338688,20.287575753086593,10.154869170777825,10.132706477585067,-112.84857281840655,0.0048910750000110545,0.41893672943115234,0.5301328315381035,0.535608756411598,112.7052464124216,112.70727457753216,112.70435175952683,14.014110399992205,"{""DC-1"": 313.34431915410653, ""DC-2"": 258.99917923327536, ""DC-3"": 313.27995310252015, ""DC-4"": 248.9084331437464, ""DC-5"": 269.11279183577403}"
334,375,1406.9963737672283,1003,1003,0,0,1003,287,3,713,0,1000,943,57,0,150,93,57,20,0,16393.36016402668,1000,340687,340687,200000,200000,0,339688,23.497811372280122,11.947563676953315,11.550247751951218,-112.93112150573731,-0.0016234785707201808,0.4176788628101349,0.5375895144641399,0.5356835732460022,112.77801033782958,112.78102003479003,112.77151254272461,14.007298699987587,"{""DC-1"": 287.3630050605469, ""DC-2"": 319.96096188351925, ""DC-3"": 260.5771373814009, ""DC-4"": 247.3890667119639, ""DC-5"": 291.7062027297988}"
335,376,1476.8209592737176,1007,1007,0,0,1007,258,7,742,0,1000,962,38,0,146,108,38,17,0,16250.771422593845,1008,341694,341694,200000,200000,0,340696,20.871275142071738,10.515145526045846,10.356129645828217,-112.99885540916806,-0.008778867383842311,0.40999871492385864,0.5457315366892588,0.5357453001751786,112.84463249690948,112.84119520490131,112.8536584944952,14.09256180000375,"{""DC-1"": 331.940589972167, ""DC-2"": 285.8800848088824, ""DC-3"": 276.00367607342747, ""DC-4"": 248.92194377242222, ""DC-5"": 334.074664646818}"
336,377,1382.3369347922437,1004,1004,0,0,1004,275,4,725,0,1000,940,60,0,166,106,60,27,0,16622.472771431134,1004,342698,342698,200000,200000,0,341700,20.736262600735365,10.36186979515144,10.374392809383423,-113.27463847612479,0.0033884483774051636,0.4132307767868042,0.5317868994051717,0.5356044620869169,113.12271242787638,113.12691535797727,113.11608859362356,14.098045299993828,"{""DC-1"": 293.52959921528543, ""DC-2"": 289.11973081380154, ""DC-3"": 235.93037698811028, ""DC-4"": 250.4320571496199, ""DC-5"": 313.3251706254299}"
337,378,1384.3678278119355,1004,1004,0,0,1004,281,4,719,0,1000,938,62,0,166,104,62,38,0,15264.15433139282,1004,343702,343702,200000,200000,0,342704,24.503732517895944,12.250836835201993,12.252895795966525,-113.32801917634637,0.0030499061141014694,0.41605666279792786,0.5323243043812148,0.5357539673369244,113.16998845742518,113.17014020942597,113.17588586541287,14.797277300007408,"{""DC-1"": 356.057919740649, ""DC-2"": 202.18713346955286, ""DC-3"": 351.3569728306525, ""DC-4"": 187.22491848088606, ""DC-5"": 287.54088329019686}"
338,379,1396.3466677332801,1004,1004,0,0,1004,271,4,729,0,1000,943,57,0,160,103,57,27,0,15002.472771431134,1004,344706,344706,200000,200000,0,343708,19.27931769293143,9.646347516798878,9.63297014526162,-113.49177897783865,-0.007892083229155715,0.4093697667121887,0.5445188828910964,0.5355777053600288,113.35764689654468,113.35386359834101,113.34837786609909,14.749135699996259,"{""DC-1"": 304.3493814155271, ""DC-2"": 266.53555566493407, ""DC-3"": 301.84094742147033, ""DC-4"": 246.40746460690005, ""DC-5"": 277.2133186244511}"
339,380,1365.9783933229671,1006,1006,0,0,1006,265,6,735,0,1000,939,61,0,162,101,61,28,0,15708.401029268513,1008,345712,345712,200000,200000,0,344716,21.924446241250113,11.004886410775638,10.919559781040464,-113.45294631473602,0.0029907456399606808,0.41139811277389526,0.5322944221219846,0.5355750179834782,113.29865247484237,113.29686408572726,113.30231637046451,14.642897099984111,"{""DC-1"": 291.2507622498667, ""DC-2"": 265.0906309065393, ""DC-3"": 283.7770996939819, ""DC-4"": 235.61342000188364, ""DC-5"": 290.2464804706966}"
340,381,1405.3595569220397,1004,1004,0,0,1004,276,4,724,0,1000,943,57,0,166,109,57,33,0,15228.524482329593,1004,346716,346716,200000,200000,0,345720,22.54591096444909,11.30971068998732,11.236200347127193,-113.63481636351324,0.0005328133987518866,0.41195663809776306,0.5351122806212342,0.5356349473692982,113.47749947171762,113.48362518401734,113.47938800523005,14.639578799979063,"{""DC-1"": 366.7921798287954, ""DC-2"": 234.24679153381445, ""DC-3"": 296.58097005176256, ""DC-4"": 213.66263850009997, ""DC-5"": 294.07697700756677}"
341,382,1376.5714374099464,1007,1007,0,0,1007,275,7,725,0,1000,939,61,0,169,108,61,29,0,13234.89009986437,1004,347723,347723,200000,200000,0,346724,28.357603598400893,14.140931483521404,14.216672164510445,-113.77401886138308,0.004071713561114235,0.41497802734375,0.531153923724277,0.5356502348920739,113.63815717963108,113.63614470645251,113.63990802688903,14.686057799990522,"{""DC-1"": 335.437088575841, ""DC-2"": 254.15384702228192, ""DC-3"": 259.1670177414912, ""DC-4"": 236.93538937341359, ""DC-5"": 290.87809469691837}"
342,383,1492.5126817315183,1010,1010,0,0,1010,213,10,787,0,1000,971,29,0,104,75,29,24,0,16205.179342370993,1012,348733,348733,200000,200000,0,347736,30.8790362851893,15.49142413365511,15.38761225825713,-113.8382728486193,0.0003666497984157485,0.4154876172542572,0.5352843247736867,0.5356449657395894,113.67612062989487,113.68476008238058,113.67682706508712,14.952537400007714,"{""DC-1"": 341.5108387171117, ""DC-2"": 331.16844980987935, ""DC-3"": 313.19834271911674, ""DC-4"": 241.09355986649607, ""DC-5"": 265.54149061891593}"
343,384,1409.212877285258,1005,1005,0,0,1005,245,5,755,0,1000,948,52,0,135,83,52,21,0,15927.28838783866,1004,349738,349738,200000,200000,0,348740,28.827097262994226,13.880947240557804,14.946150080853725,-113.84155026470047,-0.0050668411830670215,0.41099292039871216,0.541456056217036,0.5356630121331766,113.74517214345742,113.74951415042953,113.74853084761783,14.636977100017248,"{""DC-1"": 387.69902333475846, ""DC-2"": 247.58610530295746, ""DC-3"": 227.81481468551556, ""DC-4"": 244.5424784474661, ""DC-5"": 301.5704555145621}"
344,385,1489.7809071173624,1010,1010,0,0,1010,246,10,754,0,1000,966,34,0,132,98,34,22,0,13933.58068432068,1012,350748,350748,200000,200000,0,349752,25.12593424178866,12.628641071055718,12.497293180392195,-114.04614526198316,0.012654390713161321,0.42303431034088135,0.5210244433269671,0.5355480653730776,113.92570818271561,113.9139120908594,113.91654388518201,15.028665499994531,"{""DC-1"": 321.7527439722407, ""DC-2"": 269.66494543247956, ""DC-3"": 321.4596337072538, ""DC-4"": 278.86831069032706, ""DC-5"": 298.0352733150618}"
345,386,1434.385779952957,1005,1005,0,0,1005,278,5,722,0,1000,949,51,0,171,120,51,20,0,15993.977692795272,1004,351753,351753,200000,200000,0,350756,30.796486115075677,15.361079050487731,15.435406976487057,-114.13557841388352,-0.006200440874299131,0.4173659682273865,0.542815053842932,0.5355756525618146,113.99202125670901,114.00049121446344,114.00275092865841,14.721725499985041,"{""DC-1"": 310.7871052819063, ""DC-2"": 272.3485966303255, ""DC-3"": 308.9269571108692, ""DC-4"": 235.991990673873, ""DC-5"": 306.331130255984}"
346,387,1481.3922366251836,1006,1006,0,0,1006,231,6,769,0,1000,965,35,0,125,90,35,16,0,15324.150440305373,1004,352759,352759,200000,200000,0,351760,31.736287053362783,15.92398231200488,15.812304828033978,-114.32568943737988,-0.0008964118022709135,0.41645166277885437,0.5367630062943911,0.5357095679913859,114.19671615661377,114.1874361304173,114.20342251599072,14.66963270000997,"{""DC-1"": 372.8875138397366, ""DC-2"": 317.6532276338154, ""DC-3"": 254.61189502943594, ""DC-4"": 230.3895557240995, ""DC-5"": 305.85004439809677}"
347,388,1460.7949111312587,1003,1003,0,0,1003,255,3,745,0,1000,957,43,0,136,93,43,18,0,17247.08566455818,1004,353762,353762,200000,200000,0,352764,31.806237534697786,15.879145340615535,15.927092326827259,-114.47761154934705,-0.0027116751465278556,0.41436636447906494,0.5387160476757236,0.5355607074689105,114.36626730687115,114.36222301346372,114.36212516875855,14.577562799997395,"{""DC-1"": 290.13532286211756, ""DC-2"": 294.3666360568205, ""DC-3"": 306.3017390261004, ""DC-4"": 235.5264818082056, ""DC-5"": 334.46473137801576}"
348,389,1548.363657173631,1003,1003,0,0,1003,209,3,791,0,1000,980,20,0,96,76,20,17,0,15798.66422412658,1004,354765,354765,200000,200000,0,353768,41.210688783828004,20.769510888008483,20.441177795370262,-114.14967840126312,-0.000698637159075588,0.4135035574436188,0.5365117411333251,0.5356616457382521,114.0134495131048,114.02004890897834,114.02741692075692,14.727114100009203,"{""DC-1"": 381.82783437320035, ""DC-2"": 232.8493017309038, ""DC-3"": 352.6403872744744, ""DC-4"": 247.1549952468075, ""DC-5"": 333.8911385482469}"
349,390,1425.2552365005845,1006,1006,0,0,1006,272,6,728,0,1000,946,54,0,153,99,54,27,0,14275.396213020196,1004,355771,355771,200000,200000,0,354772,35.33572658457129,17.455205838993727,17.88052087143598,-114.25311808187173,0.0014636183834256255,0.41453424096107483,0.5339941817569542,0.535541588685427,114.12088558303408,114.11451707513208,114.12566618900375,14.627752500004135,"{""DC-1"": 371.4412343554711, ""DC-2"": 252.7788784067313, ""DC-3"": 294.457095173272, ""DC-4"": 186.6127407966731, ""DC-5"": 319.9652877684371}"
350,391,1440.431065696304,1007,1007,0,0,1007,246,7,754,0,1000,954,46,0,131,85,46,31,0,15313.220278160254,1008,356778,356778,200000,200000,0,355780,33.68014987167858,16.96201443364696,16.718135421711303,-114.47059319511293,0.004015067065853463,0.41836100816726685,0.531024883013396,0.5355797580310276,114.34325639028398,114.3360374238756,114.34121856235322,14.786129999993136,"{""DC-1"": 380.085425781894, ""DC-2"": 299.20502367238817, ""DC-3"": 270.892078778601, ""DC-4"": 178.2109300828179, ""DC-5"": 312.03760738060384}"
351,392,1404.8934972315535,1003,1003,0,0,1003,263,3,737,0,1000,945,55,0,149,94,55,31,0,13708.573681539196,1004,357781,357781,200000,200000,0,356784,46.27226546656088,23.455936571041427,22.81632893090229,-114.22169939170321,0.0017439180503198617,0.42056623101234436,0.5335726770331185,0.535629341445596,114.10901162348895,114.09747619172967,114.10694249977628,14.631025799986674,"{""DC-1"": 333.015203375834, ""DC-2"": 208.06275000391503, ""DC-3"": 317.807929672864, ""DC-4"": 232.50968576139135, ""DC-5"": 313.49792841755135}"
352,393,1400.6486828566563,1003,1003,0,0,1003,285,3,715,0,1000,942,58,0,183,125,58,26,0,14795.977692795272,1004,358784,358784,200000,200000,0,357788,48.590304582242474,24.27158597384791,24.318718510557456,-114.51243422610827,-0.0006970851120921185,0.4194282591342926,0.5365320692261851,0.5356301687865618,114.36791565883682,114.37235505457419,114.37852611769718,14.712959800002864,"{""DC-1"": 330.8915278628083, ""DC-2"": 263.5504883334394, ""DC-3"": 340.3058091710478, ""DC-4"": 184.6000053198194, ""DC-5"": 281.3008521695415}"
353,394,1383.0237570145703,1003,1003,0,0,1003,246,3,754,0,1000,944,56,0,142,86,56,15,0,17027.668293578743,1000,359787,359787,200000,200000,0,358788,37.83217224407196,18.98867689871788,18.843495112895965,-114.62807746887206,-4.010173329152167e-05,0.41993096470832825,0.5356857408583164,0.5356549388766288,114.50144332122802,114.49374367523194,114.49444492340088,14.582746700005373,"{""DC-1"": 272.3729016359033, ""DC-2"": 259.54018893763134, ""DC-3"": 332.0498310921837, ""DC-4"": 218.18019813720804, ""DC-5"": 300.88063721164434}"
354,395,1499.6908946432513,1001,1001,0,0,1001,248,1,752,0,1000,968,32,0,142,110,32,17,0,18496.803238363176,1004,360788,360788,200000,200000,0,359792,54.987514352418515,27.19603815140477,27.791476360117773,-114.7214610035201,-9.022529962365015e-05,0.41925910115242004,0.5359606770464623,0.5357237689761052,114.54776562542554,114.55516980843716,114.56080249011279,14.764663699985249,"{""DC-1"": 333.2984856648058, ""DC-2"": 304.0990226292007, ""DC-3"": 290.0538258917842, ""DC-4"": 277.66016548816043, ""DC-5"": 294.5793949693002}"
355,396,1359.2161492088976,1007,1007,0,0,1007,280,7,720,0,1000,936,64,0,174,110,64,24,0,13725.201071861542,1004,361795,361795,200000,200000,0,360796,43.94608247375108,22.108626920388513,21.837455519167076,-115.28568681207786,0.006025280911508814,0.4239949882030487,0.5287900555774985,0.5356870179038599,115.14187815084875,115.14523485647254,115.14055926866266,14.518733499979135,"{""DC-1"": 235.22003895750876, ""DC-2"": 281.2953224666981, ""DC-3"": 288.5292686458728, ""DC-4"": 249.7298395545185, ""DC-5"": 304.4416795843003}"
356,397,1423.41315147781,1004,1004,0,0,1004,232,4,768,0,1000,953,47,0,130,83,47,22,0,17895.194896583373,1004,362799,362799,200000,200000,0,361800,60.77007022511911,30.418039008440726,30.352031233538668,-114.93126624513907,0.0006074138304341095,0.4249035716056824,0.5349229019714067,0.535615314822273,114.80242774781003,114.79769906579736,114.80523360962887,14.619449199992232,"{""DC-1"": 331.61584157214145, ""DC-2"": 271.21460939291035, ""DC-3"": 293.28578152101807, ""DC-4"": 253.9266442719289, ""DC-5"": 273.3702747198119}"
357,398,1494.096680216466,1006,1006,0,0,1006,275,6,725,0,1000,961,39,0,157,118,39,30,0,13747.438066466966,1008,363805,363805,200000,200000,0,362808,64.73007368852221,32.76944092602011,31.96063329657865,-114.98054326526703,0.002389692993361562,0.42725345492362976,0.5328387331867975,0.5356592649505252,114.85638577597481,114.87069782378181,114.87762184748574,14.62991210000473,"{""DC-1"": 363.44223877052, ""DC-2"": 319.3248197070218, ""DC-3"": 294.49740370001757, ""DC-4"": 219.04343446212962, ""DC-5"": 297.7887835767776}"
358,399,1538.9355791456271,1003,1003,0,0,1003,232,3,768,0,1000,977,23,0,122,99,23,20,0,17850.53722041601,1004,364808,364808,200000,200000,0,363812,97.1599664887584,48.34859283583098,48.81137416562236,-114.93943469742855,-0.00566209261064451,0.4217940866947174,0.5423492135042214,0.535555888338393,114.82011266153647,114.8071039131438,114.7885446434477,14.637648400006583,"{""DC-1"": 318.58962564552576, ""DC-2"": 280.2273187616487, ""DC-3"": 316.3629792644778, ""DC-4"": 274.0247779510575, ""DC-5"": 349.73087752291946}"
359,400,1517.9617897196604,1001,1001,0,0,1001,241,1,759,0,1000,968,32,0,118,86,32,17,0,14137.484205808305,1000,365809,365809,200000,200000,0,364812,71.86241158294678,36.11031670117378,35.75209443855286,-115.2863204574585,-0.003575017504626885,0.41901305317878723,0.5398378473222256,0.53572911632061,115.17217544555665,115.16384580230712,115.19869787597656,14.508293200022308,"{""DC-1"": 386.9842680147163, ""DC-2"": 317.5472893367198, ""DC-3"": 308.6763506072324, ""DC-4"": 218.62029935144375, ""DC-5"": 286.1335824095506}"
360,401,1469.1592180344264,1004,1004,0,0,1004,241,4,759,0,1000,961,39,0,139,100,39,18,0,16492.05661205956,1004,366813,366813,200000,200000,0,365816,81.19671948924957,41.38485304055461,39.81186658238985,-114.7174789155147,-0.015451206437236003,0.407793253660202,0.5530986782920313,0.5356283351719617,114.6443583195903,114.64308068476825,114.63120976482254,14.595980599988252,"{""DC-1"": 360.466502691911, ""DC-2"": 330.46085207098287, ""DC-3"": 279.6219981001493, ""DC-4"": 207.68438740906947, ""DC-5"": 290.9254777623137}"
361,402,1417.2809566428705,1005,1005,0,0,1005,235,5,765,0,1000,951,49,0,139,90,49,20,0,17825.611497566817,1004,367818,367818,200000,200000,0,366820,96.2474856937074,48.47166181489291,47.77582437939853,-114.72885131835938,0.024419214275936445,0.42485129833221436,0.5080999086993149,0.535756080630291,114.6384921282886,114.6380926945295,114.65958392382618,14.695930400019279,"{""DC-1"": 277.2245644172334, ""DC-2"": 332.24429943714256, ""DC-3"": 317.15850956667913, ""DC-4"": 203.42897056429163, ""DC-5"": 287.22461265752474}"
362,403,1414.9011789312754,1005,1005,0,0,1005,224,5,776,0,1000,954,46,0,119,73,46,16,0,16584.99759914723,1004,368823,368823,200000,200000,0,367824,65.67084350243982,33.217180922449344,32.453662426348224,-114.98643370548568,-0.006984627109709237,0.4198472499847412,0.5437105316742957,0.5356342709990611,114.86954150256882,114.86994522216311,114.88535197132612,14.814126599987503,"{""DC-1"": 294.59937244149495, ""DC-2"": 277.25618767394184, ""DC-3"": 301.6612611885401, ""DC-4"": 267.81125635151466, ""DC-5"": 273.57310127578455}"
363,404,1373.6174546454608,1003,1003,0,0,1003,260,3,740,0,1000,939,61,0,148,87,61,21,0,14818.946239131636,1004,369826,369826,200000,200000,0,368828,105.94186172257382,52.804146494523465,53.13771529287931,-114.87237600501315,-0.002766898357814022,0.4177762567996979,0.538839194582278,0.5356575608609682,114.77840251086718,114.79668876374386,114.80522261387799,14.710019799997099,"{""DC-1"": 292.84083573106307, ""DC-2"": 251.02536432098583, ""DC-3"": 309.61163921111273, ""DC-4"": 241.5587267489932, ""DC-5"": 278.5808886333074}"
364,405,1274.5108670694176,1002,1002,0,0,1002,297,2,703,0,1000,914,86,0,182,96,86,20,0,16287.585097121555,1004,370828,370828,200000,200000,0,369832,142.48551651871063,70.85720763833399,71.62830854483335,-114.57040146147587,-0.003078212209724899,0.4147782027721405,0.5392137949032138,0.535612618780706,114.52814438048587,114.51531477848373,114.50636006541461,14.603248400002485,"{""DC-1"": 285.6775079216198, ""DC-2"": 274.8580136633796, ""DC-3"": 197.50490170513288, ""DC-4"": 228.36414989701296, ""DC-5"": 288.10629388227386}"
365,406,1477.617561635598,1009,1009,0,0,1009,207,9,793,0,1000,968,32,0,103,71,32,13,0,16316.209670583205,1008,371837,371837,200000,200000,0,370840,90.4513723812406,45.31717198945227,45.13420086531412,-115.06085366294498,-0.0029901396254509954,0.41207852959632874,0.5390829867313779,0.5355952059229215,114.9921174503508,114.97011912058271,114.98049901023744,14.680672199989203,"{""DC-1"": 336.5809237001088, ""DC-2"": 279.2833257554647, ""DC-3"": 296.95658360620655, ""DC-4"": 254.17226476653883, ""DC-5"": 310.6244638072793}"
366,407,1475.4083906384876,1005,1005,0,0,1005,236,5,764,0,1000,965,35,0,132,97,35,28,0,15653.585097121555,1004,372842,372842,200000,200000,0,371844,86.05059324365213,44.543092974391115,41.507500010895065,-114.8272237359765,0.011684119886212214,0.4213522672653198,0.5222898040159765,0.5355897367119314,114.72704486163013,114.75027107907482,114.74720554427796,14.553867800015723,"{""DC-1"": 352.47372965003996, ""DC-2"": 276.6552935022782, ""DC-3"": 303.03150517927065, ""DC-4"": 255.40730926639839, ""DC-5"": 287.84055304049986}"
367,408,1454.7454417610118,1001,1001,0,0,1001,237,1,763,0,1000,957,43,0,126,83,43,19,0,15551.825137710013,1000,373843,373843,200000,200000,0,372844,166.60499938488007,82.7950939605236,83.80990409135819,-115.025412399292,-0.0013337671353947371,0.4201408922672272,0.5372067820131778,0.5355546731948853,114.98801333618164,115.01509892272949,114.99230508422852,14.555062199971871,"{""DC-1"": 356.51118241399877, ""DC-2"": 271.92738603706914, ""DC-3"": 312.2946614058277, ""DC-4"": 232.34302897528386, ""DC-5"": 281.6691829288321}"
368,409,1442.6229277804405,1005,1005,0,0,1005,233,5,767,0,1000,958,42,0,137,95,42,23,0,13809.150440305373,1008,374848,374848,200000,200000,0,373852,125.36315303851687,61.90060857860815,63.46254411978381,-115.09692466826667,0.020580497404952193,0.4374929368495941,0.511341644332759,0.5356416447413346,115.00683808705163,115.02705048757886,115.03335492573088,14.6737487000064,"{""DC-1"": 288.2326196517844, ""DC-2"": 280.6169942044933, ""DC-3"": 350.82113790559083, ""DC-4"": 239.22002036289715, ""DC-5"": 283.73215565567426}"
369,410,1536.0962263335157,1004,1004,0,0,1004,214,4,786,0,1000,979,21,0,111,90,21,16,0,12631.66422412658,1004,375852,375852,200000,200000,0,374856,159.83758883362273,80.13693971652908,79.70064908669764,-114.55808490585996,-0.016498681357263983,0.42391130328178406,0.5551514465554777,0.5355290914199267,114.52045107077792,114.52293459067782,114.50636050615653,14.572961700003361,"{""DC-1"": 350.63637194416015, ""DC-2"": 297.5996789218681, ""DC-3"": 299.27482077676024, ""DC-4"": 261.9575557942748, ""DC-5"": 326.62779889645316}"
370,411,1473.5641383452141,1003,1003,0,0,1003,212,3,788,0,1000,966,34,0,104,70,34,20,0,17439.05661205956,1000,376855,376855,200000,200000,0,375856,122.464699883461,60.69174626660347,61.772953585386276,-113.87039289855957,0.002791115064173937,0.42643073201179504,0.5323897742927074,0.5355962515473366,113.84805702972412,113.84520111083984,113.88971352386474,14.68985490000341,"{""DC-1"": 322.19185081389395, ""DC-2"": 320.65026565296796, ""DC-3"": 333.8012763404467, ""DC-4"": 205.02995784683472, ""DC-5"": 291.8907876910741}"
371,412,1459.8852556669476,1013,1013,0,0,1013,196,13,804,0,1000,967,33,0,106,73,33,26,0,12862.796716482504,1016,377868,377868,200000,200000,0,376872,200.38214753274843,100.33045912000138,100.05168705263476,-115.03234149902825,-0.009176783932383928,0.41814467310905457,0.5463553365231968,0.5356168408445486,114.93342028640387,114.92010985396979,114.92510200110007,14.759736700012581,"{""DC-1"": 346.2576985241383, ""DC-2"": 304.2199503547659, ""DC-3"": 278.29127639176266, ""DC-4"": 246.76831234634423, ""DC-5"": 284.34801804993526}"
372,413,1505.9486460622834,1002,1002,0,0,1002,214,2,786,0,1000,972,28,0,116,88,28,13,0,13787.664224126578,1000,378870,378870,200000,200000,0,377872,250.37966751909255,128.01898777151106,122.36068021821976,-115.12065801239014,0.0021441119906958194,0.4201182425022125,0.5332745988368988,0.5356572543382645,115.16453162384033,115.16935353851318,115.14277146911621,14.530614499992225,"{""DC-1"": 324.47615644520897, ""DC-2"": 327.78386299693756, ""DC-3"": 309.3596100819589, ""DC-4"": 227.90590343146877, ""DC-5"": 316.42311310671045}"
373,414,1422.6137901916397,1015,1015,0,0,1015,240,15,760,0,1000,956,44,0,136,92,44,25,0,14289.02089468451,1016,379885,379885,200000,200000,0,378888,230.62985657425378,115.2491195896479,115.38073666687087,-114.92250639247143,-0.011310883449605028,0.41208168864250183,0.5483918378026936,0.5355766718312511,114.88066138620452,114.88083015652154,114.84206539814866,14.749528899992583,"{""DC-1"": 340.1868755453028, ""DC-2"": 289.54123133695936, ""DC-3"": 327.4987590122379, ""DC-4"": 215.5738167917995, ""DC-5"": 249.81310750533993}"
374,415,1382.8370573950276,1014,1014,0,0,1014,225,14,775,0,1000,950,50,0,136,86,50,17,0,16032.887585289627,1012,380899,380899,200000,200000,0,379900,205.37331914336315,101.44756621805575,103.92575156782927,-115.92380674460189,0.0013082880221248379,0.4120640754699707,0.5344749973284397,0.5357003961744987,115.91494633369295,115.95012541910405,115.92329250682484,14.26763960000244,"{""DC-1"": 306.8121176666829, ""DC-2"": 280.2064828435196, ""DC-3"": 271.0639677119751, ""DC-4"": 227.9838446775013, ""DC-5"": 296.7706444953487}"
375,416,1332.6334883999093,1008,1008,0,0,1008,239,8,761,0,1000,934,66,0,172,106,66,28,0,15485.720011132064,1008,381907,381907,200000,200000,0,380908,185.18381921261076,91.8133066310769,93.37051205076868,-115.22462329410371,0.024383400968093025,0.43083223700523376,0.5072786753021535,0.5355707641750101,115.21046397799537,115.17430914015998,115.21588863645282,14.171150799986208,"{""DC-1"": 256.5216317720023, ""DC-2"": 261.69292409363754, ""DC-3"": 333.10830436531876, ""DC-4"": 183.3791695980671, ""DC-5"": 297.9314585708847}"
376,417,1309.1285118546393,1005,1005,0,0,1005,271,5,729,0,1000,924,76,0,153,77,76,20,0,16238.65316855514,1008,382912,382912,200000,200000,0,381916,210.83779069450168,104.92514374095296,105.91264797557913,-114.76929787227085,-0.00029088228054913797,0.43059051036834717,0.5360276243161588,0.5356157178443576,114.76968662322514,114.79581277332609,114.81554395433456,14.082615199993597,"{""DC-1"": 289.6036575474981, ""DC-2"": 231.8791453379106, ""DC-3"": 320.0583364392516, ""DC-4"": 187.74873483636503, ""DC-5"": 279.8386376936161}"
377,418,1453.3468935029732,1001,1001,0,0,1001,207,1,793,0,1000,963,37,0,109,72,37,16,0,12100.858178078946,1000,383913,383913,200000,200000,0,382916,254.77900882053376,127.41831404972076,127.36069461393356,-114.28936933135986,0.0069707116708159446,0.4361684024333954,0.5275298574864864,0.5356698700785637,114.3152299041748,114.35108850097656,114.27569127655029,13.95025870000245,"{""DC-1"": 298.6026830762789, ""DC-2"": 337.4516997174652, ""DC-3"": 321.66636706470945, ""DC-4"": 233.88422669812678, ""DC-5"": 261.74191694639256}"
378,419,1370.3364708500492,1004,1004,0,0,1004,246,4,754,0,1000,940,60,0,146,86,60,19,0,15962.032430864334,1004,384917,384917,200000,200000,0,383920,241.82828105255902,119.67487400224009,122.15340604155188,-114.01496522455102,0.0030785023827992557,0.4395546019077301,0.5319383833631576,0.5357405256583871,113.9973165276516,114.00579381084061,113.99710244106582,14.166488899994874,"{""DC-1"": 308.19250361272725, ""DC-2"": 258.91184031371, ""DC-3"": 313.2218564103967, ""DC-4"": 239.29500809108453, ""DC-5"": 250.71526242213096}"
379,420,1439.8362732675528,1003,1003,0,0,1003,208,3,792,0,1000,959,41,0,123,82,41,18,0,17609.526109882958,1004,385920,385920,200000,200000,0,384924,192.6316064847893,96.39639911423642,96.23520784596523,-114.82615273312268,-0.005145517275279084,0.43503856658935547,0.542143423659393,0.535772460034169,114.83000832819843,114.83224755549335,114.82691049005881,14.033024500007741,"{""DC-1"": 326.5900696863415, ""DC-2"": 292.44334422864216, ""DC-3"": 305.95496922729154, ""DC-4"": 214.14244282349773, ""DC-5"": 300.705447301779}"
380,421,1297.5410687092212,1001,1001,0,0,1001,197,1,803,0,1000,931,69,0,134,65,69,24,0,16306.930229121499,1000,386921,386921,200000,200000,0,385924,239.33364517307282,119.95885530018806,119.3747904214859,-114.32337493896485,-0.003867817870457657,0.43203237652778625,0.5403629390895367,0.5357001203298569,114.35368766784669,114.34145374298096,114.3361630859375,14.005075699998997,"{""DC-1"": 320.3665783949837, ""DC-2"": 245.85588275964636, ""DC-3"": 246.13467986018463, ""DC-4"": 180.52242465661863, ""DC-5"": 304.66150303778767}"
381,422,1382.4877132589538,1002,1002,0,0,1002,213,2,787,0,1000,946,54,0,125,71,54,25,0,14281.815496201169,1000,387923,387923,200000,200000,0,386924,303.1617939295769,148.15926354694366,155.00252977514268,-115.24643421936035,-0.0035951092888135464,0.4279976785182953,0.5401463554799557,0.5356707589626313,115.27067517089844,115.29216593170166,115.26842959594727,14.185635599977104,"{""DC-1"": 306.37131607193237, ""DC-2"": 297.73916700457727, ""DC-3"": 291.2243197047323, ""DC-4"": 175.8720106813623, ""DC-5"": 311.2808997963511}"
382,423,1301.186077258448,1006,1006,0,0,1006,191,6,809,0,1000,935,65,0,132,67,65,24,0,17679.28838783866,1008,388929,388929,200000,200000,0,387932,251.45689911217917,125.58330900683289,125.87359000813393,-115.28706658832611,0.0012583421263289416,0.42878100275993347,0.5343969411674946,0.535762936645557,115.28502834410895,115.31145571148585,115.25983163288662,13.969389700010652,"{""DC-1"": 306.23013447437563, ""DC-2"": 244.88054901171915, ""DC-3"": 269.60663111074786, ""DC-4"": 169.65290440534372, ""DC-5"": 310.81585825626263}"
383,424,1306.4567773736844,1023,1023,0,0,1023,236,23,764,0,1000,936,64,0,142,78,64,30,0,17430.188561251434,1024,389952,389952,200000,200000,0,388956,176.25370518118143,88.98845867882483,87.26524721644819,-114.18818965554237,0.018762376469794617,0.44366922974586487,0.5129917915328406,0.535627240780741,114.23669915646315,114.19126497209072,114.196373231709,14.601225200021872,"{""DC-1"": 325.8114136417115, ""DC-2"": 281.70423941742166, ""DC-3"": 229.12824412518842, ""DC-4"": 215.62221744523993, ""DC-5"": 254.19066274412296}"
384,425,1318.471749476651,1007,1007,0,0,1007,200,7,800,0,1000,939,61,0,131,70,61,21,0,16542.134572278836,1004,390959,390959,200000,200000,0,389960,212.85678019039185,106.531717683927,106.32506262971111,-114.6044230822073,-0.002712559573439532,0.44117212295532227,0.5391298170643024,0.5357623689203148,114.60061099139817,114.62081328616199,114.59942386824771,14.16551459999755,"{""DC-1"": 309.4710520328768, ""DC-2"": 240.9620672731576, ""DC-3"": 301.53593024779354, ""DC-4"": 190.39727029582826, ""DC-5"": 276.1054296269947}"
385,426,1366.6414346419704,1003,1003,0,0,1003,262,3,738,0,1000,937,63,0,150,87,63,26,0,12942.71135195186,1004,391962,391962,200000,200000,0,390964,233.12519096378313,117.11637136494495,116.00881783325833,-114.69085007169807,0.0061497864574546444,0.4462420344352722,0.5280860056024623,0.5355987558326873,114.64528614211368,114.65757205096848,114.65901503999869,14.161197200010065,"{""DC-1"": 350.2409704822047, ""DC-2"": 223.96324564452075, ""DC-3"": 287.4406601089146, ""DC-4"": 241.35044331177818, ""DC-5"": 263.6461150945556}"
386,427,1225.7377994087383,1002,1002,0,0,1002,272,2,728,0,1000,910,90,0,189,99,90,30,0,15685.466415855126,1004,392964,392964,200000,200000,0,391968,260.76568291671725,131.21430471575118,129.55138006010853,-115.54236336058355,-0.00802697162830319,0.43889960646629333,0.5457173712640645,0.5356288010261924,115.46866875910663,115.5034024136,115.45528720384576,13.963802599988412,"{""DC-1"": 216.19570201442806, ""DC-2"": 267.468690481026, ""DC-3"": 235.7221586839334, ""DC-4"": 229.4636450362158, ""DC-5"": 276.8876031931385}"
387,428,1356.135245674323,1000,1000,0,0,1000,241,0,759,0,1000,941,59,0,139,80,59,18,0,18061.484205808305,1000,393964,393964,200000,200000,0,392968,180.26829562091828,90.7735504693985,89.49474517250061,-114.7083270111084,-0.0016498157817404716,0.43867310881614685,0.5375519208312035,0.5356079350113869,114.74423433685303,114.73317317962646,114.76803569793701,13.953833700012183,"{""DC-1"": 265.34606718710324, ""DC-2"": 256.3999679815967, ""DC-3"": 283.9315153532318, ""DC-4"": 261.6661014782202, ""DC-5"": 288.7915936741714}"
388,429,1434.9281575594982,1004,1004,0,0,1004,253,4,747,0,1000,953,47,0,142,95,47,14,0,14125.856471704052,1004,394968,394968,200000,200000,0,393972,167.88072546212322,84.12558539977587,83.75514035847083,-114.8387378373469,-0.007571692005230255,0.4325425922870636,0.5448346512607369,0.5356264317415625,114.85903314385281,114.83862920966281,114.83581892522683,14.063327799987746,"{""DC-1"": 329.35918201120893, ""DC-2"": 258.11636812728887, ""DC-3"": 321.843838091046, ""DC-4"": 230.0552598254221, ""DC-5"": 295.55350950453334}"
389,430,1449.4012741975796,1007,1007,0,0,1007,238,7,762,0,1000,957,43,0,130,87,43,17,0,13190.401029268513,1004,395975,395975,200000,200000,0,394976,180.0874811843097,89.09073426049069,90.99674599484143,-114.96754927464215,0.0027749592608093208,0.4349666237831116,0.5321831715059471,0.5354861047757099,114.96082761088215,114.94640186203428,114.96173307715185,14.03312820001156,"{""DC-1"": 350.8489407112993, ""DC-2"": 313.97017516507344, ""DC-3"": 296.7828394050702, ""DC-4"": 181.35862308769373, ""DC-5"": 306.4406958284412}"
390,431,1464.4821053388807,1012,1012,0,0,1012,239,12,761,0,1000,963,37,0,141,104,37,18,0,15448.062079818537,1012,396987,396987,200000,200000,0,395988,242.96209136770648,122.0605747134318,120.90151391010511,-114.99140703254066,-0.017306230666866828,0.42132899165153503,0.556134225911067,0.5356214702011568,114.99517731044604,114.96885987232797,114.951492445271,14.185803200001828,"{""DC-1"": 327.52114275953505, ""DC-2"": 268.05399737426615, ""DC-3"": 293.77387290088905, ""DC-4"": 272.36045803891807, ""DC-5"": 302.77263426527367}"
391,432,1407.800881307998,1004,1004,0,0,1004,251,4,749,0,1000,949,51,0,158,107,51,41,0,16911.66422412658,1004,397991,397991,200000,200000,0,396992,234.71293282793812,119.16596256451778,115.54697050421362,-114.60706164447434,-0.00919493106384001,0.4142051637172699,0.546177612179779,0.5356477741226257,114.65288330169312,114.65483790089884,114.64675457259098,13.988669200014556,"{""DC-1"": 369.20559416580124, ""DC-2"": 206.70205468358876, ""DC-3"": 279.13708811972487, ""DC-4"": 274.88004424920257, ""DC-5"": 277.876100089681}"
392,433,1394.121086321267,1002,1002,0,0,1002,250,2,750,0,1000,943,57,0,146,89,57,30,0,16958.32477737478,1004,398993,398993,200000,200000,0,397996,203.04891442492664,101.71798961309798,101.3309257417561,-114.27201629729859,-0.00029972294984159035,0.41366806626319885,0.536137092635926,0.5356515321242382,114.29285933961906,114.29197468700637,114.31895357109161,14.114035500009777,"{""DC-1"": 328.7762446513404, ""DC-2"": 258.4626577405123, ""DC-3"": 278.3270102544956, ""DC-4"": 200.54692165934176, ""DC-5"": 328.0082520155768}"
393,434,1351.210044915886,1002,1002,0,0,1002,241,2,759,0,1000,937,63,0,149,86,63,17,0,15620.69525948157,1000,399995,399995,200000,200000,0,398996,196.9074310493469,99.27470365953445,97.6327267973423,-114.51496303558349,-0.0021100848715286703,0.41282451152801514,0.5381114003956318,0.5356892521381378,114.49984464263916,114.52959616088867,114.52410314178466,13.971543099993141,"{""DC-1"": 284.1633553301084, ""DC-2"": 286.0425561226579, ""DC-3"": 235.5030378822352, ""DC-4"": 229.59422522015055, ""DC-5"": 315.90687036073416}"
394,435,1258.2952523518936,1002,1002,0,0,1002,232,2,768,0,1000,918,82,0,153,71,82,30,0,17658.719005069728,1004,400997,400997,200000,200000,0,400000,281.61752107513854,140.22246069143492,141.39506199112927,-114.87894657788523,-0.008851994732506127,0.40582916140556335,0.545794106248128,0.5357079210271873,114.89139711144436,114.8711919366601,114.87922789281107,14.010557999979937,"{""DC-1"": 336.44224785561374, ""DC-2"": 173.32700270118247, ""DC-3"": 254.3364067352875, ""DC-4"": 196.04986033422458, ""DC-5"": 298.13973472558575}"
395,436,1446.744907471971,1005,1005,0,0,1005,248,5,752,0,1000,956,44,0,141,97,44,18,0,12931.858178078946,1004,402002,402002,200000,200000,0,401004,277.64423089863294,137.35416843715416,140.29006172556325,-114.30800473642539,0.0039033093716971485,0.4082047939300537,0.5313909513007598,0.5356716307629628,114.35457827655442,114.36216201630246,114.32818000155142,14.030624600010924,"{""DC-1"": 331.50924699036125, ""DC-2"": 283.1292700912331, ""DC-3"": 288.16239173473826, ""DC-4"": 249.81891692563727, ""DC-5"": 294.12508173000083}"
396,437,1491.696758657608,1004,1004,0,0,1004,226,4,774,0,1000,965,35,0,111,76,35,15,0,12549.821358226582,1004,403006,403006,200000,200000,0,402008,311.66906331164904,156.35615296572803,155.31290992227684,-113.60693957416184,0.02137540473182504,0.4244125485420227,0.5111535932735143,0.5355433495752365,113.66644980897941,113.69977935091907,113.69083009393091,14.047286299988627,"{""DC-1"": 365.0124824456527, ""DC-2"": 300.2739052054751, ""DC-3"": 284.4509367533278, ""DC-4"": 226.7668820760244, ""DC-5"": 315.1925521771294}"
397,438,1383.5936020424867,1003,1003,0,0,1003,244,3,756,0,1000,945,55,0,152,97,55,20,0,13991.561303224484,1004,404009,404009,200000,200000,0,403012,325.6725426978799,163.48795606938017,162.18458712005994,-114.07963596207212,-0.004598748890369522,0.4210678040981293,0.5409638217958321,0.5355847381738078,114.12352073335077,114.12932632263913,114.14250937686023,13.950030899984995,"{""DC-1"": 222.7349354056736, ""DC-2"": 316.4483887162281, ""DC-3"": 280.5812651037348, ""DC-4"": 243.18580750136573, ""DC-5"": 320.6432053154852}"
398,439,1429.8113878235847,1007,1007,0,0,1007,282,7,718,0,1000,949,51,0,166,115,51,21,0,15739.655048066626,1008,405016,405016,200000,200000,0,404020,203.43993663787842,101.28167265133253,102.15826184574574,-114.41188524639796,0.0033917505412347734,0.4242384731769562,0.5315889497065828,0.5355408178080642,114.45118140417432,114.4373313737294,114.41311862733629,14.332629400014412,"{""DC-1"": 323.5507741987659, ""DC-2"": 342.2301821545869, ""DC-3"": 322.1803723852989, ""DC-4"": 231.57144923803804, ""DC-5"": 210.27860984689516}"
399,440,1412.233324074326,1003,1003,0,0,1003,206,3,794,0,1000,955,45,0,103,58,45,16,0,15262.690164219957,1000,406019,406019,200000,200000,0,405020,236.6419806032181,119.40224712300301,117.23973189473152,-113.61619766998291,0.0020136132591869684,0.424358606338501,0.5333974119722843,0.5355869744420052,113.65483094787598,113.65286580657958,113.67019956207275,14.035151900025085,"{""DC-1"": 320.1535156972089, ""DC-2"": 301.24101500661874, ""DC-3"": 238.91773702331284, ""DC-4"": 283.63631228196823, ""DC-5"": 268.2847440652172}"
400,441,1426.0807405480814,1008,1008,0,0,1008,270,8,730,0,1000,951,49,0,141,92,49,52,0,15704.859551755493,1008,407027,407027,200000,200000,0,406028,199.09544353116127,98.07552301150466,101.01992036638752,-113.29483688445319,-0.0007343649610577684,0.42414307594299316,0.5364766546658107,0.5356341193592737,113.35897797629947,113.3204963926285,113.36389698301043,14.021822899987455,"{""DC-1"": 224.44025808226155, ""DC-2"": 314.8244509049809, ""DC-3"": 311.4721836040677, ""DC-4"": 272.79835214794826, ""DC-5"": 302.54549580882286}"
401,442,1351.2840994305623,1004,1004,0,0,1004,296,4,704,0,1000,932,68,0,183,115,68,28,0,15879.261611352313,1004,408031,408031,200000,200000,0,407032,195.90839450577815,97.1456338414158,98.76276287115903,-114.57592281782294,-0.012389525650899331,0.4137325882911682,0.5501289776715624,0.535706691889174,114.6011957343356,114.58626381619518,114.59755170297812,14.025431399990339,"{""DC-1"": 266.50220805470633, ""DC-2"": 263.1122927763321, ""DC-3"": 296.8444554119276, ""DC-4"": 258.309201445352, ""DC-5"": 266.5159417422458}"
402,443,1461.9639328815726,1005,1005,0,0,1005,249,5,751,0,1000,960,40,0,159,119,40,16,0,16578.179342370993,1008,409036,409036,200000,200000,0,408040,298.87572922971515,148.9933303968301,149.88239914983038,-114.09793348161001,-0.0005439994174161083,0.4136551022529602,0.5361372426093097,0.5355792277389102,114.16046096408178,114.1848262453836,114.14981460571289,14.085504100017715,"{""DC-1"": 354.43773613041725, ""DC-2"": 239.33120138860957, ""DC-3"": 301.7176732507318, ""DC-4"": 276.85817820787787, ""DC-5"": 289.61914390393656}"
403,444,1370.3575067807176,1026,1026,0,0,1026,238,26,762,0,1000,947,53,0,151,98,53,20,0,13738.188561251434,1024,410062,410062,200000,200000,0,409064,316.9119467632845,156.792770545464,160.1191760536749,-115.06464022397995,-0.01943893191969437,0.39878103137016296,0.5573493114497978,0.5356547034461983,115.10227186977863,115.17108494788408,115.13884352892637,14.372520800010534,"{""DC-1"": 386.05048604741415, ""DC-2"": 264.190430387211, ""DC-3"": 241.17602910196368, ""DC-4"": 229.9506477631186, ""DC-5"": 248.9899134810116}"
404,445,1469.1730174579743,1014,1014,0,0,1014,167,14,833,0,1000,973,27,0,77,50,27,14,0,13872.977692795272,1016,411076,411076,200000,200000,0,410080,278.3981062934155,139.117284396502,139.2808224084809,-115.17569827282523,0.016054100186268867,0.4102935492992401,0.5181006770434342,0.5357519194601089,115.23938918676902,115.23796652245709,115.20674598874069,14.321552999987034,"{""DC-1"": 380.9032700569325, ""DC-2"": 270.379450359029, ""DC-3"": 292.62664832907814, ""DC-4"": 232.90133748871003, ""DC-5"": 292.36231122422475}"
405,446,1483.0157005863612,1014,1014,0,0,1014,224,14,776,0,1000,970,30,0,127,97,30,22,0,12998.964368939576,1012,412090,412090,200000,200000,0,411092,291.0253838866125,143.509475520477,147.51591107402393,-115.2726848587217,0.008610659561454955,0.4184137284755707,0.5258562339565499,0.5356845875738167,115.29611774489814,115.30309017467876,115.28204607303906,14.162533599999733,"{""DC-1"": 323.26551523491247, ""DC-2"": 342.98372892407286, ""DC-3"": 309.52758655999406, ""DC-4"": 258.7468480930916, ""DC-5"": 248.49202177429024}"
406,447,1396.5766512248224,1029,1029,0,0,1029,227,29,773,0,1000,955,45,0,125,80,45,37,0,15889.77545408794,1028,413119,413119,200000,200000,0,412120,305.1669119902622,150.89935347147951,154.2675600984217,-114.09578924513049,-0.008939006807715614,0.4112040400505066,0.5458999927579661,0.5356263084054457,114.19404481078864,114.19123294845166,114.17367368171188,14.304075099993497,"{""DC-1"": 321.4773071897599, ""DC-2"": 323.29554606593797, ""DC-3"": 290.09333219227835, ""DC-4"": 216.67286649885102, ""DC-5"": 245.03759927799618}"
407,448,1478.8247692681293,1032,1032,0,0,1032,227,32,773,0,1000,973,27,0,127,100,27,18,0,15838.813319241748,1032,414151,414151,200000,200000,0,413152,399.22382135308067,197.4301810791326,201.79364229334416,-115.705015271209,-0.0026425088098355706,0.4092434048652649,0.5384944887875125,0.535520969030931,115.7224747192028,115.74250874038815,115.74169425077217,14.477833599987207,"{""DC-1"": 376.5469897904661, ""DC-2"": 318.0150764944615, ""DC-3"": 287.2047717992719, ""DC-4"": 277.77586247679994, ""DC-5"": 219.28206870712972}"
408,449,1344.739320085835,1026,1026,0,0,1026,243,26,757,0,1000,941,59,0,137,78,59,29,0,12275.562704634227,1028,415177,415177,200000,200000,0,414180,298.084614951323,148.21336196461542,149.87125472915776,-115.54620910525786,0.012119588476120121,0.41874125599861145,0.5218821051403706,0.5354893248716681,115.65175129931261,115.61857889227366,115.67449343343652,14.243277200002922,"{""DC-1"": 387.7894766618145, ""DC-2"": 267.39599745037293, ""DC-3"": 178.989377653181, ""DC-4"": 267.07424193482785, ""DC-5"": 243.49022638563872}"
409,450,1388.562400390375,1016,1016,0,0,1016,245,16,755,0,1000,947,53,0,174,121,53,29,0,13234.582751801341,1016,416193,416193,200000,200000,0,415196,253.3010072374907,122.83533759356483,130.4656691560595,-115.73649810430572,0.009555437300522907,0.42722395062446594,0.5244949829332003,0.5355866756730192,115.79866834325115,115.83571682577058,115.85245215048002,14.054169599985471,"{""DC-1"": 303.31364680283485, ""DC-2"": 283.3966695127241, ""DC-3"": 303.3965619375489, ""DC-4"": 202.88076989655838, ""DC-5"": 295.5747522407095}"
410,451,1458.4552308991674,1015,1015,0,0,1015,229,15,771,0,1000,963,37,0,145,108,37,14,0,16461.585097121555,1016,417208,417208,200000,200000,0,416212,255.1739300480039,125.76465541241676,129.40927475737774,-115.29958871405894,0.0028753399775147174,0.4296334981918335,0.5321653279087205,0.5354811543320107,115.3873524252824,115.36711155148004,115.35695995871477,14.136344700003974,"{""DC-1"": 376.75137029195895, ""DC-2"": 266.367438202966, ""DC-3"": 262.17839229964267, ""DC-4"": 249.0829889065658, ""DC-5"": 304.0750411980351}"
411,452,1505.771875918445,1013,1013,0,0,1013,222,13,778,0,1000,974,26,0,112,86,26,15,0,13837.130081967693,1012,418221,418221,200000,200000,0,417224,302.0681969968698,150.8063193880051,151.26187748282322,-116.90444990014842,-0.012199920159948644,0.41890180110931396,0.5500344940913996,0.5356842138079315,116.98601663913651,116.96459310328065,116.98026743048264,14.080052000004798,"{""DC-1"": 371.5806783590393, ""DC-2"": 268.6105260303095, ""DC-3"": 340.06474740497634, ""DC-4"": 237.6080665935726, ""DC-5"": 287.90785753054615}"
412,453,1451.7741723251752,1007,1007,0,0,1007,222,7,778,0,1000,962,38,0,134,96,38,22,0,12523.537220416008,1008,419228,419228,200000,200000,0,418232,331.8408758214542,165.93650722101566,165.90436933485287,-117.52887785623945,-0.00034625189390868715,0.41902679204940796,0.5359132532917318,0.5355184601531142,117.66197034290859,117.6447693052746,117.67061991918655,14.048864699987462,"{""DC-1"": 318.5922900410895, ""DC-2"": 284.193866669495, ""DC-3"": 281.01546407069605, ""DC-4"": 245.28320440762388, ""DC-5"": 322.68934713627345}"
413,454,1337.162896703872,1004,1004,0,0,1004,264,4,736,0,1000,931,69,0,165,96,69,33,0,13526.261611352313,1004,420232,420232,200000,200000,0,419236,327.1281410536443,161.7561019844268,165.37203729627618,-116.99696809077167,0.013447153756526704,0.430277019739151,0.5198621232789826,0.5354427066575959,117.09427904987716,117.07275272840522,117.10810785179594,14.014311799983261,"{""DC-1"": 339.2784506058959, ""DC-2"": 307.76895990238455, ""DC-3"": 160.34479680604795, ""DC-4"": 247.4715794138012, ""DC-5"": 282.2991099757421}"
414,455,1517.3238414930036,1004,1004,0,0,1004,191,4,809,0,1000,977,23,0,90,67,23,26,0,11477.522640378935,1004,421236,421236,200000,200000,0,420240,295.5652365879234,149.29935633637515,146.26588356946095,-116.54870869153999,0.012534192167394109,0.441873699426651,0.52044228191276,0.5355200209465635,116.67684089235101,116.6498561418389,116.70148023476163,13.91341690000263,"{""DC-1"": 375.7620929956546, ""DC-2"": 321.93555915744923, ""DC-3"": 267.72443772840387, ""DC-4"": 244.5368129129146, ""DC-5"": 307.3649386985814}"
415,456,1209.4515795931568,1010,1010,0,0,1010,237,10,763,0,1000,912,88,0,151,63,88,49,0,16221.719005069728,1008,422246,422246,200000,200000,0,421248,294.4282198004306,146.6544657588478,147.77375557616588,-117.14300146557036,-0.004695129593730801,0.43743622303009033,0.5414561468457418,0.5356164209781185,117.20566473309955,117.22506136364407,117.25140090215774,14.071242400008487,"{""DC-1"": 314.6587100459298, ""DC-2"": 170.5873944752758, ""DC-3"": 205.1017939168912, ""DC-4"": 225.04549465122497, ""DC-5"": 294.0581865038357}"
416,457,1389.3581012529612,1069,1069,0,0,1069,249,69,751,0,1000,959,41,0,154,113,41,22,0,13757.719005069728,1068,423315,423315,200000,200000,0,422316,388.6228397339024,193.12271882398298,195.5001199531198,-118.55117007766323,-0.03110285392855137,0.41553163528442383,0.5721206807353524,0.5356370006384474,118.55629429477878,118.55196922102225,118.50571040892869,15.004944999993313,"{""DC-1"": 278.2672374608761, ""DC-2"": 310.20176847289264, ""DC-3"": 245.69079326508836, ""DC-4"": 209.2617040385887, ""DC-5"": 345.9365980155141}"
417,458,1435.602702484001,1010,1010,0,0,1010,218,10,782,0,1000,959,41,0,131,90,41,15,0,16195.465904271223,1012,424325,424325,200000,200000,0,423328,271.879161840371,136.5368950609633,135.34226603046235,-119.0619148736886,-0.01423721690961296,0.40628793835639954,0.5517101165923205,0.5355335114737273,119.06340067565677,119.07738795676251,119.07460561759858,14.157512000005227,"{""DC-1"": 274.7210636095341, ""DC-2"": 291.9534737896605, ""DC-3"": 330.3589408121218, ""DC-4"": 239.31650798715415, ""DC-5"": 299.2527162855279}"
418,459,1310.7007903639678,1061,1061,0,0,1061,237,61,763,0,1000,942,58,0,146,88,58,22,0,13903.05007181681,1060,425386,425386,200000,200000,0,424388,333.13275830250865,165.66486473105988,167.4678935127438,-119.55872259319953,-0.0002782922936603427,0.406370609998703,0.5358593904747153,0.535531397585599,119.49573416080115,119.45932155825056,119.47616892400778,14.815151600021636,"{""DC-1"": 221.552149741185, ""DC-2"": 309.17627196279795, ""DC-3"": 203.64717457114327, ""DC-4"": 246.89192655600849, ""DC-5"": 329.4332675328339}"
419,460,1486.977438493125,1003,1003,0,0,1003,164,3,836,0,1000,975,25,0,100,75,25,16,0,19088.077263983418,1004,426389,426389,200000,200000,0,425392,325.8108173129093,163.94736599969673,161.863451264294,-120.46368325374041,-0.005612585647449091,0.40075960755348206,0.5417405985206721,0.5354835353643296,120.37624378128356,120.35726590555502,120.43544448609371,13.994780599983642,"{""DC-1"": 314.26086243714906, ""DC-2"": 300.3888872515924, ""DC-3"": 321.6520937132454, ""DC-4"": 237.94931602781753, ""DC-5"": 312.72627906331985}"
420,461,1264.0296898168172,1199,1199,0,0,1199,154,199,846,0,1000,973,27,0,73,46,27,13,0,14944.719005069728,1200,427588,427588,200000,200000,0,426592,522.3364945888519,261.0163777565956,261.3201185909907,-121.89064281463624,0.07173532530277346,0.4413449168205261,0.451965724080801,0.535463344802459,121.50412736256918,121.45272751490275,121.39320088704427,16.692910200014012,"{""DC-1"": 211.42201353784017, ""DC-2"": 228.16548110966903, ""DC-3"": 42.087296247602566, ""DC-4"": 187.31985078721112, ""DC-5"": 595.0350481344939}"
421,462,1429.2570169617163,1025,1025,0,0,1025,186,25,814,0,1000,964,36,0,99,63,36,14,0,13660.69525948157,1024,428613,428613,200000,200000,0,427616,324.6371777225286,161.0919200796634,163.54526130948216,-122.50414786487818,-0.010750753029014959,0.43478113412857056,0.5486097505199723,0.5355237332987599,122.48670162260532,122.4874387010932,122.51744442433119,14.29762130000745,"{""DC-1"": 315.6355809528203, ""DC-2"": 275.15631309626514, ""DC-3"": 299.7508782083155, ""DC-4"": 207.9408734740395, ""DC-5"": 330.7733712302762}"
422,463,1403.4862198583007,1091,1091,0,0,1091,175,91,825,0,1000,974,26,0,76,50,26,11,0,17334.99759914723,1092,429704,429704,200000,200000,0,428708,468.387476512364,231.5274778635074,236.860000141811,-124.4297524825994,-0.0004877475373474233,0.43505850434303284,0.5362442860946114,0.5355406084776798,123.95017650450542,123.92677905882671,123.95031714526725,15.117681600007927,"{""DC-1"": 279.2777903275065, ""DC-2"": 265.0320890800841, ""DC-3"": 225.7680998563955, ""DC-4"": 204.46738139575362, ""DC-5"": 428.9408591985616}"
423,464,1200.442855102097,1135,1135,0,0,1135,216,135,784,0,1000,935,65,0,125,60,65,27,0,14974.719005069728,1132,430839,430839,200000,200000,0,429840,375.8920069448518,187.57720519797118,188.31480508010716,-128.27584609041787,-0.0025890568993630235,0.43264850974082947,0.5384715083894376,0.535388424939907,127.96070838901264,127.93290206316082,127.929539919742,15.776148700009799,"{""DC-1"": 203.99615411374063, ""DC-2"": 132.43408882235096, ""DC-3"": 198.26534673810292, ""DC-4"": 179.62443331285425, ""DC-5"": 486.1228321150472}"
424,465,1357.9797147387708,1099,1099,0,0,1099,221,99,779,0,1000,957,43,0,127,84,43,19,0,18603.41593409813,1100,431938,431938,200000,200000,0,430940,285.97242408579046,144.25253905859861,141.71988461451096,-128.71725789156827,0.005768720255423845,0.4376990497112274,0.5286591526324099,0.5354292485930703,128.54537551879883,128.5472032997825,128.62301954096014,15.813081000000238,"{""DC-1"": 309.25986184633496, ""DC-2"": 261.83128356379626, ""DC-3"": 254.7655715534681, ""DC-4"": 61.7310189911993, ""DC-5"": 470.3919787839716}"
425,466,1353.394681324763,1121,1121,0,0,1121,259,121,741,0,1000,957,43,0,128,85,43,24,0,17170.655590798095,1120,433059,433059,200000,200000,0,432060,293.40718552640504,147.48552541051592,145.92165973867688,-127.48621873174395,-0.021710713003163358,0.4175333082675934,0.5609124880284071,0.535365960800222,127.71496957370213,127.6777474471501,127.73951978002276,15.322338199999649,"{""DC-1"": 366.3209275680889, ""DC-2"": 23.553442974104293, ""DC-3"": 241.20567126541297, ""DC-4"": 247.50988216933683, ""DC-5"": 474.8047573478192}"
426,467,1402.3242126016864,1072,1072,0,0,1072,187,72,813,0,1000,965,35,0,111,76,35,23,0,13930.208944172386,1072,434131,434131,200000,200000,0,433132,271.485761177184,135.4162270586882,136.06953604852976,-126.68677979084983,-0.01955292964051825,0.4010792076587677,0.5574803042934456,0.535503701821192,126.80144650900542,126.84426710498867,126.8282563366107,14.383069100003922,"{""DC-1"": 367.47285247331837, ""DC-2"": 196.17957195305712, ""DC-3"": 329.39721580982945, ""DC-4"": 181.57006102560143, ""DC-5"": 327.70451133987854}"
427,468,1333.2266557053492,1081,1081,0,0,1081,226,81,774,0,1000,951,49,0,131,82,49,21,0,16609.65397338411,1084,435212,435212,200000,200000,0,434216,205.39270032815827,102.00395878610576,103.38874257226712,-125.80757402933831,0.00077407169684156,0.401774138212204,0.5345412755309435,0.5353648554245044,126.02815596379916,126.03069182251652,126.09969446667886,14.560370199993486,"{""DC-1"": 186.60847787484158, ""DC-2"": 276.6876024603596, ""DC-3"": 241.90654970489737, ""DC-4"": 239.0542571309053, ""DC-5"": 388.9697685343456}"
428,469,1434.3981885010446,1047,1047,0,0,1047,192,47,808,0,1000,969,31,0,97,66,31,12,0,16615.593553376682,1044,436259,436259,200000,200000,0,435260,315.93314185087706,159.6129898435768,156.3201529993408,-124.36262795751578,0.003182973747027474,0.40438616275787354,0.5318644816676775,0.5352782758944793,124.55785616147564,124.5567310961727,124.57716315550823,13.989056799997343,"{""DC-1"": 279.26970809376354, ""DC-2"": 318.20197593386814, ""DC-3"": 226.4979935464269, ""DC-4"": 228.19655846815922, ""DC-5"": 382.23195245882545}"
429,470,1413.3933417081755,1042,1042,0,0,1042,239,42,761,0,1000,960,40,0,134,94,40,35,0,17945.363196113205,1044,437301,437301,200000,200000,0,436304,318.5886232533217,157.59546987375538,160.99315406216516,-124.26746727954382,-0.0037644857434124125,0.4009060561656952,0.5397249292368176,0.5354682293317327,124.50960984357928,124.50551749920022,124.49328279312543,13.983720699994592,"{""DC-1"": 263.7368314661596, ""DC-2"": 324.5207332515702, ""DC-3"": 217.14336603284622, ""DC-4"": 261.26186743919897, ""DC-5"": 346.73054351839977}"
430,471,1179.639117955789,1173,1173,0,0,1173,175,173,825,0,1000,946,54,0,101,47,54,30,0,15452.317873312404,1172,438474,438474,200000,200000,0,437476,394.09360226510734,197.56543515078442,196.52816551577922,-125.83570447798068,-0.00023221832190707022,0.40052467584609985,0.5357314476126697,0.5353394207185446,125.91101971258482,125.90335674741569,125.94226743418201,15.782959400006803,"{""DC-1"": 251.34976752069156, ""DC-2"": 101.77374377712964, ""DC-3"": 219.9365832677346, ""DC-4"": 140.39100566663356, ""DC-5"": 466.1880177236002}"
431,472,1353.1293993799509,1064,1064,0,0,1064,224,64,776,0,1000,956,44,0,123,79,44,24,0,16635.99759914723,1064,439538,439538,200000,200000,0,438540,545.0650073818695,270.77862720292313,274.2863798858528,-127.59230197820449,0.023576495313799864,0.4222090244293213,0.5088397187453911,0.5353437634675127,127.7351438909545,127.76397496417053,127.78072149233711,14.228890099999262,"{""DC-1"": 349.6302203857952, ""DC-2"": 228.70816689686833, ""DC-3"": 108.14828395883569, ""DC-4"": 285.92123785758827, ""DC-5"": 380.7214902808645}"
432,473,1398.2636399687692,1011,1011,0,0,1011,204,11,796,0,1000,952,48,0,103,55,48,25,0,13565.853661397183,1012,440549,440549,200000,200000,0,439552,626.2728366597368,316.8755100842992,309.3973291155849,-127.83382672848909,0.0024513044763124535,0.42356985807418823,0.5326557935992249,0.5353180621216891,128.0073861736554,128.0669161830495,128.0830966738373,13.585817200015299,"{""DC-1"": 356.43304272684327, ""DC-2"": 245.953492987677, ""DC-3"": 305.6112924183013, ""DC-4"": 199.4635151583332, ""DC-5"": 290.8022966776148}"
433,474,1344.6228556022743,1004,1004,0,0,1004,200,4,800,0,1000,943,57,0,131,74,57,31,0,17558.039218902042,1004,441553,441553,200000,200000,0,440556,306.004317802262,151.44670880363282,154.55760767497864,-127.44665053926141,0.01189369493279146,0.4341718852519989,0.5211637344552701,0.5352791211757052,127.70164865136621,127.69145968615771,127.8005988892331,13.515522300003795,"{""DC-1"": 256.1002213963327, ""DC-2"": 266.97126241279386, ""DC-3"": 267.4088854250957, ""DC-4"": 230.79845975495064, ""DC-5"": 323.34402661309974}"
434,475,1447.8514387916814,1003,1003,0,0,1003,153,3,847,0,1000,969,31,0,81,50,31,19,0,16170.930229121499,1004,442556,442556,200000,200000,0,441560,511.70383952528357,251.8638550907492,259.83998194063804,-126.79745595103716,0.016860121293401576,0.44958844780921936,0.5146969376332257,0.5352760640629735,127.01541197727401,126.97013422597452,127.02584537946845,13.538043999986257,"{""DC-1"": 274.0233514749357, ""DC-2"": 307.29241943110264, ""DC-3"": 330.17049961161496, ""DC-4"": 231.12337214101981, ""DC-5"": 305.24179613300936}"
435,476,1349.8594175402156,1001,1001,0,0,1001,178,1,822,0,1000,946,54,0,101,47,54,18,0,19006.150440305373,1000,443557,443557,200000,200000,0,442560,520.1727554707527,261.00626988649367,259.1664849143028,-125.66526021575928,-0.009275407688692212,0.4411036968231201,0.5468881850540638,0.5353215746879577,125.83141390228272,125.89539581298828,125.8301513519287,13.454439399996772,"{""DC-1"": 260.4998751492842, ""DC-2"": 239.52212449532064, ""DC-3"": 292.1290185780552, ""DC-4"": 245.83831982150448, ""DC-5"": 311.87007949605044}"
436,477,1413.458217368367,1006,1006,0,0,1006,241,6,759,0,1000,951,49,0,156,107,49,18,0,18196.701603158235,1004,444563,444563,200000,200000,0,443564,442.4582332662377,219.51208577877972,222.9461472993828,-125.83467603584684,-0.010300408361667018,0.4325176775455475,0.5479056660041391,0.5353834374967325,126.05286393032605,126.02949763294235,126.0454501497793,13.582240499992622,"{""DC-1"": 272.9618777616296, ""DC-2"": 360.3632689064812, ""DC-3"": 228.10684192710593, ""DC-4"": 230.09207327809963, ""DC-5"": 321.9341554950513}"
437,478,1264.7035058254544,1005,1005,0,0,1005,218,5,782,0,1000,924,76,0,138,62,76,49,0,17262.459051503523,1008,445568,445568,200000,200000,0,444572,617.0168833193325,307.8812935730768,309.1355862390427,-126.68777810202704,-0.005783258598909477,0.4277767241001129,0.5422763445725044,0.5353635258026539,126.84422658738636,126.79303833038088,126.79706308576796,13.60224899998866,"{""DC-1"": 293.262983907341, ""DC-2"": 289.79293583695693, ""DC-3"": 166.92979028393134, ""DC-4"": 215.9273739007328, ""DC-5"": 298.79042189649334}"
438,479,1312.10934609012,1002,1002,0,0,1002,233,2,767,0,1000,932,68,0,170,102,68,28,0,16543.29042922591,1000,446570,446570,200000,200000,0,445572,545.9117219095231,274.3999806427956,271.51173927927016,-126.5970478515625,0.006306559888413176,0.4327290952205658,0.5279899123609066,0.535330249607563,126.72374672698975,126.74729398345947,126.77193984985351,13.495082999987062,"{""DC-1"": 273.5614898158176, ""DC-2"": 254.39609020293332, ""DC-3"": 246.28795299906096, ""DC-4"": 240.81582108436746, ""DC-5"": 297.0479919879426}"
439,480,1273.1218486717523,1004,1004,0,0,1004,229,4,771,0,1000,924,76,0,146,70,76,24,0,14210.18561101524,1004,447574,447574,200000,200000,0,446576,749.6654929392841,375.82192985612556,373.8435603836143,-125.83366933571865,-0.002826784506432742,0.430986225605011,0.538778739888592,0.5354232995871053,125.89551320778897,125.87472539498987,125.88447120180167,13.593589200027054,"{""DC-1"": 263.232049397928, ""DC-2"": 192.1868800206927, ""DC-3"": 211.63614310637942, ""DC-4"": 268.26520575566684, ""DC-5"": 337.80157039108616}"
440,481,1359.5795326041714,1005,1005,0,0,1005,229,5,771,0,1000,941,59,0,124,65,59,24,0,15009.039218902042,1004,448579,448579,200000,200000,0,447580,758.3746955005296,378.2214311845749,380.15326949847173,-126.47818505336564,0.0015710154515820966,0.4316164553165436,0.5337107999035087,0.5353796691058641,126.6209098542354,126.53335262009821,126.51955782369788,13.48038359999191,"{""DC-1"": 298.9188190027639, ""DC-2"": 227.94268286151188, ""DC-3"": 284.97798533471456, ""DC-4"": 254.05125513221387, ""DC-5"": 293.6887902729679}"
441,482,1327.1974440376798,1007,1007,0,0,1007,207,7,793,0,1000,938,62,0,115,53,62,18,0,16160.719005069728,1008,449586,449586,200000,200000,0,448588,516.805019314327,259.581481442565,257.22354122286754,-123.73626459212531,0.007799368141503591,0.4372888207435608,0.5259620975703001,0.53525230193895,123.83699473880586,123.86267936040484,123.85732884634109,13.526780999993207,"{""DC-1"": 267.9142691696206, ""DC-2"": 280.83664837784795, ""DC-3"": 295.90617130664054, ""DC-4"": 196.19933580285047, ""DC-5"": 286.34101938072297}"
442,483,1312.3444816428946,1003,1003,0,0,1003,211,3,789,0,1000,934,66,0,131,65,66,26,0,14079.441464389913,1004,450589,450589,200000,200000,0,449592,501.6754786455299,250.2474319949093,251.42804533741864,-121.91889162557534,0.002121396895694691,0.4390038847923279,0.5328784780020258,0.535355101662328,122.02812337685391,122.1221882413583,122.05132885663159,13.548457600001711,"{""DC-1"": 278.15435251408655, ""DC-2"": 278.0372963266915, ""DC-3"": 167.21953460175925, ""DC-4"": 256.44493962558664, ""DC-5"": 332.488358574771}"
443,484,1479.4478302164823,1004,1004,0,0,1004,204,4,796,0,1000,969,31,0,102,71,31,14,0,14438.059443257227,1004,451593,451593,200000,200000,0,450596,477.24998401455673,236.96580143468788,240.28418586382352,-121.46684079721155,-0.006781683108617229,0.4341627359390259,0.5435373885519951,0.5354535323215196,121.57578396892167,121.55348305113287,121.6171391247753,13.571439399995143,"{""DC-1"": 314.113039629903, ""DC-2"": 314.37373593607913, ""DC-3"": 334.61141893653246, ""DC-4"": 242.06563573137677, ""DC-5"": 274.28399998259175}"
444,485,1489.3711417651807,1000,1000,0,0,1000,261,0,739,0,1000,962,38,0,151,113,38,18,0,14882.030516477142,1000,452593,452593,200000,200000,0,451596,380.83473352241515,191.35261656856537,189.48211487197875,-120.94109657287598,-0.004144983124686405,0.43023213744163513,0.5404896500110626,0.5353139053583145,121.0349341659546,121.09651900482177,121.07864100646972,13.544438200013246,"{""DC-1"": 278.45911622584873, ""DC-2"": 304.4954133985369, ""DC-3"": 331.2774906238974, ""DC-4"": 245.48165202466268, ""DC-5"": 329.65746949223586}"
445,486,1423.8872093350017,1005,1005,0,0,1005,227,5,773,0,1000,954,46,0,123,77,46,19,0,16154.989082663846,1004,453598,453598,200000,200000,0,452600,472.2125883862317,235.3400169848446,236.87256822381838,-121.04883325432401,-0.00436575010588645,0.4265521168708801,0.5404263573932457,0.5353063581236805,121.13988936374862,121.11554753732871,121.14402289219586,13.60829659999581,"{""DC-1"": 325.7548294262176, ""DC-2"": 243.71686216004102, ""DC-3"": 293.41745497701487, ""DC-4"": 263.1359211477495, ""DC-5"": 297.86214162397937}"
446,487,1323.638026099783,1001,1001,0,0,1001,211,1,789,0,1000,938,62,0,143,81,62,33,0,18338.522145741972,1000,454599,454599,200000,200000,0,453600,514.0997527589798,255.83319207692145,258.2665630412102,-122.27449087524414,0.001997586463810876,0.42794543504714966,0.5332342810332775,0.5354413371682167,122.26708240509033,122.2481399230957,122.32025177764892,13.433508899994195,"{""DC-1"": 233.84252028489598, ""DC-2"": 280.7059718232003, ""DC-3"": 228.37263659251226, ""DC-4"": 279.94272433126764, ""DC-5"": 300.7741730679063}"
447,488,1387.4865380819178,1004,1004,0,0,1004,251,4,749,0,1000,943,57,0,150,93,57,21,0,15214.905851802296,1004,455603,455603,200000,200000,0,454604,560.0567063088436,275.2706561644239,284.78605189171446,-122.2155257981137,-0.019710280413950877,0.41328340768814087,0.5581369028089056,0.5353068699281054,122.3126241600371,122.24909315831158,122.30474633144668,13.672033999988344,"{""DC-1"": 356.4803074461484, ""DC-2"": 250.34006318887936, ""DC-3"": 253.87027217951027, ""DC-4"": 227.07901279743427, ""DC-5"": 299.71688246994324}"
448,489,1488.2945808108145,1003,1003,0,0,1003,192,3,808,0,1000,974,26,0,108,82,26,11,0,13549.719005069728,1004,456606,456606,200000,200000,0,455608,559.8123215061735,278.8778167120014,280.9345070266154,-121.84770527873856,0.008845591331151243,0.4201648533344269,0.5253921584244743,0.5354423792476198,121.91688228318415,121.91180769475808,121.89949191424002,13.574690799985547,"{""DC-1"": 289.8803728078903, ""DC-2"": 347.10832454939685, ""DC-3"": 299.4536307451204, ""DC-4"": 255.75176439101116, ""DC-5"": 296.10048831739624}"
449,490,1408.8801375427006,1002,1002,0,0,1002,239,2,761,0,1000,949,51,0,141,90,51,22,0,15778.330502574825,1004,457608,457608,200000,200000,0,456612,522.6445365892464,260.98760814210806,261.6569314342571,-121.43043594056391,-0.004024309781936565,0.4163993299007416,0.5401008767613852,0.5353502900120747,121.50433174072509,121.54851319210462,121.54154351982937,13.518520599987824,"{""DC-1"": 276.2280491656536, ""DC-2"": 318.1424613097148, ""DC-3"": 279.89517779398955, ""DC-4"": 207.19201403937222, ""DC-5"": 327.4224352339723}"
450,491,1347.3230246133578,1007,1007,0,0,1007,237,7,763,0,1000,936,64,0,128,64,64,17,0,16237.360164026679,1004,458615,458615,200000,200000,0,457616,605.2418611087647,304.1366215963288,301.10524288021713,-122.4425059390733,0.016037408711455495,0.4289413392543793,0.5167700991746914,0.5353708703560658,122.44427324576206,122.44514216844779,122.51151521842318,13.543792699987534,"{""DC-1"": 381.58536400156396, ""DC-2"": 208.19827154098937, ""DC-3"": 234.39156063893319, ""DC-4"": 193.3716985135443, ""DC-5"": 329.77612991832757}"
451,492,1414.1507497094585,1009,1009,0,0,1009,215,9,785,0,1000,954,46,0,111,65,46,31,0,15205.937995193108,1012,459624,459624,200000,200000,0,458628,622.6810056192602,307.72231324317426,314.95869325460654,-122.95744902720094,-0.008627972217955858,0.4219905436038971,0.5456304796658485,0.5353604427910605,122.97741324534059,123.01551807539265,122.99527036342697,13.664832899987232,"{""DC-1"": 358.6889968417664, ""DC-2"": 258.30200783853127, ""DC-3"": 270.0756179663824, ""DC-4"": 247.92166848442852, ""DC-5"": 279.16245857834986}"
452,493,1499.7661478406744,1002,1002,0,0,1002,205,2,795,0,1000,974,26,0,95,69,26,14,0,14836.070140117308,1000,460626,460626,200000,200000,0,459628,707.6384054002762,358.89179563236235,348.74660800266264,-124.30381211853027,0.00014836764859501274,0.4227704703807831,0.534990441441536,0.5352839748859406,124.26547913360595,124.29139890289306,124.16466049957275,13.45753970000078,"{""DC-1"": 294.72661900936606, ""DC-2"": 340.98779165712654, ""DC-3"": 306.7427229800917, ""DC-4"": 277.0759982949815, ""DC-5"": 280.23301589910807}"
453,494,1368.8439660334684,1005,1005,0,0,1005,244,5,756,0,1000,941,59,0,148,89,59,40,0,13828.068999963041,1004,461631,461631,200000,200000,0,460632,617.6240924411561,306.3494684700947,311.2746266720304,-123.22364608035144,-0.012385750403006253,0.4135795831680298,0.549850163439593,0.5353358198565791,123.2336415522602,123.30046525324484,123.30876250855951,13.618380400002934,"{""DC-1"": 346.2715554302679, ""DC-2"": 282.4434387550326, ""DC-3"": 202.43418779604264, ""DC-4"": 247.8366662094582, ""DC-5"": 289.858117842668}"
454,495,1418.867875706061,1012,1012,0,0,1012,246,12,754,0,1000,954,46,0,136,90,46,14,0,15785.307241864135,1012,462643,462643,200000,200000,0,461644,634.6049188003238,323.9029760162821,310.70194857770747,-124.88877917655371,-0.0019654909907122374,0.4125869870185852,0.5375284274281721,0.5352774685903972,124.85383764274506,124.95693984804417,124.94462795785293,13.58637199999066,"{""DC-1"": 188.90980906347923, ""DC-2"": 308.2117554532831, ""DC-3"": 333.1767141819867, ""DC-4"": 251.3638265581152, ""DC-5"": 337.20577044919946}"
455,496,1415.1147823337235,1007,1007,0,0,1007,216,7,784,0,1000,954,46,0,99,53,46,19,0,17830.188561251434,1008,463650,463650,200000,200000,0,462652,1005.2412777959354,506.3898074078181,498.8514688355582,-125.14254052298409,-0.025505929612249713,0.39495769143104553,0.5634776284652097,0.5352653349557567,125.12907683660113,125.13084836990114,125.23369014073931,13.563904399983585,"{""DC-1"": 281.18155875293377, ""DC-2"": 300.92705711882513, ""DC-3"": 274.31266317377117, ""DC-4"": 271.2937093148902, ""DC-5"": 287.3997939733037}"
456,497,1415.2725968221703,1001,1001,0,0,1001,247,1,753,0,1000,949,51,0,120,69,51,29,0,17909.16878091009,1000,464651,464651,200000,200000,0,463652,837.0196369152069,423.15946517658233,413.86017828750613,-126.94849486541749,0.01681438130303286,0.40583059191703796,0.5171937825381756,0.5354193304181099,127.13709957885742,127.14499288940429,127.10352382659912,13.446409600001061,"{""DC-1"": 335.8524541870071, ""DC-2"": 229.81747293855292, ""DC-3"": 291.9737060995057, ""DC-4"": 245.53111146733318, ""DC-5"": 312.0978521297715}"
457,498,1312.468795452556,1008,1008,0,0,1008,242,8,758,0,1000,931,69,0,145,76,69,20,0,16706.524482329594,1008,465659,465659,200000,200000,0,464660,866.8815697450486,434.54858332257425,432.33298862595404,-128.2538869267418,-0.018177173192805006,0.3939265012741089,0.5553664922832496,0.5353653099210489,128.41386244032117,128.34181915010726,128.42667528939626,13.639292300009402,"{""DC-1"": 262.7428721423412, ""DC-2"": 256.1011622074855, ""DC-3"": 280.18489956248123, ""DC-4"": 216.21305978378626, ""DC-5"": 297.2268017564629}"
458,499,1090.2139463363865,1031,1031,0,0,1031,285,31,715,0,1000,885,115,0,187,72,115,53,0,15844.466415855126,1032,466690,466690,200000,200000,0,465692,995.3536222230556,493.32841137582943,502.0252086011938,-129.88152253350546,0.015394111472324562,0.4034484028816223,0.5186004572251971,0.5352423354521278,130.05418558638226,130.05626662202584,130.17286844771039,13.85010440001497,"{""DC-1"": 287.2965461333673, ""DC-2"": 202.52840090946492, ""DC-3"": 63.33461956859749, ""DC-4"": 208.01062849492538, ""DC-5"": 329.04375123003217}"
459,500,1327.4564647025559,1016,1016,0,0,1016,175,16,825,0,1000,945,55,0,100,45,55,24,0,14488.077263983416,1016,467706,467706,200000,200000,0,466708,1488.9703142023461,741.2982665018773,747.6720526115162,-132.41680847378228,0.022678110197389967,0.4187884032726288,0.5097676103743981,0.5352154097805811,132.6559644158431,132.71428581297866,132.63522472531776,13.721700499998406,"{""DC-1"": 223.6649511321842, ""DC-2"": 280.2858810023049, ""DC-3"": 273.2465753920785, ""DC-4"": 219.77746530414933, ""DC-5"": 330.48159187183904}"
460,501,1368.8830859886348,1009,1009,0,0,1009,219,9,781,0,1000,945,55,0,139,84,55,35,0,14619.803238363176,1008,468715,468715,200000,200000,0,467716,1176.3149748255337,580.1246732407146,596.1903022347934,-133.17367580958776,0.015350187657214331,0.429470419883728,0.5176254048766125,0.5353639834811763,133.39238405984545,133.41066726805673,133.32389837598043,13.63997190000373,"{""DC-1"": 280.40036101541796, ""DC-2"": 234.82319098998389, ""DC-3"": 307.8987065926435, ""DC-4"": 252.6865706441662, ""DC-5"": 293.0742567464244}"
461,502,1292.73375315653,1013,1013,0,0,1013,236,13,764,0,1000,929,71,0,136,65,71,31,0,17510.565165275406,1016,469728,469728,200000,200000,0,468732,998.548848636507,502.5410857026971,496.00776429908484,-130.66275822646975,-0.009814223848873618,0.4227064847946167,0.5469780524415294,0.5354625666000712,130.9125324084064,130.8949681755126,130.8966178894043,13.639288300008047,"{""DC-1"": 318.9713557032702, ""DC-2"": 290.75264637161916, ""DC-3"": 121.77392838039688, ""DC-4"": 251.45118524128787, ""DC-5"": 309.7846374599566}"
462,503,1326.2446905486788,1023,1023,0,0,1023,260,23,740,0,1000,935,65,0,150,85,65,23,0,13958.27726365679,1020,470751,470751,200000,200000,0,469752,814.9099876562755,409.37324373394836,405.536743127131,-129.622578385297,0.01638800866134903,0.433846116065979,0.5161152244490735,0.5353579856017057,129.78284279318416,129.78350782207414,129.77417068481446,13.756589900003746,"{""DC-1"": 247.20595667222466, ""DC-2"": 185.93932491794203, ""DC-3"": 293.67132450555545, ""DC-4"": 261.5583816013206, ""DC-5"": 337.86970285163613}"
463,504,1317.263096173866,1110,1110,0,0,1110,229,110,771,0,1000,959,41,0,124,83,41,18,0,14671.85584954554,1112,471861,471861,200000,200000,0,470864,995.0742307807044,500.46814626541067,494.6060858386026,-131.34316145258842,-0.0020124128757533786,0.4320942759513855,0.5379318200426993,0.535354623477236,131.40916768080896,131.409396946859,131.48520030563685,14.964267599978484,"{""DC-1"": 330.23512098832856, ""DC-2"": 295.78563316265826, ""DC-3"": 176.6312995640395, ""DC-4"": 234.306521129746, ""DC-5"": 280.3045213290951}"
464,505,1229.2676090097114,1109,1109,0,0,1109,228,109,772,0,1000,940,60,0,145,85,60,25,0,15655.188561251434,1108,472970,472970,200000,200000,0,471972,1019.4626376603054,509.4555443064831,510.00709119514437,-130.84309562793277,0.008409946814594648,0.4388340711593628,0.5251969724140443,0.5353199160701532,131.03613176586825,131.04436428882585,131.13727136467338,14.974548400001368,"{""DC-1"": 213.68274960013116, ""DC-2"": 411.644809870133, ""DC-3"": 74.25907291967644, ""DC-4"": 228.0228889945367, ""DC-5"": 301.65808762523517}"
465,506,1292.171522454374,1007,1007,0,0,1007,226,7,774,0,1000,929,71,0,158,87,71,31,0,17035.44411330113,1008,473977,473977,200000,200000,0,472980,884.4381184805007,445.25414289841575,439.18397715640447,-130.78720614266774,-0.009738615506129073,0.43147042393684387,0.5472417759398619,0.5351843780704907,130.85709203235686,130.87923513139998,130.8499844717601,13.51977720001014,"{""DC-1"": 304.9134124261906, ""DC-2"": 210.21470233688464, ""DC-3"": 283.92897098015015, ""DC-4"": 240.63161977511504, ""DC-5"": 252.48281693603406}"
466,507,1162.194114539758,1105,1105,0,0,1105,163,105,837,0,1000,937,63,0,109,46,63,28,0,18419.655048066626,1104,475082,475082,200000,200000,0,474084,1013.9497893979584,507.3567670579406,506.59302156861276,-130.74853599935338,0.0015947909919634476,0.4332103133201599,0.5332010506341854,0.5351799881436686,130.9515347411667,130.95956380125406,130.99191739593726,15.872990400006529,"{""DC-1"": 279.798415965189, ""DC-2"": -23.29438095101471, ""DC-3"": 369.8156796938447, ""DC-4"": 228.89123650222982, ""DC-5"": 306.9831633295096}"
467,508,1281.4386789373332,1019,1019,0,0,1019,241,19,759,0,1000,928,72,0,132,60,72,25,0,17458.188561251434,1020,476101,476101,200000,200000,0,475104,763.7852777630675,383.8094120521171,379.97586424397485,-130.6099535998176,-0.0019887737801992426,0.43202805519104004,0.5377758822604721,0.5352602792136809,130.7288875879026,130.73460264766916,130.740087890625,14.658763899991754,"{""DC-1"": 285.24886008643716, ""DC-2"": 221.00321237309745, ""DC-3"": 270.48599340802826, ""DC-4"": 247.481492337263, ""DC-5"": 257.21912073250854}"
468,509,1213.9715397851585,1028,1028,0,0,1028,232,28,768,0,1000,914,86,0,149,63,86,48,0,16055.265210785316,1028,477129,477129,200000,200000,0,476132,834.9919786917096,421.7294267337146,413.26255488210154,-129.43662647885571,0.013414434090044697,0.4424491226673126,0.5190074370760862,0.5351998580452997,129.5519628784536,129.59230955101637,129.6838516354097,15.308107199991355,"{""DC-1"": 284.6015810177602, ""DC-2"": 350.5697994855152, ""DC-3"": 107.51630606896407, ""DC-4"": 155.04544864290025, ""DC-5"": 316.23840457002024}"
469,510,1257.318963014993,1009,1009,0,0,1009,228,9,772,0,1000,922,78,0,145,67,78,33,0,14121.08566455818,1008,478138,478138,200000,200000,0,477140,980.3178439007866,493.82965279476986,486.4881925729532,-131.6095901141091,-0.0046841531020907,0.4391449987888336,0.5412498002073595,0.5353444799899109,131.75720059682453,131.76579333865453,131.75785754975817,14.645065300021088,"{""DC-1"": 202.53277624212618, ""DC-2"": 264.32295037832785, ""DC-3"": 240.03767862038563, ""DC-4"": 243.43087309140122, ""DC-5"": 306.99468468275296}"
470,511,1364.4453347547703,1061,1061,0,0,1061,204,61,796,0,1000,957,43,0,112,69,43,15,0,14204.56497306913,1060,479199,479199,200000,200000,0,478200,997.513184475449,499.23268287856627,498.28050142594105,-130.32432926825757,0.00017858176966601948,0.4396940767765045,0.5351022931202403,0.535268933930487,130.42606785612287,130.44159504872448,130.36869124646458,14.920020700024907,"{""DC-1"": 340.5947945236601, ""DC-2"": 158.10047471568765, ""DC-3"": 355.9794211975393, ""DC-4"": 181.59133408147974, ""DC-5"": 328.1793102364054}"
471,512,1376.8044466048211,1006,1006,0,0,1006,219,6,781,0,1000,948,52,0,129,77,52,22,0,15708.830027808748,1008,480205,480205,200000,200000,0,479208,830.4019352869382,415.4494495183703,414.9524846247264,-131.21483051209222,0.007807385856895486,0.44507116079330444,0.5258074419957305,0.5351464858958646,131.33460040319534,131.25018030499655,131.26163803584993,14.298340899986215,"{""DC-1"": 270.1406152557518, ""DC-2"": 251.08567976378762, ""DC-3"": 263.3792652303629, ""DC-4"": 244.65747097778183, ""DC-5"": 347.54141537713656}"
472,513,1324.3920863891924,1000,1000,0,0,1000,237,0,763,0,1000,931,69,0,147,78,69,28,0,16196.66422412658,1000,481205,481205,200000,200000,0,480208,868.0718165798187,435.37484939146043,432.69696655035017,-130.91984069824218,-0.0122776660467498,0.43638190627098083,0.5500768347680569,0.5351135283708572,131.0324512863159,130.96499446868896,131.00609825897217,14.604367699997965,"{""DC-1"": 230.44905090682326, ""DC-2"": 291.9504014520757, ""DC-3"": 252.30769413966803, ""DC-4"": 231.77362457194224, ""DC-5"": 317.91131531868353}"
473,514,1326.3777163626617,1068,1068,0,0,1068,222,68,778,0,1000,947,53,0,142,89,53,44,0,14808.576421465481,1068,482273,482273,200000,200000,0,481276,747.6535794458139,370.8876443900419,376.7659340253037,-130.4381667004989,-0.01852978656438183,0.4235207140445709,0.5572010095646319,0.5351876241437504,130.47698897458196,130.4692829574985,130.57485466860652,17.457785500009777,"{""DC-1"": 358.72029151969724, ""DC-2"": 286.9618317409789, ""DC-3"": 286.0062802553818, ""DC-4"": 153.84553095910624, ""DC-5"": 240.84378188749793}"
474,515,1152.2888571226674,1026,1026,0,0,1026,247,26,753,0,1000,901,99,0,157,58,99,46,0,18095.585097121555,1024,483299,483299,200000,200000,0,482300,829.2137431129813,418.23113769711927,410.9826072244905,-129.94525668025017,0.0064815361774890334,0.4273112118244171,0.5279932472330984,0.5353189405286685,130.04633678495884,130.12123382091522,130.04273750633,18.370486100000562,"{""DC-1"": 215.76052484215825, ""DC-2"": 264.39343404611736, ""DC-3"": 206.40674027091984, ""DC-4"": 216.80970704416615, ""DC-5"": 248.9184509193064}"
475,516,1365.795763757949,1005,1005,0,0,1005,258,5,742,0,1000,937,63,0,149,86,63,28,0,15109.522513301477,1008,484304,484304,200000,200000,0,483308,704.0198114561656,355.7399010899521,348.27991497185496,-128.95903107476613,-0.007278617998328252,0.42225250601768494,0.5439860373144112,0.5354340502193996,129.14014909380958,129.08761732161992,129.11845304095556,16.25018450000789,"{""DC-1"": 317.81122329839377, ""DC-2"": 206.93683179623378, ""DC-3"": 280.44773887517493, ""DC-4"": 235.3254519423863, ""DC-5"": 325.274517845762}"
476,517,1065.087832954344,1194,1194,0,0,1194,220,194,780,0,1000,927,73,0,143,70,73,27,0,15953.19283821083,1192,485498,485498,200000,200000,0,484500,697.467295320242,351.24856448733567,346.21872908076983,-129.57540656736234,0.006283264020426611,0.4265795052051544,0.5280215916217573,0.5351677892492122,129.7042080732,129.7240389945523,129.6868813981946,19.87468509998871,"{""DC-1"": 315.0298178145178, ""DC-2"": 283.5535477823374, ""DC-3"": -153.75319049616581, ""DC-4"": 202.49989871918697, ""DC-5"": 417.757759134468}"
477,518,1422.9642869340869,1005,1005,0,0,1005,215,5,785,0,1000,954,46,0,130,84,46,19,0,17794.737969089605,1004,486503,486503,200000,200000,0,485504,663.0039970399849,328.60337728950606,334.4006229776785,-129.32175890098054,0.01611031809254954,0.43803688883781433,0.5161520801633003,0.5352277897624855,129.53203449021296,129.50653499436095,129.49636461630286,16.12842079999973,"{""DC-1"": 334.92337298572505, ""DC-2"": 276.15531023453997, ""DC-3"": 252.91441337057645, ""DC-4"": 277.13111104356267, ""DC-5"": 281.8400792996854}"
478,519,1370.3815882730444,1007,1007,0,0,1007,170,7,830,0,1000,952,48,0,92,44,48,32,0,15212.011429228885,1008,487510,487510,200000,200000,0,486512,1011.856243725807,506.82340075856166,505.03283779062923,-130.6884561266218,0.01513312508778033,0.44808101654052734,0.5167054809215996,0.535122967901684,130.9024510913425,130.86474513250684,130.87366807271565,16.40349349999451,"{""DC-1"": 351.34829303847334, ""DC-2"": 168.16396864459207, ""DC-3"": 287.92014832713926, ""DC-4"": 256.04202021883964, ""DC-5"": 306.90715804400156}"
479,520,1313.8013766808738,1002,1002,0,0,1002,238,2,762,0,1000,929,71,0,135,64,71,28,0,13485.070140117308,1004,488512,488512,200000,200000,0,487516,891.9949232458594,444.8466278761032,447.14828718658464,-128.75011042104774,-0.0024124720540598956,0.4472793638706207,0.538051630396292,0.5352604845130586,128.98844395215767,128.9926191231169,128.97923068316334,15.99317470000824,"{""DC-1"": 302.88978688678185, ""DC-2"": 197.511276118249, ""DC-3"": 269.43485728121857, ""DC-4"": 225.56237013224532, ""DC-5"": 318.4030862623789}"
480,521,1383.9943357290472,1003,1003,0,0,1003,242,3,758,0,1000,945,55,0,154,99,55,25,0,15139.585097121555,1000,489515,489515,200000,200000,0,488516,487.38968359375,238.0493309378624,249.34035584688186,-112.61467311859131,0.005609710176242516,0.45123302936553955,0.5282950940132141,0.5351109417676926,113.02675016784669,112.97653878021241,112.99216452026367,15.966887299990049,"{""DC-1"": 282.97360224469827, ""DC-2"": 265.5047378172213, ""DC-3"": 305.2183779803905, ""DC-4"": 219.40588731015688, ""DC-5"": 310.89173037658065}"
481,522,1311.7872658952742,1037,1037,0,0,1037,184,37,816,0,1000,943,57,0,134,77,57,18,0,17096.56530962861,1040,490552,490552,200000,200000,0,489556,294.2817111180379,144.4659043921874,149.81580605140098,-108.04768606332632,-0.015695568290091333,0.4389957785606384,0.5545887788614401,0.5350244236107056,108.38738356370192,108.39212290690496,108.42800237949078,15.793616599985398,"{""DC-1"": 377.80859072240474, ""DC-2"": 271.33945662698875, ""DC-3"": 173.48643603157495, ""DC-4"": 172.43945174388404, ""DC-5"": 316.7133307704221}"
482,523,1295.630950705995,1027,1027,0,0,1027,236,27,764,0,1000,932,68,0,148,80,68,27,0,18148.781436520097,1024,491579,491579,200000,200000,0,490580,300.9160263547674,152.44028205564246,148.47574617201462,-107.83793497085571,-0.007598405388876017,0.4343065619468689,0.5444528021616861,0.5352914948016405,108.15280000120401,108.12069737911224,108.11528712511063,15.218882999994094,"{""DC-1"": 306.9086671025888, ""DC-2"": 199.69762538363545, ""DC-3"": 261.8938581906303, ""DC-4"": 226.34971403187245, ""DC-5"": 300.78108599726875}"
483,524,1448.290510002093,1002,1002,0,0,1002,246,2,754,0,1000,956,44,0,156,112,44,20,0,13674.150440305373,1004,492581,492581,200000,200000,0,491584,286.29527295538156,143.6159573104752,142.6793151352985,-108.05195938353519,0.00556553040507743,0.43731391429901123,0.5287627538896177,0.5351813887338714,108.3709831237793,108.43767200333188,108.41049994510483,14.225214600010077,"{""DC-1"": 303.1943932566009, ""DC-2"": 328.90851299186545, ""DC-3"": 258.3163601704229, ""DC-4"": 270.0641292998849, ""DC-5"": 287.80711428332063}"
484,525,1434.5668998373994,1003,1003,0,0,1003,227,3,773,0,1000,956,44,0,121,77,44,19,0,14519.977692795272,1004,493584,493584,200000,200000,0,492588,329.0564259285946,162.04097556592933,167.01545016461634,-107.22539305971912,0.0040495757767708,0.44053173065185547,0.5302494836162286,0.5352031959005561,107.54333637435123,107.51302437193365,107.49702084301953,13.900554199994076,"{""DC-1"": 328.11195918805385, ""DC-2"": 253.52456318014407, ""DC-3"": 324.2969700683103, ""DC-4"": 219.84139805214338, ""DC-5"": 308.79200934874973}"
485,526,1276.5480087713138,1008,1008,0,0,1008,259,8,741,0,1000,918,82,0,169,87,82,32,0,16070.405602785077,1008,494592,494592,200000,200000,0,493596,315.37213817948384,157.06526061561374,158.3068795890089,-107.04721664247059,0.0048047845094327975,0.44378116726875305,0.5295007208155261,0.5352006974437881,107.31830789929344,107.32103314475408,107.34389975714305,13.623492299986538,"{""DC-1"": 395.3917100150397, ""DC-2"": 154.87592724320464, ""DC-3"": 228.0858682699674, ""DC-4"": 206.77544616932536, ""DC-5"": 291.41905707377794}"
486,527,1266.5373986553493,1010,1010,0,0,1010,244,10,756,0,1000,923,77,0,166,89,77,29,0,15061.00882912202,1008,495602,495602,200000,200000,0,494604,281.93383418662205,142.10018784517334,139.83364717780597,-107.75910487250677,-0.02130413931653103,0.42930346727371216,0.5609357228413934,0.5351972406109174,108.05197379702614,108.03371530865866,108.0390530086699,13.810182099987287,"{""DC-1"": 225.81239979628003, ""DC-2"": 242.5697906437565, ""DC-3"": 277.0255387987048, ""DC-4"": 265.33850101513656, ""DC-5"": 255.79116840147242}"
487,528,1185.4922332700498,1109,1109,0,0,1109,280,109,720,0,1000,924,76,0,166,90,76,48,0,16570.188561251434,1108,496711,496711,200000,200000,0,495712,286.54318434064567,142.74992731977457,143.79325558046142,-108.18352802565812,0.006093481792194184,0.4337140917778015,0.5280422255773407,0.5351422699672651,108.47085147127778,108.46935152405005,108.46040561827512,15.11617889997433,"{""DC-1"": 364.4395530342404, ""DC-2"": 155.10390373833096, ""DC-3"": 1.4591810396832394, ""DC-4"": 245.68787346668833, ""DC-5"": 418.8017219911071}"
488,529,1417.8159039711938,1007,1007,0,0,1007,242,7,758,0,1000,953,47,0,147,100,47,18,0,14879.796716482504,1008,497718,497718,200000,200000,0,496720,314.97993300263846,157.78702017712214,157.19291399774096,-107.83498952502296,0.005728637849512909,0.43831270933151245,0.5282256293391424,0.535143514474233,108.13872197317698,108.09983961922782,108.10645940568712,14.282223099988187,"{""DC-1"": 325.34980672823286, ""DC-2"": 282.02073031786404, ""DC-3"": 239.817805520668, ""DC-4"": 282.34047076888953, ""DC-5"": 288.2870906355426}"
489,530,1413.7186361708882,1032,1032,0,0,1032,181,32,819,0,1000,966,34,0,95,61,34,35,0,14285.522640378935,1032,498750,498750,200000,200000,0,497752,334.53630123581996,169.40692688374557,165.12937343536422,-108.20745648524557,-0.003153944379233127,0.4355820417404175,0.5390891235523908,0.5351908997625343,108.41812017721723,108.4549419196077,108.4356240856555,15.58899200000451,"{""DC-1"": 290.505068658159, ""DC-2"": 282.84783297147897, ""DC-3"": 245.74311130776445, ""DC-4"": 246.41920404287293, ""DC-5"": 348.2034191906112}"
490,531,1233.367510501081,1076,1076,0,0,1076,195,76,805,0,1000,938,62,0,121,59,62,34,0,14927.360164026679,1076,499826,499826,200000,200000,0,498828,294.8467169543624,146.20314707188803,148.64356853992965,-107.7440447257797,-0.002683666879207339,0.4327164888381958,0.5387057295851548,0.5352785681481698,107.96030889745096,107.92830721064571,107.93097617280527,15.402457099989988,"{""DC-1"": 232.4294678608357, ""DC-2"": 312.0148758607018, ""DC-3"": 22.258134038642055, ""DC-4"": 253.50395398101875, ""DC-5"": 413.1610787598829}"
491,532,1225.460931201201,1175,1175,0,0,1175,188,175,812,0,1000,960,40,0,105,65,40,20,0,14489.69525948157,1176,501001,501001,200000,200000,0,500004,294.2383836759191,148.1552413278291,146.08314296177454,-107.35551982023279,0.002266607709192563,0.435386061668396,0.532441261167429,0.5351080479366439,107.59423106057304,107.5869063552545,107.6100336710612,16.44265360001009,"{""DC-1"": 248.51899496196117, ""DC-2"": 312.49906752232226, ""DC-3"": -142.72709234083095, ""DC-4"": 205.11999425168955, ""DC-5"": 602.0499668060605}"
492,533,1360.331954016455,1116,1116,0,0,1116,212,116,788,0,1000,968,32,0,98,66,32,10,0,15811.304251132433,1116,502117,502117,200000,200000,0,501120,263.40696829877874,133.2598632990673,130.1471041628964,-108.45663661341513,0.004818047968275164,0.43997278809547424,0.5294282894888659,0.5351784612222384,108.67661558171754,108.6961959579085,108.71155796256117,15.857342200004496,"{""DC-1"": 338.3954465605148, ""DC-2"": 245.83454262808002, ""DC-3"": 75.98262178162126, ""DC-4"": 246.27546016588886, ""DC-5"": 453.84388288035154}"
493,534,1395.535548579293,1050,1050,0,0,1050,213,50,787,0,1000,959,41,0,112,71,41,26,0,16246.56364661451,1048,503167,503167,200000,200000,0,502168,265.3487756743686,133.06205528792535,132.28671824158604,-108.21227137733052,0.0033189082799927254,0.4424881041049957,0.5311714709942578,0.5350925876325323,108.43970408694435,108.39430530926653,108.45209193775672,15.084200100012822,"{""DC-1"": 325.1462830847521, ""DC-2"": 252.6268203008965, ""DC-3"": 212.49847336845258, ""DC-4"": 232.63815047894346, ""DC-5"": 372.6258213462501}"
494,535,1429.5662758812416,1037,1037,0,0,1037,243,37,757,0,1000,960,40,0,132,92,40,16,0,11365.403312985967,1040,504204,504204,200000,200000,0,503208,280.7368077479876,140.85968972994732,139.8771184361898,-108.40937194090623,0.0043592268392855585,0.4474857449531555,0.529708630276414,0.5351612912347683,108.64902069385235,108.6353130047138,108.65207060300386,14.441139000002295,"{""DC-1"": 359.10784994591967, ""DC-2"": 238.4331556517673, ""DC-3"": 232.87043947732096, ""DC-4"": 244.35316051190307, ""DC-5"": 354.80167029433}"
495,536,1381.3763894905371,1013,1013,0,0,1013,261,13,739,0,1000,943,57,0,137,80,57,36,0,14363.401029268513,1012,505217,505217,200000,200000,0,504220,205.35474426661557,102.07517376930818,103.27957306407657,-108.21186212682912,-0.018108488689084712,0.43131694197654724,0.5572888388228511,0.5351203182940426,108.46545352860402,108.47944230241738,108.50188801128402,14.56550630001584,"{""DC-1"": 303.547751004217, ""DC-2"": 171.4927893733909, ""DC-3"": 283.80599700993986, ""DC-4"": 280.40609082674143, ""DC-5"": 342.12376127624924}"
496,537,1396.6714077195268,1040,1040,0,0,1040,168,40,832,0,1000,965,35,0,107,72,35,29,0,17778.628686176977,1040,506257,506257,200000,200000,0,505260,276.63532014626725,141.94608266812105,134.68923850884804,-108.94394781406109,0.0032860027019453878,0.4335743486881256,0.5312915413425519,0.5350497862467399,109.18910721265352,109.15459717237033,109.1492997609652,14.922665099991718,"{""DC-1"": 313.8318022020311, ""DC-2"": 220.63704139483835, ""DC-3"": 233.05628882879992, ""DC-4"": 240.21339015661042, ""DC-5"": 388.9328851372479}"
497,538,1507.9667635281423,1022,1022,0,0,1022,172,22,828,0,1000,981,19,0,82,63,19,9,0,13224.861452062145,1020,507279,507279,200000,200000,0,506280,310.83303045011036,157.55958360433578,153.27344712556578,-108.23512052648208,-0.004324047692238773,0.43020081520080566,0.5403152973628511,0.5351576595329771,108.48115238114899,108.49144216051289,108.50296281552782,14.621794799983036,"{""DC-1"": 384.6460725890546, ""DC-2"": 260.28496226049594, ""DC-3"": 274.94772282757424, ""DC-4"": 273.56397904380356, ""DC-5"": 314.52402680721406}"
498,539,1383.2192640698486,1026,1026,0,0,1026,213,26,787,0,1000,952,48,0,119,71,48,24,0,15762.059443257227,1028,508305,508305,200000,200000,0,507308,356.37697955142664,179.70456404305617,176.6724177125827,-108.7710265519554,-0.0022991761613450584,0.42832890152931213,0.5378816889649699,0.5351026774264496,109.01183095701937,109.02961847475994,109.01582139011487,14.318737900000997,"{""DC-1"": 314.4521713830186, ""DC-2"": 199.94232219827444, ""DC-3"": 270.30851439828285, ""DC-4"": 219.98427610393514, ""DC-5"": 378.5319799863389}"
499,540,1403.116995709728,1025,1025,0,0,1025,198,25,802,0,1000,959,41,0,97,56,41,24,0,14968.077263983416,1024,509330,509330,200000,200000,0,508332,347.5552407260984,177.39743513334543,170.15780711406842,-108.63442775607109,-0.001447315739824262,0.42727214097976685,0.5368000597518403,0.5350459166220389,108.91468516737223,108.92421597987413,108.92546354979277,14.307413300004555,"{""DC-1"": 316.56242820303015, ""DC-2"": 171.70283898707686, ""DC-3"": 336.3753968825082, ""DC-4"": 252.8508349291662, ""DC-5"": 325.6254967079451}"
500,541,1308.5847773591643,1017,1017,0,0,1017,199,17,801,0,1000,939,61,0,119,58,61,22,0,17959.68414754086,1016,510347,510347,200000,200000,0,509348,403.8571713027053,204.48006884084913,199.3771050431597,-108.44043058110034,0.015447375047667774,0.4377153217792511,0.5169342099798946,0.5350689104809536,108.70873627700205,108.71135712420846,108.7637165249802,14.388090699998429,"{""DC-1"": 310.63109070751364, ""DC-2"": 210.52016038875666, ""DC-3"": 220.05282859760297, ""DC-4"": 270.9777750478394, ""DC-5"": 296.40292261745236}"
501,542,1394.8549140807681,1009,1009,0,0,1009,207,9,793,0,1000,952,48,0,109,61,48,20,0,14167.261611352313,1012,511356,511356,200000,200000,0,510360,369.9603593377728,188.30574939043626,181.65461177976707,-109.18671102109163,-0.0032728520252377443,0.43620941042900085,0.538819440415961,0.5350129316917992,109.49098759677571,109.490180064567,109.5116963820024,14.09064280000166,"{""DC-1"": 223.3027280930067, ""DC-2"": 267.96188410579106, ""DC-3"": 347.2291731748429, ""DC-4"": 223.51664948285347, ""DC-5"": 332.8444792242759}"
502,543,1401.3428694880965,1008,1008,0,0,1008,181,8,819,0,1000,958,42,0,101,59,42,20,0,15059.37721762465,1008,512364,512364,200000,200000,0,511368,393.5497325687181,199.8112085636646,193.73852409587965,-109.88252564838955,0.005905274026435874,0.4411466419696808,0.5282152118013491,0.535233439197616,110.18633980221219,110.21399762138488,110.21708782892378,14.203231899999082,"{""DC-1"": 283.6999627098039, ""DC-2"": 226.21112281923035, ""DC-3"": 294.03248529213664, ""DC-4"": 243.91868488557532, ""DC-5"": 353.4806137813517}"
503,544,1368.9641164485681,1055,1055,0,0,1055,137,55,863,0,1000,965,35,0,81,46,35,10,0,10562.261611352313,1052,513419,513419,200000,200000,0,512420,303.3174906475009,154.8008435470523,148.51664614836073,-110.20240291987082,0.004305384259718778,0.4452754259109497,0.530065560635505,0.5352125285129583,110.54189609484074,110.51999529414304,110.52672654503652,14.868095799989533,"{""DC-1"": 329.4877265887331, ""DC-2"": 127.5592291903116, ""DC-3"": 303.151890387554, ""DC-4"": 231.3063502555671, ""DC-5"": 377.4589200264019}"
504,545,1495.0264913769279,1003,1003,0,0,1003,129,3,871,0,1000,982,18,0,57,39,18,22,0,14932.785425521479,1004,514422,514422,200000,200000,0,513424,263.2532540650007,132.80119214091167,130.4520621425602,-110.03408715449481,-0.00616608286254197,0.439581036567688,0.5427607347172095,0.5351398521329302,110.33281860503543,110.375379250819,110.3498114323711,14.037949499994284,"{""DC-1"": 338.97925452327127, ""DC-2"": 307.9168853774093, ""DC-3"": 304.1758952286144, ""DC-4"": 244.8162193910405, ""DC-5"": 299.1382368565925}"
505,546,1443.2292925973913,1007,1007,0,0,1007,178,7,822,0,1000,966,34,0,99,65,34,19,0,15594.039218902042,1008,515429,515429,200000,200000,0,514432,367.73381619794026,186.32167897006823,181.41213503385347,-111.17750357824659,0.0073787179366234575,0.4464457333087921,0.5260887354139298,0.5350984372198582,111.43362390427362,111.44278775321112,111.43206858256507,14.266462400002638,"{""DC-1"": 306.9616324171475, ""DC-2"": 260.76897110736815, ""DC-3"": 303.50408124824685, ""DC-4"": 250.22134340923694, ""DC-5"": 321.77326441539367}"
506,547,1323.123753352225,1058,1058,0,0,1058,232,58,768,0,1000,942,58,0,128,70,58,34,0,15728.438513688663,1056,516487,516487,200000,200000,0,515488,321.839577794075,164.22645821625537,157.61312178386882,-111.52017796400821,-0.017601366887626653,0.43029332160949707,0.5565941163874937,0.5351556463900841,111.80507545760183,111.81946499419935,111.82414911732529,14.803353099996457,"{""DC-1"": 379.34722176281457, ""DC-2"": 161.2861719676278, ""DC-3"": 274.1800588993002, ""DC-4"": 270.0622406810323, ""DC-5"": 238.2480600414518}"
507,548,1289.7160634593558,1086,1086,0,0,1086,204,86,796,0,1000,944,56,0,112,56,56,38,0,15214.304251132433,1088,517573,517573,200000,200000,0,516576,273.3138501004261,138.1456984781167,135.1681535533246,-110.8184070446912,0.0036811730228424387,0.43240687251091003,0.5308813568588127,0.5350627961623318,111.04579501993516,111.03958416686339,111.03579399164985,15.107331899984274,"{""DC-1"": 474.2524647122498, ""DC-2"": 215.76271062931912, ""DC-3"": 288.940226123954, ""DC-4"": 219.27596474997307, ""DC-5"": 91.48469724386008}"
508,549,1517.9483317410572,1010,1010,0,0,1010,172,10,828,0,1000,982,18,0,71,53,18,19,0,13038.02089468451,1008,518583,518583,200000,200000,0,517584,218.8503092470623,110.5627486767277,108.28756151029042,-110.42051294871739,0.005918673103137519,0.43738237023353577,0.5280366585190807,0.5351612463238693,110.66902751771231,110.65509737105597,110.70882709442623,14.265874599979725,"{""DC-1"": 284.1254259465674, ""DC-2"": 297.0730726219464, ""DC-3"": 336.67628668509053, ""DC-4"": 275.79394377565063, ""DC-5"": 324.2796027118028}"
509,550,1362.7312363579126,1026,1026,0,0,1026,195,26,805,0,1000,947,53,0,113,60,53,22,0,16858.130328632997,1028,519609,519609,200000,200000,0,518612,266.9358903962814,134.387422055122,132.54846912344144,-110.40900706131634,0.007576053223530998,0.44331154227256775,0.5261085238670097,0.5351607376267474,110.67057763927178,110.68143053462997,110.70391959995611,15.015155399974901,"{""DC-1"": 364.4733744318135, ""DC-2"": 240.63429981915849, ""DC-3"": 288.4066515971436, ""DC-4"": 203.4758731690444, ""DC-5"": 265.741037340753}"
510,551,1460.4250306879655,1065,1065,0,0,1065,107,65,893,0,1000,989,11,0,39,28,11,7,0,16920.297626136926,1064,520674,520674,200000,200000,0,519676,204.49751904853304,103.92576831848102,100.57174955947059,-110.2209885389285,0.003215606885006357,0.4467635154724121,0.5311832224067888,0.5351666015453804,110.4554017074126,110.46482276916504,110.45401127177074,15.56268890001229,"{""DC-1"": 447.5472265500858, ""DC-2"": 265.0288339073311, ""DC-3"": 313.02700009255284, ""DC-4"": 269.48593406185745, ""DC-5"": 165.33603607614012}"
511,552,1452.229310284848,1053,1053,0,0,1053,165,53,835,0,1000,975,25,0,69,44,25,12,0,13120.304251132433,1052,521727,521727,200000,200000,0,520728,234.15325073325587,119.1633145015956,114.98993621216981,-111.07437788669601,0.0016166433426834813,0.44806793332099915,0.5332881056707168,0.5351436952334393,111.30608921993822,111.29563095905029,111.35312152180835,16.09537840000121,"{""DC-1"": 435.8098920182806, ""DC-2"": 261.7734085314202, ""DC-3"": 297.5400925473326, ""DC-4"": 258.48482816587955, ""DC-5"": 198.62108902193495}"
512,553,1453.2067708868292,1012,1012,0,0,1012,114,12,886,0,1000,978,22,0,47,25,22,11,0,10464.438066466966,1012,522739,522739,200000,200000,0,521740,265.42158974394965,134.09706909901539,131.3245222102041,-110.8957716523423,-0.00869580439412451,0.4417402148246765,0.5458553207250452,0.5352172891024073,111.09622628886709,111.11705986595908,111.13297241572806,14.271825600008015,"{""DC-1"": 337.31785709358445, ""DC-2"": 247.10099032089798, ""DC-3"": 299.24545717755313, ""DC-4"": 280.50232445741506, ""DC-5"": 289.0401418373785}"
513,554,1228.3046183984754,1000,1000,0,0,1000,190,0,810,0,1000,917,83,0,132,49,83,61,0,14926.220278160254,1000,523739,523739,200000,200000,0,522740,195.37143779850007,100.83230095052718,94.53913763093948,-109.59847733306884,0.003801957591669634,0.443875789642334,0.5308485550582409,0.5352654521465301,109.83601222991943,109.85340327453613,109.88959267425537,13.694728200003738,"{""DC-1"": 311.23329521139016, ""DC-2"": 83.26967862095839, ""DC-3"": 292.47739011608655, ""DC-4"": 213.55185832475587, ""DC-5"": 327.77239612528564}"
514,555,1357.0803028630037,1003,1003,0,0,1003,194,3,806,0,1000,944,56,0,91,35,56,46,0,17771.851343224203,1004,524742,524742,200000,200000,0,523744,199.70407281168903,101.05492547451263,98.64914738182053,-108.87270585474265,0.011725702529413202,0.45454519987106323,0.5203304214484663,0.5350955427880306,109.1070224108449,109.10210496970856,109.14550638388828,14.208439100009855,"{""DC-1"": 379.3643618093488, ""DC-2"": 116.41864676360746, ""DC-3"": 317.34288510341116, ""DC-4"": 233.2810987414018, ""DC-5"": 310.67331044523536}"
515,556,1519.8939476692522,1005,1005,0,0,1005,232,5,768,0,1000,972,28,0,113,85,28,20,0,15416.542783604875,1004,525747,525747,200000,200000,0,524748,128.2829922603896,64.54296421909713,63.74002784656813,-108.76489819378492,-0.008306500114768602,0.4479847848415375,0.5456240301825611,0.5351995121079137,108.96094899728479,108.95737880539609,108.98212624356091,14.150123400002485,"{""DC-1"": 356.57293106528266, ""DC-2"": 289.1083881505656, ""DC-3"": 308.1284895141545, ""DC-4"": 236.51885465836193, ""DC-5"": 329.5652842808885}"
516,557,1471.9543183291269,1053,1053,0,0,1053,91,53,909,0,1000,990,10,0,34,24,10,7,0,10131.00882912202,1056,526800,526800,200000,200000,0,525804,130.36839803782377,65.20394735625295,65.16445107938665,-109.27626826546408,-0.02393614975109372,0.42835184931755066,0.5643656727660334,0.5351609965278343,109.55920003399704,109.55670881993842,109.57996681964758,14.865838199999416,"{""DC-1"": 380.1129145839476, ""DC-2"": 206.63743647177557, ""DC-3"": 323.00406495609934, ""DC-4"": 236.46430045872418, ""DC-5"": 325.7356018585792}"
517,558,1393.0733808048788,1013,1013,0,0,1013,150,13,850,0,1000,960,40,0,89,49,40,25,0,16816.32477737478,1012,527813,527813,200000,200000,0,526816,166.62652429478914,84.62900583263442,81.99751933996856,-109.4796537617921,0.010224065141063993,0.43638157844543457,0.5229983727922553,0.5351594584025884,109.70049397464797,109.71482935818759,109.74235917645481,14.328479999996489,"{""DC-1"": 334.1006240321634, ""DC-2"": 189.96897374570938, ""DC-3"": 277.97100941272754, ""DC-4"": 288.3865183434786, ""DC-5"": 302.64625527080153}"
518,559,1381.81278105938,1013,1013,0,0,1013,142,13,858,0,1000,961,39,0,90,51,39,15,0,12304.304251132433,1012,528826,528826,200000,200000,0,527828,132.90591664088103,68.57754134519298,64.32837506763549,-109.3846830360503,0.005340961133417022,0.44036439061164856,0.5286553596908395,0.535070549888102,109.63874314048074,109.63590528465542,109.65553250520125,14.582641999993939,"{""DC-1"": 321.34598562257275, ""DC-2"": 225.99634059402007, ""DC-3"": 268.4861309012946, ""DC-4"": 235.6915792275192, ""DC-5"": 330.29274471397406}"
519,560,1472.3484356464085,1008,1008,0,0,1008,58,8,942,0,1000,988,12,0,27,15,12,8,0,15655.737969089605,1008,529834,529834,200000,200000,0,528836,157.9412411077628,80.67284763568924,77.26839296354188,-109.83136266375345,-0.01763518159333173,0.4268471598625183,0.556369137018919,0.5352011512787569,110.06122517964197,110.05328522788153,110.11163489780729,14.747192999988329,"{""DC-1"": 320.6198420336476, ""DC-2"": 295.31216612884714, ""DC-3"": 278.93132687433547, ""DC-4"": 249.97618459643368, ""DC-5"": 327.5089160131459}"
520,561,1445.6492088226703,1013,1013,0,0,1013,108,13,892,0,1000,975,25,0,56,31,25,15,0,10943.89389414142,1012,530847,530847,200000,200000,0,529848,133.56518371020383,67.28978249206844,66.27540239467922,-109.6244831914487,0.005440232085373267,0.4306601881980896,0.5287038897101587,0.5350089966072866,109.8416217607943,109.8262882534223,109.8358539762233,17.453976399992825,"{""DC-1"": 341.0357978329616, ""DC-2"": 272.8450097830284, ""DC-3"": 309.2181000212054, ""DC-4"": 243.80577805353846, ""DC-5"": 278.74452313193444}"
521,562,1462.0666143455717,1022,1022,0,0,1022,97,22,903,0,1000,981,19,0,46,27,19,11,0,12667.493052398548,1024,531869,531869,200000,200000,0,530872,106.59315599221736,54.36966944811866,52.22348675807007,-109.49031485617161,0.018081233925840934,0.4446389675140381,0.5133776276488788,0.535140298656188,109.7393197491765,109.74364663660526,109.75469155609608,15.22261610001442,"{""DC-1"": 396.20359095713115, ""DC-2"": 305.8716056250025, ""DC-3"": 319.92579823092126, ""DC-4"": 223.5372198191143, ""DC-5"": 216.5283997134032}"
522,563,1425.6496084893067,1004,1004,0,0,1004,132,4,868,0,1000,968,32,0,72,40,32,25,0,11809.988625172224,1004,532873,532873,200000,200000,0,531876,101.69146588884027,51.649791521380145,50.04167460255414,-109.66943057694758,-0.0029727275299179217,0.44255855679512024,0.5387548438581338,0.5350926554060552,109.89094212140695,109.91972586643173,109.93685400153537,14.410971000004793,"{""DC-1"": 347.8148656328816, ""DC-2"": 279.49478124600955, ""DC-3"": 290.22945378071256, ""DC-4"": 247.9298807771106, ""DC-5"": 260.1806270525931}"
523,564,1477.166928049714,1019,1019,0,0,1019,89,19,911,0,1000,986,14,0,43,29,14,11,0,14536.690164219957,1020,533892,533892,200000,200000,0,532896,104.79195698195812,53.0097205117637,51.78223624603421,-109.59479791229846,-0.0015185281348999078,0.4412405490875244,0.5368538591207243,0.5349819619281619,109.7945718204274,109.80799203012504,109.80236019059724,15.059784799988847,"{""DC-1"": 398.3489207764064, ""DC-2"": 277.4118462378031, ""DC-3"": 282.84642442807353, ""DC-4"": 272.739084874298, ""DC-5"": 245.82065173313174}"
524,565,1489.6976546411443,1008,1008,0,0,1008,96,8,904,0,1000,985,15,0,43,28,15,10,0,8417.499037637393,1008,534900,534900,200000,200000,0,533904,94.58666329156785,47.9680477707159,46.618615566738065,-109.36118523279826,-0.0016253568933785169,0.44019803404808044,0.5370762097457099,0.5350810121449213,109.58712537704952,109.56304117989919,109.59216167813256,14.618988099973649,"{""DC-1"": 374.18881098375454, ""DC-2"": 260.5877600199692, ""DC-3"": 323.5352443302588, ""DC-4"": 220.46221565573194, ""DC-5"": 310.92362365143015}"
525,566,1500.2276836983929,1021,1021,0,0,1021,112,21,888,0,1000,988,12,0,51,39,12,11,0,18046.957395369693,1020,535921,535921,200000,200000,0,534924,78.24322973793628,38.96068041908975,39.282549226050286,-109.4115645090739,-0.0030342882816387596,0.43737685680389404,0.5389677153790698,0.5351554739124634,109.60918771332385,109.61950249017454,109.65240298252479,14.981362099992111,"{""DC-1"": 404.29114053015155, ""DC-2"": 315.5132112207515, ""DC-3"": 281.84374723068663, ""DC-4"": 234.3844580784129, ""DC-5"": 264.1951266383901}"
526,567,1457.4540104320683,1015,1015,0,0,1015,89,15,911,0,1000,984,16,0,48,32,16,10,0,15268.94518449344,1016,536936,536936,200000,200000,0,535940,84.19823689066519,42.79326613986586,41.40497099297253,-109.48775853885441,-0.007801199644230174,0.4304109811782837,0.5445941246928662,0.5351611669138661,109.67552473413663,109.65746164697362,109.65942342262568,14.837799899978563,"{""DC-1"": 342.3890534556263, ""DC-2"": 230.96481283635788, ""DC-3"": 317.40822870088584, ""DC-4"": 255.7854762544626, ""DC-5"": 310.9064391847353}"
527,568,1523.7708150533506,1007,1007,0,0,1007,70,7,930,0,1000,995,5,0,31,26,5,8,0,12110.3305911799,1004,537943,537943,200000,200000,0,536944,75.20124340817273,37.90086925837148,37.30037427091028,-109.44920257933111,-0.005289368075875202,0.4262186586856842,0.5413550528219022,0.5350742648797207,109.64514349371314,109.6450189689241,109.64160186645994,14.656302499992307,"{""DC-1"": 330.3121812578605, ""DC-2"": 291.4675045116442, ""DC-3"": 306.04582742120493, ""DC-4"": 268.65137862700885, ""DC-5"": 327.29392323563184}"
528,569,1519.575677120671,1002,1002,0,0,1002,91,2,909,0,1000,991,9,0,37,28,9,11,0,10451.537220416008,1004,538945,538945,200000,200000,0,537948,59.259070184601256,30.01694855723248,29.242121517183296,-109.33145553467283,0.011881399404144368,0.43653619289398193,0.5209506985497665,0.5350554821738209,109.48701695142039,109.48163624493725,109.48188964114246,15.315668299997924,"{""DC-1"": 362.28462306510266, ""DC-2"": 302.2704067605671, ""DC-3"": 305.0636925479592, ""DC-4"": 252.554119664128, ""DC-5"": 297.4028350829139}"
529,570,1462.3711993130032,1020,1020,0,0,1020,116,20,884,0,1000,978,22,0,59,37,22,12,0,11191.695678080843,1020,539965,539965,200000,200000,0,538968,52.52146750010696,26.36489997073716,26.15656734494602,-109.54579684687596,-0.0028279335418369108,0.4342705011367798,0.5385418340271595,0.5351392798564013,109.71761745378083,109.7050199321672,109.70853536269244,15.601792400004342,"{""DC-1"": 367.2208179291572, ""DC-2"": 279.3952910878495, ""DC-3"": 308.5766597750078, ""DC-4"": 221.34961420509964, ""DC-5"": 285.82881631588936}"
530,571,1473.1612908783914,1007,1007,0,0,1007,61,7,939,0,1000,987,13,0,28,15,13,12,0,11504.69525948157,1008,540972,540972,200000,200000,0,539976,58.57305342384747,29.955449178105308,28.61760430392765,-109.31176389966693,0.012922907874795667,0.44609108567237854,0.5194853654219991,0.5351485827021183,109.50145162097992,109.48988800957089,109.51566715845986,15.378309299994726,"{""DC-1"": 378.23012248190565, ""DC-2"": 238.17501683326591, ""DC-3"": 288.78222346544607, ""DC-4"": 252.8801251855923, ""DC-5"": 315.09380291218184}"
531,572,1448.2509292519967,1006,1006,0,0,1006,186,6,814,0,1000,967,33,0,107,74,33,17,0,16797.89009986437,1004,541978,541978,200000,200000,0,540980,57.94281346721953,29.441399752618782,28.5014137749178,-109.54841168468216,-0.008557636313747051,0.4387218654155731,0.545484907776711,0.5350383773030513,109.71876187723471,109.7221274356918,109.73079544614511,14.74086239997996,"{""DC-1"": 322.56715633122775, ""DC-2"": 218.32484228863487, ""DC-3"": 295.00555366536224, ""DC-4"": 295.0901834107775, ""DC-5"": 317.2631935559942}"
532,573,1479.1584225934039,1005,1005,0,0,1005,140,5,860,0,1000,974,26,0,73,47,26,11,0,14999.626951109367,1004,542983,542983,200000,200000,0,541984,48.411583496279924,24.613296625148728,23.79828685617067,-109.4091293517337,-0.0036233780400983366,0.4354012906551361,0.5395427585479273,0.5350719779967312,109.58508390449433,109.58124540716528,109.61114301339563,14.705297599983169,"{""DC-1"": 349.4666494529288, ""DC-2"": 268.62233016875507, ""DC-3"": 317.31556454848123, ""DC-4"": 217.6628117254671, ""DC-5"": 326.0910666977732}"
533,574,1505.0065970402677,1001,1001,0,0,1001,157,1,843,0,1000,977,23,0,67,44,23,11,0,15282.562704634227,1004,543984,543984,200000,200000,0,542988,50.0781940354769,25.43528901509555,24.642905017531724,-109.46868828853287,-0.006551931294950237,0.4293754994869232,0.5431283663112328,0.535220754692754,109.65058714270117,109.62109096116754,109.61000569408158,15.136522699991474,"{""DC-1"": 381.70076631236753, ""DC-2"": 273.7368212021004, ""DC-3"": 300.4049065418033, ""DC-4"": 244.0356878949912, ""DC-5"": 305.1284150890063}"
534,575,1446.0126634637672,1003,1003,0,0,1003,181,3,819,0,1000,966,34,0,91,57,34,16,0,14536.256143075327,1000,544987,544987,200000,200000,0,543988,44.69967063188553,22.781611035108565,21.91805965614319,-109.32284889221191,0.007169149200897664,0.43599972128868103,0.5265527134239674,0.5350400165319443,109.4776194229126,109.47772734069824,109.47857480621337,14.689211199991405,"{""DC-1"": 315.7900976751443, ""DC-2"": 299.8327373058932, ""DC-3"": 288.11963365159716, ""DC-4"": 244.1447260133722, ""DC-5"": 298.1254688177616}"
535,576,1531.9081053926923,1001,1001,0,0,1001,114,1,886,0,1000,991,9,0,44,35,9,9,0,12870.571065696888,1004,545988,545988,200000,200000,0,544992,34.986867210304595,17.717231522993263,17.26963574834079,-109.25487481075454,-0.016338276940507376,0.42267245054244995,0.5543996063599074,0.5350697831922319,109.40805945833365,109.39963542892639,109.42348777345453,14.857176400022581,"{""DC-1"": 315.86242831967996, ""DC-2"": 327.13566779758963, ""DC-3"": 293.58276867189505, ""DC-4"": 267.60459852702206, ""DC-5"": 327.7226420765055}"
536,577,1386.9378023632444,1002,1002,0,0,1002,224,2,776,0,1000,947,53,0,130,77,53,47,0,16803.27441315753,1000,546990,546990,200000,200000,0,545992,34.958343621730805,17.48884168601036,17.469501974821092,-109.04232372283936,-0.0016716817244887352,0.42108044028282166,0.5370576262176037,0.5350827783942222,109.19658184051514,109.2019211730957,109.19984791564941,14.814432099985424,"{""DC-1"": 312.13010880458404, ""DC-2"": 184.3129933715768, ""DC-3"": 333.7853178393679, ""DC-4"": 260.26913385167273, ""DC-5"": 296.44024849604307}"
537,578,1467.3744390962063,1003,1003,0,0,1003,161,3,839,0,1000,970,30,0,78,48,30,12,0,14918.378246886086,1004,547993,547993,200000,200000,0,546996,34.49103052872586,17.57601720997062,16.91501325060172,-109.00036812588513,0.007928569830603437,0.42750251293182373,0.5258735690815041,0.5350410342810163,109.14223679318371,109.14566741426627,109.12980735444452,15.059553900005994,"{""DC-1"": 371.7230573399682, ""DC-2"": 306.47101504427303, ""DC-3"": 264.6056077336883, ""DC-4"": 232.4348646946859, ""DC-5"": 292.1398942835933}"
538,579,1534.1915541659175,1003,1003,0,0,1003,234,3,766,0,1000,975,25,0,112,87,25,10,0,13587.23491546207,1004,548996,548996,200000,200000,0,548000,32.729556681150456,16.61073780297283,16.11881887473433,-109.22055448858862,-0.0021042947214935347,0.4255801737308502,0.537549425910906,0.5349905647010917,109.34266619283365,109.34372877599709,109.34131278839719,15.111873400019249,"{""DC-1"": 296.45178660765544, ""DC-2"": 322.06034835118606, ""DC-3"": 316.60566704666184, ""DC-4"": 246.9625435590666, ""DC-5"": 352.11120860134747}"
539,580,1512.4591401341809,1002,1002,0,0,1002,184,2,816,0,1000,976,24,0,88,64,24,19,0,14669.124711945222,1000,549998,549998,200000,200000,0,549000,27.49395090961456,13.893088972330093,13.600861941337586,-109.27992064666748,-0.0113450539377518,0.4170820116996765,0.5480883589088916,0.5349786844849587,109.4150203704834,109.41315331268311,109.4342020111084,15.17133010001271,"{""DC-1"": 361.4690889401471, ""DC-2"": 282.4749569069865, ""DC-3"": 314.0442233290107, ""DC-4"": 250.51724555741268, ""DC-5"": 303.9536254006242}"
540,581,1493.3461069452358,1003,1003,0,0,1003,188,3,812,0,1000,973,27,0,79,52,27,17,0,14619.939601407914,1004,551001,551001,200000,200000,0,550004,26.193571431465834,13.007386493136684,13.186184926574448,-109.1991382386105,-0.0188996630615974,0.40249934792518616,0.5564339803272035,0.5351426683930287,109.34836377755579,109.35845851518243,109.35120341692313,15.227353199996287,"{""DC-1"": 338.3679484261407, ""DC-2"": 340.84415411832714, ""DC-3"": 262.67895944470877, ""DC-4"": 302.79432146323177, ""DC-5"": 248.66072349282823}"
541,582,1540.1432397630035,1000,1000,0,0,1000,176,0,824,0,1000,984,16,0,62,46,16,8,0,14075.412259097022,1000,552001,552001,200000,200000,0,551004,27.499734220027925,14.02998513829708,13.469749149799346,-109.29484298706055,-0.001820057686418295,0.4013943076133728,0.5371458993554116,0.5351545839905739,109.44013624572754,109.45540222167969,109.45200634765625,15.127879800013034,"{""DC-1"": 351.04797986780187, ""DC-2"": 296.98664666744367, ""DC-3"": 284.5403339676634, ""DC-4"": 277.96584377948056, ""DC-5"": 329.60243548061476}"
542,583,1449.150385554635,1000,1000,0,0,1000,254,0,746,0,1000,956,44,0,137,93,44,16,0,15349.94518449344,1000,553001,553001,200000,200000,0,552004,22.495558773517608,11.282809511184693,11.212749323248863,-109.24869897460937,-0.0137483450693544,0.3919115364551544,0.5499364083409309,0.5350468535423278,109.39930682373047,109.39628960418702,109.392603805542,14.909519899985753,"{""DC-1"": 275.72992100142415, ""DC-2"": 324.93749260493786, ""DC-3"": 293.3320531657669, ""DC-4"": 249.88692843758005, ""DC-5"": 305.2639903449251}"
543,584,1469.0706537453802,1005,1005,0,0,1005,184,5,816,0,1000,971,29,0,104,75,29,17,0,14482.895446573693,1004,554006,554006,200000,200000,0,553008,21.964743391451133,10.996380986445454,10.968362398594024,-109.54844387403998,-0.014603367859156306,0.38260623812675476,0.5505411059732931,0.5351835041644564,109.67745160106644,109.68046530309427,109.67730703771826,15.058082500007004,"{""DC-1"": 387.17282782753426, ""DC-2"": 250.110581255002, ""DC-3"": 244.9797656757418, ""DC-4"": 273.76072254582243, ""DC-5"": 313.04675644128}"
544,585,1442.5108520383294,1004,1004,0,0,1004,253,4,747,0,1000,956,44,0,141,97,44,24,0,15658.941053420522,1004,555010,555010,200000,200000,0,554012,20.51468651418192,10.34527198228228,10.169414527150265,-109.65486293959903,-0.009304043774509736,0.37650105357170105,0.5447767098170827,0.5351214128067769,109.78824608639417,109.78159167377122,109.79199407965064,14.936118600016925,"{""DC-1"": 322.62345978241575, ""DC-2"": 230.71614212474356, ""DC-3"": 273.0540142913672, ""DC-4"": 286.28309948989255, ""DC-5"": 329.8341363499099}"
545,586,1455.3705984596836,1001,1001,0,0,1001,225,1,775,0,1000,961,39,0,136,97,39,20,0,12461.977692795272,1000,556011,556011,200000,200000,0,555012,20.542591949224473,10.387591462254525,10.155000544786454,-109.76470594024659,0.012557591286487877,0.38478636741638184,0.5221660005748272,0.5351532702445984,109.8887974472046,109.89495310211181,109.88537127685547,14.842105899995659,"{""DC-1"": 369.197142340135, ""DC-2"": 253.52001411295015, ""DC-3"": 268.3071976918713, ""DC-4"": 261.0443721837579, ""DC-5"": 303.301872130969}"
546,587,1380.439809845175,1000,1000,0,0,1000,256,0,744,0,1000,942,58,0,160,102,58,30,0,14220.717698285642,1000,557011,557011,200000,200000,0,556012,20.310781712770464,10.240577656269073,10.070204098701478,-109.95546616363525,-0.0044944975217804314,0.38131198287010193,0.5399172565042972,0.5352250100970268,110.06425072479249,110.05824668884277,110.05956243896485,14.868225600017468,"{""DC-1"": 319.885760693005, ""DC-2"": 227.0732022264043, ""DC-3"": 320.27663872809376, ""DC-4"": 256.8075619384939, ""DC-5"": 256.3966462591792}"
547,588,1467.2313556414933,1000,1000,0,0,1000,274,0,726,0,1000,958,42,0,155,113,42,17,0,15024.190458365381,1000,558011,558011,200000,200000,0,557012,17.464679683208466,8.770868063092232,8.693811630249023,-110.05121604919434,-0.00013318838807754217,0.3812321722507477,0.5352146310508251,0.5350261477828026,110.16438761138916,110.15962610626221,110.15766683959961,14.868468499975279,"{""DC-1"": 321.36405459999065, ""DC-2"": 313.17994176763744, ""DC-3"": 273.7466372414074, ""DC-4"": 291.4819330673973, ""DC-5"": 267.45878896505894}"
548,589,1518.7423928107105,1001,1001,0,0,1001,247,1,753,0,1000,970,30,0,122,92,30,19,0,17918.668293578743,1004,559012,559012,200000,200000,0,558016,17.754623111263214,8.911266821076671,8.843356275700954,-110.35523001226296,-0.011961369859184551,0.3726494014263153,0.5473486653184035,0.5349974946909217,110.45603870680608,110.46186577086429,110.46063616171301,14.94920319999801,"{""DC-1"": 328.0798758140243, ""DC-2"": 305.1315912307813, ""DC-3"": 326.18826501156764, ""DC-4"": 264.778789148603, ""DC-5"": 294.56387160573513}"
549,590,1526.9535383186478,1003,1003,0,0,1003,229,3,771,0,1000,975,25,0,114,89,25,26,0,14766.190458365381,1000,560015,560015,200000,200000,0,559016,16.445791523218155,8.295801398158073,8.149990119695664,-110.50217784118652,0.0042824378523509945,0.3756069242954254,0.5308234321177006,0.5351983152031898,110.56684169006347,110.56894523620605,110.57177007293701,14.881083400017815,"{""DC-1"": 359.5535521900583, ""DC-2"": 343.39463044119964, ""DC-3"": 282.33787149880703, ""DC-4"": 275.29307143755193, ""DC-5"": 266.37441275103225}"
550,591,1395.3459085340482,1001,1001,0,0,1001,266,1,734,0,1000,945,55,0,181,126,55,29,0,16101.150440305373,1004,561016,561016,200000,200000,0,560020,15.822048245198223,7.860975076359106,7.961073124907406,-111.06034974177994,-0.017013935692027672,0.36431288719177246,0.5521742508290298,0.5350742664232672,111.11631733867752,111.12092806903489,111.10881206618838,14.92254130000947,"{""DC-1"": 253.168251417093, ""DC-2"": 301.7110848752268, ""DC-3"": 263.9327514161426, ""DC-4"": 257.26088081789936, ""DC-5"": 319.27294000768666}"
551,592,1492.8196829575493,1001,1001,0,0,1001,249,1,751,0,1000,967,33,0,139,106,33,28,0,19078.063138366728,1000,562017,562017,200000,200000,0,561020,14.840540565490723,7.380417106509209,7.460123503327369,-111.46391779327392,-0.008644146289210767,0.35933059453964233,0.543680624127388,0.5351416832208633,111.5306706314087,111.52998841857911,111.53548159027099,15.813106599991443,"{""DC-1"": 351.6222017666823, ""DC-2"": 304.13655505818315, ""DC-3"": 295.30510954582445, ""DC-4"": 292.2022775925613, ""DC-5"": 249.55353899429795}"
552,593,1359.0103284343468,1001,1001,0,0,1001,251,1,749,0,1000,939,61,0,151,90,61,37,0,17073.592185835696,1000,563018,563018,200000,200000,0,562020,13.605889976501464,6.797495277643204,6.808394675612449,-111.78811567687988,-0.007778731845784932,0.354805052280426,0.5426517813801766,0.5351185095310211,111.84470864868165,111.84263469696045,111.84751974487304,14.898732300003758,"{""DC-1"": 163.31390399975936, ""DC-2"": 318.4183490994741, ""DC-3"": 314.3115755108778, ""DC-4"": 266.3299994994423, ""DC-5"": 296.6365003247939}"
553,594,1531.2835194915717,1001,1001,0,0,1001,228,1,772,0,1000,976,24,0,128,104,24,23,0,14334.08566455818,1000,564019,564019,200000,200000,0,563020,13.988332385778428,6.953806447386742,7.034525934934616,-112.26360036468506,-0.000480043675750494,0.3543441891670227,0.5356119976937771,0.5351011538505555,112.32660585784912,112.32567191314698,112.3244432220459,14.819033600011608,"{""DC-1"": 312.51183259798745, ""DC-2"": 317.6505000401389, ""DC-3"": 331.41591167447353, ""DC-4"": 242.8412380949223, ""DC-5"": 326.8640370840506}"
554,595,1467.7849955163251,1000,1000,0,0,1000,260,0,740,0,1000,958,42,0,160,118,42,29,0,18010.063138366728,1000,565019,565019,200000,200000,0,564020,14.83760848760605,7.393236662387848,7.444371792554855,-112.60120276641845,-0.001278992599574849,0.3537643253803253,0.5362154320478439,0.5350424612164497,112.64857738494874,112.6466764755249,112.64639666748047,15.118702300009318,"{""DC-1"": 328.02636384218516, ""DC-2"": 239.14925202718072, ""DC-3"": 311.3041982203124, ""DC-4"": 233.5489140946088, ""DC-5"": 355.75626733203745}"
555,596,1467.252509879749,1000,1000,0,0,1000,235,0,765,0,1000,962,38,0,138,100,38,21,0,17120.74309304134,1000,566019,566019,200000,200000,0,565020,15.171844557762146,7.530288310647011,7.641556206703186,-113.00508929443359,-0.005526287101674825,0.350254625082016,0.5406399774551391,0.5352411713004113,113.05768856811524,113.06098470306397,113.05445439910889,15.002819900022587,"{""DC-1"": 296.2394326764421, ""DC-2"": 272.95790475124164, ""DC-3"": 332.43975696969693, ""DC-4"": 274.2520802883745, ""DC-5"": 291.36333519399426}"
556,597,1518.660738054828,1003,1003,0,0,1003,228,3,772,0,1000,974,26,0,121,95,26,22,0,14675.618458176372,1004,567022,567022,200000,200000,0,566024,16.095984212668295,8.08168654149747,8.014297657278904,-113.14557044344595,-0.019318086014915838,0.3398856222629547,0.5533488751407638,0.5351375736800797,113.19206655737888,113.19602087104462,113.19666694549926,14.892156899994006,"{""DC-1"": 329.95282865702285, ""DC-2"": 324.69667577068054, ""DC-3"": 277.7482958017984, ""DC-4"": 263.7440841527961, ""DC-5"": 322.5188536725292}"
557,598,1519.755645183406,1001,1001,0,0,1001,230,1,770,0,1000,974,26,0,128,102,26,29,0,14568.05007181681,1000,568023,568023,200000,200000,0,567024,13.758483230829238,6.814752361536026,6.943730875849724,-113.51430041503906,-0.005770420326385647,0.3367766737937927,0.5403028035163879,0.5349628796577454,113.55575736236572,113.55089744567871,113.5573763961792,15.014474199997494,"{""DC-1"": 308.50415777046646, ""DC-2"": 278.16182312302436, ""DC-3"": 327.32786477315193, ""DC-4"": 281.97324193437385, ""DC-5"": 323.7885575823894}"
558,599,1456.1648028964273,1001,1001,0,0,1001,234,1,766,0,1000,963,37,0,140,103,37,26,0,13984.326850102389,1004,569024,569024,200000,200000,0,568028,15.126555309827584,7.433335345104871,7.693219939669765,-113.79399809514383,-0.006306903114202859,0.3337315320968628,0.5408719943695335,0.5350678959097045,113.84447270275587,113.84540483391143,113.8425651489501,15.103366499999538,"{""DC-1"": 295.1488327693259, ""DC-2"": 293.14984745780225, ""DC-3"": 245.81729535247953, ""DC-4"": 327.58928896494604, ""DC-5"": 294.459538351874}"
559,600,1523.8142146667615,1000,1000,0,0,1000,229,0,771,0,1000,974,26,0,126,100,26,25,0,14073.522640378935,1000,570024,570024,200000,200000,0,569028,12.957254914999009,6.524658449888229,6.43259647500515,-114.19128556060791,-0.006757560978643596,0.3302363455295563,0.5410317752361298,0.534948212504387,114.21451383972168,114.2095182800293,114.21550106048583,15.71478670000215,"{""DC-1"": 354.8892678980262, ""DC-2"": 251.49232835984816, ""DC-3"": 351.75820645360886, ""DC-4"": 270.7633881384215, ""DC-5"": 294.9110238168588}"
560,601,1486.6636021228542,1000,1000,0,0,1000,225,0,775,0,1000,968,32,0,143,111,32,21,0,14708.164868740852,1000,571024,571024,200000,200000,0,570028,13.7652104139328,6.899103127956391,6.866107232332229,-114.64794113922119,-0.02110830994602293,0.31909307837486267,0.5538405357003212,0.5349678830504417,114.68400757598877,114.68683351135255,114.68046411895752,15.410680799977854,"{""DC-1"": 336.0126548547794, ""DC-2"": 302.8331708775768, ""DC-3"": 266.1048402114228, ""DC-4"": 267.00717314722283, ""DC-5"": 314.7057630318529}"
561,602,1536.1090942698934,1001,1001,0,0,1001,211,1,789,0,1000,979,21,0,116,95,21,19,0,12705.056612059561,1000,572025,572025,200000,200000,0,571028,15.243062895059586,7.634740347623825,7.6083225560188295,-114.93986643218994,-0.0005468220459297299,0.31885668635368347,0.5355931988060474,0.5351215685606003,114.96461185455323,114.96583390808105,114.9620207748413,14.76371040000231,"{""DC-1"": 332.15040306581807, ""DC-2"": 310.0169430462459, ""DC-3"": 307.5613819674363, ""DC-4"": 252.38820599778188, ""DC-5"": 333.99216019261246}"
562,603,1516.4804329322496,1000,1000,0,0,1000,209,0,791,0,1000,975,25,0,112,87,25,26,0,15994.524482329593,1000,573025,573025,200000,200000,0,572028,12.84448700118065,6.470179352879525,6.374307622790337,-115.23788872528077,-0.0011077520337421448,0.31834691762924194,0.5360210480391979,0.5350354026556015,115.26073199462891,115.26062447357178,115.25754204559327,14.906760899990331,"{""DC-1"": 340.42835152460043, ""DC-2"": 330.512580831449, ""DC-3"": 297.33956101696856, ""DC-4"": 241.06144382750546, ""DC-5"": 307.13849573172484}"
563,604,1522.9283670824386,1001,1001,0,0,1001,237,1,763,0,1000,972,28,0,138,110,28,24,0,17432.668293578743,1000,574026,574026,200000,200000,0,573028,11.431704768419266,5.729756477355957,5.701948287606239,-115.43440779876708,0.010518381903646514,0.32391536235809326,0.5257663677036762,0.5350036635994911,115.44659211730956,115.43943134307861,115.44703125,14.975822500011418,"{""DC-1"": 380.58895160780884, ""DC-2"": 274.7398078440013, ""DC-3"": 287.6963060405942, ""DC-4"": 261.3680994428507, ""DC-5"": 318.53520214718594}"
564,605,1455.3926880833787,1000,1000,0,0,1000,230,0,770,0,1000,960,40,0,157,117,40,20,0,14895.522640378935,1000,575026,575026,200000,200000,0,574028,12.533587421417236,6.277730833649636,6.255856596946717,-115.92027084350586,-0.010841505351476372,0.3184434473514557,0.5445264400243759,0.5350602277517319,115.94307695770263,115.93546263122559,115.93248104095458,15.052255799993873,"{""DC-1"": 334.90109081944036, ""DC-2"": 237.2520083479607, ""DC-3"": 285.77577270022636, ""DC-4"": 268.10524215656653, ""DC-5"": 329.3585740591864}"
565,606,1537.5754815392481,1002,1002,0,0,1002,212,2,788,0,1000,979,21,0,120,99,21,26,0,15319.56530962861,1004,576028,576028,200000,200000,0,575032,13.33865559979739,6.607968048033011,6.730687568149719,-116.14047270847031,-0.003734527301392054,0.3161001205444336,0.5383436729708516,0.5350757074427319,116.15998245330445,116.15752742964908,116.1599526500322,15.493842199997744,"{""DC-1"": 348.49048831956753, ""DC-2"": 286.79059606132887, ""DC-3"": 331.6463533063717, ""DC-4"": 266.9433363535671, ""DC-5"": 303.70470749841246}"
566,607,1457.4410357166241,1001,1001,0,0,1001,235,1,765,0,1000,958,42,0,133,91,42,34,0,15172.522640378935,1000,577029,577029,200000,200000,0,576032,11.5040026242733,5.7167344337701795,5.787268183946609,-116.61549151611328,-0.006212125837337225,0.31305527687072754,0.5405985065698624,0.5351846332550049,116.62507266235352,116.61820311737061,116.61806990814209,14.905846800014842,"{""DC-1"": 347.24303095526, ""DC-2"": 309.0895873950232, ""DC-3"": 227.00068593251663, ""DC-4"": 264.0731814008589, ""DC-5"": 310.0345500329656}"
567,608,1576.7265334794595,1000,1000,0,0,1000,201,0,799,0,1000,988,12,0,93,81,12,12,0,14711.522145741972,1000,578029,578029,200000,200000,0,577032,13.954240517854691,6.931964088797569,7.022276452302933,-117.03035070037842,-4.338533105328679e-05,0.312406063079834,0.5352785249352455,0.5351539210081101,117.03672359466553,117.03916041564942,117.03002948760987,15.15132890001405,"{""DC-1"": 337.4413979075885, ""DC-2"": 315.36429893140644, ""DC-3"": 309.8979416629969, ""DC-4"": 292.30538591666624, ""DC-5"": 321.7175090607997}"
568,609,1512.5671439755238,1002,1002,0,0,1002,219,2,781,0,1000,975,25,0,126,101,25,16,0,16305.415594894863,1000,579031,579031,200000,200000,0,578032,12.0925464066267,6.035409807264805,6.057136651277542,-117.31472567749023,0.0003249228096101433,0.31288376450538635,0.5346567369699479,0.5349231564998627,117.31772036743165,117.3185389251709,117.31512933349609,15.69934709998779,"{""DC-1"": 339.69243736148695, ""DC-2"": 313.3027129807539, ""DC-3"": 282.4045784244762, ""DC-4"": 275.6499358206949, ""DC-5"": 301.51747938811303}"
569,610,1543.8308363716114,1000,1000,0,0,1000,195,0,805,0,1000,981,19,0,103,84,19,23,0,14284.28838783866,1000,580031,580031,200000,200000,0,579032,11.362830261707305,5.667396336376667,5.695433935761452,-117.83165333557129,0.012843120536301284,0.31955045461654663,0.5237495797872543,0.5349965618848801,117.83876824188232,117.84035218811036,117.84139234161377,15.434429300017655,"{""DC-1"": 372.97169819121814, ""DC-2"": 287.61527405724127, ""DC-3"": 331.63696575892146, ""DC-4"": 224.51728325245176, ""DC-5"": 327.0896151117782}"
570,611,1541.5172263396032,1002,1002,0,0,1002,239,2,761,0,1000,977,23,0,141,118,23,21,0,16726.039218902042,1004,581033,581033,200000,200000,0,580036,13.007109832241241,6.490182703828432,6.516927135893074,-118.0514882076309,0.003776984098664229,0.3210131525993347,0.5318300095924818,0.5349954017604964,118.03958364691867,118.03923351546207,118.0388313308655,16.01254830000107,"{""DC-1"": 318.94244757952, ""DC-2"": 337.6189778171486, ""DC-3"": 312.45041915410474, ""DC-4"": 270.94627544647943, ""DC-5"": 301.55910634235056}"
571,612,1472.1751878183707,1001,1001,0,0,1001,217,1,783,0,1000,965,35,0,108,73,35,16,0,13615.664224126578,1000,582034,582034,200000,200000,0,581036,12.99091653394699,6.505130775630474,6.485785769164562,-118.34339333343506,-0.01332077858853154,0.31438273191452026,0.5466531867980957,0.5350533800125122,118.34625836181641,118.34123098754883,118.33265314483643,15.272151499986649,"{""DC-1"": 341.9554904995247, ""DC-2"": 244.81558671603233, ""DC-3"": 299.9311808190397, ""DC-4"": 268.6343700125035, ""DC-5"": 316.8385597712695}"
572,613,1550.325775396591,1001,1001,0,0,1001,190,1,810,0,1000,984,16,0,85,69,16,13,0,13738.077263983416,1000,583035,583035,200000,200000,0,582036,12.173958241462708,6.069971966981888,6.103986310958862,-118.66549312591553,0.0007908351784572006,0.31460040807724,0.5344493010342121,0.5351285634040832,118.67739195251465,118.6832864074707,118.66830348205566,15.07333009998547,"{""DC-1"": 310.5566574346818, ""DC-2"": 321.70112240414875, ""DC-3"": 308.9207309493283, ""DC-4"": 280.91539421799615, ""DC-5"": 328.23187039043785}"
573,614,1553.1669454615835,1001,1001,0,0,1001,211,1,789,0,1000,982,18,0,105,87,18,22,0,12721.522640378935,1004,584036,584036,200000,200000,0,583040,11.035254018121506,5.48595142322945,5.54930259168623,-118.91478075734173,0.0012779385797620057,0.31563013792037964,0.5338529720011935,0.5349972366811745,118.92868925755717,118.9226666560686,118.91781535661553,14.87943540001288,"{""DC-1"": 363.78378679876744, ""DC-2"": 300.44376547312567, ""DC-3"": 323.60379059991857, ""DC-4"": 272.7410081180406, ""DC-5"": 292.59459447173117}"
574,615,1479.6292343322211,1002,1002,0,0,1002,239,2,761,0,1000,963,37,0,139,102,37,23,0,17022.188561251434,1000,585038,585038,200000,200000,0,584040,12.05428821158409,6.030759213805199,6.023528990566731,-119.20171453094483,-0.004914522378239781,0.31285160779953003,0.5393595080077648,0.5351105300188065,119.20718827056885,119.20446102142334,119.19589929962159,14.838072199985618,"{""DC-1"": 351.0950016276773, ""DC-2"": 277.61699436395884, ""DC-3"": 318.21988845478063, ""DC-4"": 223.96570256830313, ""DC-5"": 308.7316473175013}"
575,616,1488.480497165518,1000,1000,0,0,1000,226,0,774,0,1000,968,32,0,108,76,32,24,0,16907.592185835696,1000,586038,586038,200000,200000,0,585040,12.732791923999786,6.35057543361187,6.382216500878334,-119.55109627532958,-0.003111404066905379,0.31124570965766907,0.5377275783121586,0.5349799981117248,119.56339279174804,119.56331391906738,119.55659105682373,15.104401299991878,"{""DC-1"": 331.77354701318916, ""DC-2"": 318.57212212996865, ""DC-3"": 277.1976725707021, ""DC-4"": 263.96713201571396, ""DC-5"": 296.9700234359441}"
576,617,1563.3922272960656,1000,1000,0,0,1000,207,0,793,0,1000,984,16,0,104,88,16,20,0,16903.573681539194,1000,587038,587038,200000,200000,0,586040,11.932512011051179,5.925225878596306,6.00728612947464,-119.67786358642579,0.01048691976070404,0.3163805603981018,0.526086513787508,0.5351024765372276,119.68516507720948,119.68370417785644,119.68150400543213,14.869288300018525,"{""DC-1"": 341.09136016137217, ""DC-2"": 297.5793794123655, ""DC-3"": 348.2366166519531, ""DC-4"": 247.77085644900234, ""DC-5"": 328.71401462137305}"
577,618,1529.0843147863511,1002,1002,0,0,1002,231,2,769,0,1000,975,25,0,139,114,25,30,0,15472.150440305373,1004,588040,588040,200000,200000,0,587044,11.828005239545586,5.929442289578487,5.89856294070582,-120.0558640529435,-0.00398765036658165,0.3146972358226776,0.5383743597157448,0.5349482367356935,120.0625805341865,120.06128222248944,120.047462007439,14.995295800006716,"{""DC-1"": 377.3966818079766, ""DC-2"": 287.89101717623555, ""DC-3"": 284.45850512159257, ""DC-4"": 289.2070749114994, ""DC-5"": 290.13103576904814}"
578,619,1492.037146786878,1002,1002,0,0,1002,252,2,748,0,1000,963,37,0,140,103,37,22,0,17132.692755203003,1000,589042,589042,200000,200000,0,588044,11.988304499983787,5.988700675010681,5.999603851139545,-120.257331741333,-0.0009718981820624322,0.3141716420650482,0.5359259821176529,0.5350397235155105,120.26118436431885,120.26595330810547,120.25845578765869,15.118336599989561,"{""DC-1"": 372.10513155202847, ""DC-2"": 332.08819236420953, ""DC-3"": 206.11645440191825, ""DC-4"": 257.7664452467587, ""DC-5"": 323.9609232219623}"
579,620,1548.1746100966018,1001,1001,0,0,1001,242,1,758,0,1000,978,22,0,146,124,22,25,0,14682.69525948157,1000,590043,590043,200000,200000,0,589044,11.813369369149209,5.936905087113381,5.876464272856713,-120.70583218383788,-3.374942252412438e-05,0.3143383860588074,0.5351854248046874,0.5351261528730392,120.705635597229,120.70430488586426,120.69647994995117,15.363366600009613,"{""DC-1"": 314.90137066702624, ""DC-2"": 339.01927409770656, ""DC-3"": 297.90634197026253, ""DC-4"": 290.50906455470914, ""DC-5"": 305.8385588068976}"
580,621,1536.927756885041,1002,1002,0,0,1002,210,2,790,0,1000,979,21,0,105,84,21,14,0,12861.717698285642,1004,591045,591045,200000,200000,0,590048,12.531317048813717,6.25186547779467,6.2794515508342075,-120.87785672951505,0.00023188286663155513,0.3143138587474823,0.5349183316784076,0.5351036014666121,120.88230611793549,120.88127326965332,120.87278441318952,15.220729000022402,"{""DC-1"": 331.42995375855674, ""DC-2"": 323.9257220198653, ""DC-3"": 331.69125940401705, ""DC-4"": 220.13361630951357, ""DC-5"": 329.747205393087}"
581,622,1556.9470959818245,1001,1001,0,0,1001,232,1,768,0,1000,980,20,0,132,112,20,18,0,15140.737969089605,1000,592046,592046,200000,200000,0,591048,12.306362245559692,6.102591164946556,6.203771066248417,-121.31521194458008,0.0005946285901591182,0.31459110975265503,0.5346576054990292,0.5351284993290901,121.31791944885254,121.32446341705322,121.32416535186768,15.64214159999392,"{""DC-1"": 312.41193559935647, ""DC-2"": 332.74858083617363, ""DC-3"": 318.23728642305633, ""DC-4"": 262.1323174452559, ""DC-5"": 331.4169756779824}"
582,623,1494.3667576095143,1000,1000,0,0,1000,237,0,763,0,1000,967,33,0,127,94,33,20,0,15212.977692795272,1000,593046,593046,200000,200000,0,592048,11.447068188905716,5.701281988978386,5.745786201238632,-121.47020496368408,-0.006018267893698067,0.31114462018013,0.5402832854092121,0.5349932733178139,121.47406910705567,121.47280841064453,121.4695721206665,14.935177100007422,"{""DC-1"": 324.9973160186283, ""DC-2"": 308.2010575334953, ""DC-3"": 298.5514729485883, ""DC-4"": 250.18316251939916, ""DC-5"": 312.43374858940496}"
583,624,1539.6630546920353,1002,1002,0,0,1002,218,2,782,0,1000,980,20,0,92,72,20,12,0,15513.65397338411,1004,594048,594048,200000,200000,0,593052,11.706884440672825,5.856107703183752,5.850776718491577,-121.8301165683336,-0.005073282173352383,0.30950188636779785,0.5391877413211591,0.5349927207981923,121.83528925983079,121.83220392204376,121.82914372934289,16.000932900002226,"{""DC-1"": 305.86246909556576, ""DC-2"": 300.7162920515872, ""DC-3"": 334.79875309395226, ""DC-4"": 286.92247762802003, ""DC-5"": 311.3630628229101}"
584,625,1520.8581019475027,1000,1000,0,0,1000,214,0,786,0,1000,976,24,0,123,99,24,20,0,18291.401029268513,1000,595048,595048,200000,200000,0,594052,11.418648423433304,5.675455835223198,5.743192571640015,-122.03308599853516,-0.000710558608872816,0.3087776303291321,0.5358491688966751,0.5350557599067688,122.03792652130127,122.03745134735108,122.03555430603028,15.755520599981537,"{""DC-1"": 342.36079119307595, ""DC-2"": 318.3114071331246, ""DC-3"": 315.79003089628986, ""DC-4"": 238.7667496220001, ""DC-5"": 305.62912310301283}"
585,626,1567.466648835637,1001,1001,0,0,1001,218,1,782,0,1000,983,17,0,118,101,17,19,0,16027.480913426874,1000,596049,596049,200000,200000,0,595052,11.773004175662994,5.835679752349853,5.93732438904047,-122.1211996383667,0.009097179878503085,0.31290000677108765,0.5272191961109638,0.5349739429950714,122.13693542480469,122.12763996887207,122.13771060180665,14.491443600010825,"{""DC-1"": 353.40885352545064, ""DC-2"": 331.44432772426313, ""DC-3"": 305.13140852453637, ""DC-4"": 264.3972617523204, ""DC-5"": 313.0847973090661}"
586,627,1501.8318258185238,1000,1000,0,0,1000,195,0,805,0,1000,973,27,0,101,74,27,30,0,14694.006324376553,1000,597049,597049,200000,200000,0,596052,12.185839458227157,6.043602135419846,6.142237308979034,-122.29081134033203,0.013587195082101971,0.32001984119415283,0.5233925108611583,0.5352420012950897,122.30145244598388,122.29821601104736,122.28981718444824,14.899023500009207,"{""DC-1"": 338.759650674159, ""DC-2"": 334.9333545777997, ""DC-3"": 253.72104172611193, ""DC-4"": 252.8191112055612, ""DC-5"": 321.5986676348928}"
587,628,1547.9137756137548,1001,1001,0,0,1001,223,1,777,0,1000,980,20,0,126,106,20,23,0,14359.985121529618,1000,598050,598050,200000,200000,0,597052,12.412737551569938,6.174165093302727,6.238572413146496,-122.37920876312256,-0.0070009653312154115,0.3163098394870758,0.5411961539685726,0.53504139316082,122.3922451095581,122.3826558227539,122.3815150604248,15.709665699978359,"{""DC-1"": 340.38505337669596, ""DC-2"": 322.0613116956621, ""DC-3"": 311.1132972448198, ""DC-4"": 275.37491556998447, ""DC-5"": 298.9791977265942}"
588,629,1587.975329725173,1001,1001,0,0,1001,213,1,787,0,1000,988,12,0,110,98,12,22,0,16500.168066574617,1000,599051,599051,200000,200000,0,598052,11.690416469693185,5.843680658757687,5.846735768795013,-122.4953641357422,0.001409209434641525,0.31712624430656433,0.5338805290460586,0.5350828374028206,122.51085511016846,122.50999822998047,122.50404099273682,14.838462699990487,"{""DC-1"": 368.0780417743545, ""DC-2"": 322.6515264103729, ""DC-3"": 332.07901728501184, ""DC-4"": 276.6864971660141, ""DC-5"": 288.48024708941875}"
589,630,1520.986765705403,1002,1002,0,0,1002,224,2,776,0,1000,973,27,0,115,88,27,23,0,16291.599078438314,1004,600053,600053,200000,200000,0,599056,12.53699298636372,6.2761384888118,6.260854466502885,-122.93247984320044,0.00402574747081,0.3194260597229004,0.5315564074720519,0.5351572522960336,122.94678901581176,122.94953866023941,122.94693303963102,14.60296330001438,"{""DC-1"": 332.2481774297202, ""DC-2"": 337.76122129019416, ""DC-3"": 287.9111434359478, ""DC-4"": 217.48825464160402, ""DC-5"": 345.577968907935}"
590,631,1433.0729940564727,1001,1001,0,0,1001,228,1,772,0,1000,956,44,0,143,99,44,28,0,17187.404459585574,1000,601054,601054,200000,200000,0,600056,12.114222201347351,6.093382843732834,6.020839344143868,-122.99398516845703,-0.009346646025776863,0.31476956605911255,0.5433147395551204,0.5350372397899628,123.01533462524414,123.00842471313477,123.00355354309082,14.79745820001699,"{""DC-1"": 298.6144283796068, ""DC-2"": 306.3766894766814, ""DC-3"": 308.5419702151746, ""DC-4"": 211.0181365505038, ""DC-5"": 308.5217694345048}"
591,632,1541.106353881368,1002,1002,0,0,1002,234,2,766,0,1000,977,23,0,134,111,23,22,0,14051.039218902042,1004,602056,602056,200000,200000,0,601060,13.5728486707486,6.778456389072882,6.794392305481956,-123.12546347811877,-0.001649782869295102,0.3139013350009918,0.5364338922132534,0.5349709648653805,123.14115610160675,123.14307985647741,123.1399398894899,14.892745299992384,"{""DC-1"": 358.04326523605687, ""DC-2"": 330.11930216273134, ""DC-3"": 302.71653084396036, ""DC-4"": 252.25268913863783, ""DC-5"": 297.97456649998287}"
592,633,1523.6577852123576,1000,1000,0,0,1000,212,0,788,0,1000,976,24,0,119,95,24,20,0,14740.522513301477,1000,603056,603056,200000,200000,0,602060,11.566956434726714,5.787263594031334,5.7796928627490995,-123.08772177124024,0.002123793551698327,0.31515195965766907,0.5332086153328419,0.5350300782322883,123.10622910308838,123.11246557617187,123.10226321411133,14.082248100021388,"{""DC-1"": 369.63006339531563, ""DC-2"": 319.66900461721514, ""DC-3"": 292.5861847003875, ""DC-4"": 242.80735791987365, ""DC-5"": 298.9651745795674}"
593,634,1474.4569171721687,1001,1001,0,0,1001,250,1,750,0,1000,961,39,0,150,111,39,36,0,15118.08566455818,1000,604057,604057,200000,200000,0,603060,11.766619848966599,5.87601215171814,5.890607700705528,-123.30721368408203,0.0008782274220138788,0.31530100107192993,0.5344184178113938,0.535058464884758,123.33432284545898,123.33337753295899,123.33137361907959,13.8957320000045,"{""DC-1"": 359.87844844554695, ""DC-2"": 232.18977663587498, ""DC-3"": 296.8130911751069, ""DC-4"": 264.8940747891195, ""DC-5"": 320.68152612651903}"
594,635,1482.6745292716132,1001,1001,0,0,1001,227,1,773,0,1000,967,33,0,142,109,33,23,0,15342.188561251434,1000,605058,605058,200000,200000,0,604060,11.526794197797775,5.785079163074493,5.74171505343914,-123.33333513641358,0.009295128430007026,0.3205566108226776,0.526838329821825,0.5350010441541672,123.35049329376221,123.35581119537353,123.3549733505249,14.283401699998649,"{""DC-1"": 314.61078245480115, ""DC-2"": 310.6202661659365, ""DC-3"": 284.65389547964264, ""DC-4"": 243.54523241069947, ""DC-5"": 329.24435276053515}"
595,636,1546.3730795897038,1000,1000,0,0,1000,201,0,799,0,1000,982,18,0,106,88,18,28,0,14150.541256418801,1000,606058,606058,200000,200000,0,605060,12.84429365348816,6.383609514772892,6.4606841215491295,-123.34727837371827,-0.010111806465545669,0.31556814908981323,0.543911878824234,0.5350989678502083,123.37009419250488,123.37135489654541,123.3581413269043,14.680869400006486,"{""DC-1"": 376.06042281571047, ""DC-2"": 259.0204425468432, ""DC-3"": 320.80362270751976, ""DC-4"": 281.61790098804124, ""DC-5"": 308.87069053159087}"
596,637,1506.048178420362,1000,1000,0,0,1000,275,0,725,0,1000,964,36,0,170,134,36,28,0,15075.326850102389,1000,607058,607058,200000,200000,0,606060,11.306273665308952,5.651118574738502,5.655155102729798,-123.57651666259765,0.0016237062849104404,0.3166614770889282,0.533643230497837,0.5350539627671241,123.6008403930664,123.59919984436036,123.60042651367188,14.902962799998932,"{""DC-1"": 382.7825932105055, ""DC-2"": 309.8037530481253, ""DC-3"": 274.45072305434917, ""DC-4"": 242.00201901329032, ""DC-5"": 297.00909009409327}"
597,638,1524.264940575147,1000,1000,0,0,1000,208,0,792,0,1000,976,24,0,98,74,24,20,0,14010.939601407914,1000,608058,608058,200000,200000,0,607060,11.420080178380012,5.725014352917671,5.695065825104713,-123.73072650909424,-0.004059588602744043,0.31431958079338074,0.5387706744670868,0.5351191975474358,123.75815088653565,123.75012885284424,123.7482331314087,15.409569599985844,"{""DC-1"": 362.634896952868, ""DC-2"": 284.73189033137476, ""DC-3"": 281.7828798332171, ""DC-4"": 275.8377505131809, ""DC-5"": 319.27752294450585}"
598,639,1534.9496104874618,1000,1000,0,0,1000,221,0,779,0,1000,976,24,0,130,106,24,17,0,15980.479129232237,1000,609058,609058,200000,200000,0,608060,11.869600784301758,5.949717365443706,5.919883430302143,-123.72152702331543,0.008028632460627705,0.31849732995033264,0.5280006281733512,0.5350988572835922,123.74846054840089,123.74949009704589,123.7472694015503,14.42849120000028,"{""DC-1"": 354.8796850507061, ""DC-2"": 258.38149143434435, ""DC-3"": 320.8775999709062, ""DC-4"": 273.6086987633723, ""DC-5"": 327.20213526813353}"
599,640,1529.3969782973213,1002,1002,0,0,1002,242,2,758,0,1000,975,25,0,139,114,25,17,0,13912.858178078946,1004,610060,610060,200000,200000,0,609064,10.998915374041554,5.495699029163536,5.503216308723408,-123.97306727223187,0.0006306146139805892,0.3187481760978699,0.5345210113907716,0.5350139066873794,123.99271278837287,123.99796832415213,123.99520708365269,14.209141100000124,"{""DC-1"": 302.88856762439235, ""DC-2"": 310.2276471811756, ""DC-3"": 320.18397653957743, ""DC-4"": 286.90639939732233, ""DC-5"": 309.1903875548535}"
600,641,1537.7227232584287,1000,1000,0,0,1000,222,0,778,0,1000,980,20,0,116,96,20,19,0,16506.05661205956,1000,611060,611060,200000,200000,0,610064,13.281907632827759,6.640922400116921,6.640985224485397,-123.96676273345948,-0.005278123691678047,0.31607693433761597,0.5396910286545753,0.535066672027111,123.9921939239502,123.98614051055908,123.97574382019043,14.954214700002922,"{""DC-1"": 335.8724421057771, ""DC-2"": 313.817853682829, ""DC-3"": 266.25039389465644, ""DC-4"": 301.50430402907284, ""DC-5"": 320.2777295460935}"
601,642,1480.5344206304123,1000,1000,0,0,1000,227,0,773,0,1000,965,35,0,118,83,35,22,0,14683.412259097022,1000,612060,612060,200000,200000,0,611064,11.392115278720855,5.7103929113149645,5.681722346365452,-124.05350576019288,0.006175664087291807,0.31899064779281616,0.5296263239681721,0.5348970737457276,124.07551763916015,124.07790964508057,124.06710586547851,14.968368100002408,"{""DC-1"": 387.1583202894279, ""DC-2"": 247.89917013923375, ""DC-3"": 340.73193681302035, ""DC-4"": 209.75701975005796, ""DC-5"": 294.9879736386745}"
602,643,1562.2069504972799,1002,1002,0,0,1002,205,2,795,0,1000,985,15,0,98,83,15,16,0,12950.461851788597,1000,613062,613062,200000,200000,0,612064,11.436297479391097,5.704364968061447,5.7319324723482135,-124.28423701477051,-0.004857601216062903,0.31641054153442383,0.5394100369513035,0.5350967303514481,124.29949137878418,124.30171546173095,124.2835557937622,14.65168390001054,"{""DC-1"": 369.34455951805955, ""DC-2"": 281.69555171321974, ""DC-3"": 334.89231347640464, ""DC-4"": 293.51961748184874, ""DC-5"": 282.7549083077489}"
603,644,1523.1832147494897,1000,1000,0,0,1000,206,0,794,0,1000,976,24,0,112,88,24,19,0,16846.08253446128,1000,614062,614062,200000,200000,0,613064,11.368603996753693,5.675070319890976,5.693533665895462,-124.50563762664795,-0.007966517596738413,0.3130674958229065,0.5418856559097767,0.5349667140245438,124.51886241149903,124.51400602722168,124.51164311218261,14.360055099998135,"{""DC-1"": 372.85048383411254, ""DC-2"": 308.9680652383446, ""DC-3"": 243.84766559261772, ""DC-4"": 257.3601867371046, ""DC-5"": 340.1568133473087}"
604,645,1492.055033390888,1001,1001,0,0,1001,226,1,774,0,1000,968,32,0,121,89,32,21,0,16319.484205808305,1000,615063,615063,200000,200000,0,614064,12.153837667942048,6.022280530631543,6.131557133436203,-124.40299562835693,-0.006576181862270459,0.30998170375823975,0.5406430669426918,0.5349431556463241,124.43689179229736,124.43303161621094,124.43517864990234,14.908587399986573,"{""DC-1"": 372.71273128832826, ""DC-2"": 317.0171131238808, ""DC-3"": 287.4621105021195, ""DC-4"": 240.40273914347387, ""DC-5"": 274.46033933308684}"
605,646,1592.6733949927232,1000,1000,0,0,1000,209,0,791,0,1000,989,11,0,103,92,11,13,0,15767.930229121499,1000,616063,616063,200000,200000,0,615064,11.548929237127304,5.775655970215797,5.773273250043392,-124.4558641281128,0.00745392825640738,0.3135939836502075,0.5286989994347095,0.5350723153352738,124.4877926940918,124.48067914581299,124.47746463775634,14.630532500013942,"{""DC-1"": 347.5626246554988, ""DC-2"": 328.4224702565192, ""DC-3"": 365.240527100835, ""DC-4"": 253.51907223639427, ""DC-5"": 297.9287007434761}"
606,647,1472.512986305107,1001,1001,0,0,1001,247,1,753,0,1000,961,39,0,143,104,39,16,0,15351.56364661451,1004,617064,617064,200000,200000,0,616068,11.596497209423566,5.8295108875430435,5.766986319387102,-124.60421290910577,-0.009795905098753176,0.3088814914226532,0.543381760497967,0.5349851415095577,124.62486474542504,124.62219688901864,124.60846187393979,14.21208110000589,"{""DC-1"": 296.840344979327, ""DC-2"": 254.2018705711345, ""DC-3"": 330.685790612928, ""DC-4"": 242.35379266647672, ""DC-5"": 348.43118747524}"
607,648,1527.1335525854067,1001,1001,0,0,1001,205,1,795,0,1000,977,23,0,104,81,23,20,0,15954.039218902042,1000,618065,618065,200000,200000,0,617068,11.99104177570343,6.014110022187233,5.976931774675846,-124.7532183380127,0.00643794171186164,0.31222963333129883,0.5296525939404965,0.5351129304170609,124.78433941650391,124.78003482818603,124.77763498687744,13.934582899993984,"{""DC-1"": 388.1734787894618, ""DC-2"": 235.9308283000449, ""DC-3"": 323.362327745918, ""DC-4"": 282.23816530530615, ""DC-5"": 297.4287524446763}"
608,649,1516.6466026659134,1001,1001,0,0,1001,241,1,759,0,1000,969,31,0,117,86,31,18,0,15816.69525948157,1000,619066,619066,200000,200000,0,618068,12.80874865067005,6.39429492175579,6.414453696370125,-124.71834560394286,0.008416670083999633,0.3161950707435608,0.5277603580951691,0.5349889108538628,124.75362120819092,124.74638963317871,124.74858352661133,13.774555500014685,"{""DC-1"": 362.5464646743838, ""DC-2"": 292.77301746620174, ""DC-3"": 330.49415574570594, ""DC-4"": 227.70782277161635, ""DC-5"": 303.125142008004}"
609,650,1527.783276318479,1000,1000,0,0,1000,234,0,766,0,1000,974,26,0,139,113,26,14,0,14692.369817868243,1000,620066,620066,200000,200000,0,619068,10.922990830421448,5.5378765927553175,5.385114246428013,-124.68279347991944,0.0002642887451220304,0.3166670501232147,0.5347757399976254,0.5350231948494911,124.71160658264161,124.7159859237671,124.70683646392823,13.886891700007254,"{""DC-1"": 360.2900554318383, ""DC-2"": 327.8428691800245, ""DC-3"": 288.52625953289544, ""DC-4"": 277.61809752677294, ""DC-5"": 273.50599464694784}"
610,651,1487.2249855856917,1002,1002,0,0,1002,211,2,789,0,1000,971,29,0,119,90,29,19,0,14222.522640378935,1004,621068,621068,200000,200000,0,620072,11.511292008527247,5.747738849713033,5.76355314860306,-124.71377583993859,-0.004277271548827806,0.31384482979774475,0.5387976815501058,0.5349601568335081,124.7640089665751,124.75857066728204,124.75699370030863,15.154630899982294,"{""DC-1"": 296.62636212386195, ""DC-2"": 298.64141432312385, ""DC-3"": 293.07712303327514, ""DC-4"": 278.85982078020083, ""DC-5"": 320.0202653252295}"
611,652,1565.352204914309,1002,1002,0,0,1002,197,2,803,0,1000,986,14,0,93,79,14,14,0,14752.21324759689,1000,622070,622070,200000,200000,0,621072,12.416893913984298,6.2102137993574145,6.206680144190789,-124.60304543304443,0.0018439573340583593,0.3151998221874237,0.5334489471316337,0.5350861054062843,124.6412894821167,124.6413515625,124.64119588470459,15.56474459997844,"{""DC-1"": 359.31469861257085, ""DC-2"": 267.299341999948, ""DC-3"": 324.1530922253153, ""DC-4"": 294.2112502240256, ""DC-5"": 320.37382185245025}"
612,653,1559.21054045324,1001,1001,0,0,1001,235,1,765,0,1000,982,18,0,139,121,18,17,0,15201.063138366728,1000,623071,623071,200000,200000,0,622072,12.311115759134292,6.143467727303505,6.167648018956184,-124.60942819976806,-0.0012304548951797187,0.31427550315856934,0.5361666206121445,0.5350406173467636,124.66545276641845,124.66486930847168,124.6580707244873,15.290535600011935,"{""DC-1"": 346.685803595909, ""DC-2"": 301.6279392721602, ""DC-3"": 341.78189012388987, ""DC-4"": 310.70636360048456, ""DC-5"": 258.40854386079707}"
613,654,1560.348095183149,1002,1002,0,0,1002,218,2,782,0,1000,981,19,0,100,81,19,15,0,16519.369817868243,1004,624073,624073,200000,200000,0,623076,12.213005040746285,6.117106551668083,6.095898483141485,-124.51386916779902,0.003773581648228757,0.31641024351119995,0.5318503328766006,0.5351039213369567,124.56442951491155,124.56270293125593,124.56975851020965,14.676775100000668,"{""DC-1"": 376.0160645151638, ""DC-2"": 314.38096073156055, ""DC-3"": 261.56647324850456, ""DC-4"": 288.89732328877363, ""DC-5"": 319.48727339914365}"
614,655,1481.7050217798308,1002,1002,0,0,1002,209,2,791,0,1000,968,32,0,110,78,32,27,0,12454.039218902042,1000,625075,625075,200000,200000,0,624076,11.012320915222167,5.518297925889492,5.494023014783859,-124.4677119216919,0.006639789624838159,0.31933197379112244,0.529300222158432,0.535056463599205,124.51979560089111,124.52589353942871,124.5235824432373,14.762492399982875,"{""DC-1"": 333.17446492683905, ""DC-2"": 294.72549642813846, ""DC-3"": 308.7119525943839, ""DC-4"": 268.0650784894126, ""DC-5"": 277.02802934105756}"
615,656,1542.503741972523,1002,1002,0,0,1002,249,2,751,0,1000,976,24,0,124,100,24,23,0,18057.522640378935,1004,626077,626077,200000,200000,0,625080,10.614131405296554,5.274805542838526,5.339325871600573,-124.44454642975948,0.0019351759442198739,0.3206484019756317,0.5332950620181057,0.5349965363859656,124.4948045343042,124.49267607761094,124.4852429956079,13.958920400007628,"{""DC-1"": 317.87076697899806, ""DC-2"": 290.77071999238956, ""DC-3"": 338.15171111125204, ""DC-4"": 286.0980380003804, ""DC-5"": 309.61250588950355}"
616,657,1534.0082922197785,1002,1002,0,0,1002,222,2,778,0,1000,978,22,0,104,82,22,20,0,16883.599078438314,1000,627079,627079,200000,200000,0,626080,10.90140347480774,5.452323578834534,5.449079881429673,-124.53400811767578,0.011261949522653594,0.3264552056789398,0.5250128093063832,0.5349372710585594,124.58380924987793,124.58109130859376,124.58000197601318,13.733340099977795,"{""DC-1"": 252.77493700679264, ""DC-2"": 370.91787608996856, ""DC-3"": 303.9283511143608, ""DC-4"": 270.6587168651889, ""DC-5"": 335.7284111434679}"
617,658,1579.709495697211,1001,1001,0,0,1001,211,1,789,0,1000,987,13,0,103,90,13,13,0,16466.720011132064,1004,628080,628080,200000,200000,0,627084,13.05875645275135,6.503053827708461,6.555702656507492,-124.42925444067237,-0.004088779796606887,0.32419323921203613,0.5388931929471483,0.5351148088021107,124.49377360856866,124.49090145308658,124.48731173177164,15.03200750000542,"{""DC-1"": 384.51192482622486, ""DC-2"": 340.13457596011807, ""DC-3"": 274.5264267556326, ""DC-4"": 269.5136127343856, ""DC-5"": 311.0229554208514}"
618,659,1474.6124421575894,1003,1003,0,0,1003,235,3,765,0,1000,964,36,0,130,94,36,28,0,17064.97769279527,1000,629083,629083,200000,200000,0,628084,12.832045000791549,6.344972843647003,6.4870721210241316,-124.40412718963623,-0.011341231022495776,0.3193334937095642,0.5450139500796795,0.5350498903989792,124.47004457855225,124.45985669708251,124.46570372772217,14.671724899992114,"{""DC-1"": 340.0038678019532, ""DC-2"": 309.9042659150595, ""DC-3"": 266.8283725391566, ""DC-4"": 254.28906491586963, ""DC-5"": 303.5868709855525}"
619,660,1500.8756051708433,1001,1001,0,0,1001,222,1,778,0,1000,972,28,0,126,98,28,21,0,16260.522640378935,1004,630084,630084,200000,200000,0,629088,10.630452948262493,5.369313786704227,5.261139181327535,-124.21915253415051,0.011243749821309995,0.32491403818130493,0.5251361703373997,0.5351065019093662,124.27333713242732,124.27639262134811,124.2693691557622,14.808684499992523,"{""DC-1"": 331.54790400318404, ""DC-2"": 264.77372404872597, ""DC-3"": 315.8669854626304, ""DC-4"": 275.7430128308611, ""DC-5"": 312.9439788254429}"
620,661,1449.348785841384,1001,1001,0,0,1001,266,1,734,0,1000,952,48,0,156,108,48,23,0,14427.360164026679,1000,631085,631085,200000,200000,0,630088,10.581565083026886,5.29000313025713,5.291561954259873,-124.35834580993652,-0.006427122140303254,0.321626216173172,0.5408026266396045,0.5350789859294891,124.41026960754394,124.41258369445801,124.40917710113526,14.414976200001547,"{""DC-1"": 320.4156628368997, ""DC-2"": 288.93043850821675, ""DC-3"": 275.2104727707069, ""DC-4"": 239.94097382217464, ""DC-5"": 324.8512379033876}"
621,662,1589.303763388418,1001,1001,0,0,1001,220,1,780,0,1000,988,12,0,107,95,12,19,0,16178.971312032176,1000,632086,632086,200000,200000,0,631088,12.698833899736405,6.339730189859867,6.359103703737259,-124.40225933837891,0.012988645730074496,0.3280089795589447,0.5237608865499497,0.5351538962721825,124.45048496246338,124.44423026275635,124.43979699707032,14.467209599999478,"{""DC-1"": 349.1450598993345, ""DC-2"": 350.2819090160172, ""DC-3"": 338.6627302968182, ""DC-4"": 250.0270205152493, ""DC-5"": 301.1870436609982}"
622,663,1545.4527307176234,1001,1001,0,0,1001,224,1,776,0,1000,979,21,0,127,106,21,22,0,14109.847356881319,1000,633087,633087,200000,200000,0,632088,11.774092061400413,5.8951894725561145,5.8789026035666465,-124.54024150085449,0.0019298401926644147,0.3294419050216675,0.533364560186863,0.5352209921479225,124.59416774749756,124.59142992401124,124.59010647583008,14.338753299991367,"{""DC-1"": 338.07526324111154, ""DC-2"": 314.3952090372612, ""DC-3"": 313.4020192918224, ""DC-4"": 290.8075201104993, ""DC-5"": 288.77271903692883}"
623,664,1560.3616146955642,1003,1003,0,0,1003,215,3,785,0,1000,984,16,0,113,97,16,20,0,16376.997599147233,1004,634090,634090,200000,200000,0,633092,12.003678474055818,6.021683687589083,5.98199478468572,-124.31655267510281,-0.01121167163271828,0.32328733801841736,0.5453502234828425,0.5352241513263657,124.38444750052524,124.37994140837772,124.37866544533536,13.940238600014709,"{""DC-1"": 360.90826807097, ""DC-2"": 287.78876142630185, ""DC-3"": 343.9966734774788, ""DC-4"": 278.4282172768353, ""DC-5"": 289.2396944439802}"
624,665,1547.909905424227,1001,1001,0,0,1001,220,1,780,0,1000,980,20,0,125,105,20,17,0,16931.946239131634,1000,635091,635091,200000,200000,0,634092,11.422847523927688,5.680036119103431,5.742811385571956,-124.41927834320069,0.005343345192261041,0.32596391439437866,0.530326275497675,0.5351116921901703,124.47756941223145,124.47491226959228,124.46312410736084,14.307327400019858,"{""DC-1"": 359.4585790008022, ""DC-2"": 318.5372998628373, ""DC-3"": 259.30678848840637, ""DC-4"": 283.81536308319085, ""DC-5"": 326.7918749889911}"
625,666,1602.0913805119512,1001,1001,0,0,1001,213,1,787,0,1000,989,11,0,94,83,11,10,0,16487.84735688132,1004,636092,636092,200000,200000,0,635096,11.623603469584568,5.843425849697504,5.780177599167919,-124.45651589351822,-0.009037058052803535,0.3212381601333618,0.5433801293254373,0.5352282872594211,124.51795268723689,124.51993114729801,124.51605122782794,13.928048100002343,"{""DC-1"": 370.15428534865765, ""DC-2"": 340.7871177880209, ""DC-3"": 312.06897228054487, ""DC-4"": 258.52990273126443, ""DC-5"": 320.5511023634666}"
626,667,1531.3436333253978,1000,1000,0,0,1000,219,0,781,0,1000,976,24,0,116,92,24,16,0,14990.412259097022,1000,637092,637092,200000,200000,0,636096,11.11733785367012,5.555983718276024,5.561354149580001,-124.4489026184082,0.0029377642669714986,0.32284846901893616,0.5323291155695915,0.5349759258031845,124.51552169799805,124.50960609436035,124.50637573242187,13.326346200017724,"{""DC-1"": 350.8458502262352, ""DC-2"": 308.70928965028753, ""DC-3"": 325.87377354757973, ""DC-4"": 262.35667186171406, ""DC-5"": 283.5580480395823}"
627,668,1559.9239611281664,1002,1002,0,0,1002,223,2,777,0,1000,982,18,0,110,92,18,15,0,16270.56364661451,1000,638094,638094,200000,200000,0,637096,10.998835232734681,5.550732705235482,5.4481026077270505,-124.5114697113037,-0.0007219480259809643,0.3223639130592346,0.535881947606802,0.5351480555534363,124.57260047149659,124.56578038024902,124.56451668548584,13.349694700009422,"{""DC-1"": 338.43220176982214, ""DC-2"": 304.86214073850806, ""DC-3"": 306.5458598267137, ""DC-4"": 267.47806094439625, ""DC-5"": 342.60569784872854}"
628,669,1575.714963442327,1001,1001,0,0,1001,221,1,779,0,1000,984,16,0,111,95,16,14,0,14912.032584019293,1000,639095,639095,200000,200000,0,638096,10.704446542263032,5.429857339739799,5.274589219927788,-124.42744899749756,0.008376567301340402,0.32676294445991516,0.5276149687469005,0.5350131947398186,124.50827137756347,124.50281185913086,124.50631775665283,13.377105699997628,"{""DC-1"": 339.5675512910539, ""DC-2"": 322.23307464136155, ""DC-3"": 352.91011063405136, ""DC-4"": 243.9290074310252, ""DC-5"": 317.0752194448366}"
629,670,1539.8247535249725,1001,1001,0,0,1001,256,1,744,0,1000,974,26,0,154,128,26,21,0,15084.522513301477,1004,640096,640096,200000,200000,0,639100,10.838133589917446,5.405325615548517,5.432807962020555,-124.51663246762705,-0.005692533244851019,0.3234271705150604,0.5402852912466839,0.535122541376794,124.58592757570791,124.58673943751361,124.5750924828518,13.523844799987273,"{""DC-1"": 334.23100567323337, ""DC-2"": 298.4468962369923, ""DC-3"": 330.17986748899295, ""DC-4"": 266.4328752003561, ""DC-5"": 310.53410892539677}"
630,671,1529.0503062991177,1001,1001,0,0,1001,250,1,750,0,1000,972,28,0,115,87,28,22,0,14642.304251132433,1000,641097,641097,200000,200000,0,640100,11.1211991314888,5.588465393543244,5.532733749985695,-124.52815385437012,0.0033702672948129476,0.32558703422546387,0.5321769117414952,0.5351641882061958,124.5937925415039,124.5975470199585,124.58228926086426,13.304052699997555,"{""DC-1"": 321.04051531166465, ""DC-2"": 327.9395933940611, ""DC-3"": 303.6769864167635, ""DC-4"": 255.1301395572633, ""DC-5"": 321.263071619365}"
631,672,1570.1247740147342,1000,1000,0,0,1000,223,0,777,0,1000,984,16,0,118,102,16,15,0,16801.71769828564,1000,642097,642097,200000,200000,0,641100,13.845118751049041,6.939642048120499,6.9054767180681225,-124.52388004302979,0.004282782900612801,0.32741084694862366,0.531578816562891,0.535274712741375,124.5925725479126,124.59390700531006,124.57587641906738,13.422536300000502,"{""DC-1"": 376.809637339032, ""DC-2"": 323.51621662528004, ""DC-3"": 320.47396289333585, ""DC-4"": 263.4059337759502, ""DC-5"": 285.9190233811368}"
632,673,1498.6201537314794,1004,1004,0,0,1004,207,4,793,0,1000,973,27,0,96,69,27,21,0,15441.324777374779,1004,643101,643101,200000,200000,0,642104,11.920506099780717,5.960833864739216,5.959672219012363,-124.4149798587024,0.009320398830192764,0.3334272801876068,0.5265839936961216,0.5351065914944348,124.4814723345388,124.48554662119345,124.48586048263003,13.430074000003515,"{""DC-1"": 339.23100251402843, ""DC-2"": 287.98621759768923, ""DC-3"": 273.89822163189206, ""DC-4"": 283.74736761944905, ""DC-5"": 313.75734436841947}"
633,674,1512.2018901041633,1002,1002,0,0,1002,223,2,777,0,1000,972,28,0,121,93,28,14,0,15483.69525948157,1000,644103,644103,200000,200000,0,643104,12.517357899904251,6.243880879163742,6.273477025151252,-124.29715013122559,-0.005221829684451222,0.32982683181762695,0.5399171181619168,0.5350800020098686,124.3688009185791,124.36975833892822,124.36446778106689,14.267206200020155,"{""DC-1"": 307.1321643798657, ""DC-2"": 304.2463265899971, ""DC-3"": 306.8437702375445, ""DC-4"": 287.27904664913143, ""DC-5"": 306.7005822476263}"
634,675,1470.9764196616195,1003,1003,0,0,1003,258,3,742,0,1000,959,41,0,149,108,41,14,0,15659.480913426874,1004,645106,645106,200000,200000,0,644108,13.503519275748872,6.741455305026347,6.762063986989132,-124.3949384955296,-0.005861366054495849,0.3268589675426483,0.5403811869571409,0.5351108138660986,124.45779600561377,124.4654442228644,124.46277410955543,14.229866799985757,"{""DC-1"": 369.2098950313323, ""DC-2"": 343.50178260262527, ""DC-3"": 229.42472597894317, ""DC-4"": 274.2380039927573, ""DC-5"": 254.60201205596115}"
635,676,1570.991457235613,1006,1006,0,0,1006,217,6,783,0,1000,986,14,0,98,84,14,14,0,16096.950906756458,1008,646112,646112,200000,200000,0,645116,13.12059871000903,6.556984134373211,6.563614579301978,-124.42359027408418,-0.0005917128800074496,0.32680970430374146,0.535679456142206,0.5351132829747502,124.49436593434167,124.49414310001191,124.48129049180046,13.499031499988632,"{""DC-1"": 357.8486143458369, ""DC-2"": 304.80952674860106, ""DC-3"": 321.0896327221823, ""DC-4"": 272.6716194034925, ""DC-5"": 314.5720640155005}"
636,677,1510.3147557180157,1001,1001,0,0,1001,224,1,776,0,1000,972,28,0,107,79,28,16,0,16064.401029268513,1000,647113,647113,200000,200000,0,646116,12.075817432165145,6.061516712069511,6.014300715208053,-124.36771098327637,0.008913129951339215,0.3319171369075775,0.527213548541069,0.5351786883473396,124.44377462005615,124.4491883468628,124.44163137054443,13.382389000005787,"{""DC-1"": 377.691890824574, ""DC-2"": 276.8826779775283, ""DC-3"": 291.27662965426293, ""DC-4"": 278.10893269044067, ""DC-5"": 286.3546245712103}"
637,678,1575.6005986929204,1000,1000,0,0,1000,220,0,780,0,1000,984,16,0,124,108,16,13,0,14253.006324376553,1000,648113,648113,200000,200000,0,647116,11.701290495872497,5.864085227012635,5.837205301046372,-124.51127909851074,-0.006605152637232095,0.32836610078811646,0.5411047404408454,0.5351953235864639,124.58132695770264,124.57953440856933,124.5807476272583,13.353725499997381,"{""DC-1"": 357.7204352071487, ""DC-2"": 312.4209020555973, ""DC-3"": 323.2154387293834, ""DC-4"": 246.02730798527125, ""DC-5"": 336.21651471552116}"
638,679,1506.7542643813204,1001,1001,0,0,1001,257,1,743,0,1000,967,33,0,148,115,33,22,0,14783.405351571024,1000,649114,649114,200000,200000,0,648116,13.60236286830902,6.797253792524338,6.805109074473381,-124.42214806365966,-0.004313229639315978,0.3259007930755615,0.5392464354634285,0.5353345230221749,124.48592919921875,124.488931930542,124.48062273406983,13.349396599980537,"{""DC-1"": 325.00929934255913, ""DC-2"": 321.5494865572933, ""DC-3"": 294.3405731711782, ""DC-4"": 268.83962856900854, ""DC-5"": 297.0152767412811}"
639,680,1607.1163864202051,1001,1001,0,0,1001,231,1,769,0,1000,989,11,0,102,91,11,12,0,13717.939601407914,1000,650115,650115,200000,200000,0,649116,12.832949244499206,6.419718556046486,6.41323070704937,-124.65889239501954,0.0016977956569753587,0.3267633020877838,0.53376368111372,0.5352461673021317,124.71538151550293,124.71463513183593,124.70944547271729,13.310859700024594,"{""DC-1"": 348.6940082245218, ""DC-2"": 365.58075300031527, ""DC-3"": 325.0697208023467, ""DC-4"": 263.78486191790836, ""DC-5"": 303.987042475113}"
640,681,1593.0584160640208,1001,1001,0,0,1001,240,1,760,0,1000,984,16,0,116,100,16,16,0,16059.039218902042,1004,651116,651116,200000,200000,0,650120,14.470855124680645,7.231917472593338,7.23893772938337,-124.47903825372339,0.0005270420073668854,0.32686442136764526,0.5348052651996157,0.5351655546175056,124.56358288008853,124.55978892048992,124.55771186342277,13.39416299998993,"{""DC-1"": 399.3973285366395, ""DC-2"": 296.4612117386185, ""DC-3"": 335.47627441903, ""DC-4"": 243.30472067349422, ""DC-5"": 318.4188806962383}"
641,682,1571.2283302479584,1002,1002,0,0,1002,214,2,786,0,1000,986,14,0,112,98,14,18,0,15162.479129232237,1000,652118,652118,200000,200000,0,651120,12.83507496356964,6.443289135932923,6.391785852193832,-124.5178685760498,0.007279340830165893,0.3308485746383667,0.5287425235211849,0.5352057430148125,124.59812854766845,124.5947914428711,124.58377908325195,13.386707900004694,"{""DC-1"": 342.7081989442529, ""DC-2"": 285.03773967677773, ""DC-3"": 348.6106567320612, ""DC-4"": 272.9159954977624, ""DC-5"": 321.9557393971044}"
642,683,1639.6974229755833,1001,1001,0,0,1001,239,1,761,0,1000,996,4,0,99,95,4,12,0,15383.304251132433,1000,653119,653119,200000,200000,0,652120,14.673333260059357,7.309156879901886,7.364176320075988,-124.47563461303712,-0.00011322791478596628,0.3309226632118225,0.5353005123138428,0.535188993692398,124.54465895080567,124.54318538665771,124.54277722930908,13.342354599997634,"{""DC-1"": 381.22312130449063, ""DC-2"": 357.6781708113785, ""DC-3"": 330.62936202949817, ""DC-4"": 285.24390378086366, ""DC-5"": 284.9228650493554}"
643,684,1521.0435772412402,1004,1004,0,0,1004,235,4,765,0,1000,973,27,0,119,92,27,22,0,13904.585097121555,1004,654123,654123,200000,200000,0,653124,13.673288835709789,6.809892658218445,6.863396187465029,-124.35279185078534,0.007494011708809827,0.3355705142021179,0.5285555195820284,0.535326976996969,124.43261920123462,124.42716491364862,124.43020802380079,13.344034499983536,"{""DC-1"": 384.0412123193515, ""DC-2"": 317.40690131034324, ""DC-3"": 275.10930959198856, ""DC-4"": 270.91181679899034, ""DC-5"": 273.5743372205694}"
644,685,1582.2426157951436,1001,1001,0,0,1001,237,1,763,0,1000,985,15,0,125,110,15,18,0,14898.611370240007,1004,655124,655124,200000,200000,0,654128,14.22030213083404,7.128112693350628,7.092189407681089,-124.3827423308475,0.0010708829645898594,0.3359709084033966,0.534329509384841,0.5352671824959645,124.45156450005642,124.44909227986734,124.45062519544624,13.355217200005427,"{""DC-1"": 340.35948825611655, ""DC-2"": 352.9714997912927, ""DC-3"": 308.15069506878973, ""DC-4"": 285.62189167264967, ""DC-5"": 295.13904100629424}"
645,686,1448.476642618865,1002,1002,0,0,1002,252,2,748,0,1000,955,45,0,161,116,45,17,0,16051.150440305373,1000,656126,656126,200000,200000,0,655128,14.552869993686675,7.296423272252083,7.256446686267853,-124.31891680145263,-0.005522309909574688,0.3326459527015686,0.5404076482951641,0.5352564942836762,124.38127515411377,124.38337049865723,124.36467359161377,13.299405499972636,"{""DC-1"": 323.14811878115773, ""DC-2"": 317.46101341657237, ""DC-3"": 289.0636277613557, ""DC-4"": 237.2681246662206, ""DC-5"": 281.5357579935598}"
646,687,1543.7913214642895,1003,1003,0,0,1003,198,3,802,0,1000,983,17,0,102,85,17,12,0,12620.569460598383,1004,657129,657129,200000,200000,0,656132,13.352868550802132,6.620861760648598,6.7320068197183875,-124.46589983601969,0.005121844303534474,0.33581340312957764,0.530562563810453,0.5352717350678615,124.54416311499607,124.53747423331576,124.55153524543185,13.381440800003475,"{""DC-1"": 331.9838112835609, ""DC-2"": 323.4030387236699, ""DC-3"": 350.09940968925105, ""DC-4"": 258.2805625835881, ""DC-5"": 280.02449918422104}"
647,688,1605.7577839531455,1002,1002,0,0,1002,255,2,745,0,1000,985,15,0,124,109,15,15,0,16660.526109882958,1000,658131,658131,200000,200000,0,657132,15.801071792364121,8.015254676818847,7.785817224264145,-124.48990146636963,0.0027070243498310445,0.3373067378997803,0.5327527238726616,0.5351891908049583,124.56517777252198,124.55916317749023,124.55530255126953,13.365718799992464,"{""DC-1"": 374.31524187621784, ""DC-2"": 332.47300590035115, ""DC-3"": 373.4858216854081, ""DC-4"": 249.12223845258552, ""DC-5"": 276.3614760385833}"
648,689,1537.181719965583,1002,1002,0,0,1002,229,2,771,0,1000,977,23,0,121,98,23,21,0,17084.240627157775,1004,659133,659133,200000,200000,0,658136,15.454360789511783,7.806212399466579,7.6481483942009065,-124.25848711629313,-0.01817712049923867,0.32716941833496094,0.5517642093725889,0.5352250985890271,124.35092327224307,124.34848075653927,124.34398157188141,13.343617000005906,"{""DC-1"": 293.280680562458, ""DC-2"": 351.23074726702197, ""DC-3"": 324.80120205694305, ""DC-4"": 255.25546989113002, ""DC-5"": 312.61362018803067}"
649,690,1479.8982225866137,1002,1002,0,0,1002,220,2,780,0,1000,965,35,0,135,100,35,14,0,14191.120694915675,1000,660135,660135,200000,200000,0,659136,13.314328187942506,6.69357112634182,6.620757063865661,-124.4654580001831,0.008319682987406849,0.3312285244464874,0.5277445102334023,0.53510735476017,124.54164527893066,124.54210547637939,124.53870830535888,13.324348199996166,"{""DC-1"": 346.09794134927535, ""DC-2"": 328.1686652777804, ""DC-3"": 264.79614803743175, ""DC-4"": 246.8997682454559, ""DC-5"": 293.93569967667156}"
650,691,1569.0970183805614,1000,1000,0,0,1000,236,0,764,0,1000,981,19,0,134,115,19,17,0,14384.719005069728,1000,661135,661135,200000,200000,0,660136,19.267279699087144,9.590468026518822,9.676811617255211,-124.24996612548829,0.0034824058832600715,0.3333202600479126,0.5321698494255542,0.5353024334311486,124.36356969451904,124.35875225830078,124.35294604492188,13.335390699998243,"{""DC-1"": 305.82348043736573, ""DC-2"": 328.60134988677396, ""DC-3"": 318.75769059488863, ""DC-4"": 271.2463489505318, ""DC-5"": 344.66814851100276}"
651,692,1546.0710296037837,1001,1001,0,0,1001,234,1,766,0,1000,976,24,0,139,115,24,25,0,15754.032584019293,1004,662136,662136,200000,200000,0,661140,16.75001385582396,8.39329407248364,8.356719745345325,-123.8921235833035,0.0037203503441458857,0.3356952667236328,0.5317312919226775,0.5351377165175054,124.01671345775345,124.01524901675037,124.00843576986001,13.3456800999993,"{""DC-1"": 418.87388444730357, ""DC-2"": 268.8233881201355, ""DC-3"": 320.39142847986193, ""DC-4"": 225.0374816012805, ""DC-5"": 312.9448469552031}"
652,693,1538.9534420225402,1007,1007,0,0,1007,242,7,758,0,1000,977,23,0,139,116,23,16,0,18452.401029268513,1004,663143,663143,200000,200000,0,662144,19.46987879418757,9.694100857137208,9.775777995348927,-123.96173001475543,-0.0033625936028046674,0.3338536322116852,0.5385030439472294,0.5353316896227727,124.07854707117575,124.0848752511925,124.07731905021515,13.425276099995244,"{""DC-1"": 339.0580027725274, ""DC-2"": 315.00580752039264, ""DC-3"": 303.59716067693284, ""DC-4"": 295.4113701052602, ""DC-5"": 285.8811009474267}"
653,694,1498.4323500113603,1000,1000,0,0,1000,211,0,789,0,1000,972,28,0,121,93,28,17,0,13006.655048066626,1000,664143,664143,200000,200000,0,663144,21.561060615062715,10.889327591538429,10.67173309957981,-123.79361946105956,0.005917314120568335,0.33731627464294434,0.529780680090189,0.5351807294487954,123.90721170806884,123.90561989593506,123.89141647338867,13.272523699997691,"{""DC-1"": 308.93721631873785, ""DC-2"": 294.42913499872475, ""DC-3"": 336.44376544035157, ""DC-4"": 275.83733344488553, ""DC-5"": 282.7848998086611}"
654,695,1551.345837492191,1003,1003,0,0,1003,240,3,760,0,1000,979,21,0,128,107,21,17,0,14647.369817868243,1004,665146,665146,200000,200000,0,664148,18.168239293820356,9.108670837257012,9.059568408832131,-123.72697046743446,0.002002325826959937,0.3383833169937134,0.5334073398930143,0.5351891775292704,123.8341127068873,123.82963167623694,123.82109372264361,13.35098749998724,"{""DC-1"": 355.4072352133926, ""DC-2"": 302.53185124054704, ""DC-3"": 324.538628526035, ""DC-4"": 285.4110780898165, ""DC-5"": 283.45704442240185}"
655,696,1583.3305304977098,1002,1002,0,0,1002,235,2,765,0,1000,983,17,0,137,120,17,12,0,16155.701603158235,1004,666148,666148,200000,200000,0,665152,17.33569521424305,8.606784483232346,8.728910800351565,-123.58068548255707,-0.011251721727574594,0.33173394203186035,0.5456514454398497,0.5352601268258228,123.65764079910825,123.65791478859951,123.65108367646359,13.370837700000266,"{""DC-1"": 347.31413503741743, ""DC-2"": 331.81279160506375, ""DC-3"": 371.2576682733157, ""DC-4"": 232.26400057485048, ""DC-5"": 300.68193500706366}"
656,697,1553.8969081751736,1000,1000,0,0,1000,216,0,784,0,1000,982,18,0,114,96,18,14,0,15691.240627157775,1000,667148,667148,200000,200000,0,666152,26.41871378183365,13.202500593066215,13.216213064670562,-123.55861333465576,0.0011787023404613137,0.3324965536594391,0.5341178114116192,0.5351951306462288,123.67288332366944,123.67656838989258,123.65702549743652,13.292754299996886,"{""DC-1"": 360.8089580943315, ""DC-2"": 342.69609645829826, ""DC-3"": 340.68487531763583, ""DC-4"": 258.9676774533875, ""DC-5"": 250.73930085152114}"
657,698,1433.1283684303994,1001,1001,0,0,1001,229,1,771,0,1000,956,44,0,138,94,44,18,0,15736.522145741972,1000,668149,668149,200000,200000,0,667152,14.781004240989684,7.331726044654846,7.449278205037117,-123.41222632598877,-0.005574467841535807,0.33002689480781555,0.5405398144125938,0.5353605738282203,123.54106397247314,123.53705779266357,123.54450833129883,13.326205899997149,"{""DC-1"": 332.3492944069192, ""DC-2"": 293.0828095832491, ""DC-3"": 282.4569566353864, ""DC-4"": 251.89195755505864, ""DC-5"": 273.3473502497863}"
658,699,1542.025300697476,1002,1002,0,0,1002,242,2,758,0,1000,977,23,0,130,107,23,18,0,16995.940561325864,1000,669151,669151,200000,200000,0,668152,18.836565470457078,9.453165099501609,9.383400302410125,-123.2057887802124,0.00414579168939963,0.33199217915534973,0.5317822065651416,0.5354469532966614,123.29560949707032,123.30037409210205,123.29883910369873,13.408416600024793,"{""DC-1"": 292.61804080105776, ""DC-2"": 343.8529701612952, ""DC-3"": 346.92406834951487, ""DC-4"": 252.84575504858324, ""DC-5"": 305.784466337025}"
659,700,1549.557346099788,1002,1002,0,0,1002,249,2,751,0,1000,977,23,0,136,113,23,16,0,17868.988625172224,1004,670153,670153,200000,200000,0,669156,23.758571971935105,11.894423510923804,11.86414843940165,-123.17283929771637,-0.0012205225748076769,0.3316572904586792,0.5364279627087581,0.5353752391865529,123.29879433225351,123.2969793798439,123.29825272883078,13.346277900011046,"{""DC-1"": 337.900621229004, ""DC-2"": 314.03425404360075, ""DC-3"": 333.1404954042815, ""DC-4"": 273.4245521039263, ""DC-5"": 291.0574233189738}"
660,701,1509.794065184425,1002,1002,0,0,1002,217,2,783,0,1000,973,27,0,110,83,27,25,0,14319.599078438314,1000,671155,671155,200000,200000,0,670156,27.035499459743498,13.57950541818142,13.455993909478188,-123.0374787979126,0.0021640095794573425,0.33217328786849976,0.5335721544027329,0.5353510685563088,123.14411119842529,123.14453273773194,123.13703314971924,13.301926799991634,"{""DC-1"": 348.20000778537144, ""DC-2"": 246.82039037419543, ""DC-3"": 359.53798431649494, ""DC-4"": 269.1426231253668, ""DC-5"": 286.09305958299683}"
661,702,1333.6338929609717,1002,1002,0,0,1002,255,2,745,0,1000,932,68,0,149,81,68,46,0,17554.209670583205,1004,672157,672157,200000,200000,0,671160,26.116691247875472,13.104376525280484,13.012314704309897,-123.26545355899401,0.0020014927230879247,0.33416035771369934,0.5333766899854538,0.5352887583681312,123.35460559495417,123.36171230756904,123.3549825964696,13.338884700002382,"{""DC-1"": 330.75239110589325, ""DC-2"": 288.2599943236229, ""DC-3"": 140.53789628838274, ""DC-4"": 273.34991011072174, ""DC-5"": 300.733701132352}"
662,703,1478.8867962580778,1001,1001,0,0,1001,228,1,772,0,1000,967,33,0,126,93,33,27,0,14405.063138366728,1000,673158,673158,200000,200000,0,672160,39.40089635515213,19.76615259563923,19.634744027376176,-123.294797706604,-0.006639414225704968,0.33032628893852234,0.5415854178071022,0.5354006562232971,123.39104898834229,123.38666413879395,123.3672681427002,13.31905670001288,"{""DC-1"": 304.88881505860627, ""DC-2"": 341.2596102152854, ""DC-3"": 253.30978465320067, ""DC-4"": 277.13827146271893, ""DC-5"": 302.29031486826756}"
663,704,1566.6541270231232,1002,1002,0,0,1002,230,2,770,0,1000,982,18,0,115,97,18,17,0,15992.150440305373,1004,674160,674160,200000,200000,0,673164,40.06052382723744,20.013844927706092,20.046678443116495,-123.32688270052115,0.008612214292184379,0.3348484933376312,0.5276299239214198,0.5354316957087156,123.41415789022864,123.41401505945213,123.41182274077518,13.44554220000282,"{""DC-1"": 392.48523733963896, ""DC-2"": 293.61123500844565, ""DC-3"": 343.0876998637523, ""DC-4"": 249.98691591368402, ""DC-5"": 287.48303889760354}"
664,705,1587.404340128328,1006,1006,0,0,1006,206,6,794,0,1000,991,9,0,81,72,9,9,0,15613.737969089605,1004,675166,675166,200000,200000,0,674168,39.213942125024076,19.6696538082157,19.54428853444844,-123.5662078249502,-0.0026455240679415038,0.3331315815448761,0.5377232892461032,0.5352465680752142,123.6661979477719,123.6646993264734,123.65834013494363,13.404273299995111,"{""DC-1"": 345.97047462210946, ""DC-2"": 332.37853983577963, ""DC-3"": 324.94387014959125, ""DC-4"": 289.26910338389536, ""DC-5"": 294.8423521369524}"
665,706,1506.1354439604231,1002,1002,0,0,1002,235,2,765,0,1000,968,32,0,130,98,32,12,0,15733.537220416008,1004,676168,676168,200000,200000,0,675172,58.723512658085006,29.304248163899576,29.419264267640283,-121.95664046390124,0.008297405936161567,0.3376063108444214,0.5278328734030762,0.535375193355093,122.12527446822816,122.1240519793385,122.10949974515998,13.268184999993537,"{""DC-1"": 355.06737042192066, ""DC-2"": 289.55844829397375, ""DC-3"": 268.136191272854, ""DC-4"": 275.39291588851387, ""DC-5"": 317.9805180831621}"
666,707,1469.994517503224,1004,1004,0,0,1004,201,4,799,0,1000,969,31,0,128,97,31,18,0,18142.53722041601,1004,677172,677172,200000,200000,0,676176,30.081398451945695,15.064108902002236,15.017289556592583,-119.83650558593264,-0.012483412130880523,0.3305107057094574,0.5469143235113516,0.5353798285067319,120.04119275005691,120.04096623150951,120.03962756153122,13.370925700000953,"{""DC-1"": 329.78036183869875, ""DC-2"": 290.1134336324962, ""DC-3"": 293.6725986371452, ""DC-4"": 265.76372604068854, ""DC-5"": 290.6643973541948}"
667,708,1558.7200085113254,1000,1000,0,0,1000,216,0,784,0,1000,980,20,0,99,79,20,12,0,14274.858178078946,1000,678172,678172,200000,200000,0,677176,58.61864616155624,29.386685317516328,29.23196132183075,-119.6527075805664,0.0051392142232507465,0.33368486166000366,0.5307436684668064,0.5353895524144172,119.84632578277588,119.84226764678955,119.82911375427246,13.321292799984803,"{""DC-1"": 390.21760070991894, ""DC-2"": 279.589410402736, ""DC-3"": 308.72819539411887, ""DC-4"": 263.15136040873494, ""DC-5"": 317.03344159581735}"
668,709,1587.8584280842153,1001,1001,0,0,1001,188,1,812,0,1000,991,9,0,87,78,9,11,0,14782.946239131636,1000,679173,679173,200000,200000,0,678176,39.02257030963898,19.46680517888069,19.555765057325363,-119.0819511795044,-0.020425692087970675,0.32351022958755493,0.5538329756855964,0.5353645576834679,119.31909968566895,119.32428945922851,119.32030721282959,13.333275599987246,"{""DC-1"": 359.34954173465894, ""DC-2"": 325.4842991741761, ""DC-3"": 307.6986949499762, ""DC-4"": 280.5308737152201, ""DC-5"": 314.79501851018387}"
669,710,1427.545228962427,1001,1001,0,0,1001,266,1,734,0,1000,949,51,0,159,108,51,25,0,15680.941053420522,1000,680174,680174,200000,200000,0,679176,56.934226986408234,28.350954621315,28.58327234864235,-119.02277984619141,0.01242319394950755,0.32976385951042175,0.5241446067392826,0.5352867841720581,119.24628704833984,119.23726529693603,119.23670294952393,13.290136900002835,"{""DC-1"": 376.09965273555423, ""DC-2"": 315.5773552630116, ""DC-3"": 148.27713760475822, ""DC-4"": 279.5141721504936, ""DC-5"": 308.0769112086116}"
670,711,1549.801197450232,1003,1003,0,0,1003,233,3,767,0,1000,977,23,0,135,112,23,15,0,18682.32477737478,1004,681177,681177,200000,200000,0,680180,23.89633208157057,11.814858930519378,12.081473185721622,-118.84948424229108,-0.004812434268373239,0.32711634039878845,0.5397929242882595,0.5353281316885435,119.05305683850293,119.05059535569879,119.05012812367474,13.421744399995077,"{""DC-1"": 348.0692289997072, ""DC-2"": 299.5930460096172, ""DC-3"": 383.9681066203568, ""DC-4"": 221.64100734660127, ""DC-5"": 296.52980847395105}"
671,712,1402.5142207784625,1085,1085,0,0,1085,224,85,776,0,1000,972,28,0,114,86,28,19,0,15993.401029268513,1084,682262,682262,200000,200000,0,681264,45.991843541609846,22.919746133234227,23.072097440267402,-118.83226933778433,-0.045190514125895594,0.30952444672584534,0.5749731519125485,0.5354986881417981,119.00226488148594,119.00082077927254,118.99185379140931,14.625231200014241,"{""DC-1"": 339.27045589406436, ""DC-2"": 301.99277677779855, ""DC-3"": 189.22287305308197, ""DC-4"": 363.9416999045298, ""DC-5"": 208.08641514898784}"
672,713,1495.750413965878,1007,1007,0,0,1007,248,7,752,0,1000,967,33,0,115,82,33,19,0,17178.893494579686,1008,683269,683269,200000,200000,0,682272,94.18028116699249,46.84345512896303,47.336826101418524,-118.77695714859735,0.002677159971513209,0.3106640875339508,0.5331259857094477,0.5353496611000054,118.95667962422446,118.94574522593665,118.93828958178324,14.324934900010703,"{""DC-1"": 302.65787230443146, ""DC-2"": 325.54564154672977, ""DC-3"": 309.00751259431553, ""DC-4"": 270.9995311028618, ""DC-5"": 287.53985641753786}"
673,714,1526.4536786375593,1000,1000,0,0,1000,207,0,793,0,1000,976,24,0,118,94,24,25,0,14308.369817868243,1000,684269,684269,200000,200000,0,683272,188.65716193246843,93.72043689870834,94.93672400736808,-118.61251942443847,0.01020559108024463,0.3145041763782501,0.5267008362412453,0.5353763210177421,118.79321626281738,118.7793466796875,118.74147806549072,13.922013299976243,"{""DC-1"": 366.3575041251312, ""DC-2"": 337.00554547648744, ""DC-3"": 281.88961459481595, ""DC-4"": 251.89584544245588, ""DC-5"": 289.3051689986673}"
674,715,1555.4464495708148,1011,1011,0,0,1011,216,11,784,0,1000,984,16,0,93,77,16,11,0,16358.526109882956,1012,685280,685280,200000,200000,0,684284,28.20276073551932,13.930158531948512,14.272602187079404,-118.95342993453558,0.00604486390267289,0.31750404834747314,0.5301474526583442,0.5353844364287825,119.14600936980115,119.14672305744156,119.141987555583,13.895851599983871,"{""DC-1"": 312.78273164038995, ""DC-2"": 341.7856784369624, ""DC-3"": 311.84408928181233, ""DC-4"": 285.96439201357424, ""DC-5"": 303.0695581980769}"
675,716,1544.7441926335891,1007,1007,0,0,1007,202,7,798,0,1000,983,17,0,93,76,17,17,0,16508.592185835696,1004,686287,686287,200000,200000,0,685288,64.77242919600818,31.972499612318092,32.79992767277942,-118.45434617426291,0.004230193227466448,0.31899696588516235,0.5318206116497755,0.5353652842610006,118.67381283581494,118.66784699124644,118.66522337620951,13.796248799975729,"{""DC-1"": 334.9316025306907, ""DC-2"": 314.81739449999225, ""DC-3"": 334.0141385325141, ""DC-4"": 220.30832095450702, ""DC-5"": 340.67273611588377}"
676,717,1554.677253679608,1003,1003,0,0,1003,232,3,768,0,1000,980,20,0,128,108,20,15,0,18275.465904271223,1004,687290,687290,200000,200000,0,686292,35.27656160645276,17.447365087579445,17.82919648847732,-119.20511256366137,0.002379344631333379,0.3202926218509674,0.533313327487484,0.5353907339007731,119.35979113635788,119.36556139030304,119.37431631810162,13.791334099980304,"{""DC-1"": 362.75559169389743, ""DC-2"": 304.44535788083033, ""DC-3"": 310.88236575382876, ""DC-4"": 248.08442658222145, ""DC-5"": 328.50951176883086}"
677,718,1364.7089809776157,1011,1011,0,0,1011,216,11,784,0,1000,945,55,0,113,58,55,20,0,17353.401029268513,1012,688301,688301,200000,200000,0,687304,224.05174962993667,111.5281171299252,112.52362878732531,-119.47032641987556,-0.00998676401768211,0.3151841163635254,0.5441952962649198,0.5353970872790446,119.62761059485877,119.63288490385877,119.59732222274359,13.910905500000808,"{""DC-1"": 355.85524669821837, ""DC-2"": 277.82897580811056, ""DC-3"": 246.24808461665816, ""DC-4"": 194.70868735633155, ""DC-5"": 290.0679864982975}"
678,719,1497.340622832405,1008,1008,0,0,1008,207,8,793,0,1000,972,28,0,98,70,28,14,0,14652.701603158235,1008,689309,689309,200000,200000,0,688312,135.32792880894647,67.2005667289098,68.12736198684526,-118.9513243039449,-0.018560101431267823,0.3066895306110382,0.5514787190431167,0.535437399669299,119.144295200469,119.13779908891708,119.11837664861528,14.018337099987548,"{""DC-1"": 318.3991379116805, ""DC-2"": 318.0774613309056, ""DC-3"": 345.1005585629105, ""DC-4"": 246.622197545048, ""DC-5"": 269.14126748186146}"
679,720,1476.7547460552962,1003,1003,0,0,1003,189,3,811,0,1000,970,30,0,96,66,30,15,0,17332.937995193108,1004,690312,690312,200000,200000,0,689316,91.15136758597248,45.385497850488385,45.765871852280135,-119.0850570344355,-0.014433837299554263,0.30060189962387085,0.5474748612043867,0.5354253989885528,119.3675178892584,119.36528101765302,119.36159834538797,13.719791099982103,"{""DC-1"": 326.45150316266916, ""DC-2"": 288.1114154021637, ""DC-3"": 293.41985516568866, ""DC-4"": 277.496223717193, ""DC-5"": 291.2757486075829}"
680,721,1318.6363056090406,1001,1001,0,0,1001,225,1,775,0,1000,934,66,0,134,68,66,29,0,15487.9356760103,1000,691313,691313,200000,200000,0,690316,103.88254804944992,51.43004655575752,52.4525019659996,-118.37256940460205,-0.008154407547786832,0.29677072167396545,0.5422366837263107,0.5354352532625198,118.61252688598633,118.60917996215821,118.59459915161133,13.761155699990923,"{""DC-1"": 306.5263680685155, ""DC-2"": 290.70559120870575, ""DC-3"": 220.46423976006542, ""DC-4"": 220.56692509447197, ""DC-5"": 280.37318147728234}"
681,722,1359.858224789875,1004,1004,0,0,1004,255,4,745,0,1000,937,63,0,149,86,63,39,0,16205.655048066626,1004,692317,692317,200000,200000,0,691320,94.15967551693024,46.86541353563864,47.294260286952394,-118.65955389258396,-0.01605514284553548,0.2901166081428528,0.5487492112702582,0.5355030196715161,118.88030299912411,118.87254214951716,118.86548595504456,13.768651899998076,"{""DC-1"": 314.91005167231805, ""DC-2"": 312.58984489581377, ""DC-3"": 172.7977111346836, ""DC-4"": 267.72971798044233, ""DC-5"": 291.8308991066183}"
682,723,1467.7241796134829,1006,1006,0,0,1006,210,6,790,0,1000,966,34,0,115,81,34,16,0,16606.81549620117,1004,693323,693323,200000,200000,0,692324,98.05658750989997,48.60592846234006,49.45065909719087,-118.19589720494244,-0.0043223018167110015,0.2886311709880829,0.5388708021120722,0.5353322850161815,118.43648497136941,118.43449106254425,118.44305676008126,13.895091899990803,"{""DC-1"": 348.04278914295907, ""DC-2"": 299.60107912779023, ""DC-3"": 306.87065502235, ""DC-4"": 249.15820318044422, ""DC-5"": 264.05145313994115}"
683,724,1487.3908341235165,1000,1000,0,0,1000,232,0,768,0,1000,965,35,0,124,89,35,21,0,15062.977692795272,1000,694323,694323,200000,200000,0,693324,179.92299804496764,89.27763670635224,90.64535767698288,-118.66180123901367,0.0016314465496689082,0.2896197736263275,0.5339284021258354,0.535237429022789,118.81002851867676,118.80689885711669,118.79452875518798,13.73335439999937,"{""DC-1"": 373.11819610473054, ""DC-2"": 273.35335253267675, ""DC-3"": 272.0832504282739, ""DC-4"": 252.7432990534959, ""DC-5"": 316.09273600433755}"
684,725,1504.4039638567706,1014,1014,0,0,1014,215,14,785,0,1000,974,26,0,95,69,26,16,0,15500.565165275406,1016,695337,695337,200000,200000,0,694340,128.37182527358138,63.90992971151832,64.46189549330651,-118.4922455765131,-0.003852297080539563,0.28798896074295044,0.5385092681963143,0.5353261302188626,118.64886038322149,118.65402995883011,118.64346384063481,13.990785200003302,"{""DC-1"": 327.09045478394023, ""DC-2"": 262.7874902662476, ""DC-3"": 349.7807315471614, ""DC-4"": 267.55819342457545, ""DC-5"": 297.1870938348467}"
685,726,1462.3471232479228,1004,1004,0,0,1004,271,4,729,0,1000,956,44,0,160,116,44,20,0,16496.201071861542,1004,696341,696341,200000,200000,0,695344,122.59683327085943,61.278555297994046,61.31827399312738,-119.94071938412122,0.0024984993960752906,0.2886921465396881,0.5334531546113975,0.5353190770068491,120.0955073595997,120.09672183914489,120.0793280202554,13.844074399996316,"{""DC-1"": 299.92219787041853, ""DC-2"": 275.8013137666905, ""DC-3"": 313.78994190725984, ""DC-4"": 253.4055115219238, ""DC-5"": 319.42815818163035}"
686,727,1431.9421987241842,1007,1007,0,0,1007,254,7,746,0,1000,952,48,0,157,109,48,32,0,16290.459051503523,1008,697348,697348,200000,200000,0,696352,160.2771068806686,79.33899498293324,80.93810857477642,-119.45098200298492,0.0012706181173959363,0.2893531024456024,0.5344678874585836,0.5354236372643046,119.52993539779905,119.52454075737604,119.50934827138506,13.911097399977734,"{""DC-1"": 414.03310414376386, ""DC-2"": 235.97687902435834, ""DC-3"": 220.87395778481212, ""DC-4"": 266.066166632365, ""DC-5"": 294.9920911388876}"
687,728,1438.457472964253,1076,1076,0,0,1076,221,76,779,0,1000,973,27,0,116,89,27,15,0,15257.05007181681,1076,698424,698424,200000,200000,0,697428,160.97060961749918,78.9562278531741,82.01438172599197,-120.42712943350072,-0.036296776341374785,0.2747527062892914,0.5643058726667914,0.5354771215233218,120.39706783223772,120.38711552814924,120.3938501067321,14.917650100018363,"{""DC-1"": 321.4784414144103, ""DC-2"": 260.59090855016507, ""DC-3"": 455.0583666318115, ""DC-4"": 95.6839614165246, ""DC-5"": 305.64579495134046}"
688,729,1479.11042544118,1000,1000,0,0,1000,210,0,790,0,1000,966,34,0,112,78,34,13,0,15149.045114051349,1000,699424,699424,200000,200000,0,698428,82.2261918373108,40.05377423930168,42.17241775941849,-121.72543299102783,0.02379318143054843,0.2831529676914215,0.5166294539868832,0.5352691466212273,121.71719750213623,121.72446655273437,121.74216486358642,13.756891700002598,"{""DC-1"": 347.76924323636666, ""DC-2"": 313.39252415460334, ""DC-3"": 275.5454629816043, ""DC-4"": 179.8012732963001, ""DC-5"": 362.6019217723049}"
689,730,1393.220643417663,1011,1011,0,0,1011,253,11,747,0,1000,947,53,0,137,84,53,37,0,15786.977692795272,1008,700435,700435,200000,200000,0,699436,85.18603311597354,41.10386483323953,44.082168601098516,-123.12821426845733,0.03484895180643809,0.29576271772384644,0.5073827243158742,0.5354046427777835,123.06082809539069,123.06137215901934,123.05532182209076,13.911195199994836,"{""DC-1"": 326.1750947639278, ""DC-2"": 293.0437764982449, ""DC-3"": 193.33393573989926, ""DC-4"": 246.09117120835108, ""DC-5"": 334.5766652072408}"
690,731,1423.5202132359987,1003,1003,0,0,1003,221,3,779,0,1000,956,44,0,127,83,44,24,0,17304.05661205956,1004,701438,701438,200000,200000,0,700440,564.7245345448118,279.96274754583123,284.7617949976389,-124.88736712695118,-0.008146371119386661,0.29288747906684875,0.5421502325401838,0.5353954973448796,124.83780082763428,124.82946000726099,124.8072359305454,13.763765299983788,"{""DC-1"": 346.9714169533308, ""DC-2"": 306.87605906609934, ""DC-3"": 209.99620688213608, ""DC-4"": 267.6446466926617, ""DC-5"": 292.03188364177123}"
691,732,1486.077436142367,1001,1001,0,0,1001,176,1,824,0,1000,973,27,0,82,55,27,13,0,16460.05661205956,1000,702439,702439,200000,200000,0,701440,284.2597258958817,140.10881944465638,144.1509147658348,-124.10392359161376,-0.002356457245070487,0.2918754518032074,0.5373324299752712,0.5354041773080825,124.13577201843262,124.15299982452393,124.15881855010986,13.798089299991261,"{""DC-1"": 298.4458536344935, ""DC-2"": 304.0681775880476, ""DC-3"": 326.7270309159035, ""DC-4"": 263.43425544577576, ""DC-5"": 293.40211855814766}"
692,733,1355.516458821818,1019,1019,0,0,1019,210,19,790,0,1000,947,53,0,131,78,53,29,0,17433.65940642817,1020,703458,703458,200000,200000,0,702460,272.06978519944585,134.3228083061237,137.74698437569188,-126.80358289830825,0.02132949779590811,0.3009713888168335,0.5179636264840762,0.5353978750752467,126.70379787519866,126.70111496869255,126.70848655700684,14.164680200017756,"{""DC-1"": 376.90468452322415, ""DC-2"": 286.25810915893476, ""DC-3"": 156.7854077073069, ""DC-4"": 244.08445813644278, ""DC-5"": 291.4837992959102}"
693,734,1249.3821551452595,1009,1009,0,0,1009,259,9,741,0,1000,916,84,0,151,67,84,66,0,18802.759435507814,1008,704467,704467,200000,200000,0,703468,118.79973630678086,56.24897721244229,62.55075818111026,-126.71039122626895,0.006915073594889633,0.30361267924308777,0.5298870173061178,0.5355349197274163,126.66845049176898,126.65643697314792,126.68250514590551,13.89862359999097,"{""DC-1"": 368.3711721722366, ""DC-2"": 282.02905738582297, ""DC-3"": 38.360692925505965, ""DC-4"": 232.41388249078472, ""DC-5"": 328.2073501709095}"
694,735,1495.6422296759351,1002,1002,0,0,1002,215,2,785,0,1000,970,30,0,132,102,30,13,0,16628.36016402668,1004,705469,705469,200000,200000,0,704472,406.43502451604104,201.89200584916955,204.54301002681018,-128.5595921672198,0.016545389469553425,0.3107782006263733,0.5214274187843163,0.5354205805110741,128.40983507072784,128.41461182400525,128.39119295674965,13.851322500006063,"{""DC-1"": 331.24418243332866, ""DC-2"": 251.10592590362103, ""DC-3"": 321.2843301360793, ""DC-4"": 275.8854928815618, ""DC-5"": 316.1222983213444}"
695,736,1309.4357688353186,1052,1052,0,0,1052,252,52,748,0,1000,939,61,0,134,73,61,23,0,15959.941053420522,1052,706521,706521,200000,200000,0,705524,916.8404630309275,454.71607858418514,462.1244087722365,-129.11933888772595,-0.019177897721298832,0.30393022298812866,0.5518310136328178,0.5354766418498732,128.93246594128047,128.93367794892634,128.90549973752562,14.761096300004283,"{""DC-1"": 180.07586392169353, ""DC-2"": 397.781395314548, ""DC-3"": 235.54821900340002, ""DC-4"": 179.69769161966175, ""DC-5"": 316.33259897601556}"
696,737,1504.7581704433408,1022,1022,0,0,1022,204,22,796,0,1000,979,21,0,98,77,21,12,0,18246.150440305373,1020,707543,707543,200000,200000,0,706544,1304.0691672082041,645.1104941080598,658.9586891001346,-131.4112809125115,-0.023243114430293,0.29580092430114746,0.554846268979942,0.5355315258689956,131.1596940283682,131.1259500540939,131.07634717903886,14.149991999991471,"{""DC-1"": 328.62079207339, ""DC-2"": 275.56688931514526, ""DC-3"": 369.9687823946584, ""DC-4"": 249.4273003890273, ""DC-5"": 281.17440627112}"
697,738,1310.061951849945,1010,1010,0,0,1010,268,10,732,0,1000,927,73,0,170,97,73,42,0,16568.238433496903,1012,708553,708553,200000,200000,0,707556,752.2949036053518,373.7875717129161,378.5073479362156,-132.32724243284684,-0.02674465185802489,0.286446750164032,0.5572966640528012,0.5354130062543356,132.19416023525795,132.18882612748578,132.17647550982448,13.970375999982934,"{""DC-1"": 348.9301452148393, ""DC-2"": 71.47298833474436, ""DC-3"": 309.3756020726299, ""DC-4"": 253.35516360540896, ""DC-5"": 326.9280526223212}"
698,739,1450.7210447079742,1001,1001,0,0,1001,205,1,795,0,1000,963,37,0,118,81,37,16,0,15377.977692795272,1000,709554,709554,200000,200000,0,708556,852.2330497961044,422.508889919281,429.7241753587723,-131.37435847473145,-0.0018796351812779904,0.2859705090522766,0.5369728634357452,0.5354675449728966,131.37865363311766,131.37280265045166,131.37668895721436,13.776051299995743,"{""DC-1"": 247.50265761889258, ""DC-2"": 313.5233286196729, ""DC-3"": 301.64006421968907, ""DC-4"": 283.50446839240476, ""DC-5"": 304.55052585731414}"
699,740,1489.9519537699477,1022,1022,0,0,1022,195,22,805,0,1000,976,24,0,95,71,24,15,0,15649.985121529618,1024,710576,710576,200000,200000,0,709580,493.34866427257657,242.12842706777155,251.2202516850084,-127.76920644193888,0.0074291581674970075,0.2886449098587036,0.5295888697146438,0.5354503766866401,127.78073402494192,127.76768539845943,127.76326787471771,14.178052100003697,"{""DC-1"": 342.76336108433725, ""DC-2"": 320.6883877746741, ""DC-3"": 294.62242705132604, ""DC-4"": 269.657289935321, ""DC-5"": 262.2204879242893}"
700,741,1403.6380109465808,1003,1003,0,0,1003,179,3,821,0,1000,958,42,0,93,51,42,21,0,18388.66422412658,1000,711579,711579,200000,200000,0,710580,888.4188672704697,440.27278683304786,448.14608051729203,-128.22107939910887,-0.0026962410449050365,0.28764796257019043,0.5376345504820347,0.5354044698476791,128.1510284805298,128.154850982666,128.10744826507567,13.76902809998137,"{""DC-1"": 358.66061555328406, ""DC-2"": 217.9257388638196, ""DC-3"": 278.52222952376303, ""DC-4"": 274.06323895367547, ""DC-5"": 274.46618805203747}"
701,742,1456.079557629856,1002,1002,0,0,1002,200,2,800,0,1000,965,35,0,107,72,35,12,0,16344.476421465482,1004,712581,712581,200000,200000,0,711584,475.00794792175293,233.3538455203235,241.6541028730423,-113.62021856573948,-0.0018027056311442707,0.28693485260009766,0.5371108511351494,0.5355370776705533,113.76333272409629,113.75520582313082,113.74948865578943,13.815685599984135,"{""DC-1"": 332.60447276026713, ""DC-2"": 268.51322245757063, ""DC-3"": 279.34141513789007, ""DC-4"": 275.3637604009283, ""DC-5"": 300.2566868732003}"
702,743,1485.9113593756076,1024,1024,0,0,1024,247,24,753,0,1000,971,29,0,141,112,29,23,0,17321.51786353642,1024,713605,713605,200000,200000,0,712608,50.374359300360084,24.894464566837996,25.47989451442845,-100.76314102113247,-0.003106287289483589,0.28597065806388855,0.5379869413445704,0.5354731706320308,101.10373906046152,101.10490538924932,101.09858725965023,14.105491900001653,"{""DC-1"": 332.6710763780103, ""DC-2"": 322.17111380793375, ""DC-3"": 301.04533410351974, ""DC-4"": 221.69883996214773, ""DC-5"": 308.3249951239968}"
703,744,1448.1996846930945,1003,1003,0,0,1003,225,3,775,0,1000,961,39,0,138,99,39,16,0,16443.05007181681,1004,714608,714608,200000,200000,0,713612,35.5711865985536,17.75947484172198,17.81171172762297,-99.93460452319141,0.011196041878116172,0.28968992829322815,0.5265854006981945,0.5354513815674649,100.29968703220565,100.29630721802731,100.2986317820758,13.769284200010588,"{""DC-1"": 314.94156393162245, ""DC-2"": 324.1275554853905, ""DC-3"": 254.01401220553916, ""DC-4"": 293.54987902762, ""DC-5"": 261.5666740429222}"
704,745,1436.2620789543325,1041,1041,0,0,1041,184,41,816,0,1000,969,31,0,96,65,31,14,0,17007.939601407914,1040,715649,715649,200000,200000,0,714652,31.289325690727967,15.636892886574453,15.65243270947383,-99.64728761819693,0.023682893853401766,0.29908862709999084,0.5160661060363054,0.535474743694067,100.03444506571843,100.0366248204158,100.02279434204101,14.168410400016,"{""DC-1"": 340.0638848146669, ""DC-2"": 357.93280803338865, ""DC-3"": 326.6094312563242, ""DC-4"": 140.8573907663015, ""DC-5"": 270.7985640836525}"
705,746,1536.5476174699324,1001,1001,0,0,1001,240,1,760,0,1000,975,25,0,130,105,25,17,0,15892.597916709667,1000,716650,716650,200000,200000,0,715652,21.442913972854615,10.676803911209106,10.766110065698623,-98.97082428741454,-0.004298369025811553,0.29751789569854736,0.539132446885109,0.5355719348192215,99.34420738220214,99.34710431671142,99.33994046783447,13.826894700003322,"{""DC-1"": 343.4423008378972, ""DC-2"": 312.682497759622, ""DC-3"": 287.9605739705386, ""DC-4"": 315.45987522177654, ""DC-5"": 277.0023696800987}"
706,747,1274.6301262939055,1016,1016,0,0,1016,187,16,813,0,1000,933,67,0,123,56,67,47,0,17915.65940642817,1016,717666,717666,200000,200000,0,716668,20.965026404913957,10.51203162088169,10.452994769248436,-99.37996606000765,-0.018728430656758395,0.28978461027145386,0.55098587799612,0.5354940913558945,99.73343686982403,99.73114285506601,99.73060925551287,14.215362899994943,"{""DC-1"": 374.33083903507304, ""DC-2"": 215.57793295920547, ""DC-3"": 170.27166399165918, ""DC-4"": 226.83418457912234, ""DC-5"": 287.6155057288468}"
707,748,1418.0696611239157,1002,1002,0,0,1002,188,2,812,0,1000,958,42,0,113,71,42,16,0,16009.594616528413,1004,718668,718668,200000,200000,0,717672,19.860265439250078,9.922110617873203,9.938154836337405,-99.51280972302197,-0.0024775508406249236,0.2894219756126404,0.5374381530035539,0.5355762752641244,99.87381555169702,99.8773821720564,99.87073286596048,14.211539400013862,"{""DC-1"": 345.62704839628685, ""DC-2"": 234.6574593910563, ""DC-3"": 273.0635041358117, ""DC-4"": 253.97308134900413, ""DC-5"": 310.7485678517576}"
708,749,1501.0957755722588,1022,1022,0,0,1022,208,22,792,0,1000,977,23,0,115,92,23,16,0,17484.796716482502,1020,719690,719690,200000,200000,0,718692,18.580104700256797,9.18582197638119,9.394282753794801,-99.43451133428836,-0.016581507876752784,0.28316542506217957,0.5489667181290833,0.5355294966230205,99.81718233893899,99.82161233939377,99.82098647472905,13.962685700011207,"{""DC-1"": 346.7039942198155, ""DC-2"": 251.76812035400428, ""DC-3"": 319.1836981217919, ""DC-4"": 261.8541020647988, ""DC-5"": 321.5858608118482}"
709,750,1460.747300376436,1001,1001,0,0,1001,168,1,832,0,1000,971,29,0,105,76,29,34,0,15585.977692795272,1000,720691,720691,200000,200000,0,719692,18.050594010829926,9.006350718736648,9.044243298649787,-99.43802454376221,0.0008584087672643363,0.28377765417099,0.5348402728736401,0.5355458816885948,99.81421506500244,99.8115308380127,99.8078924255371,13.757633200002601,"{""DC-1"": 341.09859201546857, ""DC-2"": 289.4460032006048, ""DC-3"": 249.9121875290854, ""DC-4"": 279.25252576625934, ""DC-5"": 301.03799186501993}"
710,751,1471.4066397226218,1017,1017,0,0,1017,219,17,781,0,1000,969,31,0,113,82,31,23,0,14695.401029268513,1020,721708,721708,200000,200000,0,720712,16.068060118544334,8.099861602455961,7.968198492246516,-99.76120333952062,0.011462880190754053,0.2877672612667084,0.5264232097595346,0.5354625057356031,100.13371377084769,100.13612157036276,100.135526118559,14.008004100003745,"{""DC-1"": 315.52381423929967, ""DC-2"": 284.2074161172552, ""DC-3"": 297.1139535569373, ""DC-4"": 277.81069659390414, ""DC-5"": 296.75075921522676}"
711,752,1309.1514907463325,1019,1019,0,0,1019,198,19,802,0,1000,938,62,0,120,58,62,21,0,16639.479129232237,1016,722727,722727,200000,200000,0,721728,16.263716715058003,8.06072842863601,8.202988283371361,-99.7220102595532,0.006607131010442092,0.29026874899864197,0.5302124986439709,0.5355649957154679,100.0822255667739,100.08352715199388,100.07276301496611,14.037101699999766,"{""DC-1"": 350.7831005701275, ""DC-2"": 218.8209888753701, ""DC-3"": 238.20948255989043, ""DC-4"": 228.20518610931538, ""DC-5"": 273.13273263163035}"
712,753,1459.5579387655787,1009,1009,0,0,1009,202,9,798,0,1000,966,34,0,116,82,34,21,0,14558.296064397528,1012,723736,723736,200000,200000,0,722740,14.523694306023035,7.327073770078274,7.196620533588847,-99.78692572672848,-0.020088741081406035,0.2825854420661926,0.5516474331497204,0.5354808199664821,100.15288190879369,100.14441334117542,100.15187784428653,13.90924000000814,"{""DC-1"": 373.2187672294492, ""DC-2"": 255.80405146411135, ""DC-3"": 253.01256448692567, ""DC-4"": 262.4943795339142, ""DC-5"": 315.02817605117986}"
713,754,1433.9815552456773,1006,1006,0,0,1006,255,6,745,0,1000,953,47,0,154,107,47,26,0,15448.997599147233,1004,724742,724742,200000,200000,0,723744,13.3539554749827,6.593604096497198,6.760351394039701,-100.08666592480176,0.017586422635407457,0.2893301844596863,0.5214487177976574,0.535552078568603,100.45230043266874,100.46133513279645,100.45475875428949,13.765927800006466,"{""DC-1"": 369.3854527110419, ""DC-2"": 235.13004647539157, ""DC-3"": 274.5988075348983, ""DC-4"": 279.9764175703451, ""DC-5"": 274.8908309540022}"
714,755,1417.9003688648384,1000,1000,0,0,1000,227,0,773,0,1000,953,47,0,136,89,47,21,0,17273.484205808305,1000,725742,725742,200000,200000,0,724744,14.478859974861145,7.252767072558403,7.226092908740044,-100.28725397491455,0.02380621952936053,0.29795873165130615,0.5163008036017418,0.5355427410006524,100.65957620239257,100.66015768432617,100.6568211517334,13.9438983,"{""DC-1"": 315.2203047221608, ""DC-2"": 273.5278599301444, ""DC-3"": 267.60168392492585, ""DC-4"": 280.1983073913186, ""DC-5"": 281.3522128962887}"
715,756,1480.6744670338817,1004,1004,0,0,1004,195,4,805,0,1000,970,30,0,110,80,30,21,0,15447.032584019293,1004,726746,726746,200000,200000,0,725748,13.75639288596423,6.883450657129288,6.872942217080242,-100.29042215081326,0.01865793224210773,0.30633804202079773,0.5201039800190356,0.5356233498133511,100.64889227726545,100.65035778212832,100.64975467241143,13.999489899986656,"{""DC-1"": 344.1460760599808, ""DC-2"": 330.37346200818513, ""DC-3"": 260.3256065996221, ""DC-4"": 261.14620409622313, ""DC-5"": 284.6831182698712}"
716,757,1417.1530739120299,1001,1001,0,0,1001,211,1,789,0,1000,953,47,0,120,73,47,24,0,16114.940742798317,1000,727747,727747,200000,200000,0,726748,15.16096338582039,7.644941677570343,7.516021646738053,-100.43463960266114,-0.005820724007673562,0.30391648411750793,0.5403820143043995,0.5354711953997612,100.78280205535889,100.78282846832275,100.77503780364991,13.840924599993741,"{""DC-1"": 318.103272942123, ""DC-2"": 300.6633865785551, ""DC-3"": 263.5040505216578, ""DC-4"": 221.2922006468224, ""DC-5"": 313.5901632228723}"
717,758,1501.143446722847,1001,1001,0,0,1001,231,1,769,0,1000,967,33,0,112,79,33,14,0,17238.941053420524,1004,728748,728748,200000,200000,0,727752,13.769081242056007,6.986281572822556,6.782799629576178,-100.67949072393289,0.015511593382074628,0.3103460669517517,0.5223062554322391,0.5354074039069779,101.01810291183897,101.02514618041506,101.0152826803139,13.788619099999778,"{""DC-1"": 320.89690103585644, ""DC-2"": 336.71445764384157, ""DC-3"": 295.79512563097876, ""DC-4"": 242.43737520137526, ""DC-5"": 305.2995872107955}"
718,759,1415.4588890181017,1000,1000,0,0,1000,215,0,785,0,1000,952,48,0,128,80,48,22,0,14185.15433139282,1000,729748,729748,200000,200000,0,728752,11.837671122550965,5.963567909359932,5.874103234648705,-100.70448136138916,-0.011764492865651847,0.3053780496120453,0.5456721528172493,0.535594640314579,101.03964293670654,101.04557109832764,101.04551164245605,13.779473399976268,"{""DC-1"": 375.246156907658, ""DC-2"": 199.30320563460577, ""DC-3"": 266.681303902121, ""DC-4"": 267.93943446422384, ""DC-5"": 306.28878810949317}"
719,760,1332.2157188169328,1008,1008,0,0,1008,275,8,725,0,1000,930,70,0,156,86,70,35,0,15911.21324759689,1008,730756,730756,200000,200000,0,729760,11.64836450843584,5.797364228656368,5.851000266533996,-100.55196753002349,-0.0007058209166788157,0.3055528998374939,0.5360786133401451,0.5355137258413292,100.88151141575405,100.89086761171856,100.88498860313778,13.853524100006325,"{""DC-1"": 322.290605446838, ""DC-2"": 293.89115470145475, ""DC-3"": 217.73339440019092, ""DC-4"": 242.46772935163267, ""DC-5"": 255.8328349168165}"
720,761,1459.0075104908683,1003,1003,0,0,1003,196,3,804,0,1000,964,36,0,110,74,36,25,0,16219.045114051349,1000,731759,731759,200000,200000,0,730760,11.521954095363617,5.813233075976372,5.708721030831337,-100.74609857940673,0.020583131645340473,0.313868910074234,0.5180618457794189,0.5354995792508125,101.08312159729005,101.08776595306396,101.08698906707764,13.805754700006219,"{""DC-1"": 316.8072615842712, ""DC-2"": 285.1401046028078, ""DC-3"": 284.0807931830999, ""DC-4"": 222.2232698594574, ""DC-5"": 350.7560812612324}"
721,762,1502.836090692069,1000,1000,0,0,1000,218,0,782,0,1000,970,30,0,105,75,30,14,0,15872.208237026569,1000,732759,732759,200000,200000,0,731760,11.373717879295349,5.777017153263092,5.596700705885887,-100.89613610076904,-0.011815990889444947,0.3086163401603699,0.5456288436949253,0.5354803596138954,101.23181396484375,101.23209691619873,101.23520880889893,13.747486399981426,"{""DC-1"": 331.21905996687633, ""DC-2"": 304.79962478903855, ""DC-3"": 302.0974796647549, ""DC-4"": 259.4983073536392, ""DC-5"": 305.2216189177603}"
722,763,1414.109629833442,1000,1000,0,0,1000,215,0,785,0,1000,954,46,0,109,63,46,14,0,14972.522606363847,1000,733759,733759,200000,200000,0,732760,10.972573668003083,5.596823688983918,5.375749969244003,-101.11085380554199,-0.016466945893131198,0.3019171357154846,0.5494017463624478,0.5355400958061218,101.44620807647705,101.44730360412598,101.45533367919921,13.728222300007474,"{""DC-1"": 275.67698124383514, ""DC-2"": 284.8980245870435, ""DC-3"": 284.34326337862746, ""DC-4"": 295.8894810894817, ""DC-5"": 273.30187953445454}"
723,764,1512.4448412032764,1001,1001,0,0,1001,257,1,743,0,1000,968,32,0,120,88,32,16,0,14303.479129232237,1004,734760,734760,200000,200000,0,733764,10.319153179447964,5.212284931148666,5.106868250317783,-101.43776207426154,0.0023031575940141223,0.3026081621646881,0.5336642130556335,0.5355064716947031,101.77405240336262,101.77576393340213,101.7715284947855,13.841549100005068,"{""DC-1"": 303.8627467985534, ""DC-2"": 284.2311987117304, ""DC-3"": 344.8673292146394, ""DC-4"": 255.5580714583958, ""DC-5"": 323.92549501995836}"
724,765,1552.5825522269624,1001,1001,0,0,1001,210,1,790,0,1000,981,19,0,114,95,19,15,0,15513.188561251434,1000,735761,735761,200000,200000,0,734764,10.275359874486924,5.221636027097702,5.053723855257035,-101.6529827041626,-0.011159676283597946,0.2981228232383728,0.5448485404551029,0.5354628005027771,101.98341827392578,101.98678623199463,101.98440116119384,13.858947299973806,"{""DC-1"": 389.77525542183264, ""DC-2"": 329.21549722798204, ""DC-3"": 288.76004759122316, ""DC-4"": 246.35285820134303, ""DC-5"": 298.4788937845811}"
725,766,1502.2485535144974,1002,1002,0,0,1002,208,2,792,0,1000,972,28,0,130,102,28,23,0,13622.946239131636,1000,736763,736763,200000,200000,0,735764,10.122096884965897,5.106670428037644,5.015426450252533,-101.78316746520996,0.008600208412390202,0.3017946481704712,0.528293708562851,0.535497544825077,102.11299156188964,102.11026473999023,102.10881019592286,13.813262500014389,"{""DC-1"": 322.5802924622138, ""DC-2"": 313.10533253868135, ""DC-3"": 276.2502310989659, ""DC-4"": 257.07835564063936, ""DC-5"": 333.23434177399656}"
726,767,1533.4787764890038,1001,1001,0,0,1001,208,1,792,0,1000,977,23,0,92,69,23,11,0,16390.573681539194,1004,737764,737764,200000,200000,0,736768,10.300948989818771,5.134253112087212,5.166695882005995,-102.20147705078125,-0.02613103805402984,0.291148841381073,0.5570461411637614,0.5355075160226974,102.52808165075295,102.52792472383416,102.52875677617898,13.8121012999909,"{""DC-1"": 340.31734219853644, ""DC-2"": 330.35983096866244, ""DC-3"": 330.39388345930513, ""DC-4"": 237.20837591910006, ""DC-5"": 295.1993439434002}"
727,768,1422.2625157998548,1004,1004,0,0,1004,211,4,789,0,1000,956,44,0,114,70,44,18,0,14255.997599147233,1004,738768,738768,200000,200000,0,737772,9.921009383116111,4.976060701437681,4.944948684171852,-102.30179722850541,-0.030160423233247996,0.28001827001571655,0.55971798754902,0.5355744372563533,102.63799683316296,102.63039506859039,102.64157805119852,13.867877000011504,"{""DC-1"": 353.7759293867441, ""DC-2"": 241.93115223440537, ""DC-3"": 278.94306099448096, ""DC-4"": 238.8397635419634, ""DC-5"": 308.77260964226053}"
728,769,1531.4134376122647,1000,1000,0,0,1000,234,0,766,0,1000,973,27,0,125,98,27,11,0,16459.188561251434,1000,739768,739768,200000,200000,0,738772,10.071961207389831,5.11272055876255,4.959240647196769,-102.43942038726807,0.007041357105597854,0.2824058532714844,0.5299414710700512,0.5354567681550979,102.77613304901124,102.77380007171631,102.77474248504639,13.69996140000876,"{""DC-1"": 387.08607729248774, ""DC-2"": 326.58766445742293, ""DC-3"": 338.2337665783654, ""DC-4"": 210.0103253738598, ""DC-5"": 269.49560391012955}"
729,770,1566.3964453683327,1001,1001,0,0,1001,224,1,776,0,1000,983,17,0,122,105,17,21,0,15572.188561251434,1000,740769,740769,200000,200000,0,739772,10.361730096817016,5.145703417539597,5.21602667248249,-102.5749243927002,0.003234295614529401,0.28356853127479553,0.5329420747458935,0.5354337947964668,102.89504300689697,102.89484284973145,102.88668271636963,13.907279700011713,"{""DC-1"": 367.7888312575412, ""DC-2"": 303.41271828137474, ""DC-3"": 295.9207412303239, ""DC-4"": 305.96031217470227, ""DC-5"": 293.3138424243909}"
730,771,1545.3126905448992,1000,1000,0,0,1000,201,0,799,0,1000,982,18,0,103,85,18,23,0,14183.592185835698,1000,741769,741769,200000,200000,0,740772,9.902085784435272,4.956335816264152,4.945749955534935,-102.74634606933594,0.009591232538223266,0.287100613117218,0.5279265670478344,0.5356266961693764,103.04733920288086,103.05124264526367,103.0526233215332,13.946272700006375,"{""DC-1"": 374.89949126921846, ""DC-2"": 255.74396331294184, ""DC-3"": 335.3448483769645, ""DC-4"": 290.10225386220225, ""DC-5"": 289.2221337235737}"
731,772,1528.3373558196947,1000,1000,0,0,1000,225,0,775,0,1000,976,24,0,121,97,24,23,0,12730.65940642817,1000,742769,742769,200000,200000,0,741772,9.543376989364624,4.826689340949058,4.716687658071518,-103.06384674835205,-0.00628428290784359,0.28485307097435,0.5405174223482608,0.5354786592125893,103.37089884185791,103.36627407073975,103.3696050338745,15.057590100012021,"{""DC-1"": 339.7690049691231, ""DC-2"": 311.4324553002616, ""DC-3"": 326.7457443303576, ""DC-4"": 236.41859149841187, ""DC-5"": 313.97155972154025}"
732,773,1542.4852022878688,1000,1000,0,0,1000,205,0,795,0,1000,979,21,0,102,81,21,11,0,15685.905851802296,1000,743769,743769,200000,200000,0,742772,9.303423260211945,4.7128877874612805,4.590535480856896,-103.47180185699463,0.010248101836070419,0.288424015045166,0.527390601336956,0.5355094226002693,103.77548610687256,103.77166525268555,103.76878480529786,16.282264900015434,"{""DC-1"": 379.79892100877504, ""DC-2"": 301.6361848752768, ""DC-3"": 312.76411361814024, ""DC-4"": 239.57895300014692, ""DC-5"": 308.7070297855292}"
733,774,1555.0153031618793,1000,1000,0,0,1000,240,0,760,0,1000,978,22,0,121,99,22,10,0,14164.045114051349,1000,744769,744769,200000,200000,0,743772,9.843971338272095,4.957246158242226,4.886725148558616,-103.86927997589112,0.011116813981439919,0.2923228144645691,0.5264903172552585,0.5354664456248284,104.16748986816407,104.17040032196044,104.16849416351319,16.007606700004544,"{""DC-1"": 376.8814249964636, ""DC-2"": 313.6086938648858, ""DC-3"": 315.92465677811447, ""DC-4"": 280.60347471886513, ""DC-5"": 267.99705280354954}"
734,775,1483.6115228392853,1001,1001,0,0,1001,226,1,774,0,1000,966,34,0,119,85,34,15,0,16521.032584019293,1000,745770,745770,200000,200000,0,744772,9.389703653335571,4.763665380835533,4.626038275003433,-104.2350577697754,-0.009353168007452041,0.2888410985469818,0.5431137086749077,0.5355286958813668,104.52856076812745,104.53565901184082,104.52970063018799,16.465208899986465,"{""DC-1"": 323.8029623015657, ""DC-2"": 283.8567951184455, ""DC-3"": 263.09463090402846, ""DC-4"": 273.59265416925416, ""DC-5"": 339.26448034599093}"
735,776,1591.5624588173876,1000,1000,0,0,1000,223,0,777,0,1000,987,13,0,103,90,13,16,0,12733.045114051349,1000,746770,746770,200000,200000,0,745772,9.205078487396241,4.687597467422485,4.517481025099754,-104.7636922531128,0.002020025753416121,0.2895893454551697,0.5338895247876644,0.5355080970525742,105.0437822265625,105.04847787475586,105.04217306518555,16.30459630000405,"{""DC-1"": 349.1739861857234, ""DC-2"": 318.1166836870575, ""DC-3"": 354.35546794673485, ""DC-4"": 283.67393857927794, ""DC-5"": 286.24238241859473}"
736,777,1544.1611992093665,1000,1000,0,0,1000,248,0,752,0,1000,974,26,0,130,104,26,24,0,18225.039218902042,1000,747770,747770,200000,200000,0,746772,8.978408013343811,4.5270764495134355,4.45133156657219,-105.26466091918945,-0.009325822319835425,0.28654271364212036,0.5432348642647267,0.5357566184401512,105.5376523361206,105.54861320495606,105.53676832580567,13.905679500021506,"{""DC-1"": 396.9554997099672, ""DC-2"": 314.3826832980738, ""DC-3"": 263.5107016192726, ""DC-4"": 273.87317944122333, ""DC-5"": 295.43913514082976}"
737,778,1547.2019330143296,1000,1000,0,0,1000,212,0,788,0,1000,982,18,0,104,86,18,19,0,15673.479129232237,1000,748770,748770,200000,200000,0,747772,9.421217854738236,4.762175994277,4.659041874647141,-105.33741759490967,0.0023943403330631556,0.2871767282485962,0.5335980431735515,0.5354683638811112,105.62836845397949,105.62584735870361,105.63007012939453,13.825830799993128,"{""DC-1"": 314.8072414392447, ""DC-2"": 307.07436024041147, ""DC-3"": 324.62959130891414, ""DC-4"": 283.4643618987938, ""DC-5"": 317.2263781269663}"
738,779,1478.6573043756337,1001,1001,0,0,1001,234,1,766,0,1000,966,34,0,132,98,34,29,0,15978.592185835698,1000,749771,749771,200000,200000,0,748772,9.783314164400101,4.990907246112823,4.792406915307045,-105.65280486297607,-0.009742216879036278,0.2836019694805145,0.5433039743006229,0.535525544822216,105.95142694091797,105.94345876312256,105.95868048095703,13.79831249997369,"{""DC-1"": 335.4105036027629, ""DC-2"": 303.3809439184089, ""DC-3"": 302.257078543182, ""DC-4"": 273.04043204262257, ""DC-5"": 264.5683462686579}"
739,780,1537.1143610664135,1000,1000,0,0,1000,211,0,789,0,1000,975,25,0,99,74,25,11,0,15409.059443257227,1000,750771,750771,200000,200000,0,749772,8.874569812297821,4.4509877245426175,4.423582102656365,-105.89948835754394,0.02595259493077174,0.2929883599281311,0.5148301433622837,0.5356897714734078,106.18897222900391,106.1856999282837,106.1803275527954,13.843234300002223,"{""DC-1"": 384.07437005093936, ""DC-2"": 286.39855991350214, ""DC-3"": 325.71132069071496, ""DC-4"": 214.45134725869107, ""DC-5"": 326.4787631525667}"
740,781,1580.4438973087788,1000,1000,0,0,1000,212,0,788,0,1000,988,12,0,96,84,12,11,0,16611.401029268513,1000,751771,751771,200000,200000,0,750772,8.919999027013779,4.418628418087959,4.501370595216751,-106.3693551864624,-0.010540562222944572,0.2892744839191437,0.5440869540572166,0.5354214326739312,106.65153130340576,106.65710963439942,106.65808551025391,13.760323299997253,"{""DC-1"": 356.3863870440413, ""DC-2"": 294.51786558145426, ""DC-3"": 293.28972942265597, ""DC-4"": 325.3477081528818, ""DC-5"": 310.90220710774634}"
741,782,1547.5547643308191,1000,1000,0,0,1000,241,0,759,0,1000,977,23,0,123,100,23,20,0,15690.150440305373,1000,752771,752771,200000,200000,0,751772,9.635071673870087,4.822566490292549,4.812505183815956,-106.59020714569091,0.00348169705318287,0.29074057936668396,0.5326145444810391,0.5354971575737,106.88081104278564,106.87664588165283,106.87139585113525,13.800172499992186,"{""DC-1"": 316.2383808805112, ""DC-2"": 309.43226650347594, ""DC-3"": 317.5290607003657, ""DC-4"": 292.9153471361534, ""DC-5"": 311.4397091103133}"
742,783,1608.3820712963307,1000,1000,0,0,1000,201,0,799,0,1000,995,5,0,86,81,5,20,0,14501.771422593845,1000,753771,753771,200000,200000,0,752772,9.049731284379959,4.614102801084519,4.435628489851951,-107.07179237365723,0.0015212880799081176,0.29113835096359253,0.5342678096294403,0.5355045679211616,107.3520072479248,107.34799579620362,107.34568804168701,15.127273799997056,"{""DC-1"": 350.0076941272178, ""DC-2"": 307.8536701247301, ""DC-3"": 347.9992791727668, ""DC-4"": 298.6288974350043, ""DC-5"": 303.89253043661057}"
743,784,1447.5749024499373,1001,1001,0,0,1001,237,1,763,0,1000,960,40,0,136,96,40,30,0,17269.179342370993,1004,754772,754772,200000,200000,0,753776,9.68175077723317,4.9234640779960674,4.758286697693555,-107.23637288310138,-0.005115112789305469,0.2893499732017517,0.5397305611179645,0.53558854936841,107.51397920129783,107.5111015973338,107.50580579446131,14.733119399985299,"{""DC-1"": 340.6774360018912, ""DC-2"": 338.8382821091232, ""DC-3"": 176.01558607879747, ""DC-4"": 286.07936489613957, ""DC-5"": 305.9642333639855}"
744,785,1581.5469631845888,1000,1000,0,0,1000,242,0,758,0,1000,983,17,0,117,100,17,16,0,16398.070140117306,1000,755772,755772,200000,200000,0,754776,8.804100581645965,4.459576118826866,4.344524453163147,-107.6144454574585,0.016966363066807388,0.29535871744155884,0.5217361066639423,0.5354112780690193,107.8883841934204,107.89359799957275,107.8973738708496,13.844628499995451,"{""DC-1"": 355.2522241615219, ""DC-2"": 296.5315170570107, ""DC-3"": 346.31769981979863, ""DC-4"": 259.27096157452496, ""DC-5"": 324.1745605717326}"
745,786,1502.7790043700343,1001,1001,0,0,1001,214,1,786,0,1000,973,27,0,124,97,27,28,0,16576.045114051347,1000,756773,756773,200000,200000,0,755776,9.054532497644425,4.609154818892479,4.445377690315246,-107.81352214050293,0.002612294632010162,0.29719433188438416,0.5331702447831631,0.5354744397401809,108.08985144805908,108.08567541503906,108.08355393981934,13.943063300015638,"{""DC-1"": 337.76119561092094, ""DC-2"": 301.14359064229353, ""DC-3"": 307.0289669020057, ""DC-4"": 267.0395369967144, ""DC-5"": 289.805714218099}"
746,787,1507.8652475265967,1000,1000,0,0,1000,247,0,753,0,1000,967,33,0,126,93,33,30,0,14325.782173252555,1000,757773,757773,200000,200000,0,756776,9.281228397369384,4.731717612028122,4.549510792851448,-108.09276264190675,0.005126152471406385,0.29909437894821167,0.531321574985981,0.5355009393692016,108.35927682495117,108.35811396026611,108.35555612182617,13.813762400008272,"{""DC-1"": 361.6825780798949, ""DC-2"": 291.6105250507994, ""DC-3"": 279.6038566938496, ""DC-4"": 254.48092158916802, ""DC-5"": 320.48736611288456}"
747,788,1533.481729966623,1000,1000,0,0,1000,232,0,768,0,1000,975,25,0,120,95,25,19,0,16694.412259097022,1000,758773,758773,200000,200000,0,757776,9.029185609579086,4.4834555448293685,4.545730054140091,-108.42251483154297,-0.0037031764979474245,0.29764989018440247,0.5384760823845863,0.5353650438189507,108.69261346435547,108.69553160858155,108.69374109649658,13.766889900027309,"{""DC-1"": 339.32034578424253, ""DC-2"": 275.3392814779451, ""DC-3"": 356.2714630904071, ""DC-4"": 250.05400602465417, ""DC-5"": 312.4966335893739}"
748,789,1555.619435527254,1001,1001,0,0,1001,220,1,780,0,1000,979,21,0,114,93,21,11,0,14973.220278160254,1000,759774,759774,200000,200000,0,758776,8.745981600761414,4.403920399308205,4.342061178565025,-108.70925281524659,-0.0017154040695168077,0.2968634068965912,0.536903443813324,0.5354568415880203,108.97764706420898,108.98278954315185,108.96994776916505,13.828478300012648,"{""DC-1"": 388.6465744906122, ""DC-2"": 306.44024419116596, ""DC-3"": 311.80792884533344, ""DC-4"": 250.16024764425975, ""DC-5"": 298.5644403558814}"
749,790,1549.95828757472,1001,1001,0,0,1001,223,1,777,0,1000,980,20,0,118,98,20,24,0,18444.179342370993,1000,760775,760775,200000,200000,0,759776,9.246868445396423,4.586560683369637,4.660307757973671,-108.89262785339355,-0.01312601565476507,0.2914815843105316,0.546466508090496,0.5356362175941467,109.16370683288574,109.1595929107666,109.16335081481934,13.770841899997322,"{""DC-1"": 367.6941736907972, ""DC-2"": 318.38651665525185, ""DC-3"": 308.0726987821342, ""DC-4"": 259.3802071480817, ""DC-5"": 296.42469129845676}"
750,791,1481.2175906529676,1001,1001,0,0,1001,249,1,751,0,1000,963,37,0,139,102,37,14,0,15422.771422593845,1004,761776,761776,200000,200000,0,760780,9.59619399228419,4.794370870903669,4.801823115443804,-109.1909065702522,-0.010239196855916207,0.28813856840133667,0.5438440613359569,0.5356360171658109,109.4589225647459,109.45208060883905,109.44598045957041,13.773062799999025,"{""DC-1"": 341.5385892985433, ""DC-2"": 345.3933077870573, ""DC-3"": 214.88218419201425, ""DC-4"": 282.6048602839881, ""DC-5"": 296.79864909136427}"
751,792,1554.487880182962,1000,1000,0,0,1000,239,0,761,0,1000,978,22,0,127,105,22,23,0,14891.077263983416,1000,762776,762776,200000,200000,0,761780,9.570561438083649,4.846264012217522,4.7242974369525905,-109.32039582824707,0.00479030204564333,0.28953438997268677,0.532005211263895,0.5356697419285774,109.59499948883057,109.60401300811768,109.61163613891601,13.753119900007732,"{""DC-1"": 345.19181338291816, ""DC-2"": 301.5298570084025, ""DC-3"": 313.0786395857762, ""DC-4"": 258.9016725145904, ""DC-5"": 335.78589769127547}"
752,793,1539.040480921748,1000,1000,0,0,1000,245,0,755,0,1000,976,24,0,117,93,24,16,0,15280.537220416008,1000,763776,763776,200000,200000,0,762780,9.415607385635376,4.705595239520073,4.710012145400047,-109.67269319915772,0.00331212090421468,0.29102054238319397,0.5328106918036938,0.5355403612852097,109.95530923461914,109.9511203994751,109.95773211669922,13.83601759999874,"{""DC-1"": 281.896100696209, ""DC-2"": 338.094270244422, ""DC-3"": 373.0308319013351, ""DC-4"": 294.3153872191519, ""DC-5"": 251.70389086063057}"
753,794,1503.1586982896345,1000,1000,0,0,1000,235,0,765,0,1000,969,31,0,116,85,31,14,0,16018.059443257227,1000,764776,764776,200000,200000,0,763780,9.09373593878746,4.543266163468361,4.550469769239426,-109.77799095916748,0.013159069968853146,0.2957920432090759,0.5248021349906922,0.5354852724671364,110.04266889953614,110.04614806365967,110.05381875610351,13.74157459998969,"{""DC-1"": 305.02611503508683, ""DC-2"": 317.29954671296116, ""DC-3"": 347.91567914795206, ""DC-4"": 251.09503495434274, ""DC-5"": 281.82232243929343}"
754,795,1554.4545595766117,1000,1000,0,0,1000,224,0,776,0,1000,982,18,0,124,106,18,16,0,14926.194896583373,1000,765776,765776,200000,200000,0,764780,10.08780750322342,5.0966064468622205,4.99120106959343,-110.03262249755859,-0.00471016746154055,0.2941223978996277,0.5392896378040314,0.5354802504181861,110.30621189117431,110.30287945556641,110.31016427612305,13.724971699994057,"{""DC-1"": 317.48592386814744, ""DC-2"": 316.5031377857455, ""DC-3"": 301.39992659989184, ""DC-4"": 300.3771798190309, ""DC-5"": 318.6883915037965}"
755,796,1534.6993493283876,1000,1000,0,0,1000,234,0,766,0,1000,976,24,0,118,94,24,17,0,15307.66422412658,1000,766776,766776,200000,200000,0,765780,9.315926846265793,4.8005055750608445,4.5154212806224825,-110.08956908416748,-0.019585251840297132,0.2869144082069397,0.5514303288161755,0.5355253047347068,110.37520318603515,110.36682522583008,110.37180813598633,13.887568300007842,"{""DC-1"": 329.59002068425565, ""DC-2"": 267.35022497001074, ""DC-3"": 343.400226389065, ""DC-4"": 272.4260597683216, ""DC-5"": 321.9328175167357}"
756,797,1598.5459784553882,1000,1000,0,0,1000,238,0,762,0,1000,987,13,0,115,102,13,21,0,15751.472771431134,1000,767776,767776,200000,200000,0,766780,9.311396033048629,4.756869950413704,4.55452607601881,-110.25639943695069,0.0007461277362890541,0.287265807390213,0.5350361394882203,0.5356066973209381,110.54786674499512,110.54172140502929,110.54387484741211,13.780354799993802,"{""DC-1"": 373.454883037157, ""DC-2"": 337.65633935738464, ""DC-3"": 314.5499465974115, ""DC-4"": 259.27404328386564, ""DC-5"": 313.6107661795708}"
757,798,1561.1531405235771,1000,1000,0,0,1000,241,0,759,0,1000,980,20,0,122,102,20,21,0,18230.599078438314,1000,768776,768776,200000,200000,0,767780,9.204194416999817,4.635979435682296,4.5682149950265885,-110.57719813537598,-0.0025447150568943472,0.2863902151584625,0.5375908576846122,0.5355089415311813,110.84432267761231,110.84493341827392,110.84744106292725,13.819640799978515,"{""DC-1"": 330.16496901019275, ""DC-2"": 329.56365982793227, ""DC-3"": 335.6664112496277, ""DC-4"": 254.20369165137362, ""DC-5"": 311.55440878445125}"
758,799,1589.418256057409,1001,1001,0,0,1001,213,1,787,0,1000,989,11,0,109,98,11,19,0,16577.296064397528,1000,769777,769777,200000,200000,0,768780,9.289219563007356,4.721532078504563,4.567687478780747,-110.6203581161499,0.0039056547693908216,0.28791138529777527,0.5324611166119575,0.5356338326334953,110.8875096435547,110.88908200836181,110.8857209854126,13.699535199993988,"{""DC-1"": 351.5875238419362, ""DC-2"": 318.8541735615218, ""DC-3"": 319.49715588173814, ""DC-4"": 272.50609313591036, ""DC-5"": 326.97330963630327}"
759,800,1489.4963065892914,1000,1000,0,0,1000,216,0,784,0,1000,967,33,0,121,88,33,24,0,15250.803238363176,1000,770777,770777,200000,200000,0,769780,9.87285274219513,5.007173546552658,4.865679205775261,-110.88818670654297,-0.0029153110571205616,0.2868253290653229,0.5380714769363404,0.5356982704401017,111.15514846801757,111.15967442321778,111.1526661529541,14.237100300000748,"{""DC-1"": 387.0976824449962, ""DC-2"": 329.9361427030376, ""DC-3"": 234.58559026048025, ""DC-4"": 223.2608370560677, ""DC-5"": 314.6160541247109}"
760,801,1520.8353007220169,1001,1001,0,0,1001,220,1,780,0,1000,974,26,0,117,91,26,25,0,14748.40728925113,1000,771778,771778,200000,200000,0,770780,9.129370183825493,4.611183234930039,4.518186940193177,-110.95403002166748,-0.0048195292642340066,0.2850111722946167,0.5393723391592503,0.5354849509596825,111.22504540252686,111.22922423553467,111.2348551864624,13.789062900003046,"{""DC-1"": 376.26221941531924, ""DC-2"": 319.68469189100733, ""DC-3"": 299.7388736039938, ""DC-4"": 222.8842074382426, ""DC-5"": 302.265308373455}"
761,802,1558.1256059420273,1000,1000,0,0,1000,225,0,775,0,1000,980,20,0,114,94,20,18,0,15474.594616528413,1000,772778,772778,200000,200000,0,771780,9.579996065616609,4.890402611494064,4.6895934530496595,-111.09248893737794,0.0025203781849704684,0.2860648036003113,0.5336452316641808,0.5356907685399055,111.36704941558838,111.37938907623291,111.36542836761474,13.836555299989413,"{""DC-1"": 374.65361013225703, ""DC-2"": 326.3930938955903, ""DC-3"": 278.651106513028, ""DC-4"": 245.51683201118874, ""DC-5"": 332.9109633899646}"
762,803,1624.5694087772065,1000,1000,0,0,1000,229,0,771,0,1000,994,6,0,119,113,6,16,0,17042.32477737478,1000,773778,773778,200000,200000,0,772780,9.56390941286087,4.767626745939255,4.796282671451569,-111.0972425994873,0.009826068934053182,0.2895579934120178,0.5277542451620102,0.5356047676801682,111.38732371520996,111.38394515228272,111.38400198364258,13.79682999997749,"{""DC-1"": 354.6704737235145, ""DC-2"": 365.32522262549696, ""DC-3"": 331.0897075313987, ""DC-4"": 263.1589399258169, ""DC-5"": 310.32506497097927}"
763,804,1589.665181155597,1000,1000,0,0,1000,204,0,796,0,1000,991,9,0,91,82,9,9,0,17713.437507410956,1000,774778,774778,200000,200000,0,773780,9.119108879804612,4.6714813868999485,4.447627503275871,-111.20048920440674,0.0037676377890165894,0.29101207852363586,0.5326074420511723,0.5356227273344993,111.4830336227417,111.48447281646729,111.48226679229737,13.765845100017032,"{""DC-1"": 335.8149847666098, ""DC-2"": 309.2577030466768, ""DC-3"": 306.31627299994, ""DC-4"": 288.96289815772985, ""DC-5"": 349.3133221846422}"
764,805,1533.9785592306023,1001,1001,0,0,1001,225,1,775,0,1000,975,25,0,108,83,25,12,0,13574.363196113205,1000,775779,775779,200000,200000,0,774780,8.971799873352051,4.510838158726692,4.460961717605591,-111.23660334777831,-0.014928273051045835,0.28571784496307373,0.5476822463274003,0.5356619246602058,111.5211082458496,111.52647839355468,111.51808726501464,13.862310399999842,"{""DC-1"": 364.73018357432113, ""DC-2"": 319.4976370145963, ""DC-3"": 310.0607894578219, ""DC-4"": 244.75251852876028, ""DC-5"": 294.9374306551041}"
765,806,1624.176441484323,1000,1000,0,0,1000,230,0,770,0,1000,995,5,0,134,129,5,14,0,15532.269866269657,1000,776779,776779,200000,200000,0,775780,9.662498100996018,4.915158181071281,4.747339913010597,-111.35086408996582,-0.007752242586575448,0.28318655490875244,0.5418038851320743,0.5356191663742066,111.62629293823242,111.62568955993652,111.62373028564453,13.830895499995677,"{""DC-1"": 353.37220520000994, ""DC-2"": 350.26404563304004, ""DC-3"": 339.4266104192957, ""DC-4"": 292.1075260761692, ""DC-5"": 289.00605415580924}"
766,807,1586.2759113139855,1001,1001,0,0,1001,229,1,771,0,1000,988,12,0,117,105,12,17,0,15447.524482329593,1004,777780,777780,200000,200000,0,776784,9.4186538127789,4.73635228073217,4.682301511683787,-111.44098376847833,-0.005007361906461893,0.28138765692710876,0.5395696138836948,0.5356469303369522,111.72083855435193,111.72029183680318,111.72306948354044,13.86344509999617,"{""DC-1"": 339.39465866811537, ""DC-2"": 301.5746099478404, ""DC-3"": 349.1615542839618, ""DC-4"": 282.92631971794924, ""DC-5"": 313.2187686961194}"
767,808,1613.6224554497794,1000,1000,0,0,1000,229,0,771,0,1000,991,9,0,104,95,9,12,0,14787.438066466966,1000,778780,778780,200000,200000,0,777784,10.171142096042633,5.023678874611854,5.14746321940422,-111.47848690032959,0.0020436790483072402,0.2818169891834259,0.5342708362042904,0.5357474163174629,111.76675018310547,111.76835174560547,111.76808755493164,13.854965299979085,"{""DC-1"": 356.0933790316827, ""DC-2"": 353.54893728112614, ""DC-3"": 292.97173557133874, ""DC-4"": 285.0888929804329, ""DC-5"": 325.91951058519896}"
768,809,1606.1062021385942,1000,1000,0,0,1000,229,0,771,0,1000,990,10,0,113,103,10,18,0,15865.063138366728,1000,779780,779780,200000,200000,0,778784,9.795483855962754,4.880176571846008,4.915307281732559,-111.510405960083,0.010942746586166322,0.2854929566383362,0.5269014090001584,0.5355055574774742,111.79336077880859,111.79160168457031,111.78880151367187,13.778240599989658,"{""DC-1"": 352.8700838793352, ""DC-2"": 319.8584695204241, ""DC-3"": 325.7040638039542, ""DC-4"": 282.606965706323, ""DC-5"": 325.06661922855545}"
769,810,1578.0716752620135,1001,1001,0,0,1001,209,1,791,0,1000,987,13,0,89,76,13,8,0,15200.063138366728,1000,780781,780781,200000,200000,0,779784,9.152051626682281,4.623037745714187,4.529013876914978,-111.49458826446534,0.008271404173690825,0.2889308035373688,0.528725733935833,0.5355235753059387,111.77854405212402,111.77720419311524,111.77460873413087,14.423653600009857,"{""DC-1"": 331.74081074502016, ""DC-2"": 328.83182444321847, ""DC-3"": 335.0341313048816, ""DC-4"": 277.5509836271121, ""DC-5"": 304.91392514178216}"
770,811,1600.5134793006348,1000,1000,0,0,1000,229,0,771,0,1000,989,11,0,119,108,11,17,0,14889.645091205779,1000,781781,781781,200000,200000,0,780784,9.621585266828538,4.815888141155243,4.8056971346139905,-111.44015497589112,-0.008446899865521117,0.2855047285556793,0.542379557877779,0.5354570441842079,111.72565364837646,111.73371796417236,111.7239953918457,14.68332849998842,"{""DC-1"": 384.9705553726633, ""DC-2"": 327.09606956280527, ""DC-3"": 330.10124175380537, ""DC-4"": 258.2896581567934, ""DC-5"": 300.05595445456805}"
771,812,1551.932826467999,1001,1001,0,0,1001,238,1,762,0,1000,979,21,0,112,91,21,14,0,13943.045114051349,1000,782782,782782,200000,200000,0,781784,9.01585211277008,4.529076773285865,4.486775354266166,-111.57542093658448,-0.0029071711553260685,0.2847118377685547,0.5377058339715004,0.5354472817778587,111.86045292663574,111.86379209136963,111.86027764129639,13.916869500011671,"{""DC-1"": 315.3303182721092, ""DC-2"": 311.65814025251393, ""DC-3"": 320.6644630149629, ""DC-4"": 273.05647883800884, ""DC-5"": 331.2234260904032}"
772,813,1500.857387532823,1000,1000,0,0,1000,234,0,766,0,1000,970,30,0,128,98,30,15,0,14558.297626136926,1000,783782,783782,200000,200000,0,782784,9.141575695753097,4.539374833703041,4.602200847864151,-111.56901525878907,-0.01061992409126833,0.28126782178878784,0.5440447564125062,0.5355385200381279,111.8613745880127,111.86225699615478,111.85834439849853,14.89415690000169,"{""DC-1"": 278.10227057328643, ""DC-2"": 326.37409913627755, ""DC-3"": 305.0573171213975, ""DC-4"": 265.9404377062122, ""DC-5"": 325.3832629956484}"
773,814,1512.5785531574911,1001,1001,0,0,1001,264,1,736,0,1000,966,34,0,154,120,34,15,0,16886.719005069728,1000,784783,784783,200000,200000,0,783784,8.933717938542365,4.46978097140789,4.463936957716942,-111.49088575744629,-0.007764138227328658,0.2787057161331177,0.541603704482317,0.5355221661925316,111.77592948913575,111.7744411392212,111.77862184143066,15.001111400022637,"{""DC-1"": 344.23773690725267, ""DC-2"": 300.4340658265006, ""DC-3"": 315.1775336888347, ""DC-4"": 231.18859651831443, ""DC-5"": 321.5406202165895}"
774,815,1548.4268515801004,1000,1000,0,0,1000,220,0,780,0,1000,980,20,0,112,92,20,26,0,13748.65940642817,1000,785783,785783,200000,200000,0,784784,9.149506069421768,4.3932271457910534,4.756278918504715,-111.44978308105469,-0.0014998296294361352,0.278368204832077,0.5368476201295853,0.535666599035263,111.7451950378418,111.74520120239258,111.75067435455323,14.70930529999896,"{""DC-1"": 370.0800937197336, ""DC-2"": 301.3827316735089, ""DC-3"": 264.5692667484796, ""DC-4"": 272.3482395166724, ""DC-5"": 340.04651992170614}"
775,816,1521.3317662615955,1000,1000,0,0,1000,242,0,758,0,1000,974,26,0,154,128,26,18,0,13596.522145741972,1000,786783,786783,200000,200000,0,785784,9.027802585601806,4.517690760970115,4.510111848115921,-111.42268609619141,0.005496132911648601,0.2802966237068176,0.5312572104036808,0.5355767004489899,111.7099778137207,111.71726419830323,111.70934429931641,14.889860299997963,"{""DC-1"": 332.4950097284293, ""DC-2"": 320.5035561358278, ""DC-3"": 293.02178796830754, ""DC-4"": 297.71480377019486, ""DC-5"": 277.5966086588373}"
776,817,1549.023892066987,1000,1000,0,0,1000,205,0,795,0,1000,982,18,0,115,97,18,13,0,15177.001274871798,1000,787783,787783,200000,200000,0,786784,9.529434055566787,4.820489512920379,4.708944532513619,-111.4512667388916,0.0009220726822968573,0.28060436248779297,0.5348280553221703,0.5355092724561691,111.74657691955566,111.74672624969483,111.74915283203126,15.134139100002358,"{""DC-1"": 328.0686669646231, ""DC-2"": 318.8882166134961, ""DC-3"": 296.7009808167623, ""DC-4"": 280.91711798698003, ""DC-5"": 324.4489096851258}"
777,818,1588.8991165976229,1001,1001,0,0,1001,221,1,779,0,1000,987,13,0,96,83,13,12,0,15879.537220416008,1004,788784,788784,200000,200000,0,787788,8.593038997089721,4.317682890303106,4.275356104886864,-111.30904160457779,-0.010912186433227207,0.27694249153137207,0.544000355311599,0.5355826518331391,111.59578964719735,111.60139800447867,111.60478646631735,14.698440500011202,"{""DC-1"": 384.2401256261272, ""DC-2"": 268.14279856095914, ""DC-3"": 345.577162161943, ""DC-4"": 262.6593509024874, ""DC-5"": 328.2796793461068}"
778,819,1599.606643135757,1000,1000,0,0,1000,242,0,758,0,1000,984,16,0,116,100,16,11,0,18390.99759914723,1000,789784,789784,200000,200000,0,788788,9.223459854364394,4.679028508663177,4.544431338429451,-111.23097556304931,-0.003962264615111053,0.27532172203063965,0.5386355839073658,0.5353758237361907,111.52035000610351,111.51858972167969,111.52490686035156,13.996253599994816,"{""DC-1"": 402.8330044046149, ""DC-2"": 301.732244265087, ""DC-3"": 338.67780913960553, ""DC-4"": 238.44313882811107, ""DC-5"": 317.9204464983394}"
779,820,1581.8459992640755,1001,1001,0,0,1001,217,1,783,0,1000,987,13,0,117,104,13,14,0,15318.668293578743,1000,790785,790785,200000,200000,0,789788,8.669588368177413,4.442949395358562,4.226638956308365,-111.48876567840576,0.0015719061712734402,0.2762642204761505,0.5341564791202545,0.5354805613160133,111.77113161468506,111.76682943725586,111.76087786102295,14.44732499998645,"{""DC-1"": 366.7322280412737, ""DC-2"": 329.8931447198942, ""DC-3"": 327.5601051370735, ""DC-4"": 270.5993073107642, ""DC-5"": 287.0612140550705}"
780,821,1538.4277483329945,1000,1000,0,0,1000,211,0,789,0,1000,979,21,0,115,94,21,24,0,15732.297626136926,1000,791785,791785,200000,200000,0,790788,8.786827708244324,4.5246703147888185,4.262157392024994,-111.35320017242432,0.004660770445130765,0.27752718329429626,0.5320644054114818,0.5355129122138024,111.62773011016846,111.62749084472657,111.62293825531006,13.75591780000832,"{""DC-1"": 355.99624835902284, ""DC-2"": 344.5916474049427, ""DC-3"": 284.8427398518975, ""DC-4"": 235.80440369680795, ""DC-5"": 317.1927090203224}"
781,822,1582.8499009851366,1000,1000,0,0,1000,208,0,792,0,1000,986,14,0,93,79,14,20,0,15898.825137710013,1000,792785,792785,200000,200000,0,791788,8.772092455625534,4.458097316741943,4.313995176792145,-111.49047109985352,0.0041185677933972325,0.2791783809661865,0.5323018308877945,0.5356171314716339,111.7604613418579,111.76866497802735,111.75967209625244,13.825508000008995,"{""DC-1"": 380.0162962833482, ""DC-2"": 302.17111657580716, ""DC-3"": 339.1375675197378, ""DC-4"": 263.71902186288685, ""DC-5"": 297.8058987433587}"
782,823,1616.7184131150846,1000,1000,0,0,1000,223,0,777,0,1000,993,7,0,112,105,7,22,0,15090.15433139282,1000,793785,793785,200000,200000,0,792788,8.524802301883698,4.25536870610714,4.269433601737022,-111.52056163787842,-0.011715052587911487,0.2754440903663635,0.5447333209216595,0.5355959435105324,111.7985020980835,111.80122187805176,111.79114315032959,14.921149899979355,"{""DC-1"": 376.5555153850479, ""DC-2"": 307.32119212317264, ""DC-3"": 341.5943703557593, ""DC-4"": 296.6516869433881, ""DC-5"": 294.59564830771654}"
783,824,1588.463651959421,1000,1000,0,0,1000,236,0,764,0,1000,986,14,0,103,89,14,14,0,15427.845672606672,1000,794785,794785,200000,200000,0,793788,9.171238773822784,4.570067798137665,4.601170977711678,-111.71867716217041,0.009352873990312219,0.2785993814468384,0.5283411918580532,0.5355922231078147,111.99888343811035,111.99566065216064,111.994169631958,14.35409169999184,"{""DC-1"": 330.7069802174459, ""DC-2"": 313.2810839927427, ""DC-3"": 363.7376279316896, ""DC-4"": 283.94058022364993, ""DC-5"": 296.79737959389223}"
784,825,1505.1062891689876,1000,1000,0,0,1000,238,0,762,0,1000,971,29,0,120,91,29,15,0,14229.194896583373,1000,795785,795785,200000,200000,0,794788,9.106369433164597,4.558432556390763,4.547936880111695,-111.92063125610352,0.006674737880006432,0.28092530369758606,0.5303662785291672,0.5355901020169258,112.19285569000245,112.19222499847412,112.19160768890382,14.257666699995752,"{""DC-1"": 312.95370792501717, ""DC-2"": 278.1830444148471, ""DC-3"": 312.454344016298, ""DC-4"": 285.036234423721, ""DC-5"": 316.47895838910506}"
785,826,1568.2289332970067,1000,1000,0,0,1000,214,0,786,0,1000,984,16,0,130,114,16,13,0,13017.28838783866,1000,796785,796785,200000,200000,0,795788,8.443604276895524,4.238777817130089,4.204826445579529,-111.94091271209717,0.00712953080330044,0.2834683358669281,0.5299257256686688,0.535552572786808,112.21678591156005,112.21427136993408,112.20784153747559,14.105412299977615,"{""DC-1"": 365.82286953708365, ""DC-2"": 313.86499187891616, ""DC-3"": 315.3091489764746, ""DC-4"": 247.02485587410334, ""DC-5"": 326.2070670304291}"
786,827,1615.6893567050724,1000,1000,0,0,1000,227,0,773,0,1000,991,9,0,108,99,9,16,0,15407.719005069728,1000,797785,797785,200000,200000,0,796788,8.440649480462074,4.326351454019546,4.114298046052456,-112.08413167572022,0.006351268832338974,0.2857885956764221,0.5305736956298351,0.5356264616250992,112.3510347290039,112.34990724182128,112.35676948547363,14.458127899997635,"{""DC-1"": 348.8946990032001, ""DC-2"": 312.250040782029, ""DC-3"": 351.5949506838952, ""DC-4"": 268.7890861281837, ""DC-5"": 334.1605801077654}"
787,828,1520.373064928503,1002,1002,0,0,1002,237,2,763,0,1000,972,28,0,113,85,28,26,0,15760.438066466966,1000,798787,798787,200000,200000,0,797788,8.449566903114318,4.171325730323791,4.278241183638572,-112.23998564910889,-0.011772752781864255,0.28132152557373047,0.5448003405332565,0.5354386878609657,112.4995334777832,112.5110124206543,112.51240518951415,14.22761360000004,"{""DC-1"": 367.21147089326763, ""DC-2"": 284.30600542199556, ""DC-3"": 326.4715867758216, ""DC-4"": 277.1187192750012, ""DC-5"": 265.26528256241863}"
788,829,1586.522960342552,1000,1000,0,0,1000,246,0,754,0,1000,986,14,0,134,120,14,19,0,14164.457996287148,1000,799787,799787,200000,200000,0,798788,8.694619971513749,4.394245666861534,4.30037431704998,-112.25592685699463,-0.0038057792857289314,0.2801063060760498,0.5385408663749695,0.5355474796891212,112.52593849945069,112.53859229278565,112.53792053222656,14.323236099997303,"{""DC-1"": 300.27741076710856, ""DC-2"": 345.45395851728404, ""DC-3"": 351.9340582570819, ""DC-4"": 279.5258118329594, ""DC-5"": 309.3317209681187}"
789,830,1639.569153948761,1000,1000,0,0,1000,238,0,762,0,1000,996,4,0,106,102,4,14,0,15594.360164026679,1000,800787,800787,200000,200000,0,799788,9.587481222391128,4.793908477902413,4.79357275736332,-112.35631412506103,0.00507527757063508,0.2817656099796295,0.5316868086755275,0.5356147480010987,112.62448042297363,112.62889256286621,112.62671846771241,14.461758699995698,"{""DC-1"": 364.7025664981999, ""DC-2"": 322.5925582043321, ""DC-3"": 325.6176340323642, ""DC-4"": 288.1365652083464, ""DC-5"": 338.51983000551996}"
790,831,1545.5578274718835,1000,1000,0,0,1000,227,0,773,0,1000,979,21,0,124,103,21,15,0,16903.9356760103,1000,801787,801787,200000,200000,0,800788,9.017809795856476,4.512189255297184,4.505620521783829,-112.53175821685791,-0.004386968309059739,0.2803727686405182,0.539025606662035,0.535582111299038,112.80214890289307,112.79923752593994,112.80220846557617,14.00654729999951,"{""DC-1"": 341.7867700954391, ""DC-2"": 342.6424818392371, ""DC-3"": 280.0732279524463, ""DC-4"": 257.20423415497, ""DC-5"": 323.85111342979116}"
791,832,1611.460693239913,1000,1000,0,0,1000,223,0,777,0,1000,993,7,0,113,106,7,16,0,14517.476421465482,1000,802787,802787,200000,200000,0,801788,9.691001584291458,5.006337582588196,4.684664026260376,-112.40412673950195,-0.005016919538844377,0.2786470055580139,0.539335980117321,0.535409075319767,112.70358211517333,112.6993680267334,112.69929427337647,14.627932800009148,"{""DC-1"": 334.30834353412416, ""DC-2"": 348.48268891596, ""DC-3"": 341.9429788398341, ""DC-4"": 258.41643272703556, ""DC-5"": 328.31024922296007}"
792,833,1535.6440025341378,1000,1000,0,0,1000,238,0,762,0,1000,978,22,0,115,93,22,14,0,16002.977692795272,1000,803787,803787,200000,200000,0,802788,9.381841982603072,4.753532985925674,4.628309001207351,-112.44752983093262,0.016832440707832574,0.28433477878570557,0.5223111316859722,0.535535419523716,112.72887615203858,112.72891289520264,112.71902178955078,14.468060299986973,"{""DC-1"": 332.533962268462, ""DC-2"": 298.6678747352383, ""DC-3"": 301.961070449499, ""DC-4"": 308.42680626990636, ""DC-5"": 294.05428881103234}"
793,834,1552.195490556087,1000,1000,0,0,1000,259,0,741,0,1000,974,26,0,143,117,26,22,0,13895.401029268513,1000,804787,804787,200000,200000,0,803788,8.62736838889122,4.428736488223076,4.198631899118423,-112.63629652404785,-0.01906585654336959,0.27815940976142883,0.5505059677064419,0.5354846983551979,112.91815528106689,112.91875033569336,112.91133324432373,14.108471000014106,"{""DC-1"": 382.6748517328288, ""DC-2"": 319.14938301602905, ""DC-3"": 337.222725157859, ""DC-4"": 230.29344957134185, ""DC-5"": 282.85508107802815}"
794,835,1579.9085259319716,1001,1001,0,0,1001,219,1,781,0,1000,987,13,0,109,96,13,14,0,16716.077263983418,1004,805788,805788,200000,200000,0,804792,9.527202238362149,4.80776212569252,4.719440129529907,-112.74554826348901,-0.00378213654526424,0.27683886885643005,0.5385095274662116,0.5356090240388277,113.02019455138431,113.01672872414152,113.01830437648819,14.380482399981702,"{""DC-1"": 331.3556976126099, ""DC-2"": 322.21300334145207, ""DC-3"": 325.610973254257, ""DC-4"": 288.25768066757325, ""DC-5"": 312.47117105607987}"
795,836,1562.2274716205686,1000,1000,0,0,1000,237,0,763,0,1000,983,17,0,126,109,17,15,0,14033.973999931764,1000,806788,806788,200000,200000,0,805792,8.807521131753921,4.40002784049511,4.4074932882189755,-112.93888938140869,0.0020298350951634347,0.2772061824798584,0.5340196762382984,0.5354561673998832,113.21019841003418,113.20993550872802,113.2076469116211,14.17248819998349,"{""DC-1"": 347.5560177535117, ""DC-2"": 313.08245412136836, ""DC-3"": 296.99004859417954, ""DC-4"": 316.9344033703793, ""DC-5"": 287.6645477811292}"
796,837,1533.8772391711393,1000,1000,0,0,1000,242,0,758,0,1000,975,25,0,121,96,25,13,0,13233.401029268513,1000,807788,807788,200000,200000,0,806792,9.196277809381485,4.685763654112816,4.510514142632484,-112.85355996704102,-0.006349175383802503,0.2750263810157776,0.54043161419034,0.5354721400141716,113.12093449401856,113.12644690704346,113.12808417510986,13.827031800028635,"{""DC-1"": 370.61898046249615, ""DC-2"": 294.45400156763645, ""DC-3"": 333.5667588904752, ""DC-4"": 270.64915762308357, ""DC-5"": 264.5883406274487}"
797,838,1540.308792711251,1000,1000,0,0,1000,226,0,774,0,1000,981,19,0,124,105,19,16,0,16420.461851788597,1000,808788,808788,200000,200000,0,807792,8.782348843097687,4.394652656078339,4.387696192264557,-112.94036627197265,-0.0016958475285209715,0.2746845781803131,0.5367545737624169,0.5354852074980736,113.21120433044433,113.22046921539307,113.21483815002442,13.81609240002581,"{""DC-1"": 310.5632716456915, ""DC-2"": 290.34542378414204, ""DC-3"": 307.3299487073941, ""DC-4"": 290.8178478587888, ""DC-5"": 341.25230071523714}"
798,839,1555.4661360752095,1000,1000,0,0,1000,246,0,754,0,1000,978,22,0,132,110,22,14,0,17731.719005069728,1000,809788,809788,200000,200000,0,808792,8.656592981338502,4.384158320665359,4.272434662938118,-112.85731733703614,-0.00374447503965348,0.27332332730293274,0.5383825927376747,0.5354790396690369,113.13053577423096,113.12746873474121,113.13382971191406,13.875113899994176,"{""DC-1"": 396.92911271598683, ""DC-2"": 277.4813365518004, ""DC-3"": 304.20345826721945, ""DC-4"": 273.2380604206331, ""DC-5"": 303.61416811956946}"
799,840,1619.2092210490737,1000,1000,0,0,1000,235,0,765,0,1000,992,8,0,128,120,8,17,0,15033.304251132433,1000,810788,810788,200000,200000,0,809792,9.406121240854263,4.685469590187073,4.720651634335518,-112.95887471008301,0.0007469432777725161,0.27330052852630615,0.5349904054999352,0.5354793818593026,113.22592766571044,113.23092138671875,113.23097212982178,13.966811599995708,"{""DC-1"": 355.0516717694557, ""DC-2"": 340.677510019572, ""DC-3"": 340.69027857891837, ""DC-4"": 268.95997668554827, ""DC-5"": 313.8297839955806}"
800,841,1607.011638094024,1000,1000,0,0,1000,244,0,756,0,1000,989,11,0,126,115,11,12,0,15049.69525948157,1000,811788,811788,200000,200000,0,810792,8.390449698925018,4.251292023777962,4.139157665967941,-113.07466609191894,0.009121908758301288,0.27663442492485046,0.5284823217988014,0.535571413576603,113.32759162902832,113.33152177429199,113.32605340576171,13.944695999991382,"{""DC-1"": 340.5333191381031, ""DC-2"": 335.1246591357773, ""DC-3"": 366.49169196604146, ""DC-4"": 275.1633074421024, ""DC-5"": 289.6986604120007}"
801,842,1478.5332433902843,1002,1002,0,0,1002,242,2,758,0,1000,966,34,0,141,107,34,18,0,16163.719005069728,1000,812790,812790,200000,200000,0,811792,9.116652563810348,4.621400062203407,4.495252512693405,-113.19131315612793,-0.011179814539849758,0.2731887996196747,0.5440853026211262,0.5354775041341782,113.46334383392335,113.46995699310303,113.46650749206543,13.91252589999931,"{""DC-1"": 289.26135262524076, ""DC-2"": 266.9578181557854, ""DC-3"": 298.97018903619903, ""DC-4"": 311.4888694816263, ""DC-5"": 311.8550140914327}"
802,843,1560.5685835973936,1000,1000,0,0,1000,227,0,773,0,1000,981,19,0,135,116,19,16,0,15845.537220416008,1000,813790,813790,200000,200000,0,812792,8.65110054397583,4.419888027906418,4.231212518215179,-113.22851675415039,-0.009223518419079483,0.26970669627189636,0.5427437690198421,0.535568135201931,113.50592670440673,113.50383850860595,113.50680507659912,13.802528899977915,"{""DC-1"": 348.003291919155, ""DC-2"": 291.4321116807601, ""DC-3"": 332.71226457447887, ""DC-4"": 259.5755351314895, ""DC-5"": 328.8453802915103}"
803,844,1530.4875405468674,1000,1000,0,0,1000,229,0,771,0,1000,975,25,0,122,97,25,17,0,16798.26161135231,1000,814790,814790,200000,200000,0,813792,9.422140740394592,4.747082096457482,4.675058633685112,-113.23557313537597,0.006127394444542006,0.2717019319534302,0.530974242836237,0.535622308075428,113.51658759307861,113.50960220336914,113.51064036560058,13.81367869998212,"{""DC-1"": 368.83995471492307, ""DC-2"": 302.59240666135855, ""DC-3"": 301.82859923372905, ""DC-4"": 258.64355744899797, ""DC-5"": 298.5830224878602}"
804,845,1510.5776378963526,1000,1000,0,0,1000,218,0,782,0,1000,972,28,0,122,94,28,13,0,14706.537220416008,1000,815790,815790,200000,200000,0,814792,9.459598614454269,4.526766906142234,4.932831703603267,-113.2900537185669,-0.005555275175720453,0.2699596881866455,0.5396121052205562,0.5353811987638474,113.58467712402344,113.58510260772705,113.57956932830811,13.887693099997705,"{""DC-1"": 330.5096495385843, ""DC-2"": 316.72072394856906, ""DC-3"": 265.8720754775609, ""DC-4"": 273.41061637631844, ""DC-5"": 324.064572555319}"
805,846,1558.6750849919088,1001,1001,0,0,1001,231,1,769,0,1000,981,19,0,139,120,19,20,0,15546.05007181681,1000,816791,816791,200000,200000,0,815792,8.845849318027497,4.486335336565971,4.359513966917992,-113.10778768920899,0.011187336327508093,0.2740272581577301,0.5271448282301426,0.5356677877902984,113.39334535980224,113.39838257598878,113.3946046295166,14.354549399984535,"{""DC-1"": 302.67017091544017, ""DC-2"": 351.9650041375058, ""DC-3"": 330.1970159331807, ""DC-4"": 257.2777332123573, ""DC-5"": 316.56516079342634}"
806,847,1557.9055504584378,1000,1000,0,0,1000,251,0,749,0,1000,979,21,0,143,122,21,17,0,17347.893494579686,1000,817791,817791,200000,200000,0,816792,8.685308930635452,4.395289018511773,4.290019929647445,-113.11700401306152,-0.009355834601912647,0.27085983753204346,0.5426713208854198,0.5355448859930039,113.39569474792481,113.39238258361816,113.38789134216309,14.244924700004049,"{""DC-1"": 309.5436609100596, ""DC-2"": 332.0357105524165, ""DC-3"": 355.7347324379385, ""DC-4"": 257.82946587708824, ""DC-5"": 302.761980680934}"
807,848,1592.3306025812308,1000,1000,0,0,1000,239,0,761,0,1000,985,15,0,110,95,15,9,0,15007.063138366728,1000,818791,818791,200000,200000,0,817792,8.229730997085571,4.1503426860570904,4.079388298988342,-113.17957624053955,0.005224764555692673,0.2726990878582001,0.5315014207065105,0.5354432275891304,113.44615455627441,113.44809340667724,113.44723758697509,14.639714299992193,"{""DC-1"": 413.0974685929824, ""DC-2"": 303.43353006425616, ""DC-3"": 276.69083342675685, ""DC-4"": 276.89052330546923, ""DC-5"": 322.2182471917676}"
808,849,1566.8667455941693,1000,1000,0,0,1000,226,0,774,0,1000,984,16,0,123,107,16,16,0,16977.89009986437,1000,819791,819791,200000,200000,0,818792,9.007067513942719,4.542559074759484,4.464508461117744,-113.36121473693848,-0.0033400877262465658,0.2712535560131073,0.5382568451464176,0.5355958324074745,113.62878260803222,113.62513635253906,113.62052420806884,14.486972700018669,"{""DC-1"": 319.6373422275548, ""DC-2"": 317.1062228514429, ""DC-3"": 329.45308137308206, ""DC-4"": 303.07114823650534, ""DC-5"": 297.5989509055848}"
809,850,1554.5237002137171,1000,1000,0,0,1000,218,0,782,0,1000,982,18,0,108,90,18,18,0,16408.592185835696,1000,820791,820791,200000,200000,0,819792,8.84593930196762,4.474055375099182,4.371883925080299,-113.43530030059814,-0.003317031359998509,0.27018147706985474,0.5381363589167595,0.5355599446892738,113.71584516143798,113.71572763061523,113.71681539916992,14.746857399994042,"{""DC-1"": 361.74606343002307, ""DC-2"": 343.5926117170945, ""DC-3"": 298.32770360026484, ""DC-4"": 279.85173382067984, ""DC-5"": 271.00558764565704}"
810,851,1591.9766533984346,1002,1002,0,0,1002,220,2,780,0,1000,990,10,0,100,90,10,10,0,17218.188561251434,1004,821793,821793,200000,200000,0,820796,9.41509387170176,4.734418534662619,4.680675328490269,-113.50009175790734,0.002175738865025416,0.27118322253227234,0.5337807219104463,0.5355093515964143,113.76925768605267,113.76714093941617,113.76718034022358,14.845550199999707,"{""DC-1"": 381.5914270605205, ""DC-2"": 299.36004086315285, ""DC-3"": 313.27665359010103, ""DC-4"": 289.9251331293238, ""DC-5"": 307.8233987553366}"
811,852,1582.2142753891867,1000,1000,0,0,1000,228,0,772,0,1000,986,14,0,103,89,14,15,0,13355.717698285642,1000,822793,822793,200000,200000,0,821796,9.234816398859024,4.684634171009064,4.5501822507381435,-113.35702713012695,-0.013929421177599578,0.2665204703807831,0.5459317927956581,0.5353319568037986,113.63513126373292,113.63345961761475,113.62650930023193,14.45455480000237,"{""DC-1"": 305.67877370462236, ""DC-2"": 322.8283340020783, ""DC-3"": 308.7654071735968, ""DC-4"": 292.24493195092003, ""DC-5"": 352.69682855796947}"
812,853,1571.4579680515078,1000,1000,0,0,1000,214,0,786,0,1000,985,15,0,115,100,15,14,0,13854.894113301132,1000,823793,823793,200000,200000,0,822796,8.814096965312958,4.5069107452631,4.3071862223744395,-113.50241843414307,0.007051305675879121,0.2689141035079956,0.530217144370079,0.5355015129446984,113.77953793334962,113.78122694396973,113.78549041748047,14.483749400009401,"{""DC-1"": 357.9260390894423, ""DC-2"": 344.5308986372011, ""DC-3"": 294.10699219047723, ""DC-4"": 265.8118798028056, ""DC-5"": 309.0821583315793}"
813,854,1551.7190478329776,1000,1000,0,0,1000,228,0,772,0,1000,980,20,0,113,93,20,14,0,16999.65397338411,1000,824793,824793,200000,200000,0,823796,9.041643278360366,4.519631484150887,4.522011772513389,-113.41927386474609,-0.009873452371917665,0.265241414308548,0.5430948401987553,0.5355515100359917,113.69954418945312,113.7040110092163,113.69294454193115,14.42739860000438,"{""DC-1"": 320.5581219391167, ""DC-2"": 327.99815881130206, ""DC-3"": 279.5360080042916, ""DC-4"": 289.9899036545395, ""DC-5"": 333.6368554237274}"
814,855,1537.7063669284014,1000,1000,0,0,1000,218,0,782,0,1000,977,23,0,103,80,23,18,0,17172.592185835696,1000,825793,825793,200000,200000,0,824796,9.335007185459137,4.706002164363861,4.6290050114393235,-113.28124165344238,0.013700345240999013,0.2701060473918915,0.5249304885864258,0.5354235516786575,113.56081942749023,113.56024123382568,113.55917623901367,14.469516799988924,"{""DC-1"": 337.9480318144854, ""DC-2"": 306.5514281735674, ""DC-3"": 302.6593519336817, ""DC-4"": 276.2845760497301, ""DC-5"": 314.2629789569365}"
815,856,1587.069648287175,1000,1000,0,0,1000,219,0,781,0,1000,990,10,0,112,102,10,20,0,15804.08566455818,1000,826793,826793,200000,200000,0,825796,9.982926105380058,5.145981801390648,4.836944312214851,-113.25638886260987,0.0008483654926531017,0.2700897753238678,0.5349994209706783,0.5355507496595383,113.56437364196778,113.56211405944825,113.56891327667236,14.535738200007472,"{""DC-1"": 305.5960596310884, ""DC-2"": 334.96387240246946, ""DC-3"": 338.90884655942017, ""DC-4"": 297.601089851097, ""DC-5"": 309.99977984309965}"
816,857,1595.591399220941,1000,1000,0,0,1000,214,0,786,0,1000,989,11,0,118,107,11,13,0,15669.261611352313,1000,827793,827793,200000,200000,0,826796,8.534493668556212,4.344003306984901,4.190490367293358,-113.13715167236329,-0.002712308732792735,0.26933786273002625,0.537589887201786,0.5355374318361282,113.43014524078369,113.4311641845703,113.43618125152588,14.723042000026908,"{""DC-1"": 357.2946301275737, ""DC-2"": 331.58517195730076, ""DC-3"": 313.6718427375009, ""DC-4"": 273.12677255591035, ""DC-5"": 319.9129818426551}"
817,858,1560.7690048931188,1000,1000,0,0,1000,207,0,793,0,1000,984,16,0,117,101,16,20,0,13443.304251132433,1000,828793,828793,200000,200000,0,827796,8.916460338830948,4.462028007388115,4.454432309985161,-113.33227432250976,-0.00464532581018284,0.2674308121204376,0.5391040402054786,0.5355282232761384,113.60660049438476,113.60637760162354,113.59752499389649,14.508883000002243,"{""DC-1"": 364.87200848141674, ""DC-2"": 322.85037285845357, ""DC-3"": 273.5956411179113, ""DC-4"": 279.62519644593215, ""DC-5"": 319.825785989404}"
818,859,1600.187818650577,1000,1000,0,0,1000,224,0,776,0,1000,991,9,0,109,100,9,12,0,14967.457996287148,1000,829793,829793,200000,200000,0,828796,9.485613682746887,4.757638171195984,4.727975503206253,-113.04575136566162,0.010353644276503473,0.27126115560531616,0.527543568700552,0.53548525172472,113.33317524719239,113.33571900939941,113.33188368225098,14.582465600018622,"{""DC-1"": 336.88317817658896, ""DC-2"": 349.75595647775816, ""DC-3"": 338.0652215697199, ""DC-4"": 284.62959316963816, ""DC-5"": 290.8538692568715}"
819,860,1604.256140514795,1000,1000,0,0,1000,228,0,772,0,1000,990,10,0,108,98,10,14,0,14832.013269684601,1000,830793,830793,200000,200000,0,829796,8.524312504172325,4.335665278077125,4.188647198796272,-113.13351809692382,-0.0007146522006951273,0.27089253067970276,0.5360564993917942,0.5354600282311439,113.41075106811523,113.4094070892334,113.40873869323731,14.639159799990011,"{""DC-1"": 343.38582663623623, ""DC-2"": 335.3391836786709, ""DC-3"": 291.59026531576006, ""DC-4"": 297.1336745264462, ""DC-5"": 336.80719035768175}"
820,861,1540.0953332762879,1000,1000,0,0,1000,246,0,754,0,1000,976,24,0,140,116,24,25,0,13916.56364661451,1000,831793,831793,200000,200000,0,830796,9.00740065598488,4.624843004345894,4.382557635068894,-113.20653710174561,-0.0014702641009353102,0.2700912058353424,0.5367876988351346,0.5355553896427154,113.4966934814453,113.4900265045166,113.48720889282227,14.491078099992592,"{""DC-1"": 329.5326701172166, ""DC-2"": 328.44895898377115, ""DC-3"": 319.011512044503, ""DC-4"": 247.00214777770336, ""DC-5"": 316.100044353094}"
821,862,1558.2060795227487,1000,1000,0,0,1000,237,0,763,0,1000,981,19,0,133,114,19,21,0,16853.479129232237,1000,832793,832793,200000,200000,0,831796,9.024068541049957,4.595156193256378,4.4289123425483705,-113.33224690246583,-0.011533632345031948,0.2663138508796692,0.5443261271119118,0.5355523313879966,113.60788829803467,113.61821007537841,113.61526089477539,14.227940100012347,"{""DC-1"": 378.5436898510269, ""DC-2"": 271.5961381335512, ""DC-3"": 303.10974047737017, ""DC-4"": 309.72193087869465, ""DC-5"": 295.2345801821067}"
822,863,1543.7551819333007,1000,1000,0,0,1000,258,0,742,0,1000,974,26,0,132,106,26,18,0,14190.522145741972,1000,833793,833793,200000,200000,0,832796,8.533881316423416,4.293647978782654,4.240233345985413,-113.49543515777587,-0.0029526331399101764,0.26552626490592957,0.5376009970605373,0.5354436911940574,113.7727756881714,113.7715297164917,113.7692261505127,13.957040300010704,"{""DC-1"": 329.9444131018766, ""DC-2"": 316.00512073646314, ""DC-3"": 326.6116869197669, ""DC-4"": 266.32174598208064, ""DC-5"": 304.8722151931153}"
823,864,1545.0085626476173,1000,1000,0,0,1000,257,0,743,0,1000,977,23,0,117,94,23,11,0,15856.977692795272,1000,834793,834793,200000,200000,0,833796,8.672102710723877,4.353360308647156,4.318742384076119,-113.431928565979,0.009960451438557356,0.2687890827655792,0.5280779497027397,0.53558392649889,113.71058275604248,113.7117484664917,113.71301248931884,13.827621300006285,"{""DC-1"": 300.02965115203585, ""DC-2"": 325.972485064828, ""DC-3"": 321.0510631616872, ""DC-4"": 297.0090025134561, ""DC-5"": 300.9463607556105}"
824,865,1616.5039854643978,1000,1000,0,0,1000,245,0,755,0,1000,989,11,0,133,122,11,15,0,16836.05007181681,1000,835793,835793,200000,200000,0,834796,8.782112668633461,4.420588918328285,4.361523731589317,-113.45019812774659,-0.0022457963414490223,0.2679082751274109,0.5372436917424201,0.5354943152070045,113.73167267608643,113.73114762115479,113.72994524383545,13.920041000004858,"{""DC-1"": 363.51239734427935, ""DC-2"": 363.1483885721984, ""DC-3"": 315.1640055493033, ""DC-4"": 261.99593598666934, ""DC-5"": 312.6832580119479}"
825,866,1594.9100873202472,1000,1000,0,0,1000,206,0,794,0,1000,990,10,0,84,74,10,9,0,14947.565165275406,1000,836793,836793,200000,200000,0,835796,9.184208966255188,4.6298041373491285,4.554404815077782,-113.50862338256836,0.005736546279396862,0.27017784118652344,0.531148914217949,0.5355443382263183,113.78567737579345,113.78474487304688,113.78092666625976,13.787272399989888,"{""DC-1"": 345.52019403055215, ""DC-2"": 292.87584146140944, ""DC-3"": 336.486449360516, ""DC-4"": 266.94333024208134, ""DC-5"": 353.0842722256881}"
826,867,1595.7913357559053,1000,1000,0,0,1000,240,0,760,0,1000,988,12,0,132,120,12,18,0,13899.592185835698,1000,837793,837793,200000,200000,0,836796,8.788784890413284,4.489120822310448,4.299664048790932,-113.55549571228028,-0.003619584417901933,0.2685481905937195,0.5381853935718537,0.5353631852269173,113.8241098022461,113.8210831375122,113.81787156677247,13.853092000004835,"{""DC-1"": 341.2041716583934, ""DC-2"": 290.67339276464577, ""DC-3"": 379.11820205865666, ""DC-4"": 294.16226697735476, ""DC-5"": 290.63330229685437}"
827,868,1562.0286933593043,1000,1000,0,0,1000,229,0,771,0,1000,981,19,0,124,105,19,10,0,16467.668777204155,1000,838793,838793,200000,200000,0,837796,9.069527170419693,4.617953185796738,4.451574009656906,-113.57854948425293,-0.008523148953914643,0.2659083604812622,0.5418232644200325,0.535396124124527,113.86277347564697,113.85504991912842,113.86109286499024,13.85035429999698,"{""DC-1"": 331.74533940007694, ""DC-2"": 345.79236130782664, ""DC-3"": 316.6868895766691, ""DC-4"": 273.2305432143791, ""DC-5"": 294.5735598603523}"
828,869,1579.4757562670977,1000,1000,0,0,1000,250,0,750,0,1000,982,18,0,132,114,18,14,0,14614.479129232237,1000,839793,839793,200000,200000,0,838796,9.147893853783607,4.594798955321312,4.553094886243343,-113.56504159545898,0.014521061832550914,0.2705605924129486,0.5245141068100929,0.5355205585360527,113.84059108734131,113.84798474121094,113.83272132110595,13.829785800015088,"{""DC-1"": 360.0500992496103, ""DC-2"": 329.23601959030026, ""DC-3"": 326.2426467104701, ""DC-4"": 253.6165142862757, ""DC-5"": 310.33047643044046}"
829,870,1554.6151964504293,1000,1000,0,0,1000,237,0,763,0,1000,978,22,0,125,103,22,15,0,15605.077263983416,1000,840793,840793,200000,200000,0,839796,8.057231706976891,4.072623903512954,3.984607796728611,-113.6201325378418,0.0006213964491616935,0.2708740532398224,0.5350824537873268,0.5355536006093026,113.89156372833251,113.88842476654052,113.89523805236817,14.190310300007695,"{""DC-1"": 368.64903041825767, ""DC-2"": 335.98135654449766, ""DC-3"": 338.44413484336593, ""DC-4"": 269.1914662941115, ""DC-5"": 242.34920835019986}"
830,871,1554.721004966701,1000,1000,0,0,1000,237,0,763,0,1000,979,21,0,116,95,21,20,0,15202.592185835698,1000,841793,841793,200000,200000,0,840796,8.86721392607689,4.463840976834297,4.403372971475124,-113.76763830566406,-0.01673057287791744,0.2656309902667999,0.5481752638816834,0.5355380997061729,114.03812966156006,114.03713926696777,114.0321410446167,13.805870499985758,"{""DC-1"": 339.7713455587012, ""DC-2"": 364.6081839724912, ""DC-3"": 338.549845274424, ""DC-4"": 247.2455959364411, ""DC-5"": 264.5460342246439}"
831,872,1586.9077229793445,1000,1000,0,0,1000,248,0,752,0,1000,983,17,0,120,103,17,14,0,14660.565165275406,1000,842793,842793,200000,200000,0,841796,8.807596307277679,4.436846870303154,4.37074941444397,-113.93348021697999,-0.006582887128461152,0.263187438249588,0.5405476241111755,0.5354980621933937,114.20898295593261,114.20499377441406,114.20809637451171,13.856383000005735,"{""DC-1"": 361.8040790911214, ""DC-2"": 342.8095090373055, ""DC-3"": 295.82012847927723, ""DC-4"": 286.700011279536, ""DC-5"": 299.77399509210676}"
832,873,1622.3203923972571,1000,1000,0,0,1000,219,0,781,0,1000,996,4,0,124,120,4,16,0,12953.56364661451,1000,843793,843793,200000,200000,0,842796,8.580826342105865,4.298377662181855,4.282448686420918,-114.1008818283081,0.0030394735969603063,0.26420313119888306,0.5331275600492954,0.535432571053505,114.36437873840332,114.3717776260376,114.36207263946534,13.769563300011214,"{""DC-1"": 324.79105041877153, ""DC-2"": 331.09001558525546, ""DC-3"": 365.21681936859085, ""DC-4"": 270.3302671235642, ""DC-5"": 330.8922399010756}"
833,874,1601.8616877785855,1000,1000,0,0,1000,228,0,772,0,1000,988,12,0,107,95,12,13,0,14453.526109882956,1000,844793,844793,200000,200000,0,843796,9.120832818508148,4.528000670731068,4.592832171201706,-114.05806394195557,-0.005545363868586719,0.26250988245010376,0.5397306535542011,0.5354919595122337,114.32805536651611,114.33266927337647,114.33191143035889,13.839581500011263,"{""DC-1"": 353.2358170951515, ""DC-2"": 299.69859464586614, ""DC-3"": 335.9879359874087, ""DC-4"": 274.5913191977437, ""DC-5"": 338.3480208524159}"
834,875,1588.0250137211603,1000,1000,0,0,1000,232,0,768,0,1000,987,13,0,123,110,13,9,0,16602.15433139282,1000,845793,845793,200000,200000,0,844796,9.172675435066223,4.646366247534752,4.526309174716473,-114.20719129180908,-0.007475761815905571,0.25998276472091675,0.5410883184373378,0.5354949805140495,114.48404376220704,114.481326461792,114.47105814361572,13.951508800004376,"{""DC-1"": 332.0872908833614, ""DC-2"": 330.9382001800438, ""DC-3"": 304.58122552744186, ""DC-4"": 291.1945996093343, ""DC-5"": 329.2236975209786}"
835,876,1563.2837927520827,1000,1000,0,0,1000,244,0,756,0,1000,980,20,0,136,116,20,17,0,18719.32021342579,1000,846793,846793,200000,200000,0,845796,9.199226514339447,4.586268295526504,4.612958201110363,-114.2677519454956,-0.0027344913431443275,0.25905105471611023,0.5376467080712318,0.5355780163407325,114.54048849487305,114.53812091064454,114.54279319000244,13.75280849999399,"{""DC-1"": 334.66224024151563, ""DC-2"": 283.92886475771513, ""DC-3"": 347.30079083402427, ""DC-4"": 267.7236942560387, ""DC-5"": 329.6682026627875}"
836,877,1595.4822296044135,1000,1000,0,0,1000,209,0,791,0,1000,989,11,0,98,87,11,17,0,11671.825137710013,1000,847793,847793,200000,200000,0,846796,9.067655439138413,4.529672349154949,4.537983102798462,-114.31991651153564,0.0016244117002934216,0.2596670091152191,0.5343776952922344,0.5355584807991981,114.58701421356201,114.59071455383301,114.58719752502441,13.748462999996264,"{""DC-1"": 371.64368964314843, ""DC-2"": 331.0833554448918, ""DC-3"": 329.0234684520699, ""DC-4"": 278.5171758479302, ""DC-5"": 285.21454021637453}"
837,878,1594.4240553074665,1000,1000,0,0,1000,222,0,778,0,1000,990,10,0,126,116,10,15,0,15127.997599147233,1000,848793,848793,200000,200000,0,847796,9.79587130999565,4.865273522257805,4.930597790122032,-114.29401508331298,0.013467905268073082,0.2639824151992798,0.5256142427325249,0.5356822435855866,114.56727703094482,114.57336371612548,114.56032255554199,13.82205120002618,"{""DC-1"": 366.6656925402684, ""DC-2"": 327.32862065859473, ""DC-3"": 340.0208976157227, ""DC-4"": 264.39140946731874, ""DC-5"": 296.0174350255617}"
838,879,1587.226602190547,1000,1000,0,0,1000,252,0,748,0,1000,983,17,0,133,116,17,23,0,12520.796716482504,1000,849793,849793,200000,200000,0,848796,9.1501691198349,4.38452603495121,4.765643090128899,-114.13583765411377,-0.00891182151576504,0.260983407497406,0.5421848251819611,0.5355233116745949,114.43406609344483,114.43161771392822,114.43558945465088,13.757340400014073,"{""DC-1"": 290.34017103707305, ""DC-2"": 366.8533433525402, ""DC-3"": 315.2088617199889, ""DC-4"": 260.3125403554065, ""DC-5"": 354.51168572553894}"
839,880,1459.9667562628774,1000,1000,0,0,1000,250,0,750,0,1000,957,43,0,142,99,43,24,0,15400.330502574825,1000,850793,850793,200000,200000,0,849796,9.65601312494278,4.893992360591889,4.762020743608475,-114.0578526763916,0.003734876379370689,0.26223260164260864,0.5327337401807308,0.5355004625916481,114.33913360595703,114.34103089141846,114.33484563446045,13.806392200000118,"{""DC-1"": 341.9565443814965, ""DC-2"": 282.6501587897255, ""DC-3"": 294.73611004796606, ""DC-4"": 218.175214947745, ""DC-5"": 322.4487280959472}"
840,881,1553.4471591174965,1000,1000,0,0,1000,240,0,760,0,1000,979,21,0,136,115,21,25,0,17152.039218902042,1000,851793,851793,200000,200000,0,850796,8.974941685914994,4.5627075562477115,4.412234138727188,-113.96445764923095,0.009582582069095224,0.2651258111000061,0.5282017807960511,0.5353978914618492,114.26090333557129,114.25864256286621,114.26266649627685,13.8566871000221,"{""DC-1"": 365.3052673343663, ""DC-2"": 305.3841162053472, ""DC-3"": 283.2523103766698, ""DC-4"": 298.4955137262303, ""DC-5"": 301.00995147488504}"
841,882,1613.9052308921043,1001,1001,0,0,1001,231,1,769,0,1000,994,6,0,117,111,6,17,0,14127.459051503523,1000,852794,852794,200000,200000,0,851796,8.55207297348976,4.369351675391197,4.182721282184124,-113.98359320831298,0.004178993212524801,0.26662635803222656,0.532250883191824,0.5353719604611397,114.26957466125488,114.26431100463867,114.26450872039796,13.650043499976164,"{""DC-1"": 329.8962266651704, ""DC-2"": 331.0003683762513, ""DC-3"": 332.96569315344294, ""DC-4"": 300.7586655344837, ""DC-5"": 319.28427716275746}"
842,883,1602.9927994670895,1000,1000,0,0,1000,237,0,763,0,1000,990,10,0,119,109,10,15,0,14502.592185835698,1000,853794,853794,200000,200000,0,852796,8.458843371152877,4.2475896661281585,4.211253714263439,-113.98714357757568,-0.0041974761923775075,0.26515787839889526,0.5385372416377068,0.5353250708580017,114.27448676300048,114.27591687774658,114.27632634735107,13.834341599984327,"{""DC-1"": 349.3911583452167, ""DC-2"": 341.82509903570525, ""DC-3"": 352.1155127076714, ""DC-4"": 286.594479591281, ""DC-5"": 273.06654978721485}"
843,884,1621.47909228746,1000,1000,0,0,1000,226,0,774,0,1000,993,7,0,119,112,7,12,0,14044.84584954554,1000,854794,854794,200000,200000,0,853796,9.068605258464814,4.6088169302940365,4.459788338780403,-114.0351601638794,0.008642557250335813,0.26813194155693054,0.5287819797098636,0.5353644600510598,114.31646256256103,114.31169638824463,114.32332495880127,13.765519000007771,"{""DC-1"": 366.5996030398402, ""DC-2"": 295.72650710441474, ""DC-3"": 345.1667903462305, ""DC-4"": 293.26908070727734, ""DC-5"": 320.71711108969726}"
844,885,1592.6554148709656,1001,1001,0,0,1001,262,1,738,0,1000,982,18,0,135,117,18,33,0,16339.522640378935,1000,855795,855795,200000,200000,0,854796,9.104934829950333,4.537871871471405,4.5670629570484165,-114.0104348449707,-0.00021447327733039857,0.26799580454826355,0.5358233734667301,0.5355815879106521,114.29957257843017,114.29953827667237,114.29574657440186,13.813213000015821,"{""DC-1"": 403.6608621791316, ""DC-2"": 316.9035007389477, ""DC-3"": 335.1443758084766, ""DC-4"": 217.91228423766194, ""DC-5"": 319.0343919067481}"
845,886,1533.0614691547908,1000,1000,0,0,1000,232,0,768,0,1000,974,26,0,118,92,26,16,0,14955.02089468451,1000,856795,856795,200000,200000,0,855796,8.822126050949096,4.42758126616478,4.394544805645943,-114.10038797760009,-0.0041088964249938725,0.26651787757873535,0.5385716323554516,0.5354137906432151,114.37886534118653,114.38607244110108,114.37706997680664,13.789134000020567,"{""DC-1"": 350.689309954902, ""DC-2"": 324.3788539962296, ""DC-3"": 269.2512613439577, ""DC-4"": 270.11517444386203, ""DC-5"": 318.62686941583956}"
846,887,1542.95627127045,1000,1000,0,0,1000,235,0,765,0,1000,977,23,0,127,104,23,18,0,14947.806460456388,1000,857795,857795,200000,200000,0,856796,9.09405069375038,4.5398889750242235,4.554161729335785,-114.10433363342285,0.001139121366199106,0.26677054166793823,0.5345929345786572,0.5354551080465316,114.38326751708985,114.39017177581788,114.39099306488038,13.815801400021883,"{""DC-1"": 370.07101232225654, ""DC-2"": 333.42926037209867, ""DC-3"": 288.659230206956, ""DC-4"": 259.9603960490974, ""DC-5"": 290.8363723200402}"
847,888,1593.5180724920447,1000,1000,0,0,1000,230,0,770,0,1000,988,12,0,118,106,12,13,0,15353.194896583373,1000,858795,858795,200000,200000,0,857796,9.267674491405486,4.612347628235817,4.655326864004135,-114.09956001281738,0.010324756116140634,0.2704511284828186,0.5274904448390006,0.5353715854287148,114.37664474487305,114.37891940307617,114.3808105545044,13.763115699985065,"{""DC-1"": 357.4660299268478, ""DC-2"": 321.57602767492926, ""DC-3"": 350.9084065996392, ""DC-4"": 273.42156203551554, ""DC-5"": 290.14604625511583}"
848,889,1583.847759010782,1000,1000,0,0,1000,238,0,762,0,1000,984,16,0,129,113,16,15,0,13560.27726365679,1000,859795,859795,200000,200000,0,858796,9.6391988427639,4.819917006134987,4.819281816482544,-114.08520140838623,-0.013923130417708308,0.2659434378147125,0.5460540385842323,0.5354973613619805,114.36722496795655,114.3666974105835,114.3626072769165,13.789879700023448,"{""DC-1"": 374.39133798386473, ""DC-2"": 314.5877610017415, ""DC-3"": 330.0439625916249, ""DC-4"": 280.38910934563125, ""DC-5"": 284.43558808792335}"
849,890,1621.918080144117,1000,1000,0,0,1000,236,0,764,0,1000,991,9,0,109,100,9,11,0,14018.401029268513,1000,860795,860795,200000,200000,0,859796,8.923347332715988,4.448869864821434,4.474477473497391,-114.20403151702881,-0.003745525313541293,0.26482072472572327,0.5383159234523773,0.5353936364650727,114.48872415161132,114.48896871185303,114.48956575775146,13.793774199992185,"{""DC-1"": 390.8697265598319, ""DC-2"": 322.9822396657568, ""DC-3"": 299.9208971513874, ""DC-4"": 268.92867349781324, ""DC-5"": 339.21654326932884}"
850,891,1532.138382052324,1000,1000,0,0,1000,231,0,769,0,1000,976,24,0,139,115,24,20,0,17709.668293578743,1000,861795,861795,200000,200000,0,860796,9.609751145601273,4.780444691300392,4.8293064789772036,-114.07611490631103,-0.002332804351579398,0.26416826248168945,0.537268882393837,0.535527674973011,114.363946144104,114.3613067703247,114.3691859741211,13.962227899988648,"{""DC-1"": 371.9310327005694, ""DC-2"": 289.1571068242107, ""DC-3"": 291.74074288539055, ""DC-4"": 279.1783657315831, ""DC-5"": 300.1311339105699}"
851,892,1597.2872376448174,1000,1000,0,0,1000,205,0,795,0,1000,991,9,0,89,80,9,13,0,16842.66422412658,1000,862795,862795,200000,200000,0,861796,8.623254806756973,4.37657383954525,4.246680959403514,-113.9947870941162,0.014047742947470397,0.2686214745044708,0.5247888158559799,0.5353751689791679,114.28821957397462,114.28800682067872,114.28912892150879,13.84757649997482,"{""DC-1"": 368.0577698836427, ""DC-2"": 364.2467717128256, ""DC-3"": 303.91215057760957, ""DC-4"": 254.18592116961403, ""DC-5"": 306.88462430112406}"
852,893,1603.023369023914,1000,1000,0,0,1000,255,0,745,0,1000,986,14,0,146,132,14,21,0,13001.861452062145,1000,863795,863795,200000,200000,0,862796,9.363602311611176,4.703251650810242,4.660350656032562,-113.74431645965576,-0.0012708700275979937,0.2683941721916199,0.5362976498305797,0.5354105299711227,114.04109071350098,114.0406551437378,114.0412473373413,14.148442900012014,"{""DC-1"": 392.49968432582443, ""DC-2"": 341.1176003892425, ""DC-3"": 308.0477562809153, ""DC-4"": 259.8185911158349, ""DC-5"": 301.5397369120965}"
853,894,1609.3835642258955,1000,1000,0,0,1000,231,0,769,0,1000,989,11,0,126,115,11,11,0,15499.9356760103,1000,864795,864795,200000,200000,0,863796,8.920533927440644,4.488130853533745,4.432403070807457,-113.81326833343506,-0.0014769502552226185,0.2677473723888397,0.536748445302248,0.5355500046610833,114.09967977142334,114.10338273620606,114.09519463348389,14.570443999982672,"{""DC-1"": 336.70369015922256, ""DC-2"": 328.5250847026478, ""DC-3"": 346.16194430788147, ""DC-4"": 258.4535853679286, ""DC-5"": 339.5392596882162}"
854,895,1530.2233665968802,1000,1000,0,0,1000,227,0,773,0,1000,979,21,0,154,133,21,18,0,16822.05661205956,1000,865795,865795,200000,200000,0,864796,8.82026630473137,4.360769586205483,4.459496705532074,-113.75373238372802,-0.001867550506722182,0.26715895533561707,0.5369410947859288,0.535518630206585,114.03819888305664,114.03333337402344,114.02861772155762,13.941383500001393,"{""DC-1"": 281.94167379971975, ""DC-2"": 325.77820865563035, ""DC-3"": 294.3926371165568, ""DC-4"": 335.48419627148434, ""DC-5"": 292.62665075348906}"
855,896,1562.4170093353302,1000,1000,0,0,1000,234,0,766,0,1000,983,17,0,118,101,17,22,0,17927.459051503523,1000,866795,866795,200000,200000,0,865796,9.105398548603057,4.57197663462162,4.533421891689301,-113.7098512878418,-0.009696601734962314,0.2639458477497101,0.542724630266428,0.5354005782008171,113.98606163024903,113.99225714874268,113.97969865417481,13.898638599988772,"{""DC-1"": 336.2771568758275, ""DC-2"": 293.7639700868943, ""DC-3"": 313.2084051285055, ""DC-4"": 307.31779408503076, ""DC-5"": 311.8496831590746}"
856,897,1591.894977809734,1000,1000,0,0,1000,245,0,755,0,1000,986,14,0,141,127,14,19,0,15642.261611352313,1000,867795,867795,200000,200000,0,866796,9.081734234809876,4.502927711606025,4.578806515097618,-113.81618437957763,0.004852088585495949,0.2654956877231598,0.5316820820569992,0.5353511632084846,114.10264305114747,114.09327951812745,114.09542459869385,13.74580080001033,"{""DC-1"": 329.8898371059004, ""DC-2"": 324.7965514909575, ""DC-3"": 325.22330774955776, ""DC-4"": 282.50807468068444, ""DC-5"": 329.47720678263283}"
857,898,1554.5825972696775,1000,1000,0,0,1000,242,0,758,0,1000,977,23,0,136,113,23,24,0,14110.438066466966,1000,868795,868795,200000,200000,0,867796,9.203577399492264,4.60375174754858,4.599825628042221,-113.69192085266113,-0.009971119520254434,0.2622387707233429,0.5429001811146736,0.535461158156395,113.964401802063,113.97245708465576,113.96557382202148,13.77020940001239,"{""DC-1"": 365.1939687431768, ""DC-2"": 282.9626232337015, ""DC-3"": 311.3359966673518, ""DC-4"": 238.21721599769734, ""DC-5"": 356.87279262774763}"
858,899,1519.988308080006,1000,1000,0,0,1000,232,0,768,0,1000,973,27,0,116,89,27,19,0,14897.401029268513,1000,869795,869795,200000,200000,0,868796,8.960665079832077,4.503836645960808,4.456828433215618,-113.67882256317138,-0.009224643361289054,0.259743869304657,0.542163340896368,0.5352969813942909,113.9689827041626,113.96256837463379,113.95867176055908,13.976210900000297,"{""DC-1"": 309.50593170093657, ""DC-2"": 300.61111798038706, ""DC-3"": 371.94264343755856, ""DC-4"": 241.87146798235176, ""DC-5"": 296.0571469787727}"
859,900,1591.558567969365,1001,1001,0,0,1001,247,1,753,0,1000,986,14,0,127,113,14,16,0,15676.006324376553,1004,870796,870796,200000,200000,0,869800,9.049296040696452,4.483949468667763,4.565346565379564,-113.70397601944516,0.008000165284370106,0.2620709538459778,0.5296049178596511,0.535435711601341,113.98936864389367,113.99158166224264,113.9967124376639,13.816995400004089,"{""DC-1"": 385.20936987444566, ""DC-2"": 294.4735330682834, ""DC-3"": 282.290586357335, ""DC-4"": 301.13272512204014, ""DC-5"": 328.45235354726196}"
860,901,1632.4361719797084,1001,1001,0,0,1001,248,1,752,0,1000,991,9,0,118,109,9,13,0,17930.077263983418,1000,871797,871797,200000,200000,0,870800,8.813479054450989,4.487243422627449,4.326235664665699,-113.66976213836669,-0.0049602237592916935,0.2602270543575287,0.539073916465044,0.5354123306870461,113.96530342102051,113.95901067352295,113.97171536254884,13.77184010000201,"{""DC-1"": 357.91986009209705, ""DC-2"": 353.10046258730904, ""DC-3"": 352.35993910974474, ""DC-4"": 259.36516657962136, ""DC-5"": 309.6907436109363}"
861,902,1543.378587406993,1000,1000,0,0,1000,217,0,783,0,1000,980,20,0,129,109,20,13,0,15434.438066466966,1000,872797,872797,200000,200000,0,871800,9.365955521821975,4.763261438488961,4.602694059371948,-113.68258228302003,0.0008134111543186009,0.26064518094062805,0.5346346050202847,0.5352216708064079,113.96248928070068,113.97553077697754,113.97593909454346,13.814856800017878,"{""DC-1"": 376.97320959281507, ""DC-2"": 333.1935581715838, ""DC-3"": 289.9991685545492, ""DC-4"": 269.74149388424746, ""DC-5"": 273.4711572037969}"
862,903,1557.8764569453563,1000,1000,0,0,1000,248,0,752,0,1000,978,22,0,131,109,22,19,0,15479.594616528413,1000,873797,873797,200000,200000,0,872800,9.118408921003342,4.553456005334854,4.564952904760838,-113.58766780853271,-0.005065354550024495,0.25899794697761536,0.5392576687335968,0.5354477388858795,113.87296326446533,113.87259049224853,113.87312578582764,13.822843100002501,"{""DC-1"": 388.9584235632305, ""DC-2"": 267.5170004712848, ""DC-3"": 319.01916360641286, ""DC-4"": 289.7718686994126, ""DC-5"": 292.61000060501607}"
863,904,1585.9949638249273,1000,1000,0,0,1000,230,0,770,0,1000,987,13,0,117,104,13,15,0,17171.941053420524,1000,874797,874797,200000,200000,0,873800,9.070520545601845,4.56458231317997,4.505938242316246,-113.45110192871094,-0.005929448473267257,0.2570548951625824,0.5397984182834625,0.5353930559754372,113.73691620635987,113.7369884109497,113.73472729492188,13.78462779999245,"{""DC-1"": 336.57987945951356, ""DC-2"": 291.5517173056914, ""DC-3"": 323.6058477091725, ""DC-4"": 270.58730426591876, ""DC-5"": 363.67021508463506}"
864,905,1571.5629099372056,1000,1000,0,0,1000,225,0,775,0,1000,985,15,0,125,110,15,14,0,14723.077263983416,1000,875797,875797,200000,200000,0,874800,8.599761171102523,4.325995125174522,4.273766049146652,-113.64348511505126,-0.0064651465220376845,0.25486981868743896,0.5402113849818706,0.5354439430832862,113.93166241455079,113.93393013763428,113.93019979095459,13.836553900007857,"{""DC-1"": 385.4334404612976, ""DC-2"": 289.93611370699955, ""DC-3"": 294.12654921368596, ""DC-4"": 291.89702842064236, ""DC-5"": 310.16977813458135}"
865,906,1606.3668571753162,1000,1000,0,0,1000,237,0,763,0,1000,988,12,0,114,102,12,13,0,11255.939601407914,1000,876797,876797,200000,200000,0,875800,9.861115861892701,4.934418158888817,4.92669769847393,-113.5419803237915,0.0016498016971163451,0.25516262650489807,0.534338724553585,0.5354852586984634,113.82970314788818,113.83088313293457,113.82865420532227,13.827480900014052,"{""DC-1"": 377.9551578757744, ""DC-2"": 286.6459178541562, ""DC-3"": 332.0962317186444, ""DC-4"": 269.1806496992854, ""DC-5"": 340.48890002745713}"
866,907,1557.4842111495875,1000,1000,0,0,1000,240,0,760,0,1000,980,20,0,129,109,20,14,0,15989.719005069728,1000,877797,877797,200000,200000,0,876800,9.602997171163558,4.821261649727822,4.781735499858856,-113.51465280151368,-0.0006828709347173571,0.2549036741256714,0.535996862590313,0.5354410399794578,113.797577835083,113.7945419921875,113.79603319549561,14.273798000009265,"{""DC-1"": 315.12306639348304, ""DC-2"": 317.9045290032744, ""DC-3"": 331.1891871206269, ""DC-4"": 292.9039008811802, ""DC-5"": 300.36352775102415}"
867,908,1591.9646548657877,1000,1000,0,0,1000,226,0,774,0,1000,987,13,0,105,92,13,17,0,15578.465904271223,1000,878797,878797,200000,200000,0,877800,9.315612382650375,4.654746576786041,4.660865805149078,-113.57792193603515,-0.0024761442160233854,0.2543279230594635,0.5371498882174491,0.5353421011567115,113.87065116119385,113.86650573730469,113.86776119232178,14.666570800007321,"{""DC-1"": 387.35516758868135, ""DC-2"": 328.1126898779796, ""DC-3"": 305.88591229874163, ""DC-4"": 267.0088964463525, ""DC-5"": 303.60198865403095}"
868,909,1591.0417392463328,1000,1000,0,0,1000,230,0,770,0,1000,986,14,0,112,98,14,12,0,16639.401029268513,1000,879797,879797,200000,200000,0,878800,9.085179301977158,4.549256962418556,4.535922311306,-113.62842861938476,0.013609911458566784,0.25880417227745056,0.5254005123972892,0.5354550762176513,113.91222805786133,113.90637940216064,113.91538286590576,15.477721500006737,"{""DC-1"": 321.0114833185993, ""DC-2"": 338.5779705665156, ""DC-3"": 316.3201158442012, ""DC-4"": 262.14944832055653, ""DC-5"": 352.9827211964609}"
869,910,1603.273800644325,1000,1000,0,0,1000,247,0,753,0,1000,987,13,0,137,124,13,16,0,16489.15433139282,1000,880797,880797,200000,200000,0,879800,9.473401008367539,4.739352967977524,4.734048027396202,-113.61707917022706,0.003964946093503386,0.25983187556266785,0.532636196732521,0.5354635304808617,113.89683198547364,113.89452715301513,113.89450137329102,14.545204999973066,"{""DC-1"": 371.3565874153787, ""DC-2"": 315.9783950589711, ""DC-3"": 362.5131388481717, ""DC-4"": 268.77228520251805, ""DC-5"": 284.65339411928534}"
870,911,1558.6299363644441,1000,1000,0,0,1000,220,0,780,0,1000,983,17,0,114,97,17,18,0,12304.304251132433,1000,881797,881797,200000,200000,0,880800,8.155866587400437,4.09828131121397,4.057585280299187,-113.66044798278809,-0.009974525160621852,0.2569785416126251,0.5426893753111363,0.5353859091997146,113.93337677764893,113.93096459960938,113.93883460235595,14.179738699982408,"{""DC-1"": 318.61284013458555, ""DC-2"": 357.68559898066377, ""DC-3"": 287.0147143809933, ""DC-4"": 296.0018659538135, ""DC-5"": 299.31491691438873}"
871,912,1585.4695755501637,1000,1000,0,0,1000,246,0,754,0,1000,986,14,0,136,122,14,19,0,16825.369817868243,1000,882797,882797,200000,200000,0,881800,8.641548802375793,4.390789863705635,4.2507589507102965,-113.68639569854736,-0.009787123105954379,0.253852516412735,0.542616426050663,0.5353486268520355,113.97366815185546,113.97222635650635,113.97210977172851,14.011929000000237,"{""DC-1"": 289.1646883184115, ""DC-2"": 307.3799939233261, ""DC-3"": 351.84558557654015, ""DC-4"": 297.36191356656406, ""DC-5"": 339.71739416532125}"
872,913,1503.88278531564,1000,1000,0,0,1000,243,0,757,0,1000,967,33,0,103,70,33,26,0,15120.401029268513,1000,883797,883797,200000,200000,0,882800,8.694756486654281,4.467802645921707,4.226953832626343,-113.63301110839843,-0.0024681629752740263,0.25279322266578674,0.5373001263737679,0.5354464961886406,113.92861344146729,113.92460633850098,113.92513652801513,14.261318500008201,"{""DC-1"": 353.37623182019945, ""DC-2"": 202.89168154860695, ""DC-3"": 358.679161187813, ""DC-4"": 279.72471290037964, ""DC-5"": 309.21099785864067}"
873,914,1517.5908137434003,1000,1000,0,0,1000,256,0,744,0,1000,971,29,0,148,119,29,20,0,16218.74309304134,1000,884797,884797,200000,200000,0,883800,8.972070778608321,4.515944702386856,4.456126072168351,-113.6156711807251,-0.0009749101973138749,0.2528151869773865,0.5359956121742725,0.5353356359004975,113.9004497909546,113.90245901489257,113.90518746185303,14.735993099980988,"{""DC-1"": 319.8818009738807, ""DC-2"": 302.1683546323823, ""DC-3"": 302.67840084451524, ""DC-4"": 305.85263062648363, ""DC-5"": 287.00962666613947}"
874,915,1542.031228413764,1000,1000,0,0,1000,241,0,759,0,1000,977,23,0,128,105,23,24,0,14855.304251132433,1000,885797,885797,200000,200000,0,884800,8.926792056083679,4.503748263716698,4.423043805837631,-113.61519689178466,0.011287958892062307,0.25601598620414734,0.5271965124905109,0.5353728386759758,113.90800908660889,113.90235675811768,113.90107489013671,14.130089499987662,"{""DC-1"": 305.06767362589864, ""DC-2"": 333.21140074225576, ""DC-3"": 337.32022399332055, ""DC-4"": 276.5357580661663, ""DC-5"": 289.896171986123}"
875,916,1561.6068936087695,1000,1000,0,0,1000,243,0,757,0,1000,980,20,0,117,97,20,17,0,11721.585097121555,1000,886797,886797,200000,200000,0,885800,8.742019201993942,4.356146785140037,4.385872402310372,-113.62133377838134,0.011020493201911449,0.25964120030403137,0.5272312076687813,0.535393809914589,113.92260726165772,113.91130899047852,113.91104782104492,14.259395799977938,"{""DC-1"": 344.12227416419057, ""DC-2"": 305.0054404485429, ""DC-3"": 381.16775898332764, ""DC-4"": 270.82761235992047, ""DC-5"": 260.4838076527882}"
876,917,1585.2452148741409,1000,1000,0,0,1000,233,0,767,0,1000,985,15,0,126,111,15,16,0,18741.45799628715,1000,887797,887797,200000,200000,0,886800,9.738580085992814,4.914322598338127,4.824257489323616,-113.53466947937012,-0.013300860847346484,0.2554242014884949,0.5452265396416187,0.5354617785215378,113.82942724609374,113.82923648834229,113.82993020629883,14.475688399979845,"{""DC-1"": 350.42227877731773, ""DC-2"": 308.9875221227309, ""DC-3"": 317.6884251104624, ""DC-4"": 285.78515350068886, ""DC-5"": 322.3618353629443}"
877,918,1571.69572353226,1000,1000,0,0,1000,235,0,765,0,1000,982,18,0,117,99,18,14,0,14890.063138366728,1000,888797,888797,200000,200000,0,887800,8.729034530162812,4.475828774690628,4.253205746293068,-113.60049579620362,0.00041328793670982123,0.255317747592926,0.5350591008961201,0.5352966459393501,113.89993438720703,113.89640193939209,113.89898196411133,14.098481799999718,"{""DC-1"": 361.6638820375571, ""DC-2"": 297.8942737521405, ""DC-3"": 336.95182746654825, ""DC-4"": 262.8255200728585, ""DC-5"": 312.3602202031557}"
878,919,1582.3456426243042,1000,1000,0,0,1000,237,0,763,0,1000,984,16,0,107,91,16,19,0,14676.326850102389,1000,889797,889797,200000,200000,0,888800,9.26950474357605,4.677406719565392,4.592098018884659,-113.56920001220703,-0.0017636704058386385,0.25470879673957825,0.5368132955431938,0.535423201084137,113.85872274780273,113.8602526473999,113.85582248687744,14.4150810999854,"{""DC-1"": 324.91280531540605, ""DC-2"": 319.22591575710663, ""DC-3"": 314.13950316812594, ""DC-4"": 277.24034273441373, ""DC-5"": 346.8270756492534}"
879,920,1546.8695440315971,1000,1000,0,0,1000,248,0,752,0,1000,976,24,0,132,108,24,31,0,14080.522513301477,1000,890797,890797,200000,200000,0,889800,9.128471389055251,4.581589367151261,4.546882022380829,-113.56304448699952,0.008847656560130417,0.2576443552970886,0.5288158541023731,0.5353994617462158,113.85143207550048,113.85020648956299,113.85493766784668,13.961973700003,"{""DC-1"": 337.47750653406473, ""DC-2"": 292.5073405798402, ""DC-3"": 310.8976913536377, ""DC-4"": 295.7510500749604, ""DC-5"": 310.2359554890934}"
880,921,1615.1567416259563,1000,1000,0,0,1000,258,0,742,0,1000,987,13,0,139,126,13,12,0,16252.457996287148,1000,891797,891797,200000,200000,0,890800,9.133994268417359,4.568192659854889,4.565801624059677,-113.77827353668214,-0.015108768236357718,0.25302568078041077,0.5464971497356892,0.5354717668890953,114.07012311553954,114.07772576141357,114.07724855041504,14.21808369999053,"{""DC-1"": 408.952579422887, ""DC-2"": 326.288090585112, ""DC-3"": 315.9999035414252, ""DC-4"": 284.620452355501, ""DC-5"": 279.2957157210303}"
881,922,1581.0408866290431,1000,1000,0,0,1000,233,0,767,0,1000,984,16,0,116,100,16,13,0,15132.861207326583,1000,892797,892797,200000,200000,0,891800,8.745904119253158,4.347059976100922,4.398844140052796,-113.46253955078124,-0.0027637683264911173,0.25199028849601746,0.5373909653127193,0.535286014020443,113.76725185394287,113.76611920928956,113.77220520782471,13.804405000002589,"{""DC-1"": 353.83724325499725, ""DC-2"": 358.1914890251869, ""DC-3"": 291.92850157807703, ""DC-4"": 280.80464388227995, ""DC-5"": 296.2790088885033}"
882,923,1609.1545158789663,1000,1000,0,0,1000,230,0,770,0,1000,990,10,0,106,96,10,16,0,12321.905851802296,1000,893797,893797,200000,200000,0,892800,8.626420550584793,4.345464946866035,4.280955616474151,-113.6688868560791,-0.00781555202137679,0.2496415227651596,0.5410422902703286,0.5354831892848014,113.97675234222412,113.97083773040771,113.97358052825928,13.912916700006463,"{""DC-1"": 368.06557090907967, ""DC-2"": 323.6602991321935, ""DC-3"": 327.24826609470176, ""DC-4"": 275.548218197872, ""DC-5"": 314.6321615451197}"
883,924,1581.7362671947058,1000,1000,0,0,1000,215,0,785,0,1000,988,12,0,104,92,12,16,0,16233.05007181681,1000,894797,894797,200000,200000,0,893800,8.987519533395767,4.442198001742363,4.545321519494057,-113.66057592010498,0.002781841427553445,0.2505399286746979,0.5333843534588814,0.5353829960823059,113.97472173309326,113.97499198150635,113.97747564697265,13.86574280000059,"{""DC-1"": 324.81373026048806, ""DC-2"": 316.6948354715772, ""DC-3"": 340.4821912520528, ""DC-4"": 291.99719766569234, ""DC-5"": 307.74831254489317}"
884,925,1569.835566632416,1000,1000,0,0,1000,217,0,783,0,1000,983,17,0,106,89,17,15,0,18200.946239131634,1000,895797,895797,200000,200000,0,894800,9.192232393026352,4.704123975634575,4.48810844039917,-113.60548085021972,0.008761869128327817,0.25289297103881836,0.5291567884087562,0.5353582256436348,113.91569371795654,113.9180273513794,113.9130180053711,13.759373700013384,"{""DC-1"": 347.82044918464203, ""DC-2"": 329.3449181664565, ""DC-3"": 355.4505775394166, ""DC-4"": 219.0730402035877, ""DC-5"": 318.1465815383128}"
885,926,1548.7759715372408,1000,1000,0,0,1000,231,0,769,0,1000,980,20,0,138,118,20,27,0,14042.597916709667,1000,896797,896797,200000,200000,0,895800,8.284760784626007,4.239464170455933,4.045296609342098,-113.53156422424317,0.0023204104353208095,0.25378137826919556,0.5337155919075012,0.5353848779797554,113.84043127441406,113.84187327575684,113.8431646270752,13.938764799997443,"{""DC-1"": 327.7292279235683, ""DC-2"": 345.3737959437146, ""DC-3"": 310.46627818457796, ""DC-4"": 280.2347676863827, ""DC-5"": 284.97190179899724}"
886,927,1588.0663066360337,1000,1000,0,0,1000,244,0,756,0,1000,984,16,0,116,100,16,14,0,11869.522513301477,1000,897797,897797,200000,200000,0,896800,9.022756913900375,4.687758845090866,4.334998040318489,-113.35876699066162,-0.009111387016251683,0.2508693039417267,0.5419740335941314,0.5353551565408706,113.6684458770752,113.6721226348877,113.6685933456421,14.137640400003875,"{""DC-1"": 355.7316715507157, ""DC-2"": 332.7832448268724, ""DC-3"": 316.5895118303675, ""DC-4"": 277.05939266636574, ""DC-5"": 305.9024857617125}"
887,928,1533.0186426544485,1000,1000,0,0,1000,235,0,765,0,1000,976,24,0,122,98,24,21,0,15276.930229121499,1000,898797,898797,200000,200000,0,897800,8.59281928038597,4.350931594192982,4.241887678742409,-113.27701511383057,-0.003524337417911738,0.2499636560678482,0.5380615805983543,0.5354860973954201,113.59188953399658,113.59313899993896,113.58316485595704,13.852347899985034,"{""DC-1"": 308.70329719886297, ""DC-2"": 308.8315948968343, ""DC-3"": 332.1700089124643, ""DC-4"": 284.4563280677964, ""DC-5"": 298.8574135784928}"
888,929,1595.8761600938742,1000,1000,0,0,1000,212,0,788,0,1000,991,9,0,102,93,9,17,0,12953.437507410956,1000,899797,899797,200000,200000,0,898800,8.98356564950943,4.415574844777584,4.5679908156394955,-113.3776399154663,-0.010739479072391986,0.24673373997211456,0.5429446178376675,0.5353036017417908,113.68565349578857,113.68424774932862,113.68159516906738,13.793471299984958,"{""DC-1"": 380.1290477983433, ""DC-2"": 333.24025299237906, ""DC-3"": 326.29640885234477, ""DC-4"": 291.2083443758248, ""DC-5"": 265.00210607498093}"
889,930,1600.4739881166415,1000,1000,0,0,1000,240,0,760,0,1000,988,12,0,120,108,12,18,0,14015.150440305373,1000,900797,900797,200000,200000,0,899800,9.522806864261627,4.721353109478951,4.801453749895096,-113.30618695831299,-0.013740034271031619,0.24273201823234558,0.5450208694040776,0.535193081855774,113.62286026763915,113.61855744171143,113.62451496887208,14.265406199992867,"{""DC-1"": 353.06329201888775, ""DC-2"": 340.9285027404866, ""DC-3"": 312.35192404014106, ""DC-4"": 269.51179098654586, ""DC-5"": 324.61847833058084}"
890,931,1599.1867883393709,1000,1000,0,0,1000,235,0,765,0,1000,989,11,0,108,97,11,16,0,14279.461851788597,1000,901797,901797,200000,200000,0,900800,8.990473225831986,4.53194485783577,4.45852834123373,-113.34254192352294,0.019695388417690994,0.24807684123516083,0.521310248941183,0.5352838912010193,113.64401651763916,113.64690434265137,113.63731742858887,13.874798100005137,"{""DC-1"": 366.38412352202124, ""DC-2"": 311.9891497630249, ""DC-3"": 303.0942612933528, ""DC-4"": 298.58188376224916, ""DC-5"": 319.1373699987235}"
891,932,1574.440918049845,1000,1000,0,0,1000,234,0,766,0,1000,984,16,0,140,124,16,19,0,15466.032584019293,1000,902797,902797,200000,200000,0,901800,9.072376318216325,4.564834829211235,4.507541507840156,-113.20033009338378,-0.01226917234947905,0.2442931979894638,0.5442678619921207,0.5354341235756874,113.49151362609864,113.49605054473876,113.4919208908081,13.972075700003188,"{""DC-1"": 347.0134665103797, ""DC-2"": 326.70589465289714, ""DC-3"": 328.8272238691655, ""DC-4"": 270.05386870905954, ""DC-5"": 301.84046430834593}"
892,933,1588.5042441215987,1000,1000,0,0,1000,213,0,787,0,1000,989,11,0,100,89,11,19,0,13709.858178078946,1000,903797,903797,200000,200000,0,902800,9.264454492807388,4.63959940981865,4.62485508453846,-113.28311923980714,0.007394649794325233,0.2464541345834732,0.530107852935791,0.5353603328466415,113.57908814239502,113.5786682434082,113.58114672088622,13.931156899983762,"{""DC-1"": 354.68910117176557, ""DC-2"": 322.07464657812335, ""DC-3"": 307.7717958483557, ""DC-4"": 287.02612441261795, ""DC-5"": 316.942576110736}"
893,934,1600.2995286512692,1000,1000,0,0,1000,231,0,769,0,1000,988,12,0,118,106,12,11,0,13591.28838783866,1000,904797,904797,200000,200000,0,903800,9.011467824459077,4.523001891970634,4.488465928792953,-113.42549155426025,0.007577136541716755,0.24913309514522552,0.5298697732985019,0.5353642439246178,113.71505782318116,113.71574664306641,113.71119228363037,14.210933299997123,"{""DC-1"": 297.8599955375757, ""DC-2"": 329.1991784338243, ""DC-3"": 369.21547200582796, ""DC-4"": 278.07103494357267, ""DC-5"": 325.95384773046777}"
894,935,1579.924731293689,1000,1000,0,0,1000,258,0,742,0,1000,981,19,0,137,118,19,19,0,15115.946239131636,1000,905797,905797,200000,200000,0,904800,9.042473192453384,4.541129260957241,4.501343905031681,-113.63260182952881,-0.014446500880178063,0.244685560464859,0.5456524815559387,0.5352595541477203,113.92109294891357,113.92471983337403,113.91473959350586,13.760613999998895,"{""DC-1"": 348.4457076156219, ""DC-2"": 322.84800849725485, ""DC-3"": 317.3306601533809, ""DC-4"": 301.9963787367781, ""DC-5"": 289.30397629065436}"
895,936,1592.2289486408301,1000,1000,0,0,1000,250,0,750,0,1000,985,15,0,140,125,15,15,0,16882.070140117306,1000,906797,906797,200000,200000,0,905800,8.695638827800751,4.282862060844899,4.412776774168014,-113.66753859710694,0.0035197258949046955,0.2457725703716278,0.5328625233769417,0.5353534069657325,113.9635891494751,113.96008097076415,113.95854565429687,13.918350699997973,"{""DC-1"": 322.39109573806854, ""DC-2"": 323.2299956185434, ""DC-3"": 329.755871022102, ""DC-4"": 286.30584661790823, ""DC-5"": 330.54613964420804}"
896,937,1575.3159783599344,1000,1000,0,0,1000,225,0,775,0,1000,985,15,0,105,90,15,16,0,16145.594838563784,1000,907797,907797,200000,200000,0,906800,9.447013430118561,4.7619208266139035,4.685092584252358,-113.68645189666748,-0.009295869978144765,0.24277807772159576,0.5420649269223213,0.5353341772556305,113.98290893554687,113.98570709228515,113.97874485778809,13.767491400009021,"{""DC-1"": 344.45950053894563, ""DC-2"": 354.51962356082885, ""DC-3"": 331.2527912675414, ""DC-4"": 260.61313849880503, ""DC-5"": 284.47092449381216}"
897,938,1600.1062871222025,1004,1004,0,0,1004,223,4,777,0,1000,991,9,0,107,98,9,16,0,16711.26161135231,1004,908801,908801,200000,200000,0,907804,8.953332997888207,4.435952993265661,4.517379992630377,-113.56458574272247,-0.01245635951474027,0.23931880295276642,0.5440124519080279,0.5353069241897044,113.87608782703659,113.87941491936307,113.88383958824127,13.91058090000297,"{""DC-1"": 333.3694119407568, ""DC-2"": 324.2541154961397, ""DC-3"": 322.5032090084346, ""DC-4"": 282.6371209127087, ""DC-5"": 337.34242976416164}"
898,939,1626.026511524391,1000,1000,0,0,1000,245,0,755,0,1000,993,7,0,110,103,7,19,0,14752.655048066626,1000,909801,909801,200000,200000,0,908804,9.343711014986038,4.766540478408337,4.577170546233654,-113.4801446685791,-0.017960926979314534,0.2342698723077774,0.5479069286286831,0.535356785595417,113.79141407012939,113.79025434112549,113.78530545806885,13.809938799997326,"{""DC-1"": 319.3151387406367, ""DC-2"": 352.8600185209967, ""DC-3"": 333.9706219556007, ""DC-4"": 310.78947664825006, ""DC-5"": 309.0912556589091}"
899,940,1603.536367677237,1000,1000,0,0,1000,243,0,757,0,1000,988,12,0,111,99,12,13,0,15775.655048066626,1000,910801,910801,200000,200000,0,909804,8.663030906915665,4.429313984155655,4.233716938078404,-113.63095077514649,0.00885812073526904,0.23667576909065247,0.5293193625807762,0.5354148379564285,113.93448064422607,113.93000748443603,113.93099019622802,13.905102799995802,"{""DC-1"": 307.4399957851108, ""DC-2"": 350.3619270682717, ""DC-3"": 343.59518405393476, ""DC-4"": 274.59540032342306, ""DC-5"": 327.5438604464979}"
900,941,1574.8280501261047,1000,1000,0,0,1000,266,0,734,0,1000,980,20,0,149,129,20,26,0,14934.701603158235,1000,911801,911801,200000,200000,0,910804,8.728514493703843,4.416533294081688,4.311981189608574,-113.6050908203125,0.008812995618674904,0.23928481340408325,0.5292260225713253,0.5353444098830223,113.91106137084961,113.9149088897705,113.90770519256591,14.805182899988722,"{""DC-1"": 317.08642462569844, ""DC-2"": 326.1141431490385, ""DC-3"": 354.9806228596182, ""DC-4"": 273.8783000572506, ""DC-5"": 302.76855943449965}"
901,942,1555.7886421940161,1000,1000,0,0,1000,237,0,763,0,1000,980,20,0,128,108,20,21,0,18783.655048066626,1000,912801,912801,200000,200000,0,911804,7.858189739942551,3.940135303735733,3.918054435670376,-113.54699067687989,0.00353155204327777,0.24032415449619293,0.5328291795253753,0.5353069221973419,113.8514210510254,113.85321310424804,113.84511713409424,16.734029499988537,"{""DC-1"": 355.4579946578934, ""DC-2"": 327.47189758022756, ""DC-3"": 290.9286201403902, ""DC-4"": 282.41053597133197, ""DC-5"": 299.51959384417194}"
902,943,1547.781596244597,1000,1000,0,0,1000,223,0,777,0,1000,979,21,0,123,102,21,22,0,17528.297626136926,1000,913801,913801,200000,200000,0,912804,8.15113288807869,4.116153002083301,4.034979880809784,-113.7278656539917,0.0005186198693700135,0.24012067914009094,0.5351623787581921,0.5354338707923889,114.03956488800048,114.03583541870117,114.04112790679932,15.01827040000353,"{""DC-1"": 338.79736299015076, ""DC-2"": 332.9083333764927, ""DC-3"": 292.39104006906507, ""DC-4"": 279.96620883598047, ""DC-5"": 303.71865097291004}"
903,944,1596.9529633377106,1000,1000,0,0,1000,234,0,766,0,1000,990,10,0,125,115,10,15,0,14927.415594894863,1000,914801,914801,200000,200000,0,913804,9.173942060947418,4.553533517122268,4.620408553361893,-113.90203336334228,0.001096446932759136,0.24070292711257935,0.5344133538901806,0.5352372146844864,114.20118016052245,114.20378401947022,114.19737741851807,15.15680720002274,"{""DC-1"": 337.9803661259119, ""DC-2"": 313.67744766175076, ""DC-3"": 359.43783420313656, ""DC-4"": 315.4071435618938, ""DC-5"": 270.4501717850172}"
904,945,1570.2841700081938,1000,1000,0,0,1000,277,0,723,0,1000,977,23,0,158,135,23,18,0,14887.930229121499,1000,915801,915801,200000,200000,0,914804,8.033961532354354,3.992114437818527,4.0418470813035965,-113.70562938690186,-0.014454881308134646,0.23667199909687042,0.5453956621587277,0.5352921070456504,114.01899697113038,114.01899555969239,114.01943398284912,14.682717799994862,"{""DC-1"": 331.06185633665035, ""DC-2"": 329.4956507713598, ""DC-3"": 351.6687538641403, ""DC-4"": 257.5718791882564, ""DC-5"": 300.4860298477864}"
905,946,1602.2475445533594,1000,1000,0,0,1000,250,0,750,0,1000,985,15,0,134,119,15,21,0,14748.664224126578,1000,916801,916801,200000,200000,0,915804,9.11378994846344,4.5491646676063535,4.564625288426876,-113.76347355651855,-0.004624803353101015,0.2351045161485672,0.5385121508836747,0.5351846886873245,114.07550764465331,114.07215145874024,114.07517086029053,17.295105299999705,"{""DC-1"": 394.2439983483597, ""DC-2"": 304.6248025574235, ""DC-3"": 367.91731817384647, ""DC-4"": 260.31237253667234, ""DC-5"": 275.14905293705885}"
906,947,1547.9225174832347,1000,1000,0,0,1000,238,0,762,0,1000,977,23,0,140,117,23,21,0,14898.905851802296,1000,917801,917801,200000,200000,0,916804,8.687843148708344,4.331328788042068,4.356514352321625,-113.52586651611328,-0.012377058004494757,0.23183436691761017,0.5439340053498745,0.5353748894929886,113.83607091522217,113.83886196136474,113.84557531738281,16.77569730000687,"{""DC-1"": 344.1247791695908, ""DC-2"": 335.48343085217317, ""DC-3"": 275.8234441716569, ""DC-4"": 280.9955375220001, ""DC-5"": 311.4953257678156}"
907,948,1602.8719331849516,1000,1000,0,0,1000,227,0,773,0,1000,990,10,0,127,117,10,17,0,14467.401029268513,1000,918801,918801,200000,200000,0,917804,9.007833275079728,4.518485160648823,4.489348119735718,-113.54742825317383,-0.009401501969899983,0.22935640811920166,0.5416377822160721,0.5352594429850578,113.85145289611816,113.85776560211181,113.85484619903565,16.062518699996872,"{""DC-1"": 386.9329994871003, ""DC-2"": 314.08842029704647, ""DC-3"": 330.3504057171266, ""DC-4"": 279.36222476375536, ""DC-5"": 292.13788291992483}"
908,949,1547.133353954342,1000,1000,0,0,1000,255,0,745,0,1000,976,24,0,151,127,24,18,0,17384.03959209426,1000,919801,919801,200000,200000,0,918804,8.30302884697914,4.1935269032716755,4.109501929938793,-113.60069110870361,0.004009587365668267,0.23038622736930847,0.5325869171917439,0.5353108149766922,113.90658953094483,113.91451996612548,113.89654497528076,15.979079000011552,"{""DC-1"": 341.92604577951016, ""DC-2"": 285.47227023154676, ""DC-3"": 332.8864712084509, ""DC-4"": 278.31230366052876, ""DC-5"": 308.53626307430653}"
909,950,1588.939211792699,1000,1000,0,0,1000,252,0,748,0,1000,986,14,0,147,133,14,20,0,17672.719005069728,1000,920801,920801,200000,200000,0,919804,8.652566488742828,4.369731894016266,4.2828345971703525,-113.73806720733643,0.013064678838010877,0.23396259546279907,0.5265300485193729,0.5354173603653908,114.0450346069336,114.04608094024658,114.03834384918213,15.78672559998813,"{""DC-1"": 326.1021219106883, ""DC-2"": 347.6246305072129, ""DC-3"": 339.4174263232687, ""DC-4"": 267.004598950252, ""DC-5"": 308.7904341012786}"
910,951,1578.4659379896482,1000,1000,0,0,1000,232,0,768,0,1000,985,15,0,113,98,15,17,0,14865.438513688663,1000,921801,921801,200000,200000,0,920804,8.305116290569305,4.240682202041149,4.064434053122997,-113.72283930969239,0.01678330050734803,0.23888535797595978,0.5236672392487526,0.5352548326253891,114.03545484924317,114.03290794372559,114.03482679748535,16.2902127999987,"{""DC-1"": 316.9545812868363, ""DC-2"": 349.4832519049525, ""DC-3"": 325.6167381453414, ""DC-4"": 299.5534086162911, ""DC-5"": 286.85795803622614}"
911,952,1587.9262626475538,1000,1000,0,0,1000,238,0,762,0,1000,985,15,0,123,108,15,19,0,16497.172798304306,1000,922801,922801,200000,200000,0,921804,9.025088143587112,4.4873635327219965,4.537724620819092,-113.84035484313965,-0.003727582050487399,0.23797519505023956,0.5379364137351513,0.5354185008406639,114.15700549316406,114.15791609191895,114.15501865386963,16.148231700004544,"{""DC-1"": 377.9247446612982, ""DC-2"": 328.51113248383393, ""DC-3"": 286.2082259698188, ""DC-4"": 285.17974142860515, ""DC-5"": 310.1024181039974}"
912,953,1586.731578286663,1000,1000,0,0,1000,248,0,752,0,1000,983,17,0,114,97,17,18,0,13638.668293578743,1000,923801,923801,200000,200000,0,922804,8.559291653156281,4.377785156607628,4.18150649625063,-113.77492057037354,-0.0066881153723225,0.23595896363258362,0.5400310367643834,0.5353162375092506,114.0900735321045,114.09359387969971,114.09283962249756,16.895173299999442,"{""DC-1"": 364.274805008006, ""DC-2"": 341.8593342296528, ""DC-3"": 311.83622030799984, ""DC-4"": 250.7473162091315, ""DC-5"": 318.01390253187157}"
913,954,1594.3516698903027,1000,1000,0,0,1000,241,0,759,0,1000,986,14,0,128,114,14,15,0,16931.36016402668,1000,924801,924801,200000,200000,0,923804,9.003987710237503,4.546606802999973,4.457380913734436,-113.88798167419434,-0.018773295749444516,0.23123471438884735,0.5481124118566513,0.535319949746132,114.20615315246582,114.21038962554931,114.20664682006836,15.154921000008471,"{""DC-1"": 342.52019544486154, ""DC-2"": 307.9730966625151, ""DC-3"": 352.30666566876715, ""DC-4"": 285.3386054224758, ""DC-5"": 306.2131066916829}"
914,955,1602.6576964283909,1000,1000,0,0,1000,242,0,758,0,1000,989,11,0,121,110,11,21,0,17192.592185835696,1000,925801,925801,200000,200000,0,924804,9.187531846761704,4.683484963953495,4.504046901702881,-113.76265236663818,-0.00476907244278118,0.22965289652347565,0.5387084797620774,0.5353227617740631,114.09125698089599,114.08817182159424,114.08381182098388,15.233867700007977,"{""DC-1"": 377.8299198745137, ""DC-2"": 318.6470205972976, ""DC-3"": 308.02305049778704, ""DC-4"": 309.40859478321937, ""DC-5"": 288.749110675574}"
915,956,1581.114286782109,1000,1000,0,0,1000,231,0,769,0,1000,984,16,0,115,99,16,25,0,16495.522513301476,1000,926801,926801,200000,200000,0,925804,8.994695094585419,4.6454497967958455,4.349245279610157,-113.83589642333985,0.02855927136959508,0.23732416331768036,0.5157341631650925,0.535219031572342,114.18053315734863,114.17330493927003,114.17482098388672,15.671653800003696,"{""DC-1"": 376.8033941133028, ""DC-2"": 305.9493670515069, ""DC-3"": 334.7566244972418, ""DC-4"": 244.63491598011603, ""DC-5"": 318.9699851399423}"
916,957,1607.7996361653215,1000,1000,0,0,1000,230,0,770,0,1000,990,10,0,118,108,10,13,0,14150.526109882956,1000,927801,927801,200000,200000,0,926804,8.785606603860854,4.466053279697895,4.319553327918053,-113.67321216583252,-0.004359369894023984,0.2364785373210907,0.5381782364547253,0.5352577970027924,113.99505947875977,113.99733226776124,113.98868548583984,15.830875300016487,"{""DC-1"": 356.04013331327684, ""DC-2"": 336.6616181993198, ""DC-3"": 330.45637825367606, ""DC-4"": 269.45023080137264, ""DC-5"": 315.1912755976753}"
917,958,1604.4312045657916,1000,1000,0,0,1000,239,0,761,0,1000,988,12,0,130,118,12,20,0,13851.594838563784,1000,928801,928801,200000,200000,0,927804,9.338050817012787,4.6524468268752095,4.68560400402546,-113.75314724731446,0.007553457601927221,0.2385043054819107,0.5300497202277183,0.5352494236826897,114.0716632080078,114.06793300628662,114.07164142608643,15.215975099999923,"{""DC-1"": 353.6368325116176, ""DC-2"": 325.16421827087504, ""DC-3"": 317.11200352055084, ""DC-4"": 267.9007836011584, ""DC-5"": 340.61736666158953}"
918,959,1598.2173697205767,1000,1000,0,0,1000,225,0,775,0,1000,991,9,0,123,114,9,19,0,15296.21324759689,1000,929801,929801,200000,200000,0,928804,8.26377179813385,4.289634634971619,3.9741371563076973,-113.89722666168213,0.005652488291263581,0.23995763063430786,0.5313104870021343,0.5352989946007729,114.20869705200195,114.20950009918212,114.21491694641114,15.187377599999309,"{""DC-1"": 336.5810885579837, ""DC-2"": 337.1097397110036, ""DC-3"": 316.39558219020853, ""DC-4"": 312.9826318066371, ""DC-5"": 295.1483274547443}"
919,960,1612.380031827427,1000,1000,0,0,1000,241,0,759,0,1000,988,12,0,103,91,12,16,0,14268.039218902042,1000,930801,930801,200000,200000,0,929804,8.395563131809235,4.334629138946533,4.060933988511563,-113.65246434783936,-0.01564827361004427,0.2359374314546585,0.5463379752933979,0.53535159689188,113.97558269500732,113.97975718688964,113.9738228149414,15.318029500020202,"{""DC-1"": 363.8169014229592, ""DC-2"": 346.51434873635003, ""DC-3"": 294.29102960569634, ""DC-4"": 284.41983877094907, ""DC-5"": 323.33791329147135}"
920,961,1575.982790076435,1000,1000,0,0,1000,239,0,761,0,1000,982,18,0,115,97,18,16,0,17901.782173252555,1000,931801,931801,200000,200000,0,930804,8.556052673459053,4.3740049810409545,4.182047692358494,-113.78024375915527,-0.007897472434211522,0.23396165668964386,0.5407755326032638,0.5353324256539345,114.1059792175293,114.10717497253418,114.1078847732544,15.098150100006023,"{""DC-1"": 345.2119153436479, ""DC-2"": 296.19321276700964, ""DC-3"": 333.2451352458885, ""DC-4"": 254.91472171726014, ""DC-5"": 346.41780500262956}"
921,962,1553.1349302498916,1000,1000,0,0,1000,234,0,766,0,1000,980,20,0,123,103,20,14,0,13201.937995193108,1000,932801,932801,200000,200000,0,931804,8.62345861697197,4.379982884287834,4.243475733578205,-113.90868760681153,0.001624544887105003,0.2342250794172287,0.5342275707125663,0.5352934243083001,114.23037001800537,114.23303719329834,114.22864010620117,15.017038199992385,"{""DC-1"": 330.3175246324036, ""DC-2"": 353.7044748871908, ""DC-3"": 276.8372269436864, ""DC-4"": 300.7421125853409, ""DC-5"": 291.53359120126925}"
922,963,1569.9064503121654,1000,1000,0,0,1000,223,0,777,0,1000,982,18,0,122,104,18,13,0,16649.404459585574,1000,933801,933801,200000,200000,0,932804,8.523078008174895,4.24479830890894,4.278279698729515,-113.91777043914794,0.00823653308302164,0.23652394115924835,0.5297898579239845,0.5353939664363861,114.23268431091309,114.22749086761475,114.22495255279541,15.007379899994703,"{""DC-1"": 369.5054758017656, ""DC-2"": 316.703237153996, ""DC-3"": 333.73003827534166, ""DC-4"": 253.24302714209384, ""DC-5"": 296.72467193896955}"
923,964,1621.5290719867749,1000,1000,0,0,1000,223,0,777,0,1000,994,6,0,114,108,6,16,0,15654.858178078946,1000,934801,934801,200000,200000,0,933804,8.496056919574738,4.344392998278141,4.151663908362389,-113.98940802764892,0.013507672361563892,0.24064236879348755,0.525775921344757,0.5352767139673233,114.29669742584228,114.29860399627685,114.30071800994872,15.087181499984581,"{""DC-1"": 369.8905098503703, ""DC-2"": 327.3105400536155, ""DC-3"": 315.61640938954713, ""DC-4"": 271.7284972265211, ""DC-5"": 336.98311546672323}"
924,965,1608.1522984460241,1000,1000,0,0,1000,249,0,751,0,1000,988,12,0,138,126,12,15,0,15741.537220416008,1000,935801,935801,200000,200000,0,934804,8.736044929742814,4.432599750161171,4.303445167303085,-114.09980701446533,-0.008178153257351368,0.23810692131519318,0.5413121809363365,0.5354798188805581,114.40493188476563,114.4045389175415,114.40607486724853,14.997825600003125,"{""DC-1"": 362.53514303576475, ""DC-2"": 330.3505199171912, ""DC-3"": 346.516061447548, ""DC-4"": 260.22875866859823, ""DC-5"": 308.52181537692326}"
925,966,1586.5517362382168,1000,1000,0,0,1000,237,0,763,0,1000,984,16,0,110,94,16,21,0,14010.415594894863,1000,936801,936801,200000,200000,0,935804,8.371612526655197,4.139372958242893,4.232239576220512,-114.36432906341552,0.006564273980911821,0.24005134403705597,0.5307639411985874,0.5353312894105912,114.67783601379395,114.68051499176025,114.68255707550048,15.02070459999959,"{""DC-1"": 377.66030650542206, ""DC-2"": 299.31904133460586, ""DC-3"": 338.817947854542, ""DC-4"": 238.4893904282999, ""DC-5"": 332.2650501153465}"
926,967,1605.7847052485295,1000,1000,0,0,1000,239,0,761,0,1000,987,13,0,117,104,13,18,0,14288.501013053581,1000,937801,937801,200000,200000,0,936804,8.980936937808991,4.5418077556490895,4.439129176914692,-114.29700623321533,-0.008338992042466999,0.2370346486568451,0.5414480573236943,0.5354886917471886,114.60636096954346,114.60856761169434,114.61016094207764,15.504328499984695,"{""DC-1"": 379.6574903911625, ""DC-2"": 335.17962300632485, ""DC-3"": 325.9964743096057, ""DC-4"": 266.197998092602, ""DC-5"": 298.7531194488349}"
927,968,1512.5336699388797,1000,1000,0,0,1000,239,0,761,0,1000,970,30,0,112,82,30,26,0,17890.401029268513,1000,938801,938801,200000,200000,0,937804,8.918202733039855,4.573563189148903,4.344639550149441,-114.37262361907959,-0.008289364171214402,0.235367089509964,0.5410941302776336,0.535400769174099,114.68509858703614,114.68474072265624,114.69294342041016,15.137250899977516,"{""DC-1"": 338.00842084634627, ""DC-2"": 268.10751859022014, ""DC-3"": 359.6005063397655, ""DC-4"": 266.79417003898726, ""DC-5"": 280.0230541235607}"
928,969,1613.6306274216283,1001,1001,0,0,1001,246,1,754,0,1000,989,11,0,126,115,11,12,0,13688.537220416008,1000,939802,939802,200000,200000,0,938804,8.919510016441345,4.532694683790207,4.386815344035625,-114.57651663970947,-0.011546948946081102,0.23221005499362946,0.5433666832447052,0.5353617549538613,114.88963579559326,114.89293199157714,114.88887147521973,15.061570099991513,"{""DC-1"": 363.9733127787098, ""DC-2"": 321.38018559017223, ""DC-3"": 341.206567323942, ""DC-4"": 268.14976246772136, ""DC-5"": 318.9207992610852}"
929,970,1598.3208783448497,1000,1000,0,0,1000,227,0,773,0,1000,990,10,0,128,118,10,16,0,15828.063138366728,1000,940802,940802,200000,200000,0,939804,9.00685383093357,4.549750964939594,4.457102853357792,-114.56300959014892,-0.007238551358692348,0.23048071563243866,0.5401706798374653,0.5352760638594627,114.89280854797363,114.88847848510743,114.89872212219238,15.158444300002884,"{""DC-1"": 336.0705198429435, ""DC-2"": 321.5865015417255, ""DC-3"": 346.30711470400155, ""DC-4"": 300.5602343591288, ""DC-5"": 293.7965078970536}"
930,971,1624.2120842311735,1000,1000,0,0,1000,248,0,752,0,1000,991,9,0,105,96,9,14,0,15011.412259097022,1000,941802,941802,200000,200000,0,940804,8.858312038183213,4.437788941264152,4.420523099899292,-114.46787097167969,-0.0066525287688709795,0.22872576117515564,0.5399698383212089,0.5353066651821137,114.78294731140137,114.78925289154053,114.78718882751465,15.11574730000575,"{""DC-1"": 342.10108624529397, ""DC-2"": 318.40515016990656, ""DC-3"": 337.10390926462884, ""DC-4"": 278.3960950587793, ""DC-5"": 348.20584349256467}"
931,972,1545.2490467645216,1000,1000,0,0,1000,254,0,746,0,1000,975,25,0,137,112,25,16,0,14966.69525948157,1000,942802,942802,200000,200000,0,941804,8.46408580327034,4.2227990848422055,4.241286685287952,-114.51801738739013,-0.014308846274390817,0.22510431706905365,0.5450005836784839,0.5353191353082657,114.83804371643066,114.83665413665771,114.84098560333251,15.064153600018471,"{""DC-1"": 323.46063253222417, ""DC-2"": 352.76553203998316, ""DC-3"": 287.4725305274776, ""DC-4"": 277.1173223475569, ""DC-5"": 304.4330293172783}"
932,973,1581.813452515774,1000,1000,0,0,1000,239,0,761,0,1000,983,17,0,120,103,17,13,0,16829.063138366728,1000,943802,943802,200000,200000,0,942804,9.206941303253174,4.663502847135067,4.54343844628334,-114.62176262664795,0.004840344610158354,0.22635161876678467,0.5320726717114449,0.5353074840307236,114.94880905151368,114.94307486724854,114.93957778167724,14.87464799999725,"{""DC-1"": 353.4788741859118, ""DC-2"": 360.41369799825907, ""DC-3"": 324.2033911855262, ""DC-4"": 249.38183801481972, ""DC-5"": 294.3356511312581}"
933,974,1604.801561833475,1001,1001,0,0,1001,235,1,765,0,1000,989,11,0,113,102,11,20,0,19201.438066466966,1000,944803,944803,200000,200000,0,943804,8.620842881202698,4.381611919999123,4.239230956673622,-114.64370085144043,-0.0008068977133370936,0.2261781543493271,0.5359518698453903,0.535366572201252,114.97025752258301,114.96454432678223,114.96188724517822,14.882484700006898,"{""DC-1"": 366.4501218739356, ""DC-2"": 319.64220101962843, ""DC-3"": 341.0234998526155, ""DC-4"": 288.99974644796794, ""DC-5"": 288.6859926393275}"
934,975,1589.8876477669046,1000,1000,0,0,1000,235,0,765,0,1000,985,15,0,127,112,15,19,0,12792.522145741972,1000,945803,945803,200000,200000,0,944804,8.814609851002693,4.374709209859371,4.439900638818741,-114.42894568634033,0.010970482093747706,0.22864045202732086,0.528060397952795,0.535365340590477,114.75039849853516,114.74343560791016,114.75205256652832,15.143056500004604,"{""DC-1"": 365.73030344892794, ""DC-2"": 306.7853677473239, ""DC-3"": 346.06059978261874, ""DC-4"": 268.9900609412081, ""DC-5"": 302.3213158468275}"
935,976,1593.6191926737683,1000,1000,0,0,1000,251,0,749,0,1000,985,15,0,130,115,15,10,0,15783.611370240007,1000,946803,946803,200000,200000,0,945804,8.855807357788086,4.448736298322678,4.407071070194244,-114.45942022705079,0.004203329119598493,0.23020000755786896,0.5324803441762924,0.5354254269003869,114.79300955200195,114.79216604614258,114.80289096069336,14.794474999973318,"{""DC-1"": 369.4602123183696, ""DC-2"": 309.14463441725474, ""DC-3"": 330.1121769734424, ""DC-4"": 236.5762510960368, ""DC-5"": 348.32591786866493}"
936,977,1590.7693377158623,1000,1000,0,0,1000,221,0,779,0,1000,988,12,0,134,122,12,12,0,14043.274413157531,1000,947803,947803,200000,200000,0,946804,8.815310337781906,4.445775350093841,4.369534995317459,-114.43051859283447,0.0009197495672851801,0.2301468700170517,0.5346912341117859,0.535224181830883,114.74712950897217,114.75246812438965,114.74548776245118,15.089156000001822,"{""DC-1"": 332.55748598323567, ""DC-2"": 310.0343305307472, ""DC-3"": 360.55527182938897, ""DC-4"": 261.8636069545552, ""DC-5"": 325.75864241793846}"
937,978,1534.7844249478585,1000,1000,0,0,1000,248,0,752,0,1000,974,26,0,134,108,26,29,0,16034.056612059561,1000,948803,948803,200000,200000,0,947804,9.10614924120903,4.667636175155639,4.438513088285923,-114.51449405670166,-0.007380068887490779,0.22837577760219574,0.5404192173480987,0.5354292730689049,114.82814351654052,114.8322483215332,114.82645262908936,14.76762499997858,"{""DC-1"": 354.55827217699544, ""DC-2"": 330.67596660288507, ""DC-3"": 291.73180462923926, ""DC-4"": 253.68134691589782, ""DC-5"": 304.1370346228435}"
938,979,1591.8202930792145,1000,1000,0,0,1000,253,0,747,0,1000,984,16,0,132,116,16,19,0,15557.592185835698,1000,949803,949803,200000,200000,0,948804,8.493961805343629,4.3252170449495315,4.168744779348374,-114.56341777801514,0.01520794108370319,0.23267555236816406,0.5248042165637016,0.5352215350270272,114.88501151275635,114.88636486053467,114.87766443634032,14.943496599997161,"{""DC-1"": 319.5874097246032, ""DC-2"": 306.8747021210587, ""DC-3"": 390.7634278707528, ""DC-4"": 262.73793934512184, ""DC-5"": 311.8568140176787}"
939,980,1566.857862939331,1000,1000,0,0,1000,243,0,757,0,1000,979,21,0,116,95,21,14,0,17157.971312032176,1000,950803,950803,200000,200000,0,949804,8.840863658905029,4.448566075086593,4.3922975846529,-114.77490504455567,-0.010497038390487433,0.2296345829963684,0.5426801552176476,0.5354340618252754,115.08243981933593,115.09851343536377,115.08921558380126,14.918301800003974,"{""DC-1"": 375.51491911012204, ""DC-2"": 294.9403670581651, ""DC-3"": 275.5444194104124, ""DC-4"": 292.74092859629746, ""DC-5"": 328.1172287643355}"
940,981,1596.4939221008046,1001,1001,0,0,1001,238,1,762,0,1000,988,12,0,115,103,12,16,0,13556.240627157775,1004,951804,951804,200000,200000,0,950808,8.388542551443397,4.333255541455223,4.0552870153905864,-114.83629127897589,-0.001380663283959595,0.22922424972057343,0.5361794072733932,0.5351738440563004,115.14976775028791,115.15072058111548,115.14357492363311,15.72997439999017,"{""DC-1"": 348.1994817725312, ""DC-2"": 335.6565849262433, ""DC-3"": 308.65432984153364, ""DC-4"": 301.46251419027783, ""DC-5"": 302.5210113702191}"
941,982,1516.4310070174188,1000,1000,0,0,1000,254,0,746,0,1000,971,29,0,152,123,29,18,0,14345.78462803654,1000,952804,952804,200000,200000,0,951808,8.835881379842759,4.643609751343727,4.192271643817425,-114.71962541198731,-0.005084136175457389,0.22795341908931732,0.5387409420907497,0.5352858847975731,115.06160549926757,115.057630317688,115.06684798431397,14.982083899987629,"{""DC-1"": 333.3217082553804, ""DC-2"": 296.7121200309533, ""DC-3"": 290.19356575891663, ""DC-4"": 329.3715445124585, ""DC-5"": 266.83206845970994}"
942,983,1605.3099734582129,1000,1000,0,0,1000,225,0,775,0,1000,991,9,0,91,82,9,14,0,15703.438066466966,1000,953804,953804,200000,200000,0,952808,8.560931808710098,4.329799565672874,4.231132260143757,-114.50929315185547,0.0141675502541475,0.2317596971988678,0.5255604957938195,0.5352990141510964,114.8457847366333,114.84682148742675,114.84374627685547,15.019550999975763,"{""DC-1"": 350.3319352280549, ""DC-2"": 310.60384559247626, ""DC-3"": 344.4259698632169, ""DC-4"": 291.7784446233795, ""DC-5"": 308.1697781510847}"
943,984,1576.0876874780336,1000,1000,0,0,1000,240,0,760,0,1000,982,18,0,130,112,18,20,0,14568.225701741098,1000,954804,954804,200000,200000,0,953808,8.850772060871124,4.441863482356071,4.40890858322382,-114.47524899291992,-0.0063306934530846775,0.22985298931598663,0.5398260746598244,0.5353110989928246,114.80529901885987,114.80472770690918,114.80354930877685,14.904123199987225,"{""DC-1"": 363.80857614868563, ""DC-2"": 281.64955641583083, ""DC-3"": 349.1464174298561, ""DC-4"": 267.2365344414645, ""DC-5"": 314.2466030421972}"
944,985,1549.2894649831003,1000,1000,0,0,1000,252,0,748,0,1000,975,25,0,144,119,25,17,0,14060.261611352313,1000,955804,955804,200000,200000,0,954808,8.939924871563912,4.4689692488312724,4.470955586493015,-114.64904885864257,0.02556636141333729,0.23681649565696716,0.5177586052715778,0.5353398422002792,114.98012908172608,114.98372710418701,114.97477666473388,14.987672499992186,"{""DC-1"": 409.90810520232196, ""DC-2"": 294.8896179136371, ""DC-3"": 279.6369739993651, ""DC-4"": 281.93623997473435, ""DC-5"": 282.91852789304147}"
945,986,1577.1361091705264,1000,1000,0,0,1000,250,0,750,0,1000,982,18,0,128,110,18,15,0,18068.045114051347,1000,956804,956804,200000,200000,0,955808,8.580165212392806,4.338772493124008,4.241392722308635,-114.59354566955567,0.0004869101163931191,0.23716282844543457,0.5348678193688393,0.535265712082386,114.9305760345459,114.9254246673584,114.92405770874024,15.149420000001555,"{""DC-1"": 352.0745378462783, ""DC-2"": 300.3468902402225, ""DC-3"": 352.9639450849501, ""DC-4"": 272.4565378087891, ""DC-5"": 299.2941981902861}"
946,987,1593.7140268833832,1000,1000,0,0,1000,249,0,751,0,1000,984,16,0,125,109,16,15,0,16741.150440305373,1000,957804,957804,200000,200000,0,956808,8.592180528998375,4.283146266698838,4.309034271836281,-114.58063738250732,-0.011136932413559408,0.23428785800933838,0.5430450950264931,0.5352822787165642,114.90429057312012,114.90928481292724,114.90674802398682,15.581180699984543,"{""DC-1"": 348.4531748511943, ""DC-2"": 337.59518573051304, ""DC-3"": 322.42704819654205, ""DC-4"": 255.6808049432585, ""DC-5"": 329.55781316187466}"
947,988,1570.4953083203018,1000,1000,0,0,1000,248,0,752,0,1000,982,18,0,143,125,18,24,0,15830.585097121555,1000,958804,958804,200000,200000,0,957808,8.247749994039536,4.105922695338726,4.141827316939831,-114.67833995819092,-0.0024188980907201767,0.23325100541114807,0.5371853778958321,0.5354064376950264,114.99751380157471,114.99822627258301,114.99549684906006,14.949546699994244,"{""DC-1"": 349.212380992337, ""DC-2"": 361.03071385560617, ""DC-3"": 296.1396012586932, ""DC-4"": 276.7123181457735, ""DC-5"": 287.4002940678936}"
948,989,1606.4059819113427,1000,1000,0,0,1000,231,0,769,0,1000,990,10,0,125,115,10,23,0,16741.905851802294,1000,959804,959804,200000,200000,0,958808,8.531062403202057,4.262274204313755,4.268788217961788,-114.76693650817872,-0.0028394276187755168,0.23268409073352814,0.5373246150910854,0.5353690939545631,115.09924983215332,115.0975991973877,115.09003873443604,14.938480999990134,"{""DC-1"": 337.69244712821757, ""DC-2"": 332.8801604409492, ""DC-3"": 328.6643432175558, ""DC-4"": 289.24339871135567, ""DC-5"": 317.92563241326593}"
949,990,1571.6569898892694,1000,1000,0,0,1000,244,0,756,0,1000,982,18,0,123,105,18,18,0,16924.592185835696,1000,960804,960804,200000,200000,0,959808,8.683919494390487,4.376556568384171,4.3073629368543624,-114.79635695648193,0.004077220604754984,0.23368123173713684,0.5327011798620224,0.5354035366773605,115.11935612487792,115.12155531311035,115.11934072113037,15.00014689998352,"{""DC-1"": 337.79849393631173, ""DC-2"": 305.472810544921, ""DC-3"": 323.7353074218067, ""DC-4"": 302.0824262475823, ""DC-5"": 302.56795173864805}"
950,991,1585.6676399554162,1000,1000,0,0,1000,242,0,758,0,1000,984,16,0,143,127,16,18,0,16233.905851802296,1000,961804,961804,200000,200000,0,960808,8.640896329641341,4.268342009842396,4.372554312527179,-114.8198062286377,-0.01687761001335457,0.2292562872171402,0.5468460924625397,0.5353626999855041,115.14986612701416,115.14328649139404,115.14512931823731,14.913782299990999,"{""DC-1"": 333.1711980686201, ""DC-2"": 305.7199782232833, ""DC-3"": 338.72620698185995, ""DC-4"": 272.2148171461257, ""DC-5"": 335.835439535528}"
951,992,1597.379680699106,1000,1000,0,0,1000,258,0,742,0,1000,985,15,0,133,118,15,14,0,15464.08566455818,1000,962804,962804,200000,200000,0,961808,8.257277646541596,4.0874796390533445,4.1697979891300205,-114.90409613037109,0.006696758694015443,0.230974480509758,0.5308038951158524,0.5352568416595459,115.22475453948975,115.22988175964356,115.2231787185669,15.63823089998914,"{""DC-1"": 376.658461628375, ""DC-2"": 293.0221973107058, ""DC-3"": 336.48077415872035, ""DC-4"": 296.1668456813426, ""DC-5"": 295.05140191996185}"
952,993,1609.102416288387,1000,1000,0,0,1000,243,0,757,0,1000,986,14,0,121,107,14,10,0,14329.847356881319,1000,963804,963804,200000,200000,0,962808,8.65297964322567,4.354438207149506,4.298541426241398,-114.783285987854,0.012488469586707652,0.23449906706809998,0.5268434590399266,0.5354089671373368,115.11814424896241,115.1264345779419,115.1258784866333,16.019109099986963,"{""DC-1"": 420.6167142071054, ""DC-2"": 292.8232359717311, ""DC-3"": 317.5261687616884, ""DC-4"": 262.9870052134231, ""DC-5"": 315.1492921344386}"
953,994,1595.0244115735636,1000,1000,0,0,1000,233,0,767,0,1000,987,13,0,115,102,13,13,0,17327.592185835696,1000,964804,964804,200000,200000,0,963808,8.456632375001908,4.266009144425392,4.190623219847679,-114.66975220489502,0.0031575256073847415,0.23549211025238037,0.5332021295130253,0.535403477370739,114.99988217163086,114.99909663391114,114.99900889587403,16.00990050000837,"{""DC-1"": 357.18794253927643, ""DC-2"": 347.57683794350976, ""DC-3"": 335.59546395697464, ""DC-4"": 276.07181133476973, ""DC-5"": 278.59235579903503}"
954,995,1602.1096166906725,1000,1000,0,0,1000,245,0,755,0,1000,987,13,0,130,117,13,21,0,14945.480913426874,1000,965804,965804,200000,200000,0,964808,8.507073542118073,4.2605737807154656,4.2464997677206995,-114.71589290618897,-0.0017512917341664434,0.23498313128948212,0.5366804609298707,0.5354801449179649,115.04679059600831,115.04846481323243,115.03305012512207,15.534420500014676,"{""DC-1"": 329.3630124273171, ""DC-2"": 364.6287670613173, ""DC-3"": 359.6053044314437, ""DC-4"": 253.63622602892994, ""DC-5"": 294.8763067416661}"
955,996,1595.4780866232031,1000,1000,0,0,1000,241,0,759,0,1000,986,14,0,116,102,14,16,0,13927.592185835698,1000,966804,966804,200000,200000,0,965808,7.7695519413948055,3.9449775322675706,3.824574396967888,-114.87150633239746,0.0004195754239335656,0.23537413775920868,0.5351726420223712,0.5354419415593147,115.18741107940674,115.18349282073974,115.18985520935058,15.29535939998459,"{""DC-1"": 363.86602837746597, ""DC-2"": 356.1478013095735, ""DC-3"": 316.29400195924654, ""DC-4"": 277.4877529814019, ""DC-5"": 281.6825019955152}"
956,997,1601.8545769208276,1000,1000,0,0,1000,227,0,773,0,1000,990,10,0,131,121,10,17,0,16800.611497566817,1000,967804,967804,200000,200000,0,966808,9.220571311235428,4.57529407453537,4.645277245044708,-114.793019821167,-0.016078860387206077,0.23120756447315216,0.546433851569891,0.5353465393781662,115.13699182891845,115.12901242065429,115.1281142425537,15.422199900000123,"{""DC-1"": 381.36735411792813, ""DC-2"": 265.97599596457314, ""DC-3"": 356.20416683461167, ""DC-4"": 282.54631218292195, ""DC-5"": 315.7607478207931}"
957,998,1605.806309645296,1000,1000,0,0,1000,228,0,772,0,1000,990,10,0,108,98,10,14,0,14799.039218902042,1000,968804,968804,200000,200000,0,967808,8.498266418218613,4.198941548287869,4.299324856281281,-114.72669982910156,-0.004049919295124709,0.2299257218837738,0.5382403550446033,0.5354160840511322,115.05294918823242,115.05306480407715,115.06396941375732,15.7269449000014,"{""DC-1"": 360.180306797385, ""DC-2"": 298.60187137924726, ""DC-3"": 309.3743332543135, ""DC-4"": 277.51043740404805, ""DC-5"": 360.1393608103036}"
958,999,1630.0096794360177,1000,1000,0,0,1000,240,0,760,0,1000,993,7,0,121,114,7,13,0,17006.077263983418,1000,969804,969804,200000,200000,0,968808,8.43084305214882,4.293837864041328,4.13700521326065,-114.72915422821045,-0.009319657838437707,0.22753803431987762,0.5416742255091667,0.5353403010964394,115.07025520324707,115.06427838134766,115.06778551483154,15.384926499973517,"{""DC-1"": 372.6082833977919, ""DC-2"": 366.0081208659189, ""DC-3"": 331.8588147031533, ""DC-4"": 283.9324269754915, ""DC-5"": 275.60203349366355}"
959,1000,1581.380424069291,1000,1000,0,0,1000,251,0,749,0,1000,982,18,0,125,107,18,12,0,14867.150440305373,1000,970804,970804,200000,200000,0,969808,8.638802302122116,4.292397678971291,4.346404598474503,-114.57816359710694,-0.002485958068165928,0.22680017352104187,0.5370276866853237,0.5352699570059777,114.91120673370361,114.91852714538574,114.91580912017822,15.382779099978507,"{""DC-1"": 341.43551302257885, ""DC-2"": 327.31904114386214, ""DC-3"": 337.87919755234395, ""DC-4"": 261.5331678313914, ""DC-5"": 313.2135045191154}"
960,1001,1615.1028240745172,1000,1000,0,0,1000,253,0,747,0,1000,988,12,0,128,116,12,17,0,17168.188561251434,1000,971804,971804,200000,200000,0,970808,8.696374235391616,4.3801983112096785,4.3161759440302845,-114.56609847259521,0.0011684752432629467,0.22712714970111847,0.5345925307869911,0.5353571377396583,114.89711497497558,114.90687351989746,114.90883609008789,15.356452799984254,"{""DC-1"": 365.58589541162826, ""DC-2"": 315.38479213543826, ""DC-3"": 333.7681983171324, ""DC-4"": 259.4936464389577, ""DC-5"": 340.87029177136014}"
961,1002,1604.510148703306,1000,1000,0,0,1000,225,0,775,0,1000,991,9,0,116,107,9,15,0,15090.28838783866,1000,972804,972804,200000,200000,0,971808,8.346333193063735,4.3035139747262,4.042819225788117,-114.63684590148925,-0.0014215025673620402,0.22670285403728485,0.5362514931857586,0.5352903355360031,114.98384378051757,114.9834944229126,114.97337970733642,15.378623600001447,"{""DC-1"": 351.87234762370053, ""DC-2"": 359.8924945397241, ""DC-3"": 300.6211911046299, ""DC-4"": 292.1858087372427, ""DC-5"": 299.93830669800786}"
962,1003,1629.2784472779033,1000,1000,0,0,1000,255,0,745,0,1000,992,8,0,122,114,8,13,0,17489.597916709667,1000,973804,973804,200000,200000,0,972808,8.459250149488449,4.329868412137031,4.129381739199162,-114.66942461395264,-0.008631044587586074,0.2246926724910736,0.541070003002882,0.5353220111131668,115.01545236968994,115.02103844451905,115.01505012512207,15.419510500010801,"{""DC-1"": 350.9917347041689, ""DC-2"": 348.0505381447658, ""DC-3"": 333.3426187521935, ""DC-4"": 297.45755894902464, ""DC-5"": 299.4359967277528}"
963,1004,1610.9881724554602,1001,1001,0,0,1001,234,1,766,0,1000,990,10,0,125,115,10,18,0,13882.16878091009,1000,974805,974805,200000,200000,0,973808,8.929932136774063,4.481023410141468,4.448908720850945,-114.49628511810303,-0.00411433226801455,0.2235836684703827,0.5381390709280968,0.535379131257534,114.83719968414307,114.83588520812988,114.83369136810303,15.46667019999586,"{""DC-1"": 347.9495120086519, ""DC-2"": 309.83227742371935, ""DC-3"": 351.1038074611393, ""DC-4"": 272.59776956362157, ""DC-5"": 329.5048059983285}"
964,1005,1563.1723913743963,1002,1002,0,0,1002,255,2,745,0,1000,977,23,0,131,108,23,17,0,15234.825137710013,1000,975807,975807,200000,200000,0,974808,8.561372992038727,4.262138004779816,4.299234967589379,-114.5496312713623,-0.004764440276194364,0.22234345972537994,0.5385485169887543,0.5353502801656723,114.88105739593506,114.88775051879882,114.88523094177246,15.517029399983585,"{""DC-1"": 333.7240174128393, ""DC-2"": 299.9449106136318, ""DC-3"": 343.55282241581807, ""DC-4"": 246.6350256789362, ""DC-5"": 339.3156152531703}"
965,1006,1550.9141248936933,1000,1000,0,0,1000,239,0,761,0,1000,976,24,0,117,93,24,19,0,17500.04219276574,1000,976807,976807,200000,200000,0,975808,8.628278655290604,4.2961571860313414,4.3321214594841,-114.62319163513183,-0.019756608223542572,0.21720561385154724,0.548455995619297,0.535301072537899,114.95353134155273,114.94902230834961,114.94281122589112,15.696626999997534,"{""DC-1"": 385.61523763652207, ""DC-2"": 292.3583902882608, ""DC-3"": 327.36272355337536, ""DC-4"": 262.38852224940985, ""DC-5"": 283.1892511661258}"
966,1007,1606.6255882290573,1000,1000,0,0,1000,227,0,773,0,1000,990,10,0,112,102,10,16,0,13708.501013053581,1000,977807,977807,200000,200000,0,976808,8.942209724903107,4.455163517296314,4.48704621720314,-114.76027515411377,0.005208253688644617,0.2184753715991974,0.5321464133858681,0.5355033438205719,115.08118836212158,115.0769468383789,115.07885607910156,15.679574900015723,"{""DC-1"": 384.6155232071948, ""DC-2"": 302.68028268890595, ""DC-3"": 337.4842911976253, ""DC-4"": 260.46094323176123, ""DC-5"": 321.3845479035694}"
967,1008,1607.3261446022686,1000,1000,0,0,1000,234,0,766,0,1000,988,12,0,123,111,12,13,0,17119.45799628715,1000,978807,978807,200000,200000,0,977808,8.940759345293046,4.399204190254212,4.5415551623106,-114.64232397460937,0.011512228185776621,0.2212681621313095,0.5279257648587227,0.5354434641003609,114.97704944610595,114.97882678222656,114.98346975708007,15.462701599986758,"{""DC-1"": 398.8278668945119, ""DC-2"": 359.20767530068576, ""DC-3"": 259.1022028885137, ""DC-4"": 268.2803903147755, ""DC-5"": 321.90800920378166}"
968,1009,1594.5655053587634,1000,1000,0,0,1000,251,0,749,0,1000,984,16,0,121,105,16,13,0,15441.946239131636,1000,979807,979807,200000,200000,0,978808,8.24068123936653,4.21124564242363,4.029435589194298,-114.56351154327393,-0.005489986252039671,0.21999752521514893,0.5390318283736706,0.5353627097010613,114.90850732421875,114.9086089477539,114.90331010437012,15.330590199999278,"{""DC-1"": 379.6553641538974, ""DC-2"": 319.2037366317036, ""DC-3"": 320.161942433711, ""DC-4"": 247.97888374067747, ""DC-5"": 327.56557839877416}"
969,1010,1653.8823923650434,1000,1000,0,0,1000,245,0,755,0,1000,998,2,0,122,120,2,16,0,11542.594838563784,1000,980807,980807,200000,200000,0,979808,8.5920701059103,4.294812435925007,4.29725763553381,-114.52972774505615,-0.0125566830849275,0.21691757440567017,0.543624999165535,0.5353907731771469,114.87557494354247,114.87749102783204,114.87261016845703,17.107782500010217,"{""DC-1"": 355.4917230369524, ""DC-2"": 308.2133200984087, ""DC-3"": 380.25349242556973, ""DC-4"": 305.1884548168749, ""DC-5"": 304.73540198723794}"
970,1011,1578.0239104783907,1000,1000,0,0,1000,238,0,762,0,1000,982,18,0,123,105,18,14,0,18522.853015320852,1000,981807,981807,200000,200000,0,980808,8.240225990056992,4.1268692290782925,4.113356766402721,-114.62175077056885,0.0019507892047986389,0.21729424595832825,0.5340142285227776,0.5352422938942909,114.95626193237305,114.9554294052124,114.94770651245118,17.2150646999944,"{""DC-1"": 330.34376047552644, ""DC-2"": 335.68065608768404, ""DC-3"": 342.4247103953547, ""DC-4"": 254.61364257390008, ""DC-5"": 314.96114094592684}"
971,1012,1496.982713700496,1000,1000,0,0,1000,218,0,782,0,1000,970,30,0,118,88,30,20,0,14121.479129232237,1000,982807,982807,200000,200000,0,981808,8.268436998128891,4.1803404816389085,4.088096508085727,-114.54890582275391,-0.018826800752896816,0.212752103805542,0.5475009687542916,0.5352811685204506,114.87961393737793,114.87833011627197,114.87345723724366,16.83660479998798,"{""DC-1"": 366.9122576657998, ""DC-2"": 271.0833353665454, ""DC-3"": 289.58165859078844, ""DC-4"": 252.41309852458357, ""DC-5"": 316.99236355278015}"
972,1013,1567.504091391817,1000,1000,0,0,1000,259,0,741,0,1000,979,21,0,148,127,21,15,0,16566.719005069728,1000,983807,983807,200000,200000,0,982808,9.289583491563796,4.766838064908981,4.522745439648628,-114.5244737548828,-0.011457164919935167,0.2099120318889618,0.542709478110075,0.535340543627739,114.87244354248047,114.8736833114624,114.87380047607422,15.640189799974905,"{""DC-1"": 356.9983680146103, ""DC-2"": 342.30645274567763, ""DC-3"": 289.0182613951072, ""DC-4"": 257.1755972228771, ""DC-5"": 322.0054120135447}"
973,1014,1592.645634780124,1000,1000,0,0,1000,249,0,751,0,1000,983,17,0,122,105,17,10,0,16983.209670583205,1000,984807,984807,200000,200000,0,983808,8.363017082095146,4.179535561382771,4.1834815173149105,-114.52780410766601,0.001613122662063688,0.21015536785125732,0.5344755238890648,0.5353811202049256,114.85967697906494,114.86502449035645,114.87249934387206,15.471593099995516,"{""DC-1"": 393.7255154788824, ""DC-2"": 326.9498259440979, ""DC-3"": 318.7390262239629, ""DC-4"": 227.15489251031147, ""DC-5"": 326.0763746228693}"
974,1015,1613.4958072579175,1000,1000,0,0,1000,252,0,748,0,1000,989,11,0,136,125,11,16,0,18585.66422412658,1000,985807,985807,200000,200000,0,984808,8.884883422851562,4.586085765659809,4.298797680795193,-114.39472381591797,0.002398111677961424,0.21095803380012512,0.5336078026890755,0.535242217361927,114.73737516784668,114.73777938079834,114.74421785736084,15.51697639998747,"{""DC-1"": 355.1040353935256, ""DC-2"": 319.59403182469026, ""DC-3"": 337.48543432787, ""DC-4"": 292.32567363056876, ""DC-5"": 308.98663208126385}"
975,1016,1552.3762720551977,1000,1000,0,0,1000,237,0,763,0,1000,979,21,0,118,97,21,21,0,12594.905851802296,1000,986807,986807,200000,200000,0,985808,8.215073065876961,4.076952291250229,4.138120793223381,-114.32966638183593,-0.014665914730168879,0.20752643048763275,0.5449061152338982,0.5354003086686134,114.67091195678711,114.67337449645996,114.67281909179688,15.789991099998588,"{""DC-1"": 325.8258551743458, ""DC-2"": 330.96602817525945, ""DC-3"": 307.03760216324815, ""DC-4"": 306.4278198957554, ""DC-5"": 282.11896664658735}"
976,1017,1609.6580584357494,1000,1000,0,0,1000,246,0,754,0,1000,989,11,0,131,120,11,13,0,16124.777738285662,1000,987807,987807,200000,200000,0,986808,8.168318917036057,4.1035997607707975,4.064719175279141,-114.32515716552734,0.0075501779466867446,0.2092224508523941,0.5304924425780773,0.5352912358641625,114.66252404022217,114.66209284973145,114.66383525848389,15.633958999998868,"{""DC-1"": 305.55051964576927, ""DC-2"": 349.3394310100382, ""DC-3"": 324.2163479639971, ""DC-4"": 272.99629994177457, ""DC-5"": 357.5554598741724}"
977,1018,1560.7235176904028,1000,1000,0,0,1000,228,0,772,0,1000,980,20,0,117,97,20,16,0,16743.66422412658,1000,988807,988807,200000,200000,0,987808,8.648771595954894,4.370133839666844,4.278637754678726,-114.29009451293945,-0.00412261313199997,0.20819933712482452,0.5380264497697353,0.5353764806985855,114.62215914916992,114.62532895660401,114.61927632141114,15.448176300007617,"{""DC-1"": 410.82189485904263, ""DC-2"": 288.25042970120484, ""DC-3"": 304.035224835257, ""DC-4"": 278.42919861824925, ""DC-5"": 279.1867696766488}"
978,1019,1590.9139718842162,1000,1000,0,0,1000,265,0,735,0,1000,981,19,0,147,128,19,16,0,16509.150440305373,1000,989807,989807,200000,200000,0,988808,8.56149857544899,4.3493553820848465,4.212143157541752,-114.40635473632813,0.0029486240656115114,0.20921798050403595,0.5335256865918636,0.5354340734481812,114.74716802978516,114.74328205108642,114.73958335876465,15.427423100016313,"{""DC-1"": 371.2982739922451, ""DC-2"": 304.19698228411016, ""DC-3"": 367.8720966844381, ""DC-4"": 269.52938336175515, ""DC-5"": 278.0172355616689}"
979,1020,1588.4422604382376,1000,1000,0,0,1000,229,0,771,0,1000,986,14,0,126,112,14,19,0,15287.465904271223,1000,990807,990807,200000,200000,0,989808,8.31220386850834,4.225807145118713,4.086396706342697,-114.31383424377441,0.004967035240493715,0.2102518081665039,0.5322213793098927,0.5353328442573547,114.6490615234375,114.65594548034667,114.65732441711425,15.644998100004159,"{""DC-1"": 359.04655709228945, ""DC-2"": 329.0391247275616, ""DC-3"": 270.90699602672686, ""DC-4"": 281.665415796174, ""DC-5"": 347.78416679548803}"
980,1021,1574.4192730322925,1000,1000,0,0,1000,260,0,740,0,1000,979,21,0,129,108,21,17,0,13970.522145741972,1000,991807,991807,200000,200000,0,990808,8.684012928247451,4.316895759403706,4.367117200016976,-114.39911351013184,0.00527597182802856,0.21151208877563477,0.5319996335804462,0.5352995656728744,114.744325050354,114.74082903289795,114.73776175689697,15.510107799986145,"{""DC-1"": 327.0431277544975, ""DC-2"": 310.1439656333265, ""DC-3"": 320.3389904617244, ""DC-4"": 289.40243330180107, ""DC-5"": 327.4907558809462}"
981,1022,1584.1402145745858,1000,1000,0,0,1000,235,0,765,0,1000,987,13,0,122,109,13,18,0,12591.592185835698,1000,992807,992807,200000,200000,0,991808,8.21170655465126,4.16446579670906,4.047240774869919,-114.34334395599365,-0.003559920377563685,0.21072550117969513,0.5376161412000656,0.5353742640018463,114.68702070617675,114.69091049957275,114.692787109375,15.708840400009649,"{""DC-1"": 337.22563746420275, ""DC-2"": 346.7472033660479, ""DC-3"": 306.21010025701503, ""DC-4"": 305.63830121613586, ""DC-5"": 288.31897227118515}"
982,1023,1633.5471403577478,1000,1000,0,0,1000,257,0,743,0,1000,993,7,0,135,128,7,18,0,16130.979802602304,1000,993807,993807,200000,200000,0,992808,9.040346132993697,4.530470303535461,4.5098758661150935,-114.02203411865234,-0.009821864021476358,0.20830275118350983,0.541859583646059,0.5354404810070992,114.38655934906006,114.38247613525391,114.38546804046631,15.600875000003725,"{""DC-1"": 326.82187167209577, ""DC-2"": 352.72454261946734, ""DC-3"": 358.41776618979577, ""DC-4"": 295.8751541064577, ""DC-5"": 299.7078057699309}"
983,1024,1540.5919390731076,1000,1000,0,0,1000,243,0,757,0,1000,975,25,0,137,112,25,20,0,15307.070140117308,1000,994807,994807,200000,200000,0,993808,8.099702215075492,4.087511401414871,4.0121908311843875,-114.0476453552246,-0.008401464988943189,0.2063646912574768,0.5407525716125965,0.5353320603370666,114.39513034057617,114.38934024810791,114.38861756896972,15.389237600000342,"{""DC-1"": 327.819740282526, ""DC-2"": 293.6274814959244, ""DC-3"": 374.97425542314664, ""DC-4"": 261.8917149187285, ""DC-5"": 282.27874695278206}"
984,1025,1609.2536645396003,1000,1000,0,0,1000,242,0,758,0,1000,989,11,0,120,109,11,15,0,16293.655048066626,1000,995807,995807,200000,200000,0,994808,8.784171389460564,4.428566969871521,4.355604408919811,-113.9426672744751,0.010988355458714068,0.20897145569324493,0.5284487236142158,0.5354713586568832,114.28595776367187,114.29277950286865,114.28065656280518,15.65008150000358,"{""DC-1"": 382.6302693481818, ""DC-2"": 295.9336262503305, ""DC-3"": 285.5104483943435, ""DC-4"": 328.06164709275197, ""DC-5"": 317.1176734539921}"
985,1026,1608.47066181813,1000,1000,0,0,1000,234,0,766,0,1000,989,11,0,115,104,11,11,0,16205.668293578743,1000,996807,996807,200000,200000,0,995808,8.431726444721223,4.179063247680664,4.252663210272789,-113.8671028289795,-0.0008510011904872954,0.2086547613143921,0.5359089005589485,0.5353159028887748,114.20699739074708,114.21207873535157,114.21018905639649,15.767569699994056,"{""DC-1"": 389.6369418403077, ""DC-2"": 281.9600541235882, ""DC-3"": 336.172353692051, ""DC-4"": 292.54974535006824, ""DC-5"": 308.15156681211556}"
986,1027,1563.1462690781445,1000,1000,0,0,1000,237,0,763,0,1000,980,20,0,133,113,20,14,0,18170.15433139282,1000,997807,997807,200000,200000,0,996808,7.404460194349289,3.827976977944374,3.576483207821846,-113.66494165802001,2.5425835512578487e-05,0.20883631706237793,0.5352881315946579,0.5353498690128327,114.01564361572265,114.00957181549072,114.01263773345947,15.54427830001805,"{""DC-1"": 355.8747472909545, ""DC-2"": 289.4124455940586, ""DC-3"": 304.64665593127506, ""DC-4"": 285.8316221346554, ""DC-5"": 327.3807981271993}"
987,1028,1557.937256081498,1000,1000,0,0,1000,233,0,767,0,1000,981,19,0,114,95,19,22,0,16293.611497566815,1000,998807,998807,200000,200000,0,997808,8.226192086458207,4.322299171984196,3.903892910003662,-113.52870902252197,0.003065024170326069,0.20936329662799835,0.5333030418157577,0.5352079887390137,113.8856441116333,113.89145584869385,113.90177062225342,15.375072099996032,"{""DC-1"": 334.0192689325376, ""DC-2"": 314.5804577532299, ""DC-3"": 335.8372458087188, ""DC-4"": 267.6873385076778, ""DC-5"": 305.8129450793339}"
988,1029,1575.6463095506447,1000,1000,0,0,1000,272,0,728,0,1000,977,23,0,156,133,23,14,0,12568.522640378935,1000,999807,999807,200000,200000,0,998808,8.51851074719429,4.3638459962010385,4.154664739072323,-113.39615257263183,-0.0013177180564962327,0.2088899314403534,0.536464872866869,0.5354984614253044,113.74734340667725,113.74921577453614,113.75191398620605,15.504212100000586,"{""DC-1"": 359.83488742253314, ""DC-2"": 278.31968763897487, ""DC-3"": 346.2164732108282, ""DC-4"": 271.79877904748594, ""DC-5"": 319.4764822308246}"
989,1030,1590.0806316754113,1000,1000,0,0,1000,257,0,743,0,1000,984,16,0,128,112,16,20,0,15240.977692795272,1000,1000807,1000807,200000,200000,0,999808,7.742300620555878,3.885481725692749,3.85681889462471,-113.4551897277832,-0.005231982586439699,0.2081058919429779,0.5385083762705326,0.535294564962387,113.80949443817138,113.80389304351807,113.80769538116455,15.706325600011041,"{""DC-1"": 384.1368195546839, ""DC-2"": 286.60038994572767, ""DC-3"": 328.5447695103258, ""DC-4"": 315.29971892494774, ""DC-5"": 275.49893373972577}"
990,1031,1599.944029578287,1000,1000,0,0,1000,256,0,744,0,1000,985,15,0,107,92,15,11,0,14528.592185835698,1000,1001807,1001807,200000,200000,0,1000808,8.29524016237259,4.215273745179176,4.079966395735741,-113.36323899078369,0.00022172829089686275,0.20804953575134277,0.5351571226119995,0.5352242659926415,113.71925379180908,113.71982669067383,113.72934381866455,15.469510800001444,"{""DC-1"": 362.4111263978458, ""DC-2"": 328.59112345109526, ""DC-3"": 337.5193039148983, ""DC-4"": 258.4308316928322, ""DC-5"": 312.9916441216168}"
991,1032,1609.3320694084757,1000,1000,0,0,1000,260,0,740,0,1000,985,15,0,120,105,15,16,0,15433.946239131636,1000,1002807,1002807,200000,200000,0,1001808,7.686957151651383,3.92830189538002,3.758655245244503,-113.05538040161133,0.004044127020984888,0.2090040147304535,0.5327251713573933,0.5353187519907951,113.41156352233887,113.41024221801757,113.4186441192627,15.43007950001629,"{""DC-1"": 383.16160008737324, ""DC-2"": 295.5883397065202, ""DC-3"": 340.6102359835531, ""DC-4"": 272.89117354791887, ""DC-5"": 317.0807200831113}"
992,1033,1577.2230875586756,1000,1000,0,0,1000,232,0,768,0,1000,984,16,0,131,115,16,18,0,15074.592185835698,1000,1003807,1003807,200000,200000,0,1002808,8.386934614181518,4.200094807565212,4.186839809060097,-113.26532646179199,0.0059391291760839526,0.21026834845542908,0.5316590881049633,0.535409417450428,113.59581884765625,113.60023515319824,113.59766602325439,15.820240100001683,"{""DC-1"": 350.39007701402653, ""DC-2"": 273.78851930324765, ""DC-3"": 370.828029354693, ""DC-4"": 278.4894559874884, ""DC-5"": 303.7270058992204}"
993,1034,1572.561463864877,1001,1001,0,0,1001,233,1,767,0,1000,983,17,0,130,113,17,20,0,15165.74357677477,1004,1004808,1004808,200000,200000,0,1003812,8.084115080149525,4.111912048729767,3.972203047686364,-113.43224913000586,0.01130149751206845,0.2132815271615982,0.5279249879290383,0.5352514455636659,113.75617023483215,113.76922098288973,113.75954498047848,15.427043100004084,"{""DC-1"": 331.8767059661103, ""DC-2"": 315.4346378696093, ""DC-3"": 342.8818629549575, ""DC-4"": 263.13643229235487, ""DC-5"": 319.2318247818449}"
994,1035,1553.3975320174413,1000,1000,0,0,1000,272,0,728,0,1000,975,25,0,145,120,25,15,0,14804.150440305373,1000,1005808,1005808,200000,200000,0,1004812,7.981815596103668,4.059590423583985,3.9222251876592638,-113.31047658538819,-0.01110202017147094,0.2104577124118805,0.5425043346881866,0.5352829374670982,113.63142922210693,113.63797064208984,113.63496329498291,15.536553199985065,"{""DC-1"": 313.3853052322868, ""DC-2"": 307.53824071445445, ""DC-3"": 330.5493171946191, ""DC-4"": 285.3588299553494, ""DC-5"": 316.56583892073104}"
995,1036,1620.486673849041,1000,1000,0,0,1000,250,0,750,0,1000,990,10,0,120,110,10,12,0,16751.655590798095,1000,1006808,1006808,200000,200000,0,1005812,8.310156486272811,4.218010106861591,4.0921463804244995,-113.34508892822265,-0.020008649417664857,0.20594562590122223,0.5480373215079307,0.5352836176156998,113.67861399078369,113.6764533920288,113.68410926818848,15.512141199986218,"{""DC-1"": 364.01295105459513, ""DC-2"": 331.17965276829324, ""DC-3"": 351.49729659873697, ""DC-4"": 282.60706123195774, ""DC-5"": 291.1897121954565}"
996,1037,1568.4194393517707,1000,1000,0,0,1000,244,0,756,0,1000,981,19,0,126,107,19,16,0,16757.476421465482,1000,1007808,1007808,200000,200000,0,1006812,7.773342132329941,3.902014723658562,3.8713274084329603,-113.36936144256592,-0.004885686619672924,0.2048168182373047,0.5384030591845512,0.535336869418621,113.70613624572754,113.7062274017334,113.7032565612793,15.535604400007287,"{""DC-1"": 306.73291133264246, ""DC-2"": 308.8178821152228, ""DC-3"": 348.0469127198482, ""DC-4"": 262.78366845139715, ""DC-5"": 342.03806473265996}"
997,1038,1590.3618423902933,1000,1000,0,0,1000,252,0,748,0,1000,985,15,0,135,120,15,18,0,16304.985121529618,1000,1008808,1008808,200000,200000,0,1007812,7.9387215020656585,4.030468730866909,3.9082527777552603,-113.63024305725098,-0.016481732016429305,0.2015414834022522,0.5457484775185585,0.5353237797021866,113.96930802154542,113.97165502929687,113.95693910217285,15.627576900005806,"{""DC-1"": 328.6721623697867, ""DC-2"": 285.8541561599205, ""DC-3"": 361.19615487852786, ""DC-4"": 286.4344628838692, ""DC-5"": 328.2049060981897}"
998,1039,1587.1282289309172,1000,1000,0,0,1000,259,0,741,0,1000,981,19,0,137,118,19,15,0,17318.36016402668,1000,1009808,1009808,200000,200000,0,1008812,8.045620340585709,4.046816782593727,3.9988035447597503,-113.53991010284423,-0.014096261445432901,0.19857405126094818,0.5441733545958995,0.5353783169984817,113.87887883758545,113.87444033813476,113.87521648406982,15.638054399983957,"{""DC-1"": 350.386679983307, ""DC-2"": 334.21988559084235, ""DC-3"": 322.0354490219107, ""DC-4"": 240.74358885320433, ""DC-5"": 339.74262548165234}"
999,1040,1562.138484303179,1000,1000,0,0,1000,256,0,744,0,1000,979,21,0,133,112,21,16,0,15534.009059259028,1000,1010808,1010808,200000,200000,0,1009812,8.574040908575059,4.398350791215897,4.175690104007721,-113.59281108093262,-0.00797927894257009,0.1969081461429596,0.5404844738543033,0.5355256229639054,113.94623284912109,113.94116230773926,113.9304080581665,15.423595800006296,"{""DC-1"": 320.8919949093672, ""DC-2"": 327.0074701225076, ""DC-3"": 305.59582572667045, ""DC-4"": 301.2560152624916, ""DC-5"": 307.3871782821439}"
1000,1041,1533.5209116473482,1000,1000,0,0,1000,243,0,757,0,1000,972,28,0,142,114,28,17,0,12922.701603158235,1000,1011808,1011808,200000,200000,0,1010812,8.804842825889587,4.4698391383290295,4.335003707170486,-113.50500345611572,-0.0001653326628729701,0.19689367711544037,0.5355176796615124,0.5354174125790596,113.85627827453614,113.85818910217286,113.86205076599121,15.821814800001448,"{""DC-1"": 353.77481413274603, ""DC-2"": 285.0463693259036, ""DC-3"": 297.61706876878293, ""DC-4"": 256.8988543991287, ""DC-5"": 340.1838050207871}"
1001,1042,1527.6120044276058,1000,1000,0,0,1000,234,0,766,0,1000,973,27,0,124,97,27,21,0,16960.785474562843,1000,1012808,1012808,200000,200000,0,1011812,8.026806186914444,4.0285197371244434,3.9982864751815796,-113.54754225921631,-0.007008748699445277,0.19528980553150177,0.5397607098221779,0.5353510043621064,113.89080889129639,113.88698487091064,113.88517686462403,15.370871699997224,"{""DC-1"": 384.016201860452, ""DC-2"": 227.9042058200161, ""DC-3"": 342.92263638683124, ""DC-4"": 278.2781908378919, ""DC-5"": 294.49076952241523}"
1002,1043,1488.0699835103492,1000,1000,0,0,1000,260,0,740,0,1000,961,39,0,146,107,39,24,0,17646.97769279527,1000,1013808,1013808,200000,200000,0,1012812,8.135398577213287,4.109881504893303,4.025517074584961,-113.42936166381836,0.019623499436303975,0.1995362490415573,0.5232290571928024,0.5353089097738266,113.77000386047364,113.77467722320557,113.7777116317749,15.652854200016009,"{""DC-1"": 349.7824387396298, ""DC-2"": 308.0733959740559, ""DC-3"": 316.14477266704466, ""DC-4"": 187.2545356456167, ""DC-5"": 326.81484048400335}"
1003,1044,1534.181120147664,1000,1000,0,0,1000,238,0,762,0,1000,973,27,0,107,80,27,25,0,14603.412259097022,1000,1014808,1014808,200000,200000,0,1013812,7.7257298457622525,3.8826574251055717,3.8430724056363106,-113.46263347625732,0.0024276164304465058,0.20021063089370728,0.5336890630722045,0.5352435378432274,113.78930102539063,113.7962853088379,113.79170717620849,15.68520599999465,"{""DC-1"": 356.2892503413069, ""DC-2"": 261.3561824708155, ""DC-3"": 308.237011280265, ""DC-4"": 277.6553418526696, ""DC-5"": 330.6433342026073}"
1004,1045,1597.9434234068592,1000,1000,0,0,1000,243,0,757,0,1000,986,14,0,117,103,14,14,0,14902.208944172386,1000,1015808,1015808,200000,200000,0,1014812,8.218466577529908,4.21346446287632,4.005002127408981,-113.53128742980957,-0.013580440684221685,0.19712752103805542,0.5438455569446087,0.5354051362872124,113.87424887084961,113.87128525543213,113.87590786743164,15.571956300002057,"{""DC-1"": 396.0727931837802, ""DC-2"": 298.0213977188553, ""DC-3"": 331.4054956729822, ""DC-4"": 288.8931186283802, ""DC-5"": 283.5506182028615}"
1005,1046,1577.6720987240872,1000,1000,0,0,1000,250,0,750,0,1000,981,19,0,137,118,19,18,0,15690.479129232237,1000,1016808,1016808,200000,200000,0,1015812,7.628106368303299,3.8473798540830613,3.780726485848427,-113.52405573272705,-0.010913118919357657,0.19471614062786102,0.5421572570502758,0.535392106294632,113.8691602935791,113.87175598144532,113.86559379577636,15.704159400018398,"{""DC-1"": 349.39856848140636, ""DC-2"": 343.6456407716618, ""DC-3"": 310.84762446080975, ""DC-4"": 234.91377414162258, ""DC-5"": 338.8664908685883}"
1006,1047,1609.9832883413362,1000,1000,0,0,1000,260,0,740,0,1000,984,16,0,108,92,16,23,0,15181.771422593845,1000,1017808,1017808,200000,200000,0,1016812,8.381961249828338,4.214518427491188,4.167442817687988,-113.48804662322998,-0.0026656698188744486,0.1942702978849411,0.5370794235467911,0.5354602228999138,113.83196173858643,113.82434111785889,113.82520972442627,15.317493700014893,"{""DC-1"": 402.1815445599858, ""DC-2"": 281.06012113339506, ""DC-3"": 378.34191551432195, ""DC-4"": 254.6605118904914, ""DC-5"": 293.7391952431429}"
1007,1048,1550.8633089517357,1000,1000,0,0,1000,250,0,750,0,1000,977,23,0,135,112,23,15,0,18634.585097121555,1000,1018808,1018808,200000,200000,0,1017812,8.04815401816368,4.04811023736,4.000043761968612,-113.55532806396485,-0.013294528742320835,0.19146354496479034,0.5435062694251538,0.5353859565258026,113.88851121520996,113.89054508972168,113.89344980621338,16.584719299979042,"{""DC-1"": 270.0615358190604, ""DC-2"": 344.50222038907185, ""DC-3"": 330.9197102011641, ""DC-4"": 267.3114408520177, ""DC-5"": 338.0684016904238}"
1008,1049,1584.8440199755883,1000,1000,0,0,1000,237,0,763,0,1000,984,16,0,121,105,16,12,0,17524.941053420524,1000,1019808,1019808,200000,200000,0,1018812,8.030358523368836,3.986251658976078,4.044106873869896,-113.58257785034179,-0.017930212558247147,0.1877395212650299,0.5461972407698631,0.5353666275143624,113.92345407867431,113.93149715423584,113.92277987670899,17.071087999996962,"{""DC-1"": 354.16120616394164, ""DC-2"": 328.5365728427748, ""DC-3"": 321.25606750022126, ""DC-4"": 280.5645573952901, ""DC-5"": 300.32561607335924}"
1009,1050,1633.6712355959899,1000,1000,0,0,1000,268,0,732,0,1000,989,11,0,128,117,11,15,0,16168.522640378935,1000,1020808,1020808,200000,200000,0,1019812,7.953030624508858,3.98301982074976,3.970010786652565,-113.52506326293945,-0.015572712072171271,0.18480132520198822,0.544530253648758,0.5352607797980309,113.86014391326904,113.86599502563476,113.86216960144043,15.719825999985915,"{""DC-1"": 333.68961747336095, ""DC-2"": 380.64182440726256, ""DC-3"": 351.0679248336388, ""DC-4"": 262.96903866042015, ""DC-5"": 305.30283022130885}"
1010,1051,1543.817574643997,1000,1000,0,0,1000,260,0,740,0,1000,973,27,0,150,123,27,16,0,15067.977692795272,1000,1021808,1021808,200000,200000,0,1020812,8.364494441747665,4.3026965056657795,4.061797923445702,-113.62854440307618,-0.00356398008344695,0.18393178284168243,0.537594936311245,0.5353500081300735,113.96438218688965,113.96720282745362,113.97461253356934,16.22437660000287,"{""DC-1"": 330.3275120150348, ""DC-2"": 301.6218707851708, ""DC-3"": 353.24537500211153, ""DC-4"": 257.77799774773723, ""DC-5"": 300.84481909394185}"
1011,1052,1582.4502502711853,1000,1000,0,0,1000,243,0,757,0,1000,986,14,0,127,113,14,14,0,16401.655048066626,1000,1022808,1022808,200000,200000,0,1021812,7.91308438372612,3.9247727257013323,3.9883116696476937,-113.66585446929932,-0.005004605684895068,0.18312056362628937,0.5382409534454345,0.5353662690520287,114.01392575073243,114.01292820739747,114.01559477233887,15.697030499984976,"{""DC-1"": 312.76745423031866, ""DC-2"": 315.5912246969276, ""DC-3"": 330.96710388318337, ""DC-4"": 312.949180575621, ""DC-5"": 310.1752868851341}"
1012,1053,1538.2215946568297,1001,1001,0,0,1001,237,1,763,0,1000,975,25,0,123,98,25,19,0,15744.777738285662,1000,1023809,1023809,200000,200000,0,1022812,8.078518677949905,3.9921212045550347,4.086397459447384,-113.5747027206421,0.010816148196347058,0.18512104451656342,0.5289497251808644,0.5353031719326973,113.91236195373536,113.92079080200196,113.9203921585083,15.57036860001972,"{""DC-1"": 350.4309409776177, ""DC-2"": 290.75106777635426, ""DC-3"": 294.67838689197083, ""DC-4"": 271.5601948411853, ""DC-5"": 330.8010041697031}"
1013,1054,1563.0670178901244,1001,1001,0,0,1001,240,1,760,0,1000,980,20,0,146,126,20,22,0,14613.472771431134,1000,1024810,1024810,200000,200000,0,1023812,8.049356870412826,4.055922847926617,3.993434017300606,-113.66786190795898,-0.0037990327388979493,0.18443986773490906,0.5376600381433964,0.5354099655151368,114.00923780059814,114.00582501983642,114.00375146484375,15.618913399986923,"{""DC-1"": 370.5732916872632, ""DC-2"": 288.43941039521, ""DC-3"": 310.69122667642915, ""DC-4"": 260.1372996726731, ""DC-5"": 333.2257894585514}"
1014,1055,1614.9490450721441,1000,1000,0,0,1000,226,0,774,0,1000,992,8,0,96,88,8,12,0,15594.668293578743,1000,1025810,1025810,200000,200000,0,1024812,8.381435000181199,4.216423773944378,4.16501123559475,-113.65809811401367,0.005065015721600502,0.18531635403633118,0.5324707239866256,0.535391715824604,114.00346021270752,114.0026124420166,114.00356175994872,15.42516370001249,"{""DC-1"": 326.9573079909157, ""DC-2"": 335.977370476417, ""DC-3"": 328.29622120058684, ""DC-4"": 294.39794209664245, ""DC-5"": 329.3202033075816}"
1015,1056,1547.3983050315749,1001,1001,0,0,1001,252,1,748,0,1000,974,26,0,143,117,26,19,0,13527.307241864135,1000,1026811,1026811,200000,200000,0,1025812,8.245260122776031,4.173073853433132,4.072186268031597,-113.67049826812745,-0.010635778448544443,0.18352709710597992,0.5417196610569954,0.5354406371712684,114.02080564880372,114.01985740661621,114.00840309143067,15.417252800019924,"{""DC-1"": 381.9849504894343, ""DC-2"": 337.72792243518313, ""DC-3"": 258.89092232209214, ""DC-4"": 247.98982616462038, ""DC-5"": 320.8046836202457}"
1016,1057,1608.3330230099075,1000,1000,0,0,1000,259,0,741,0,1000,985,15,0,131,116,15,18,0,14589.537220416008,1000,1027811,1027811,200000,200000,0,1026812,8.700064777612686,4.432187638401985,4.267877117753029,-113.64719477081299,0.0031381938485428693,0.1838422566652298,0.533468745470047,0.5352601975798607,113.99355616760253,113.99718807983399,113.99175157165527,15.54514860000927,"{""DC-1"": 356.4526858479041, ""DC-2"": 328.5231379972955, ""DC-3"": 341.33987024026544, ""DC-4"": 261.1158745736725, ""DC-5"": 320.90145435076903}"
1017,1058,1625.4302283460813,1000,1000,0,0,1000,250,0,750,0,1000,990,10,0,137,127,10,11,0,10545.585097121555,1000,1028811,1028811,200000,200000,0,1027812,8.065522755146027,4.079312899470329,3.986209818959236,-113.75673753356934,-0.017403739022091032,0.18064208328723907,0.5455591627359391,0.5352909505963326,114.10118914031982,114.10290495300293,114.10558264160156,15.76061060000211,"{""DC-1"": 388.1255514735765, ""DC-2"": 357.9936882731834, ""DC-3"": 312.2615350434302, ""DC-4"": 265.0205560218828, ""DC-5"": 302.0288975340085}"
1018,1059,1576.5081714693754,1000,1000,0,0,1000,247,0,753,0,1000,982,18,0,146,128,18,17,0,16292.66422412658,1000,1029811,1029811,200000,200000,0,1028812,8.867035803079606,4.516331655085087,4.350704147696495,-113.73474548339844,0.0027831191290169956,0.18104101717472076,0.5338245201408863,0.5353546629548073,114.09085534667969,114.07973492431641,114.0876410598755,15.836932799982606,"{""DC-1"": 300.28589537707614, ""DC-2"": 326.8802905004781, ""DC-3"": 338.1083178446853, ""DC-4"": 277.2126821762091, ""DC-5"": 334.02098557092665}"
1019,1060,1574.1729563235558,1000,1000,0,0,1000,258,0,742,0,1000,978,22,0,143,121,22,16,0,16628.971312032176,1000,1030811,1030811,200000,200000,0,1029812,8.35223726439476,4.178515228331089,4.173722042798996,-113.66092752838135,0.003796613048296422,0.18188953399658203,0.5330834484100342,0.5353444222807884,114.02167971801758,114.02155403137208,114.02659625244141,15.368942999979481,"{""DC-1"": 309.5614053252223, ""DC-2"": 367.6266346953195, ""DC-3"": 354.9782990587378, ""DC-4"": 221.87024506154768, ""DC-5"": 320.1363721827275}"
1020,1061,1624.6423385714018,1000,1000,0,0,1000,240,0,760,0,1000,991,9,0,131,122,9,13,0,12626.06914035065,1000,1031811,1031811,200000,200000,0,1030812,8.695683890581131,4.366464582026005,4.32921929860115,-113.59821573638916,0.00015377548336982728,0.1819307804107666,0.5351975069046021,0.5352851625680923,113.95478979492188,113.9527995147705,113.95310928344726,15.803601999999955,"{""DC-1"": 374.9409664022917, ""DC-2"": 335.35094900400907, ""DC-3"": 336.1846550130373, ""DC-4"": 257.24790000295656, ""DC-5"": 320.91786814910864}"
1021,1062,1559.9040834862503,1000,1000,0,0,1000,268,0,732,0,1000,977,23,0,169,146,23,16,0,13582.304251132433,1000,1032811,1032811,200000,200000,0,1031812,8.221387503147126,4.0556667518615725,4.16572075521946,-113.66488861846923,-0.010928808792494237,0.17987996339797974,0.5419664949476719,0.5354932342767715,114.01247377777099,114.0110654373169,114.0169139251709,15.38481459999457,"{""DC-1"": 361.6656658549459, ""DC-2"": 298.74857553002744, ""DC-3"": 295.65843285907005, ""DC-4"": 308.37947396216623, ""DC-5"": 295.45193528004165}"
1022,1063,1590.552899440427,1000,1000,0,0,1000,256,0,744,0,1000,983,17,0,129,112,17,17,0,15154.059443257227,1000,1033811,1033811,200000,200000,0,1032812,8.352255117893218,4.180300591111183,4.17195454198122,-113.58831739807128,0.0007899827789515257,0.17994363605976105,0.5349432501494884,0.5353822117447853,113.93891223144531,113.93606331634521,113.93550688171386,15.40934370001196,"{""DC-1"": 356.4861853359861, ""DC-2"": 318.2442668128551, ""DC-3"": 278.89291642751397, ""DC-4"": 298.6972442726195, ""DC-5"": 338.2322865914524}"
1023,1064,1490.1480265885361,1000,1000,0,0,1000,267,0,733,0,1000,962,38,0,139,101,38,19,0,16964.58275180134,1000,1034811,1034811,200000,200000,0,1033812,8.008719817876816,4.033504554450512,3.97521525734663,-113.62816722106933,0.007177255904302001,0.18153628706932068,0.5311426241993904,0.5353963104486466,113.96025854492187,113.96611289215087,113.96379263305664,16.49125429999549,"{""DC-1"": 332.8225379236505, ""DC-2"": 243.1030430980569, ""DC-3"": 331.8154787216988, ""DC-4"": 237.66867342734966, ""DC-5"": 344.7382934177793}"
1024,1065,1514.0013305174682,1000,1000,0,0,1000,247,0,753,0,1000,969,31,0,142,111,31,16,0,13577.92116847595,1000,1035811,1035811,200000,200000,0,1034812,8.356017614364625,4.190317248106003,4.165700359225273,-113.74369564056397,0.00651840625051409,0.18282096087932587,0.5315842335820198,0.535363657772541,114.0897055053711,114.09077531433105,114.0849419708252,15.677826299972367,"{""DC-1"": 354.37997167723614, ""DC-2"": 266.35164666255633, ""DC-3"": 288.8283763894349, ""DC-4"": 277.27688152911, ""DC-5"": 327.1644542591315}"
1025,1066,1506.6183222744078,1000,1000,0,0,1000,245,0,755,0,1000,968,32,0,138,106,32,29,0,15584.526109882956,1000,1036811,1036811,200000,200000,0,1035812,8.272109995007515,4.281741315603257,3.9903686970472334,-113.5772785949707,-0.0015525610111653805,0.18222197890281677,0.5362759262025356,0.5353101981282234,113.93414928436279,113.93477406311035,113.93118138122558,15.8135097999766,"{""DC-1"": 346.11323610515586, ""DC-2"": 214.16205896290404, ""DC-3"": 379.51278369666227, ""DC-4"": 222.5272797696551, ""DC-5"": 344.302963740032}"
1026,1067,1596.0203323602527,1000,1000,0,0,1000,245,0,755,0,1000,986,14,0,142,128,14,18,0,17472.208944172387,1000,1037811,1037811,200000,200000,0,1036812,8.201246252775192,4.149318830013275,4.051927402496338,-113.36228134918213,0.009040353265125305,0.1841001957654953,0.5300885416269302,0.5354385951161384,113.71962716674804,113.71899730682372,113.72401355743408,16.728979400009848,"{""DC-1"": 371.7434094107044, ""DC-2"": 310.36027517214615, ""DC-3"": 293.2004154627122, ""DC-4"": 273.4567751393974, ""DC-5"": 347.2594571752925}"
1027,1068,1514.8601530355872,1000,1000,0,0,1000,245,0,755,0,1000,969,31,0,136,105,31,19,0,18551.30425113243,1000,1038811,1038811,200000,200000,0,1037812,8.269705498218537,4.199051307916641,4.070654188811779,-113.30587679290771,0.014434514040593057,0.18708708882331848,0.5269079727530479,0.535454322218895,113.66497802734375,113.65813523864746,113.66122048950196,15.402868100005435,"{""DC-1"": 384.182546792493, ""DC-2"": 208.87480965381405, ""DC-3"": 319.22738572018585, ""DC-4"": 275.37070561494, ""DC-5"": 327.20470525415493}"
1028,1069,1512.046341102744,1000,1000,0,0,1000,234,0,766,0,1000,972,28,0,128,100,28,17,0,14750.582751801341,1000,1039811,1039811,200000,200000,0,1038812,7.896583440780639,3.9645824213027954,3.932001025736332,-113.40334104919434,-0.005711505672428757,0.18582625687122345,0.538931471824646,0.5355140402317047,113.74265505218506,113.74672536468506,113.73970064544677,15.829432800004724,"{""DC-1"": 327.19056452004804, ""DC-2"": 302.58679821669864, ""DC-3"": 295.8985108533679, ""DC-4"": 277.44842963773755, ""DC-5"": 308.9220378748913}"
1029,1070,1573.3535260073957,1000,1000,0,0,1000,236,0,764,0,1000,983,17,0,125,108,17,19,0,15260.65940642817,1000,1040811,1040811,200000,200000,0,1039812,8.0591443567276,4.013663484156131,4.045480867862701,-113.4250902481079,-0.007825843452941626,0.1842365860939026,0.5400274280905724,0.5353474127650261,113.76640320587158,113.77160942840577,113.76389295959473,16.495018899993738,"{""DC-1"": 356.10520157452595, ""DC-2"": 299.9545285547602, ""DC-3"": 297.695515268987, ""DC-4"": 293.92038481232214, ""DC-5"": 325.67789579679965}"
1030,1071,1620.1744877863534,1000,1000,0,0,1000,231,0,769,0,1000,993,7,0,102,95,7,18,0,14333.668293578743,1000,1041811,1041811,200000,200000,0,1040812,8.145748731374741,4.080515024721622,4.065233715653419,-113.32663479614259,0.013543132585007698,0.18683236837387085,0.527411814570427,0.5353942893743515,113.6780320892334,113.6804940032959,113.68108053588867,15.844612900022184,"{""DC-1"": 341.3510548018289, ""DC-2"": 355.8412636017551, ""DC-3"": 355.8069919605149, ""DC-4"": 270.0785826420842, ""DC-5"": 297.09659478017085}"
1031,1072,1577.443518613415,1000,1000,0,0,1000,250,0,750,0,1000,980,20,0,128,108,20,14,0,14141.825137710013,1000,1042811,1042811,200000,200000,0,1041812,8.32155189037323,4.298394877672195,4.02315701007843,-113.3442911529541,-0.00401028644060716,0.18600592017173767,0.5379433851242066,0.5355566258430481,113.69698722839355,113.69493510437012,113.69022987365723,15.994693999993615,"{""DC-1"": 347.2311112238034, ""DC-2"": 296.652286861731, ""DC-3"": 348.8341681665083, ""DC-4"": 243.4763253531921, ""DC-5"": 341.2496270081789}"
1032,1073,1595.3191908589179,1000,1000,0,0,1000,249,0,751,0,1000,985,15,0,113,98,15,19,0,15799.006324376553,1000,1043811,1043811,200000,200000,0,1042812,8.442755414962768,4.3461962025165555,4.096559236586094,-113.14603164672852,-0.0023704426465556024,0.18561385571956635,0.5367120189666748,0.5353090542554856,113.50910572052003,113.51474150848388,113.50922846984864,16.57670859998325,"{""DC-1"": 325.187541676911, ""DC-2"": 343.29703454276415, ""DC-3"": 323.8845350458416, ""DC-4"": 289.1748963937081, ""DC-5"": 313.77518319969306}"
1033,1074,1605.0154677884582,1000,1000,0,0,1000,258,0,742,0,1000,986,14,0,127,113,14,11,0,16284.006324376553,1000,1044811,1044811,200000,200000,0,1043812,7.743773834943771,3.8959513860940933,3.8478224637508394,-113.27154541778565,0.00334705463424325,0.18614237010478973,0.5333917083144188,0.5353082925677299,113.62563204956055,113.62074098968506,113.62133766937256,15.464622500003316,"{""DC-1"": 336.99210149326905, ""DC-2"": 325.8430748292231, ""DC-3"": 331.59388208789414, ""DC-4"": 295.3345547301901, ""DC-5"": 315.25185464788234}"
1034,1075,1546.3602536523838,1000,1000,0,0,1000,235,0,765,0,1000,978,22,0,130,108,22,14,0,16142.946239131636,1000,1045811,1045811,200000,200000,0,1044812,8.092688662290573,4.112517043292522,3.9801716294884684,-113.27904384613038,0.002977799853309989,0.18672554194927216,0.533695941478014,0.5354240818023681,113.63068688201905,113.62931104278564,113.63386309814453,15.408291800005827,"{""DC-1"": 346.51118874947986, ""DC-2"": 286.9641810171446, ""DC-3"": 309.7967014069997, ""DC-4"": 280.8565578061317, ""DC-5"": 322.23162467263086}"
1035,1076,1598.2202447199943,1000,1000,0,0,1000,221,0,779,0,1000,990,10,0,114,104,10,18,0,14509.056612059561,1000,1046811,1046811,200000,200000,0,1045812,8.011533258676529,4.048690898478031,3.9628423557281494,-113.13340128326416,0.006626964683178812,0.18838918209075928,0.531383124768734,0.5353906351923943,113.49129233551025,113.48582656097412,113.49003617858887,16.41550209998968,"{""DC-1"": 368.73561448220204, ""DC-2"": 320.4339386838458, ""DC-3"": 341.960674624705, ""DC-4"": 281.0360953073323, ""DC-5"": 286.05392162190935}"
1036,1077,1589.3143493555472,1000,1000,0,0,1000,266,0,734,0,1000,983,17,0,161,144,17,18,0,15862.655048066626,1000,1047811,1047811,200000,200000,0,1046812,7.8948507549762725,4.028664663016796,3.8661861073970796,-113.1009465713501,0.013154312590602785,0.19087710976600647,0.5275851549208164,0.5354123155474663,113.4476143951416,113.45524182128906,113.4474729309082,15.487721000012243,"{""DC-1"": 356.6898154936728, ""DC-2"": 295.45764555671633, ""DC-3"": 390.36875087903957, ""DC-4"": 289.4391499279144, ""DC-5"": 257.3589874982057}"
1037,1078,1638.4601591871942,1000,1000,0,0,1000,250,0,750,0,1000,993,7,0,104,97,7,12,0,13883.369817868243,1000,1048811,1048811,200000,200000,0,1047812,8.122197796583176,4.153985566854477,3.968212225317955,-113.13645320892334,-0.0016747854454442859,0.1904638409614563,0.5363835620284081,0.5352841641306877,113.48089836120606,113.48481970214844,113.48190838623047,15.733608799986541,"{""DC-1"": 353.0373107957773, ""DC-2"": 341.6904239653385, ""DC-3"": 332.85776855677074, ""DC-4"": 275.3011744847854, ""DC-5"": 335.57348138452255}"
1038,1079,1625.2564213156725,1000,1000,0,0,1000,242,0,758,0,1000,993,7,0,115,108,7,16,0,16685.8335844607,1000,1049811,1049811,200000,200000,0,1048812,7.994836765289307,4.020432413756847,3.974404358446598,-113.1930158996582,-0.001988702594768256,0.19006620347499847,0.5366130135953426,0.5354680567979813,113.53517776489258,113.53932475280762,113.53046159362793,16.334658899984788,"{""DC-1"": 347.0731671103418, ""DC-2"": 319.63227913846106, ""DC-3"": 350.8072714306839, ""DC-4"": 297.1315723564833, ""DC-5"": 310.61213127970206}"
1039,1080,1575.1481598450516,1000,1000,0,0,1000,232,0,768,0,1000,982,18,0,121,103,18,18,0,13338.719005069728,1000,1050811,1050811,200000,200000,0,1049812,7.522976345539093,3.830913407564163,3.6920629414319994,-113.04462295532227,0.002082882680930197,0.1906287968158722,0.5341624784767628,0.535424614906311,113.3839485321045,113.38260424041748,113.38659118652343,15.777355100028217,"{""DC-1"": 320.3303284472941, ""DC-2"": 335.77298105975024, ""DC-3"": 329.7602893333457, ""DC-4"": 265.82409146329275, ""DC-5"": 323.46046954136926}"
1040,1081,1559.2695296225158,1000,1000,0,0,1000,240,0,760,0,1000,979,21,0,139,118,21,25,0,14849.977692795272,1000,1051811,1051811,200000,200000,0,1050812,8.522821009755134,4.316980772852897,4.20584022128582,-113.18285249328613,-0.012045380305498838,0.18801099061965942,0.5426792853474617,0.5353141450881957,113.52601296997071,113.52950981903076,113.52578978729248,15.483759700000519,"{""DC-1"": 367.2203749576701, ""DC-2"": 329.7711635136448, ""DC-3"": 290.88314843863935, ""DC-4"": 254.45839793776815, ""DC-5"": 316.93644477479506}"
1041,1082,1573.93038706857,1000,1000,0,0,1000,234,0,766,0,1000,983,17,0,115,98,17,19,0,13230.894113301132,1000,1052811,1052811,200000,200000,0,1051812,7.888927366733551,4.015779908776283,3.873147464454174,-113.0985629119873,0.004055490533355624,0.18860210478305817,0.5330756154954434,0.535405179977417,113.44587614440918,113.44159503173829,113.44702406311035,15.655962699995143,"{""DC-1"": 329.55246330254465, ""DC-2"": 341.47838777829065, ""DC-3"": 329.77303005784654, ""DC-4"": 258.88507714729394, ""DC-5"": 314.24142878259477}"
1042,1083,1581.7882841838757,1000,1000,0,0,1000,252,0,748,0,1000,981,19,0,137,118,19,12,0,18347.479129232237,1000,1053811,1053811,200000,200000,0,1052812,8.164727280378342,4.203033229708671,3.961694030940533,-113.05828805541992,0.007749700564425439,0.1903400719165802,0.5307222419977188,0.5353870128393173,113.40650004577637,113.40384663391113,113.40021033477784,15.441105700010667,"{""DC-1"": 374.74543107382607, ""DC-2"": 323.1746862560036, ""DC-3"": 310.4046160675902, ""DC-4"": 245.85402487515023, ""DC-5"": 327.60952591130473}"
1043,1084,1579.5124279895053,1000,1000,0,0,1000,252,0,748,0,1000,981,19,0,120,101,19,16,0,14266.194896583373,1000,1054811,1054811,200000,200000,0,1053812,8.357752907514572,4.278901816248894,4.078851088523865,-113.08040433502197,-0.018427821887191383,0.18684236705303192,0.5464064545333386,0.5353596997857094,113.42835311889648,113.43257528686523,113.43272646331788,15.91809180000564,"{""DC-1"": 383.8228971042959, ""DC-2"": 292.9932442196053, ""DC-3"": 300.5064820725352, ""DC-4"": 268.2233277324477, ""DC-5"": 333.96647686062045}"
1044,1085,1561.1851331343685,1000,1000,0,0,1000,250,0,750,0,1000,979,21,0,134,113,21,28,0,16817.363196113205,1000,1055811,1055811,200000,200000,0,1054812,8.04308922958374,4.079232614934444,3.963856653034687,-113.07039820861816,0.0013632649173960089,0.18707646429538727,0.5347937760651111,0.535538878262043,113.41599016571045,113.41314742279053,113.42220371246339,15.476065800001379,"{""DC-1"": 377.4712270554346, ""DC-2"": 319.7420105096771, ""DC-3"": 269.62313047511265, ""DC-4"": 290.1643447025076, ""DC-5"": 304.1844203916375}"
1045,1086,1579.2542341371584,1000,1000,0,0,1000,235,0,765,0,1000,985,15,0,136,121,15,23,0,13468.89009986437,1000,1056811,1056811,200000,200000,0,1055812,7.717169060468674,3.7839281754493714,3.9332408667206766,-113.08380500793457,0.008719837673008442,0.1888267993927002,0.5303949948251248,0.5355821555256843,113.42085130310059,113.42353356170655,113.41903733062745,15.694096699997317,"{""DC-1"": 356.99745531195043, ""DC-2"": 323.1138590875497, ""DC-3"": 317.4528386918525, ""DC-4"": 278.24306002117413, ""DC-5"": 303.4470210246312}"
1046,1087,1532.641559201153,1000,1000,0,0,1000,250,0,750,0,1000,973,27,0,124,97,27,18,0,14327.02089468451,1000,1057811,1057811,200000,200000,0,1056812,7.571705627441406,3.768147728085518,3.803557904064655,-113.19743411254883,0.011102979729883373,0.19110272824764252,0.5286826278269291,0.5353489447236061,113.5224066696167,113.52517903900147,113.52507151794434,15.591862799978117,"{""DC-1"": 320.4211631995876, ""DC-2"": 354.72170628964574, ""DC-3"": 247.28356909758435, ""DC-4"": 271.6561029749722, ""DC-5"": 338.5590176393641}"
1047,1088,1541.4711603196185,1000,1000,0,0,1000,232,0,768,0,1000,977,23,0,129,106,23,17,0,14564.006324376553,1000,1058811,1058811,200000,200000,0,1057812,7.279437379360199,3.628794398903847,3.6506429642438887,-113.29576972961426,0.0028267490055877715,0.19184133410453796,0.5335171273648739,0.5352296558618546,113.61718398284913,113.62016333770752,113.62462078094482,15.45357359998161,"{""DC-1"": 334.81327018244406, ""DC-2"": 271.4463052987009, ""DC-3"": 329.3226858343919, ""DC-4"": 292.8517707461728, ""DC-5"": 313.0371282579103}"
1048,1089,1560.7443879627397,1000,1000,0,0,1000,248,0,752,0,1000,980,20,0,131,111,20,18,0,15172.905851802296,1000,1059811,1059811,200000,200000,0,1058812,8.120633833408355,4.015765905439854,4.104867944478989,-113.39287590026855,0.0016435575098730623,0.1920996755361557,0.534467518210411,0.5353861299157142,113.72405040740966,113.7298304977417,113.73440564727784,15.530891800008249,"{""DC-1"": 367.9199203276669, ""DC-2"": 295.8241634759208, ""DC-3"": 287.95214641024006, ""DC-4"": 278.14467422370615, ""DC-5"": 330.90348352520454}"
1049,1090,1572.9563415593218,1000,1000,0,0,1000,241,0,759,0,1000,982,18,0,130,112,18,13,0,15875.360164026679,1000,1060811,1060811,200000,200000,0,1059812,8.216226540088654,4.0458974006176,4.170329150259494,-113.31143657684326,0.007401261841412633,0.19365878403186798,0.5308058323562145,0.5353814878463745,113.65092578125,113.64807306671142,113.64440658569336,15.466474399989238,"{""DC-1"": 367.61113430231006, ""DC-2"": 312.4688391818345, ""DC-3"": 311.75782129411664, ""DC-4"": 300.5010421737066, ""DC-5"": 280.61750460735334}"
1050,1091,1589.631269115504,1000,1000,0,0,1000,253,0,747,0,1000,983,17,0,121,104,17,14,0,16039.209670583205,1000,1061811,1061811,200000,200000,0,1060812,7.898624865055084,3.9087661594748497,3.989858700454235,-113.532161277771,0.009583646566607058,0.19580063223838806,0.5295507407486438,0.5353941816687584,113.86853817749024,113.86376122283936,113.87054119873046,15.431174199999077,"{""DC-1"": 379.68127147390874, ""DC-2"": 332.6532541286751, ""DC-3"": 278.42551174687196, ""DC-4"": 279.04555727870746, ""DC-5"": 319.82567448734085}"
1051,1092,1498.3439889218516,1000,1000,0,0,1000,247,0,753,0,1000,966,34,0,146,112,34,15,0,16652.946239131634,1000,1062811,1062811,200000,200000,0,1061812,7.941704371213913,3.9666879755854607,3.975016395866871,-113.42537680053711,-0.005915012122597546,0.19442647695541382,0.5390181994736195,0.5353464619517326,113.75315878295899,113.76802005004883,113.75913885498046,15.397335499990731,"{""DC-1"": 314.50152608494574, ""DC-2"": 332.8989079631533, ""DC-3"": 318.71187081322944, ""DC-4"": 248.97393869637781, ""DC-5"": 283.25774536414605}"
1052,1093,1511.0409756676358,1000,1000,0,0,1000,245,0,755,0,1000,967,33,0,113,80,33,27,0,13868.719005069728,1000,1063811,1063811,200000,200000,0,1062812,7.887713631749153,3.8829197813272476,4.004793850660324,-113.50809502410888,0.0025904631721787156,0.19477492570877075,0.5339438405036926,0.5354593031406403,113.83737803649902,113.84210655975342,113.8401388092041,15.609601400006795,"{""DC-1"": 343.7332878449812, ""DC-2"": 239.24871219221455, ""DC-3"": 339.01330472142513, ""DC-4"": 268.494842324888, ""DC-5"": 320.5508285841283}"
1053,1094,1617.5497962752584,1000,1000,0,0,1000,250,0,750,0,1000,989,11,0,125,114,11,20,0,13134.9356760103,1000,1064811,1064811,200000,200000,0,1063812,8.151990614652634,4.048741622328758,4.103249000549316,-113.50765985870362,-0.0032172272936441004,0.19426311552524567,0.5374366267025471,0.5354670742750168,113.84056446838379,113.84475888824463,113.84437561035156,15.940369600022677,"{""DC-1"": 381.039947948406, ""DC-2"": 354.17038852084454, ""DC-3"": 326.92565144519085, ""DC-4"": 285.20268775886575, ""DC-5"": 270.21112060195196}"
1054,1095,1587.6692350190876,1000,1000,0,0,1000,224,0,776,0,1000,987,13,0,114,101,13,19,0,17089.404459585574,1000,1065811,1065811,200000,200000,0,1064812,7.8980668810606005,3.9534546892046927,3.9446121886968615,-113.49745556640624,0.001641879253089428,0.19452187418937683,0.5344912608861924,0.5354367121458053,113.82690165710449,113.83761409759522,113.83333547973633,15.576160299999174,"{""DC-1"": 366.4519526825753, ""DC-2"": 315.62244815069454, ""DC-3"": 347.03514447452045, ""DC-4"": 263.0650081848205, ""DC-5"": 295.49468152647614}"
1055,1096,1597.7836262467504,1000,1000,0,0,1000,243,0,757,0,1000,986,14,0,120,106,14,17,0,15524.479129232237,1000,1066811,1066811,200000,200000,0,1065812,8.355418761014938,4.2081105234026905,4.147308230161667,-113.32418106842042,-0.01027404682012275,0.19244103133678436,0.541577078461647,0.5353616138100624,113.68025144195556,113.67632223510742,113.68403887939454,15.637847499980126,"{""DC-1"": 357.2966164996451, ""DC-2"": 300.82083071681933, ""DC-3"": 355.49332206099285, ""DC-4"": 272.66500903202916, ""DC-5"": 311.507847937264}"
1056,1097,1564.7829567457911,1000,1000,0,0,1000,243,0,757,0,1000,980,20,0,140,120,20,15,0,13120.56364661451,1000,1067811,1067811,200000,200000,0,1066812,8.082860988378524,4.044889015316963,4.037971968054771,-113.47345135498047,-0.004961077455896884,0.19148582220077515,0.5384631599783898,0.5354060844779015,113.81717204284668,113.81686695861816,113.81952722930909,15.464222499984317,"{""DC-1"": 350.194000020936, ""DC-2"": 327.12418565344666, ""DC-3"": 368.88403144072583, ""DC-4"": 227.0773989007647, ""DC-5"": 291.50334072991797}"
1057,1098,1599.9669484484298,1000,1000,0,0,1000,243,0,757,0,1000,986,14,0,141,127,14,15,0,13727.537220416008,1000,1068811,1068811,200000,200000,0,1067812,7.968594137549401,4.045051210105419,3.923542911052704,-113.38465419769287,0.004148280627094209,0.1922789216041565,0.5329968847632408,0.5354992075562477,113.72819844818115,113.72425130462646,113.72185358428955,15.428384800005006,"{""DC-1"": 390.1973803920314, ""DC-2"": 308.8527335414919, ""DC-3"": 337.3402940144849, ""DC-4"": 252.93522685355512, ""DC-5"": 310.64131364686733}"
1058,1099,1570.1510156975528,1000,1000,0,0,1000,225,0,775,0,1000,984,16,0,121,105,16,12,0,13385.69525948157,1000,1069811,1069811,200000,200000,0,1068812,8.511728685379028,4.156659163832664,4.355069520115852,-113.43512815093995,-0.003448990263044834,0.19152985513210297,0.5376293602585792,0.5354601477384567,113.77953047943116,113.7806999206543,113.77577973937989,15.434833200008143,"{""DC-1"": 325.94781222578735, ""DC-2"": 279.19199062515554, ""DC-3"": 361.90543585801635, ""DC-4"": 291.96023100294474, ""DC-5"": 311.145545985649}"
1059,1100,1548.3677030852348,1000,1000,0,0,1000,253,0,747,0,1000,974,26,0,126,100,26,13,0,15900.412259097022,1000,1070811,1070811,200000,200000,0,1069812,8.937963787078857,4.4176795409917835,4.520284239768982,-113.21360761260986,-0.0015791533514857292,0.1911667436361313,0.5365077134072781,0.5355218896865844,113.57649761962891,113.57597189331055,113.57343399047852,15.536296600010246,"{""DC-1"": 352.76381767971895, ""DC-2"": 288.1803640403102, ""DC-3"": 328.58533497642, ""DC-4"": 269.5780181483757, ""DC-5"": 309.26016824041017}"
1060,1101,1567.1815813825228,1000,1000,0,0,1000,241,0,759,0,1000,981,19,0,126,107,19,14,0,14071.56364661451,1000,1071811,1071811,200000,200000,0,1070812,8.486968124389648,4.232416307210922,4.2545518234968185,-113.20934962463379,0.01199357652431354,0.1936354786157608,0.52828285202384,0.5355847591161728,113.5639506072998,113.55891825866699,113.55980054473876,15.513460399990436,"{""DC-1"": 332.1927756377354, ""DC-2"": 309.4118307509757, ""DC-3"": 339.59335077028766, ""DC-4"": 272.3033635576537, ""DC-5"": 313.68026066587237}"
1061,1102,1601.3045015381786,1001,1001,0,0,1001,256,1,744,0,1000,985,15,0,144,129,15,15,0,18836.063138366728,1004,1072812,1072812,200000,200000,0,1071816,8.268329208590595,4.106245214364443,4.162084003249962,-113.30503949321124,-0.0041554981696074345,0.19279862940311432,0.5380654908212058,0.5355300580956547,113.65662775381628,113.65720921398633,113.65735581386612,15.42980880002142,"{""DC-1"": 338.3608468200145, ""DC-2"": 327.71746470350917, ""DC-3"": 354.3119697530476, ""DC-4"": 272.7890968472759, ""DC-5"": 308.1251234143331}"
1062,1103,1575.0867515171005,1000,1000,0,0,1000,242,0,758,0,1000,982,18,0,136,118,18,24,0,13470.23963281584,1000,1073812,1073812,200000,200000,0,1072816,7.596372568607331,3.8301363426446913,3.766236215889454,-113.33800891876221,-0.004321240579243749,0.19199423491954803,0.5379988763928414,0.5353758138418198,113.6819935913086,113.68358921051025,113.67418546295166,15.360997899988433,"{""DC-1"": 378.3539229779792, ""DC-2"": 326.6116262675957, ""DC-3"": 295.575662817242, ""DC-4"": 288.10781962661605, ""DC-5"": 286.4377198276681}"
1063,1104,1580.8465102031116,1000,1000,0,0,1000,235,0,765,0,1000,984,16,0,135,119,16,15,0,15926.05007181681,1000,1074812,1074812,200000,200000,0,1073816,8.04564631652832,4.1104637658596035,3.935182553291321,-113.35901596832275,0.010519331958144904,0.19424374401569366,0.5290681558847428,0.5353777120113373,113.70599494934082,113.71046125793457,113.71151979827881,15.385806899983436,"{""DC-1"": 335.9185832931772, ""DC-2"": 283.03057496032176, ""DC-3"": 367.7613199924424, ""DC-4"": 261.3008884444108, ""DC-5"": 332.83514351275954}"
1064,1105,1624.230512099491,1000,1000,0,0,1000,254,0,746,0,1000,990,10,0,123,113,10,15,0,15502.56530962861,1000,1075812,1075812,200000,200000,0,1074816,8.492651494979858,4.248869230628014,4.243782263636589,-113.41690281677246,-0.004605755427386612,0.19319114089012146,0.5383692072927951,0.5354581884741784,113.76831316375733,113.76812801361083,113.75598900604248,15.447163500008173,"{""DC-1"": 348.4528355770692, ""DC-2"": 315.9051588710247, ""DC-3"": 347.82927670559405, ""DC-4"": 261.96176634222167, ""DC-5"": 350.08147460358003}"
1065,1106,1568.6330487047912,1000,1000,0,0,1000,234,0,766,0,1000,984,16,0,126,110,16,16,0,16175.905851802296,1000,1076812,1076812,200000,200000,0,1075816,7.916587881803513,3.907066019654274,4.0095218692421914,-113.36365123748779,-0.008766692879609763,0.19157087802886963,0.5408168511688709,0.5355026582479477,113.71451329803467,113.71410851287841,113.7168367919922,15.506965000007767,"{""DC-1"": 328.3809892455679, ""DC-2"": 291.19760732813455, ""DC-3"": 359.7221089366118, ""DC-4"": 306.748418638007, ""DC-5"": 282.5839245564721}"
1066,1107,1574.2156068317438,1000,1000,0,0,1000,252,0,748,0,1000,982,18,0,125,107,18,18,0,18427.8335844607,1000,1077812,1077812,200000,200000,0,1076816,7.414482166051864,3.790174426019192,3.6243077386021616,-113.34656136322022,-0.02324902393203229,0.18708187341690063,0.5494483651816845,0.5355040445923805,113.69210404205322,113.68797286224365,113.67907367706299,15.414190699986648,"{""DC-1"": 354.23978729654385, ""DC-2"": 334.1350707247127, ""DC-3"": 311.57296409497985, ""DC-4"": 255.00839270213635, ""DC-5"": 319.25939201337354}"
1067,1108,1586.2323400511184,1000,1000,0,0,1000,260,0,740,0,1000,982,18,0,146,128,18,14,0,14571.941053420522,1000,1078812,1078812,200000,200000,0,1077816,9.114285497903824,4.814003672838211,4.30028182297945,-113.35312758636475,-0.004989105420187116,0.18604405224323273,0.5385542237758636,0.5355909361243248,113.71667404937745,113.72132230377197,113.71214870452881,15.659699299983913,"{""DC-1"": 358.1781113782367, ""DC-2"": 307.9040991270585, ""DC-3"": 330.032244829422, ""DC-4"": 298.02054354666797, ""DC-5"": 292.0973411697336}"
1068,1109,1595.1805784694832,1000,1000,0,0,1000,243,0,757,0,1000,984,16,0,117,101,16,23,0,16358.56364661451,1000,1079812,1079812,200000,200000,0,1078816,8.18565476846695,4.193196248412132,3.992458515524864,-113.33060694885253,0.005441344386897981,0.1867830753326416,0.5321927373111248,0.5353148826956748,113.67747216033935,113.6813875656128,113.6727234802246,15.747072500002105,"{""DC-1"": 362.77937937811885, ""DC-2"": 260.8331515532562, ""DC-3"": 338.0454574865769, ""DC-4"": 289.43338603883075, ""DC-5"": 344.0892040127011}"
1069,1110,1606.2193296205587,1000,1000,0,0,1000,265,0,735,0,1000,984,16,0,140,124,16,20,0,13387.063138366728,1000,1080812,1080812,200000,200000,0,1079816,8.008215183973313,4.043870523929596,3.964344655930996,-113.22233203125,0.012081924413330853,0.18936467170715332,0.5282846678197384,0.5355392236709595,113.56574391937257,113.5661643371582,113.5610853805542,15.642139000003226,"{""DC-1"": 367.81124006461687, ""DC-2"": 330.21763933887405, ""DC-3"": 311.95098903450105, ""DC-4"": 261.7948667300746, ""DC-5"": 334.44459445249294}"
1070,1111,1589.8287237672887,1000,1000,0,0,1000,262,0,738,0,1000,985,15,0,143,128,15,24,0,14325.585097121555,1000,1081812,1081812,200000,200000,0,1080816,7.7791819949150085,3.983108560204506,3.796073439836502,-113.44870037078857,-0.002542892679106444,0.18903885781764984,0.5370412691235542,0.535492333650589,113.78936413574219,113.7816442565918,113.78237786865235,15.995874800020829,"{""DC-1"": 334.13248658727036, ""DC-2"": 341.761860749255, ""DC-3"": 357.6614577991165, ""DC-4"": 279.8432938430861, ""DC-5"": 276.42962478856043}"
1071,1112,1627.9200030435654,1000,1000,0,0,1000,248,0,752,0,1000,992,8,0,142,134,8,18,0,17916.69525948157,1000,1082812,1082812,200000,200000,0,1081816,8.543989614486694,4.336410306811333,4.20757932472229,-113.34017713165284,0.020813961021602153,0.1931774616241455,0.5229483588933944,0.5355004526972771,113.69039804077148,113.68807138061524,113.68272246551514,15.700750499992864,"{""DC-1"": 370.95390872059386, ""DC-2"": 318.6148220876791, ""DC-3"": 359.31619802104353, ""DC-4"": 280.37972630352226, ""DC-5"": 298.6553479107288}"
1072,1113,1611.2800560524815,1000,1000,0,0,1000,244,0,756,0,1000,990,10,0,134,124,10,17,0,14766.479129232237,1000,1083812,1083812,200000,200000,0,1082816,7.914860284566879,3.9755998080968857,3.9392604637145996,-113.4342845993042,0.009975733104161917,0.19526661932468414,0.5295386752486229,0.535522558093071,113.75580879974365,113.76083744812011,113.76356909942626,15.430240999994567,"{""DC-1"": 349.651013043202, ""DC-2"": 345.35475715430493, ""DC-3"": 337.902718315661, ""DC-4"": 280.83186758442775, ""DC-5"": 297.5396999548855}"
1073,1114,1560.913144669941,1000,1000,0,0,1000,239,0,761,0,1000,981,19,0,127,108,19,21,0,17453.36016402668,1000,1084812,1084812,200000,200000,0,1083816,8.111521304130553,4.042801553368569,4.068719755291939,-113.34948090362549,0.007313860728405416,0.1967814713716507,0.5309308785796165,0.5354166747331619,113.68066290283203,113.68338689422608,113.6846085281372,15.742669500003103,"{""DC-1"": 353.48012189896946, ""DC-2"": 318.1492242882158, ""DC-3"": 307.6744967731548, ""DC-4"": 258.7159507849646, ""DC-5"": 322.89335092463625}"
1074,1115,1613.0309675202136,1000,1000,0,0,1000,251,0,749,0,1000,989,11,0,130,119,11,21,0,13310.209670583205,1000,1085812,1085812,200000,200000,0,1084816,8.445058742284775,4.261112142086029,4.183946599245071,-113.2864111328125,-0.0003833173722960055,0.1968369483947754,0.5357417695224285,0.5354757544994354,113.62858716583251,113.63298332977296,113.62989228820801,15.432696400006535,"{""DC-1"": 363.06446587067194, ""DC-2"": 261.5222756780376, ""DC-3"": 369.5047141112024, ""DC-4"": 292.033455940011, ""DC-5"": 326.9060559202907}"
1075,1116,1611.5195870173952,1000,1000,0,0,1000,229,0,771,0,1000,991,9,0,102,93,9,12,0,13666.592185835698,1000,1086812,1086812,200000,200000,0,1085816,8.521493264436721,4.308893752634526,4.212599519729614,-113.42386213684082,-0.02325817833794281,0.19220896065235138,0.5496407815217972,0.5353860607743264,113.76296865844726,113.75501496887208,113.7603869934082,15.496962000004714,"{""DC-1"": 375.73173995588166, ""DC-2"": 284.8794085117907, ""DC-3"": 328.177568814092, ""DC-4"": 305.63575165747625, ""DC-5"": 317.0951180781566}"
1076,1117,1585.4674128043991,1000,1000,0,0,1000,226,0,774,0,1000,986,14,0,116,102,14,16,0,18017.461851788597,1000,1087812,1087812,200000,200000,0,1086816,8.442715749979019,4.235933579087257,4.206782159209252,-113.48491502380371,-0.00429008504608646,0.1913934051990509,0.5381735155880452,0.5354893183112145,113.82117343139649,113.82281072235108,113.8212004699707,15.405790000018897,"{""DC-1"": 379.1075395833452, ""DC-2"": 276.5817965815453, ""DC-3"": 314.165484592718, ""DC-4"": 298.8859871481003, ""DC-5"": 316.72660489868974}"
1077,1118,1516.037652891884,1000,1000,0,0,1000,256,0,744,0,1000,968,32,0,128,96,32,21,0,15055.719005069728,1000,1088812,1088812,200000,200000,0,1087816,8.334636097192764,4.155610251784324,4.1790258677005765,-113.52356385803223,-0.003959476388990879,0.19056305289268494,0.5378954928517342,0.5355332746505738,113.85529782104493,113.85487850952148,113.84232677459717,15.532505200011656,"{""DC-1"": 348.403178787236, ""DC-2"": 282.7719941458347, ""DC-3"": 308.7087729807067, ""DC-4"": 266.89692711338586, ""DC-5"": 309.2567798647213}"
1078,1119,1551.6723244870386,1000,1000,0,0,1000,227,0,773,0,1000,979,21,0,116,95,21,12,0,16584.939601407914,1000,1089812,1089812,200000,200000,0,1088816,7.983753247380257,4.068387837767601,3.9153653979301453,-113.30874284362793,-0.0027949866214767097,0.18991254270076752,0.5371739492416382,0.5354320382475853,113.65899642944336,113.65897525024414,113.66065225982666,15.614791200001491,"{""DC-1"": 342.08784436871855, ""DC-2"": 305.63654567771164, ""DC-3"": 318.6275621121964, ""DC-4"": 258.33926489025873, ""DC-5"": 326.9811074381545}"
1079,1120,1585.4044931585734,1000,1000,0,0,1000,298,0,702,0,1000,976,24,0,165,141,24,18,0,13605.240627157775,1000,1090812,1090812,200000,200000,0,1089816,8.663393157243728,4.458707492470741,4.20468565672636,-113.44164371490479,-0.00495735452324152,0.18882974982261658,0.5386604741811752,0.5356007721424103,113.79144323730469,113.78896420288086,113.78372051239013,15.535250699991593,"{""DC-1"": 352.8594888766316, ""DC-2"": 348.1599728574989, ""DC-3"": 323.352203903552, ""DC-4"": 243.27550104735832, ""DC-5"": 317.7573264735334}"
1080,1121,1621.9719726261515,1000,1000,0,0,1000,266,0,734,0,1000,987,13,0,134,121,13,17,0,16655.6076000417,1000,1091812,1091812,200000,200000,0,1090816,8.16539650630951,4.135711896121502,4.029684623956681,-113.50546291351318,-0.014708240170031786,0.18601396679878235,0.5442618741095067,0.5354809921979904,113.84357497406006,113.8523130722046,113.84627974700928,15.423872799990932,"{""DC-1"": 385.33922464519156, ""DC-2"": 341.8468349459774, ""DC-3"": 313.95398807461686, ""DC-4"": 262.9902375116479, ""DC-5"": 317.8416874487194}"
1081,1122,1602.6648657629023,1000,1000,0,0,1000,220,0,780,0,1000,990,10,0,111,101,10,17,0,13742.412259097022,1000,1092812,1092812,200000,200000,0,1091816,7.8003154779672625,3.9120255109667776,3.8882899646759035,-113.44785187530518,-0.012357383839786053,0.18365338444709778,0.5428434292972087,0.5355489745140075,113.77933543395996,113.77516232299804,113.77323399353027,15.502345000015339,"{""DC-1"": 332.13685735926776, ""DC-2"": 342.1126391168985, ""DC-3"": 355.3738554632005, ""DC-4"": 263.0730467781602, ""DC-5"": 309.96846704537654}"
1082,1123,1523.0046123762697,1000,1000,0,0,1000,230,0,770,0,1000,973,27,0,132,105,27,24,0,18983.939601407914,1000,1093812,1093812,200000,200000,0,1092816,8.191041934967041,4.060962391555309,4.130079524159432,-113.48558534240723,-0.0037361030993051827,0.18285171687602997,0.5376799095273018,0.5353963568210601,113.83802370452881,113.83591516876221,113.83304502105713,15.562362700002268,"{""DC-1"": 354.38074980126174, ""DC-2"": 330.1949531852005, ""DC-3"": 296.44885932318863, ""DC-4"": 253.68511376052086, ""DC-5"": 288.2949363060987}"
1083,1124,1519.7387613082308,1000,1000,0,0,1000,256,0,744,0,1000,970,30,0,142,112,30,15,0,16866.26161135231,1000,1094812,1094812,200000,200000,0,1093816,8.262150987386704,4.140988579630852,4.1211624248027805,-113.63634314727783,0.010567944656126201,0.18497666716575623,0.529276505857706,0.535596343934536,113.96825051116943,113.97552926635743,113.9682795791626,15.226309000019683,"{""DC-1"": 362.5142988274293, ""DC-2"": 308.28299343322055, ""DC-3"": 286.26515049240123, ""DC-4"": 259.5077560014632, ""DC-5"": 303.16856255371647}"
1084,1125,1579.7593321518189,1000,1000,0,0,1000,218,0,782,0,1000,987,13,0,111,98,13,17,0,17439.563646614508,1000,1095812,1095812,200000,200000,0,1094816,8.185038897037506,4.036148642301559,4.148890239238739,-113.61626593017579,0.008763750973157585,0.18641889095306396,0.5304059364497662,0.5355041947364807,113.9517057800293,113.95964399719239,113.94825705718993,15.351819100003922,"{""DC-1"": 333.9787999714102, ""DC-2"": 342.2052821827259, ""DC-3"": 309.16839270915676, ""DC-4"": 259.9474511474104, ""DC-5"": 334.45940614111777}"
1085,1126,1607.3308820976824,1000,1000,0,0,1000,250,0,750,0,1000,988,12,0,133,121,12,12,0,14862.859551755493,1000,1096812,1096812,200000,200000,0,1095816,8.148730671644211,4.067945218324661,4.080785455822944,-113.68683407592773,0.0011280205016955733,0.18678075075149536,0.5348466430604458,0.535517759859562,114.02391049957275,114.01646250915528,114.01952403259277,15.260859400004847,"{""DC-1"": 370.94770294659526, ""DC-2"": 284.1577875911594, ""DC-3"": 344.06269618947505, ""DC-4"": 295.6150731495444, ""DC-5"": 312.5476222209104}"
1086,1127,1623.671222421619,1000,1000,0,0,1000,264,0,736,0,1000,990,10,0,144,134,10,15,0,18554.115527215457,1000,1097812,1097812,200000,200000,0,1096816,8.189444056987762,4.118720152258873,4.070723907113075,-113.72237034606934,-0.0030438475548289715,0.18615910410881042,0.537460658967495,0.5356182034015655,114.05345819091796,114.05870307159424,114.0628274154663,15.379554999992251,"{""DC-1"": 345.4398099820397, ""DC-2"": 337.67161981780987, ""DC-3"": 332.73801922439634, ""DC-4"": 296.9915797284148, ""DC-5"": 310.8301936689591}"
1087,1128,1523.1398614203529,1000,1000,0,0,1000,260,0,740,0,1000,971,29,0,162,133,29,23,0,13941.297626136926,1000,1098812,1098812,200000,200000,0,1097816,7.589558119297028,3.822704134106636,3.7668539875149727,-113.70656953430176,-0.004921503157354891,0.1852884292602539,0.5384734578728676,0.5355495656132698,114.03240260314941,114.03993083190917,114.0409828262329,15.416424399998505,"{""DC-1"": 328.885599006879, ""DC-2"": 284.9295030656524, ""DC-3"": 303.7590996468267, ""DC-4"": 287.383251433047, ""DC-5"": 318.18240826794977}"
1088,1129,1489.1703756416382,1000,1000,0,0,1000,255,0,745,0,1000,964,36,0,156,120,36,20,0,15196.472771431134,1000,1099812,1099812,200000,200000,0,1098816,7.648509420871735,3.851731391906738,3.7967780380249025,-113.77583585357667,-0.008067504972219468,0.18364694714546204,0.5401617636084557,0.5353830446600913,114.10802865600586,114.11228750610351,114.11101956176758,15.741712099988945,"{""DC-1"": 335.6892517817702, ""DC-2"": 288.5537039847182, ""DC-3"": 222.56064617860127, ""DC-4"": 317.1975479794087, ""DC-5"": 325.1692257171398}"
1089,1130,1563.5899200055353,1000,1000,0,0,1000,252,0,748,0,1000,978,22,0,134,112,22,13,0,13556.412259097022,1000,1100812,1100812,200000,200000,0,1099816,8.452560927391053,4.208354127407074,4.244206804990768,-113.62751848602295,0.001767981057986617,0.18419387936592102,0.5345731081366539,0.5356066137552261,113.97661479949952,113.98144289398194,113.98134899902344,15.472226100013359,"{""DC-1"": 382.89306160215307, ""DC-2"": 306.7971078501012, ""DC-3"": 308.28723206244706, ""DC-4"": 283.2476871969884, ""DC-5"": 282.3648312938451}"
1090,1131,1567.893813673131,1000,1000,0,0,1000,246,0,754,0,1000,981,19,0,141,122,19,15,0,14786.021880566263,1000,1101812,1101812,200000,200000,0,1100816,7.884456968665123,3.9447311687469484,3.939725805878639,-113.58965774536132,0.00045018610591068863,0.18422546982765198,0.5352469661533833,0.5355207033157349,113.9271116027832,113.9323956451416,113.92403466033936,15.594839299999876,"{""DC-1"": 366.92372142859296, ""DC-2"": 329.73282619342507, ""DC-3"": 281.9126212575362, ""DC-4"": 284.088306146382, ""DC-5"": 305.23633864719494}"
1091,1132,1592.529001738465,1000,1000,0,0,1000,232,0,768,0,1000,985,15,0,113,98,15,17,0,14398.737969089605,1000,1102812,1102812,200000,200000,0,1101816,8.34483610844612,4.1900885887146,4.15474752342701,-113.68351821136474,-0.004898607595823706,0.18330954015254974,0.5384772245585918,0.5355723487734795,114.01667372894288,114.01494168090821,114.016455909729,15.361952199978987,"{""DC-1"": 382.4254803661018, ""DC-2"": 311.68810101579584, ""DC-3"": 323.9335005834403, ""DC-4"": 247.99140336544275, ""DC-5"": 326.49051640768494}"
1092,1133,1622.5282843874704,1000,1000,0,0,1000,259,0,741,0,1000,990,10,0,130,120,10,23,0,14401.00882912202,1000,1103812,1103812,200000,200000,0,1102816,7.5836713833808895,3.8194152072668075,3.764256169319153,-113.6550671005249,0.007494203409180045,0.18459580838680267,0.5310129354000092,0.5353501846790314,113.99129634857178,113.99118222808838,113.99076174163818,15.657325799984392,"{""DC-1"": 347.12433392399663, ""DC-2"": 303.81111419614035, ""DC-3"": 324.2586423572981, ""DC-4"": 288.8108828885885, ""DC-5"": 358.5233110214464}"
1093,1134,1609.0088200007394,1000,1000,0,0,1000,261,0,739,0,1000,987,13,0,136,123,13,24,0,15474.457996287148,1000,1104812,1104812,200000,200000,0,1103816,8.58507619190216,4.099965789794922,4.485110404312611,-113.68676876831054,0.015247187892906367,0.1876918077468872,0.5265090867578983,0.5355569670200347,114.05070816802979,114.05108933258056,114.05894226837158,15.361540800018702,"{""DC-1"": 329.8542454518325, ""DC-2"": 350.46776148729674, ""DC-3"": 322.1203383583753, ""DC-4"": 295.796852611404, ""DC-5"": 310.7696220918334}"
1094,1135,1654.5282925802871,1000,1000,0,0,1000,234,0,766,0,1000,996,4,0,122,118,4,13,0,13879.045114051349,1000,1105812,1105812,200000,200000,0,1104816,8.291947605133057,4.215826608896256,4.076121021091938,-113.5224294128418,-0.024356312156189233,0.18318964540958405,0.5497771974503994,0.535398905992508,113.87819789886474,113.88171098327636,113.8788543548584,15.33792779999203,"{""DC-1"": 379.84502464225415, ""DC-2"": 335.2987528649303, ""DC-3"": 352.09427742988555, ""DC-4"": 242.61813970410267, ""DC-5"": 344.672097939115}"
1095,1136,1571.5556310737013,1000,1000,0,0,1000,249,0,751,0,1000,979,21,0,125,104,21,17,0,14365.611497566815,1000,1106812,1106812,200000,200000,0,1105816,8.607383321166038,4.350334232449532,4.257049099087715,-113.51228686523437,-0.008578235070221126,0.1813899576663971,0.5406592512428761,0.5355199596881867,113.8662066268921,113.86391954040528,113.86402143859863,15.378400199988391,"{""DC-1"": 365.92141529126724, ""DC-2"": 331.29510298898435, ""DC-3"": 307.17179636425743, ""DC-4"": 265.5137721539493, ""DC-5"": 301.6535442752415}"
1096,1137,1589.5331071864834,1000,1000,0,0,1000,245,0,755,0,1000,985,15,0,127,112,15,16,0,15161.861207326583,1000,1107812,1107812,200000,200000,0,1106816,8.639146541357041,4.3131659007072445,4.32598061311245,-113.30067903900147,0.017808371072169392,0.1848706603050232,0.5249975616633892,0.535465671479702,113.6466524963379,113.64381169891358,113.65740726470948,15.285553399997298,"{""DC-1"": 369.2577088606544, ""DC-2"": 302.1744237379071, ""DC-3"": 335.74896979267726, ""DC-4"": 281.2307894451609, ""DC-5"": 301.1212153500841}"
1097,1138,1574.399144394558,1000,1000,0,0,1000,257,0,743,0,1000,977,23,0,129,106,23,13,0,17039.032584019293,1000,1108812,1108812,200000,200000,0,1107816,8.31965583205223,4.094520654797554,4.225135163784027,-113.17103820037842,0.027273338706232608,0.19049543142318726,0.5191712300479412,0.5354317609071731,113.53303562164307,113.53155299377441,113.52565314483643,15.378734400001122,"{""DC-1"": 408.9415755911437, ""DC-2"": 274.86843474683, ""DC-3"": 304.892479265376, ""DC-4"": 263.7332839337396, ""DC-5"": 321.963370857469}"
1098,1139,1601.4036128138068,1000,1000,0,0,1000,219,0,781,0,1000,989,11,0,105,94,11,14,0,16952.297626136926,1000,1109812,1109812,200000,200000,0,1108816,8.086682205677032,4.078455022335053,4.008227195084095,-113.168869972229,-0.017695234508253634,0.18664681911468506,0.5461136078834534,0.5354725284576416,113.52165543365479,113.51630223846436,113.51850238800048,15.75134060002165,"{""DC-1"": 380.838077449359, ""DC-2"": 333.4202738481208, ""DC-3"": 322.167050508658, ""DC-4"": 264.8691712305311, ""DC-5"": 300.1090397771375}"
1099,1140,1564.7539761261612,1000,1000,0,0,1000,235,0,765,0,1000,983,17,0,151,134,17,21,0,13861.360164026679,1000,1110812,1110812,200000,200000,0,1109816,8.59613392663002,4.33690944981575,4.259224478304386,-113.1857734375,-3.83000485599041e-05,0.1865921914577484,0.5354984948337078,0.535457556784153,113.53105520629883,113.52725651550293,113.52562949371338,15.424846099980641,"{""DC-1"": 320.3613280948857, ""DC-2"": 323.6595465608318, ""DC-3"": 353.374183399607, ""DC-4"": 301.59611322426343, ""DC-5"": 265.7628048465722}"
1100,1141,1548.8677263289985,1000,1000,0,0,1000,242,0,758,0,1000,978,22,0,140,118,22,16,0,14684.979802602304,1000,1111812,1111812,200000,200000,0,1110816,7.8620951151847835,3.938066926777363,3.9240282081961633,-113.21358866882325,-0.005016048081219197,0.1855410486459732,0.5385750012993813,0.5355166710019111,113.54346752929688,113.54261756896973,113.53827262878418,15.37667739999597,"{""DC-1"": 350.3008351560121, ""DC-2"": 305.3104278160869, ""DC-3"": 310.5250166426029, ""DC-4"": 290.9613140685437, ""DC-5"": 291.7701326457536}"
1101,1142,1565.7155046473297,1000,1000,0,0,1000,242,0,758,0,1000,979,21,0,125,104,21,20,0,15965.720011132064,1000,1112812,1112812,200000,200000,0,1111816,7.845457585334778,3.930387630403042,3.915069945216179,-113.35268912506103,-0.009273711453191936,0.18394064903259277,0.540977800488472,0.5355601891875267,113.67992806243896,113.68604423522949,113.6837643737793,15.47256640001433,"{""DC-1"": 350.606064948644, ""DC-2"": 328.0633026783568, ""DC-3"": 307.96841580392777, ""DC-4"": 279.3972581996236, ""DC-5"": 299.6804630167783}"
1102,1143,1532.749801235279,1000,1000,0,0,1000,258,0,742,0,1000,973,27,0,147,120,27,13,0,15125.188561251434,1000,1113812,1113812,200000,200000,0,1112816,8.193914495229722,4.161593378186226,4.032321129441261,-113.38883032989501,0.0012531494018621742,0.18405726552009583,0.534867107719183,0.5355509584546089,113.7179155883789,113.72981537628173,113.72160749816895,15.345039900013944,"{""DC-1"": 324.8786837491421, ""DC-2"": 314.01244961583217, ""DC-3"": 278.3979390591149, ""DC-4"": 277.3326670111055, ""DC-5"": 338.12806180008556}"
1103,1144,1575.6187676975944,1000,1000,0,0,1000,250,0,750,0,1000,982,18,0,129,111,18,17,0,17005.26161135231,1000,1114812,1114812,200000,200000,0,1113816,8.184216928005219,4.058984346389771,4.125232577264309,-113.2263065185547,-0.004827193187549711,0.18324998021125793,0.5383555526733399,0.5355709325671196,113.57376110839844,113.57821403503418,113.57411706542969,15.36264950002078,"{""DC-1"": 359.39589065690495, ""DC-2"": 330.32348910773896, ""DC-3"": 325.91297664522835, ""DC-4"": 273.09349155465395, ""DC-5"": 286.8929197330683}"
1104,1145,1542.2324963153735,1000,1000,0,0,1000,269,0,731,0,1000,972,28,0,154,126,28,28,0,15193.720011132064,1000,1115812,1115812,200000,200000,0,1114816,7.636642879962921,3.7895424301624296,3.847100457727909,-113.42106845092773,0.004862808044534176,0.1839585155248642,0.5326393580138683,0.5354216420650482,113.76248778533936,113.76881032562255,113.76735530853271,15.40758279999136,"{""DC-1"": 381.61094286907525, ""DC-2"": 322.6165897527285, ""DC-3"": 272.5714815948089, ""DC-4"": 272.84399690189576, ""DC-5"": 292.5894851968658}"
1105,1146,1571.1563263940493,1000,1000,0,0,1000,239,0,761,0,1000,981,19,0,109,90,19,18,0,15344.401029268513,1000,1116812,1116812,200000,200000,0,1115816,8.453540451526642,4.367793241500855,4.085747211873532,-113.13878666687012,-0.02632077201642096,0.17900218069553375,0.5511104900836945,0.5355908550620079,113.49695040130615,113.50123377990722,113.50536743927002,15.656015400018077,"{""DC-1"": 343.59799071623615, ""DC-2"": 286.5545402538771, ""DC-3"": 363.0309586157539, ""DC-4"": 283.3937383973029, ""DC-5"": 294.5790984108804}"
1106,1147,1610.912556181439,1000,1000,0,0,1000,269,0,731,0,1000,986,14,0,156,142,14,19,0,14692.977692795272,1000,1117812,1117812,200000,200000,0,1116816,8.773122589111328,4.5204022067785266,4.2527203702330585,-112.97384397888183,0.008851608814671636,0.18068073689937592,0.5301923534572125,0.5354024099111557,113.3453155517578,113.34897127532959,113.34473913574219,15.608222899987595,"{""DC-1"": 345.21292284449066, ""DC-2"": 378.7849906961369, ""DC-3"": 327.2527014320944, ""DC-4"": 275.28480938485353, ""DC-5"": 284.3771318238664}"
1107,1148,1548.4789009753624,1000,1000,0,0,1000,239,0,761,0,1000,977,23,0,120,97,23,22,0,15172.522640378935,1000,1118812,1118812,200000,200000,0,1117816,8.329540414571762,4.251664561390877,4.077875851273537,-112.85097924804687,0.021994859699625523,0.18466368317604065,0.5226370931863785,0.535519336104393,113.20698648834228,113.21477130126954,113.20933058166504,15.44610569998622,"{""DC-1"": 389.09344107049714, ""DC-2"": 352.53656093499876, ""DC-3"": 310.37519053720456, ""DC-4"": 227.5266992736718, ""DC-5"": 268.9470091589916}"
1108,1149,1590.1701681352679,1000,1000,0,0,1000,248,0,752,0,1000,984,16,0,120,104,16,26,0,13056.668293578743,1000,1119812,1119812,200000,200000,0,1118816,8.258348407506944,4.179066781580448,4.079281632304191,-112.78696398925781,0.008934030678123235,0.18668286502361298,0.5302060739994049,0.5356405215859413,113.1410168838501,113.14359832000733,113.14496920013428,15.708127799996873,"{""DC-1"": 347.41406105862046, ""DC-2"": 305.1637098975975, ""DC-3"": 362.82127643000524, ""DC-4"": 266.6782215182744, ""DC-5"": 308.0928992307695}"
1109,1150,1565.614174950697,1000,1000,0,0,1000,239,0,761,0,1000,980,20,0,134,114,20,29,0,15164.056612059561,1000,1120812,1120812,200000,200000,0,1119816,8.552246681928635,4.284051546692848,4.268195141077042,-112.77133358001709,0.0075843066330999135,0.187983438372612,0.5310165123343468,0.5354232617020607,113.11584851074218,113.11983290863037,113.1164633178711,15.532733100000769,"{""DC-1"": 352.1301340156911, ""DC-2"": 317.5355786814775, ""DC-3"": 266.569925668761, ""DC-4"": 298.7893026317178, ""DC-5"": 330.58923395304964}"
1110,1151,1592.2708786340122,1000,1000,0,0,1000,241,0,759,0,1000,987,13,0,134,121,13,14,0,14685.56364661451,1000,1121812,1121812,200000,200000,0,1120816,8.12592232108116,4.051531457781792,4.074390864729882,-112.95640370178222,-0.020596494463272393,0.18440158665180206,0.5477461440265179,0.5355390539765358,113.31911138916016,113.3102159729004,113.31717057800293,15.503439699998125,"{""DC-1"": 345.7497427079331, ""DC-2"": 337.36426251337093, ""DC-3"": 314.880146993412, ""DC-4"": 288.706995000081, ""DC-5"": 305.5697314192144}"
1111,1152,1546.6924887032467,1000,1000,0,0,1000,238,0,762,0,1000,976,24,0,115,91,24,17,0,14803.522145741972,1000,1122812,1122812,200000,200000,0,1121816,8.477285770893097,4.18385069000721,4.293435099720955,-112.62038562011719,0.0013637143429368734,0.1841742992401123,0.5347031128406524,0.5354040409326554,112.9762815322876,112.97596468353271,112.9824490661621,15.388188099983381,"{""DC-1"": 326.055117432733, ""DC-2"": 354.173954973906, ""DC-3"": 338.0511005856057, ""DC-4"": 255.20342308160897, ""DC-5"": 273.20889262939386}"
1112,1153,1559.802204277354,1000,1000,0,0,1000,249,0,751,0,1000,978,22,0,130,108,22,18,0,16425.29042922591,1000,1123812,1123812,200000,200000,0,1122816,8.174392097949982,4.097495522737503,4.0768965585231784,-112.70189966583251,0.002481669277418405,0.18473534286022186,0.5340420781672001,0.5354811797142028,113.05279446411133,113.05118453216552,113.05490683746338,15.362738199997693,"{""DC-1"": 360.3553352588789, ""DC-2"": 337.6683839412915, ""DC-3"": 309.59036898659355, ""DC-4"": 271.3633438274483, ""DC-5"": 280.8247722631409}"
1113,1154,1576.5475466759174,1000,1000,0,0,1000,239,0,761,0,1000,981,19,0,138,119,19,27,0,14523.461851788597,1000,1124812,1124812,200000,200000,0,1123816,8.084111852884293,4.1212336245179175,3.9628782522678376,-112.63263924407958,0.0003566665183752775,0.18497981131076813,0.5352528602480888,0.535530813395977,112.99246726989746,112.98555757141114,112.99274594879151,15.480173199990531,"{""DC-1"": 398.98976517870676, ""DC-2"": 299.7935859136555, ""DC-3"": 294.0844086717846, ""DC-4"": 225.4249736738148, ""DC-5"": 358.25481323795685}"
1114,1155,1550.9482469809664,1000,1000,0,0,1000,260,0,740,0,1000,976,24,0,134,110,24,33,0,16626.412259097022,1000,1125812,1125812,200000,200000,0,1124816,7.921411083221436,3.9488051289319994,3.9726059718728064,-112.6526481628418,-0.007416129883378744,0.1833868771791458,0.5399618751108647,0.535506317794323,113.01062265014649,113.00926210021973,113.0006844329834,15.354495899984613,"{""DC-1"": 375.2463266367141, ""DC-2"": 273.43808075768436, ""DC-3"": 308.9962953232199, ""DC-4"": 287.4380870430745, ""DC-5"": 305.8294572202747}"
1115,1156,1470.0420326048682,1000,1000,0,0,1000,254,0,746,0,1000,958,42,0,144,102,42,23,0,16514.84584954554,1000,1126812,1126812,200000,200000,0,1125816,7.765798975944519,3.8755057445168495,3.890293243408203,-112.57583506011963,0.01765444657066837,0.1866852194070816,0.524993085205555,0.5354292489886284,112.93029675292969,112.9273193359375,112.93200946807862,15.569424699991941,"{""DC-1"": 356.2830117140472, ""DC-2"": 317.06454418991086, ""DC-3"": 233.66367563427056, ""DC-4"": 242.65583083637074, ""DC-5"": 320.37497023026884}"
1116,1157,1510.3227178694956,1000,1000,0,0,1000,244,0,756,0,1000,968,32,0,148,116,32,14,0,14178.937995193108,1000,1127812,1127812,200000,200000,0,1126816,8.3245310921669,4.273662216424942,4.050868879437447,-112.48969460296631,0.01517381545715034,0.19003431499004364,0.5263346318304539,0.5354960985779762,112.8389948348999,112.84018305206298,112.8357416305542,15.36280020000413,"{""DC-1"": 345.5058332469073, ""DC-2"": 318.93611368077325, ""DC-3"": 309.9472387564716, ""DC-4"": 256.49644366042156, ""DC-5"": 279.4370885249218}"
1117,1158,1613.7543400916738,1000,1000,0,0,1000,244,0,756,0,1000,989,11,0,122,111,11,13,0,16209.537220416008,1000,1128812,1128812,200000,200000,0,1127816,8.424849223136901,4.255610524892807,4.1692387042045596,-112.32913927459717,-0.023889338535256682,0.18527643382549286,0.5497960978448391,0.5354799471497536,112.69040270996094,112.69357613372803,112.6938328704834,15.61385589998099,"{""DC-1"": 393.8423398593182, ""DC-2"": 325.1642370922669, ""DC-3"": 303.6193969155108, ""DC-4"": 272.38497975060267, ""DC-5"": 318.74338647397553}"
1118,1159,1533.983457761884,1000,1000,0,0,1000,251,0,749,0,1000,973,27,0,142,115,27,29,0,16859.188561251434,1000,1129812,1129812,200000,200000,0,1128816,8.528619937181473,4.0619642525911335,4.466655676066876,-112.0223578414917,0.0095083261099644,0.18693095445632935,0.529846203058958,0.5355048857927323,112.39391802215576,112.38599187469482,112.39123210906982,15.39371440000832,"{""DC-1"": 309.41319674492104, ""DC-2"": 322.6329054676371, ""DC-3"": 308.91056646877627, ""DC-4"": 269.94999079368057, ""DC-5"": 323.0767982868692}"
1119,1160,1579.9158518149204,1000,1000,0,0,1000,266,0,734,0,1000,982,18,0,168,150,18,16,0,15190.23491546207,1000,1130812,1130812,200000,200000,0,1129816,8.045142515420913,4.006739118278027,4.038403391718864,-112.03568404388427,0.007735292034689337,0.18838118016719818,0.5309058440625668,0.5354465801715851,112.38826531982421,112.38767558288575,112.39353688812255,15.687792499986244,"{""DC-1"": 344.8067645842127, ""DC-2"": 310.82711526385816, ""DC-3"": 322.12681876763014, ""DC-4"": 276.2408233621201, ""DC-5"": 325.9143298370997}"
1120,1161,1625.6279561374424,1000,1000,0,0,1000,256,0,744,0,1000,990,10,0,123,113,10,18,0,12826.150440305373,1000,1131812,1131812,200000,200000,0,1130816,7.6535264043807985,3.8700911992788316,3.783435209274292,-112.2467062072754,-0.014511191033758223,0.1857885718345642,0.543963393241167,0.5354274178147316,112.59481538391114,112.59615812683106,112.58824005889893,15.314239099971019,"{""DC-1"": 391.6244735548764, ""DC-2"": 312.30831453816484, ""DC-3"": 304.0272848007228, ""DC-4"": 296.0553207305815, ""DC-5"": 321.6125625130963}"
1121,1162,1580.3329343187866,1000,1000,0,0,1000,260,0,740,0,1000,982,18,0,143,125,18,18,0,15237.522606363847,1000,1132812,1132812,200000,200000,0,1131816,8.131097141742707,4.14182040065527,3.989276733517647,-112.03008020019531,-0.011956166897900402,0.18338647484779358,0.5426033683121204,0.5354860399961472,112.38440576934815,112.38524690246582,112.38838582611083,15.293730099976528,"{""DC-1"": 365.2493778715017, ""DC-2"": 331.70913491568655, ""DC-3"": 323.2842845543215, ""DC-4"": 270.91718865828665, ""DC-5"": 289.1729483189912}"
1122,1163,1555.9051486132405,1000,1000,0,0,1000,250,0,750,0,1000,977,23,0,149,126,23,16,0,14331.181776820657,1000,1133812,1133812,200000,200000,0,1132816,8.045597634792328,3.979924112200737,4.065673509240151,-112.14142519378662,-0.0024837094848044216,0.1827917844057083,0.5368464624583721,0.535387385725975,112.51143495178222,112.51156131744385,112.51187438964844,15.347008800017647,"{""DC-1"": 387.24110749430685, ""DC-2"": 312.644850153471, ""DC-3"": 306.66945153830466, ""DC-4"": 261.335888493346, ""DC-5"": 288.0138509338111}"
1123,1164,1541.9314511662037,1000,1000,0,0,1000,266,0,734,0,1000,972,28,0,143,115,28,22,0,15237.592185835698,1000,1134812,1134812,200000,200000,0,1133816,7.840195927858352,3.9903208483457564,3.849875098645687,-112.00401082611084,0.027174192029284314,0.18798869848251343,0.5193659031391143,0.5354309851527214,112.35629218292236,112.36592372131348,112.3588603515625,15.475906600011513,"{""DC-1"": 341.6594344266755, ""DC-2"": 280.88819255442155, ""DC-3"": 359.63641993014124, ""DC-4"": 290.63493241619545, ""DC-5"": 269.1124718387696}"
1124,1165,1567.498437638841,1000,1000,0,0,1000,239,0,761,0,1000,982,18,0,127,109,18,20,0,14924.013269684601,1000,1135812,1135812,200000,200000,0,1134816,8.11783248090744,4.129911169052124,3.987921306014061,-112.10425791168213,0.0029096531495451925,0.18846634030342102,0.5339547799825668,0.5355963621735573,112.44958301544189,112.4533272857666,112.45134186553955,15.390168599958997,"{""DC-1"": 360.5385355630625, ""DC-2"": 310.96780866235423, ""DC-3"": 316.6352166126439, ""DC-4"": 247.99444994921325, ""DC-5"": 331.36242685156964}"
1125,1166,1597.199328826522,1000,1000,0,0,1000,254,0,746,0,1000,986,14,0,143,129,14,21,0,13184.27726365679,1000,1136812,1136812,200000,200000,0,1135816,7.962173525571823,4.039725613594055,3.9224479188919066,-112.08990759277344,-0.0025234890594147148,0.18813306093215942,0.5369611210227012,0.5355585987567901,112.44037776947022,112.44227980041504,112.44193369293212,15.37786240002606,"{""DC-1"": 359.56078248478366, ""DC-2"": 344.2796900494858, ""DC-3"": 318.38271311195905, ""DC-4"": 298.65836155679415, ""DC-5"": 276.31778162349895}"
1126,1167,1568.3513002411983,1000,1000,0,0,1000,213,0,787,0,1000,986,14,0,119,105,14,18,0,16499.479129232237,1000,1137812,1137812,200000,200000,0,1136816,7.4535427453517915,3.8228532062768936,3.6306895380616186,-112.14842032623291,-0.010302774611860514,0.18630601465702057,0.5415747498571872,0.5354529547095299,112.5030292892456,112.51038806152344,112.50506549835205,15.30240780004533,"{""DC-1"": 293.0371337270727, ""DC-2"": 319.2994069909023, ""DC-3"": 330.5901931851892, ""DC-4"": 299.72105785188904, ""DC-5"": 325.7035084861456}"
1127,1168,1583.4796132955437,1000,1000,0,0,1000,262,0,738,0,1000,983,17,0,159,142,17,25,0,16818.045114051347,1000,1138812,1138812,200000,200000,0,1137816,8.153350805282592,4.113262762665749,4.040088026642799,-112.09304755401611,-0.0037199926245957615,0.18550343811511993,0.5378438127934932,0.5356041583418846,112.45230243682862,112.45708013916015,112.4559654006958,15.591601600055583,"{""DC-1"": 335.92107863133765, ""DC-2"": 356.736360384083, ""DC-3"": 315.70939718344044, ""DC-4"": 266.03390156360797, ""DC-5"": 309.07887553307614}"
1128,1169,1599.197713684105,1000,1000,0,0,1000,265,0,735,0,1000,983,17,0,140,123,17,16,0,14546.668293578743,1000,1139812,1139812,200000,200000,0,1138816,7.771816226005554,3.8665706071853636,3.9052456172704697,-112.17124324035645,-0.005793888584710658,0.18429869413375854,0.5391218228042126,0.5356335467100144,112.51134254455566,112.51483598327637,112.49792233276368,15.484832699992694,"{""DC-1"": 362.47498510316916, ""DC-2"": 314.7614425397099, ""DC-3"": 333.4244622583536, ""DC-4"": 269.120726091437, ""DC-5"": 319.4160976914374}"
1129,1170,1568.7424422380639,1000,1000,0,0,1000,255,0,745,0,1000,979,21,0,139,118,21,15,0,15501.457996287148,1000,1140812,1140812,200000,200000,0,1139816,8.242465731620788,4.131052331149578,4.111413395941257,-112.22587285614014,0.003723619596567005,0.1851281076669693,0.5333532361388207,0.5356270016431809,112.56478351593017,112.56374371337891,112.56409398651122,16.904987899994012,"{""DC-1"": 355.84737609191706, ""DC-2"": 305.29931489706235, ""DC-3"": 330.77372797735916, ""DC-4"": 277.73327560738124, ""DC-5"": 299.0887476643435}"
1130,1171,1501.4925085094005,1000,1000,0,0,1000,269,0,731,0,1000,964,36,0,158,122,36,26,0,16925.586505345225,1000,1141812,1141812,200000,200000,0,1140816,7.950440257430077,4.007963896453381,3.9424763588309286,-112.31413444519043,-0.014043579614721238,0.18233110010623932,0.5439506105184555,0.5355398516654968,112.63865625762939,112.64212924957275,112.64301704406738,17.156335300009232,"{""DC-1"": 333.565781537664, ""DC-2"": 219.24993244005242, ""DC-3"": 293.34663511402266, ""DC-4"": 312.1784559998465, ""DC-5"": 343.1517034178149}"
1131,1172,1578.4992879380684,1000,1000,0,0,1000,254,0,746,0,1000,981,19,0,152,133,19,16,0,13939.26116192791,1000,1142812,1142812,200000,200000,0,1141816,8.102288141012192,4.081352951705456,4.020935183405876,-112.36548232269287,-0.012047024405561388,0.18015176057815552,0.5426248507201672,0.5355843863487244,112.70614282989501,112.71496328735351,112.71152120971679,15.075019500043709,"{""DC-1"": 330.7858467634657, ""DC-2"": 343.0792997233097, ""DC-3"": 302.16358980060596, ""DC-4"": 275.6191266509976, ""DC-5"": 326.8514249996877}"
1132,1173,1557.4393633961997,1000,1000,0,0,1000,268,0,732,0,1000,976,24,0,153,129,24,18,0,15605.15433139282,1000,1143812,1143812,200000,200000,0,1142816,8.667842425346375,4.306081615865231,4.361760793507099,-112.43426694488525,0.014887493538670242,0.18293114006519318,0.5266428620219231,0.535379537165165,112.78491645050049,112.78207888031005,112.77637398529053,18.9232270999928,"{""DC-1"": 308.38604873723887, ""DC-2"": 299.78378704680637, ""DC-3"": 348.96036486361055, ""DC-4"": 284.24418398218194, ""DC-5"": 316.06497876636126}"
1133,1174,1631.252406943629,1000,1000,0,0,1000,240,0,760,0,1000,993,7,0,115,108,7,18,0,14831.941053420522,1000,1144812,1144812,200000,200000,0,1143816,8.055771516561508,3.9424460229873657,4.113325479149818,-112.4757689819336,-0.02367694455641322,0.17876753211021423,0.5492433459162712,0.5354176001548767,112.81904891204834,112.81627736663819,112.8180718460083,17.855756899982225,"{""DC-1"": 386.8017938338941, ""DC-2"": 310.78401689705, ""DC-3"": 318.94688418718005, ""DC-4"": 273.3577032014246, ""DC-5"": 341.3620088240808}"
1134,1175,1546.9724308229768,1000,1000,0,0,1000,248,0,752,0,1000,977,23,0,147,124,23,25,0,14305.522513301477,1000,1145812,1145812,200000,200000,0,1144816,8.45230489563942,4.169726986646652,4.282577901959419,-112.39382872772217,0.016725475762970746,0.1818404346704483,0.525751510322094,0.5354159395694733,112.7421547164917,112.74346820831299,112.74209661865234,17.75200550002046,"{""DC-1"": 330.68743038082533, ""DC-2"": 305.041205043987, ""DC-3"": 362.6123729204649, ""DC-4"": 257.9535820899919, ""DC-5"": 290.67784038770736}"
1135,1176,1552.1655621131179,1000,1000,0,0,1000,255,0,745,0,1000,975,25,0,168,143,25,28,0,17233.032584019293,1000,1146812,1146812,200000,200000,0,1145816,8.13505457687378,4.105625318527221,4.0294292633533475,-112.4264264755249,0.01434882192965597,0.1848187893629074,0.5269103762507439,0.5353947520852089,112.7692575378418,112.76991139221191,112.75944955444336,17.314650499960408,"{""DC-1"": 363.97539496807985, ""DC-2"": 307.2872906727747, ""DC-3"": 300.0045658563225, ""DC-4"": 255.41459567021266, ""DC-5"": 325.4837149457282}"
1136,1177,1597.8766042996378,1000,1000,0,0,1000,261,0,739,0,1000,984,16,0,136,120,16,13,0,14587.825137710013,1000,1147812,1147812,200000,200000,0,1146816,7.953366060256958,3.985633216202259,3.967732848584652,-112.62501944732666,0.016338062153663485,0.18773864209651947,0.5258200985789299,0.5354546039700508,112.95751280975342,112.95653936004639,112.94711776733398,17.180733299988788,"{""DC-1"": 397.02521159891313, ""DC-2"": 299.5834815697301, ""DC-3"": 313.95702329450575, ""DC-4"": 300.92711075339383, ""DC-5"": 286.38377708309383}"
1137,1178,1573.200679315251,1000,1000,0,0,1000,256,0,744,0,1000,980,20,0,145,125,20,22,0,17036.59461652841,1000,1148812,1148812,200000,200000,0,1147816,7.695258325099945,3.8930433118343353,3.8022150359749793,-112.66961242675781,-0.0005940876202657819,0.18762727081775665,0.5357275849282741,0.5353733144402504,113.00359707641601,112.99397592163086,112.99923586273194,17.34016059996793,"{""DC-1"": 376.5820075368294, ""DC-2"": 317.6291566114879, ""DC-3"": 314.9396793450283, ""DC-4"": 295.7197383536474, ""DC-5"": 268.33009746825815}"
1138,1179,1576.5622603607142,1000,1000,0,0,1000,241,0,759,0,1000,985,15,0,128,113,15,23,0,16632.08566455818,1000,1149812,1149812,200000,200000,0,1148816,8.051069718122482,4.0819871973991395,3.969082522034645,-112.64274234771729,0.0073881087685003875,0.18933017551898956,0.5309637638628483,0.5354831624627113,112.97534063720703,112.98081613922119,112.98256951141357,16.50328389997594,"{""DC-1"": 311.37379188338195, ""DC-2"": 346.1136089090835, ""DC-3"": 323.04126198962405, ""DC-4"": 275.9674632901448, ""DC-5"": 320.06613428848107}"
1139,1180,1616.7887777569604,1000,1000,0,0,1000,245,0,755,0,1000,990,10,0,122,112,10,17,0,14876.847356881319,1000,1150812,1150812,200000,200000,0,1149816,8.155038501739503,4.082391028940678,4.072647471964359,-112.75105422210693,-0.01298817631835118,0.1866283267736435,0.5433272798657417,0.5354445523619652,113.08083058166504,113.08644093322754,113.08637464904785,16.523287599964533,"{""DC-1"": 359.7572124192227, ""DC-2"": 313.3292626515786, ""DC-3"": 348.0033633390027, ""DC-4"": 274.4686056882412, ""DC-5"": 321.2303336589161}"
1140,1181,1553.31748036199,1000,1000,0,0,1000,230,0,770,0,1000,979,21,0,133,112,21,35,0,14106.537220416008,1000,1151812,1151812,200000,200000,0,1150816,8.39463249206543,4.1648725608587265,4.229759933412075,-112.65588130187989,0.012380021589808166,0.18897053599357605,0.528116350799799,0.5354545537233353,112.99839305114746,112.9990966796875,112.99871748352051,16.976411499956157,"{""DC-1"": 383.7044908784817, ""DC-2"": 330.41363458331796, ""DC-3"": 288.03670271444713, ""DC-4"": 249.64829182234777, ""DC-5"": 301.5143603633946}"
1141,1182,1573.390956775694,1000,1000,0,0,1000,238,0,762,0,1000,982,18,0,129,111,18,10,0,13017.314064760514,1000,1152812,1152812,200000,200000,0,1151816,8.168048163175582,4.185412205100059,3.9826359476447104,-112.61413600158691,0.009466504008509218,0.19098122417926788,0.5298559237718582,0.5355906007289887,112.97717392730713,112.97132540893554,112.97503063964844,15.525621399981901,"{""DC-1"": 295.69299043918494, ""DC-2"": 323.5287577098525, ""DC-3"": 346.6156748997509, ""DC-4"": 286.1154896841676, ""DC-5"": 321.43804404273885}"
1142,1183,1575.5723946142687,1000,1000,0,0,1000,268,0,732,0,1000,980,20,0,135,115,20,20,0,13659.479129232237,1000,1153812,1153812,200000,200000,0,1152816,8.205443040370941,4.13446650916338,4.070976526081562,-112.56205323028564,-0.0035727071263827385,0.19020341336727142,0.5375419502854347,0.535383902311325,112.91046524810791,112.91177159118652,112.90629325866699,16.632862100028433,"{""DC-1"": 355.32233972572243, ""DC-2"": 275.01601488909193, ""DC-3"": 329.5446321821202, ""DC-4"": 273.1877394841592, ""DC-5"": 342.5016683331752}"
1143,1184,1572.7140921425862,1000,1000,0,0,1000,257,0,743,0,1000,981,19,0,176,157,19,24,0,16090.701603158235,1000,1154812,1154812,200000,200000,0,1153816,8.91966520833969,4.462687032938003,4.456978180527687,-112.55286177825927,-0.04447246850654483,0.1819116622209549,0.5619780611395836,0.535506531894207,112.90944662475586,112.91624513244629,112.91543784332275,17.377911199990194,"{""DC-1"": 347.54274362684805, ""DC-2"": 323.7216410167741, ""DC-3"": 334.8119632292715, ""DC-4"": 273.3242533175608, ""DC-5"": 293.31349095212914}"
1144,1185,1527.3266174632795,1000,1000,0,0,1000,267,0,733,0,1000,971,29,0,155,126,29,26,0,15633.522145741972,1000,1155812,1155812,200000,200000,0,1154816,8.126074084043502,4.101761111319065,4.024312993943691,-112.56927098846435,-0.026557077505625783,0.17719273269176483,0.5507668336033821,0.5352817741036415,112.92057025909423,112.92567257690429,112.92577378082275,17.473771499993745,"{""DC-1"": 326.7158924816132, ""DC-2"": 281.1709581089711, ""DC-3"": 305.88584994735055, ""DC-4"": 276.42495944854505, ""DC-5"": 337.1289574767989}"
1145,1186,1571.574363232884,1000,1000,0,0,1000,224,0,776,0,1000,982,18,0,103,85,18,25,0,11722.056612059561,1000,1156812,1156812,200000,200000,0,1155816,8.73697306227684,4.429943407177925,4.307029646277428,-112.37363049316406,0.0067966537633910775,0.17860588431358337,0.531482862919569,0.5354619579315185,112.73106643676758,112.72627951812744,112.72791522979736,17.96590190002462,"{""DC-1"": 392.9350788226719, ""DC-2"": 317.9871951372617, ""DC-3"": 324.5045363747126, ""DC-4"": 242.98393891708085, ""DC-5"": 293.16361398115583}"
1146,1187,1568.981914702226,1000,1000,0,0,1000,256,0,744,0,1000,980,20,0,136,116,20,18,0,17211.15433139282,1000,1157812,1157812,200000,200000,0,1156816,7.992398059606552,4.0190094695091245,3.9733886021375655,-112.32898991394043,0.008209535854402929,0.18008017539978027,0.5308092018067837,0.5355185255408287,112.68048153686523,112.6774766921997,112.68262480163574,18.383203400007915,"{""DC-1"": 373.0477577446789, ""DC-2"": 338.37509700678044, ""DC-3"": 297.90294923575567, ""DC-4"": 285.8931774314583, ""DC-5"": 273.76293328355354}"
1147,1188,1582.7135726590393,1000,1000,0,0,1000,235,0,765,0,1000,984,16,0,106,90,16,11,0,14590.415594894863,1000,1158812,1158812,200000,200000,0,1157816,7.9823071012496944,4.015065305948258,3.967241773724556,-112.3184404296875,0.016758810058701782,0.18320755660533905,0.5255926646888256,0.5354263492226601,112.65767404937745,112.66473572540283,112.66142463684082,18.077309000014793,"{""DC-1"": 335.42960698121175, ""DC-2"": 328.1280157514161, ""DC-3"": 366.78184206088224, ""DC-4"": 247.9614347316773, ""DC-5"": 304.41267313385333}"
1148,1189,1579.3789926702052,1000,1000,0,0,1000,245,0,755,0,1000,984,16,0,133,117,16,23,0,15252.979802602304,1000,1159812,1159812,200000,200000,0,1158816,8.585902930021286,4.34439417564869,4.241508769273758,-112.33665982818603,-0.0037598095512948932,0.18238778412342072,0.5376793983280659,0.535450953066349,112.68107443237305,112.67539045715333,112.67041387939453,17.212679200049024,"{""DC-1"": 352.39403444340377, ""DC-2"": 361.9023814703868, ""DC-3"": 261.9593369528456, ""DC-4"": 306.4546835359815, ""DC-5"": 296.66855626758957}"
1149,1190,1515.6089621249566,1000,1000,0,0,1000,264,0,736,0,1000,968,32,0,157,125,32,31,0,15845.045114051349,1000,1160812,1160812,200000,200000,0,1159816,8.182883576393127,4.090294831395149,4.092588741660118,-112.42685636138916,0.009892987168394029,0.18411491811275482,0.5297355742454529,0.5355143357515335,112.762020652771,112.76280199432372,112.76266780090332,17.27993299998343,"{""DC-1"": 317.31514197825936, ""DC-2"": 305.00027476023627, ""DC-3"": 304.6995269922695, ""DC-4"": 273.75827149141367, ""DC-5"": 314.835746902779}"
1150,1191,1514.2427578306574,1000,1000,0,0,1000,245,0,755,0,1000,971,29,0,144,115,29,23,0,15281.977692795272,1000,1161812,1161812,200000,200000,0,1160816,7.978527630329132,3.9880896329879763,3.990437976896763,-112.32914161682129,0.004065070519223809,0.1851055920124054,0.5330060306191444,0.5353850412964821,112.66014640808106,112.66378897094727,112.66139380645753,17.298425499990117,"{""DC-1"": 332.4494223574891, ""DC-2"": 307.80506199449275, ""DC-3"": 314.928689516099, ""DC-4"": 258.80593540150613, ""DC-5"": 300.2536485610713}"
1151,1192,1637.3747461407797,1000,1000,0,0,1000,267,0,733,0,1000,990,10,0,141,131,10,18,0,12863.077263983416,1000,1162812,1162812,200000,200000,0,1161816,8.392798246622085,4.20430897796154,4.188489277005195,-112.33511210632324,0.008830094292294234,0.18679937720298767,0.5302350233197213,0.5355126626491546,112.67967182922364,112.68373095703124,112.68252648925781,17.198628000041936,"{""DC-1"": 371.4483656340201, ""DC-2"": 291.86646562262916, ""DC-3"": 384.254728231574, ""DC-4"": 243.99934273739368, ""DC-5"": 345.80584391516385}"
1152,1193,1623.2359613429371,1000,1000,0,0,1000,253,0,747,0,1000,990,10,0,137,127,10,20,0,13420.946239131636,1000,1163812,1163812,200000,200000,0,1162816,8.094372218608855,4.036372404456139,4.057999818027019,-112.40381517791748,-0.005139049096032977,0.18571101129055023,0.5385013903975486,0.5353785327672959,112.73055258178711,112.73172876739503,112.7210927734375,17.524598699994385,"{""DC-1"": 367.6809736267416, ""DC-2"": 379.0950734168556, ""DC-3"": 297.0015265852039, ""DC-4"": 256.1000028178567, ""DC-5"": 323.35838489627764}"
1153,1194,1614.2567612484477,1000,1000,0,0,1000,248,0,752,0,1000,989,11,0,132,121,11,19,0,12141.796716482504,1000,1164812,1164812,200000,200000,0,1163816,8.441354541778564,4.274893551945686,4.166461001038551,-112.36442597198486,0.007725843004183844,0.1873665153980255,0.5308708993494511,0.5354925710558891,112.70149045562744,112.70154415893555,112.70155252075196,15.662076400010847,"{""DC-1"": 365.05745003040903, ""DC-2"": 355.1586415124667, ""DC-3"": 328.2572006139234, ""DC-4"": 278.18221878278484, ""DC-5"": 287.6012503088634}"
1154,1195,1534.6546770323014,1000,1000,0,0,1000,241,0,759,0,1000,976,24,0,126,102,24,18,0,14657.905851802296,1000,1165812,1165812,200000,200000,0,1164816,8.410777707338333,4.312874027073383,4.097903678655625,-112.4127568359375,0.00661570128519088,0.1886279135942459,0.5313922221660614,0.5352721375226974,112.75182178497315,112.75683048248291,112.75761139678956,15.052487500011921,"{""DC-1"": 326.6829367969745, ""DC-2"": 298.32986769555373, ""DC-3"": 296.6140502269918, ""DC-4"": 318.9052339084323, ""DC-5"": 294.12258840435004}"
1155,1196,1555.7742081882102,1000,1000,0,0,1000,265,0,735,0,1000,976,24,0,140,116,24,15,0,17626.295096398906,1000,1166812,1166812,200000,200000,0,1165816,7.951704492330551,4.089977319836617,3.8617271773815154,-112.27931707000732,0.0052172082141041754,0.18979856371879578,0.5322267508208751,0.5353619747161865,112.62655686950684,112.63114775848389,112.63571174621582,15.174550399999134,"{""DC-1"": 347.36268691165134, ""DC-2"": 324.1683042648929, ""DC-3"": 347.89779792380455, ""DC-4"": 254.00002340592118, ""DC-5"": 282.3453956819417}"
1156,1197,1569.5223310110025,1000,1000,0,0,1000,249,0,751,0,1000,980,20,0,129,109,20,21,0,15309.937995193108,1000,1167812,1167812,200000,200000,0,1166816,8.15017377114296,4.089973047971726,4.06020070797205,-112.26778566741943,0.01670182747161016,0.19326135516166687,0.5253050538003444,0.5354015268683433,112.6029539642334,112.6074857635498,112.61505947875976,15.31438519997755,"{""DC-1"": 360.50641797928995, ""DC-2"": 375.85780979107915, ""DC-3"": 291.3924710127507, ""DC-4"": 245.74444512248013, ""DC-5"": 296.0211871054057}"
1157,1198,1597.1655986564476,1000,1000,0,0,1000,237,0,763,0,1000,986,14,0,122,108,14,11,0,17377.401029268513,1000,1168812,1168812,200000,200000,0,1167816,8.34820332980156,4.219737116932869,4.1284662228226665,-112.0580783920288,-0.004952771845273674,0.19210724532604218,0.5386253531575202,0.5355203032493592,112.3942831954956,112.39912642669678,112.40152352905274,15.003867300052661,"{""DC-1"": 370.315328328179, ""DC-2"": 360.6875937767717, ""DC-3"": 314.48756141452554, ""DC-4"": 245.24245985558105, ""DC-5"": 306.4326552813905}"
1158,1199,1501.401911175476,1000,1000,0,0,1000,271,0,729,0,1000,964,36,0,154,118,36,31,0,13769.188561251434,1000,1169812,1169812,200000,200000,0,1168816,7.991269534111023,3.9476698707938196,4.0435996738672255,-112.23387845611572,-0.01773869256069884,0.18857607245445251,0.5462276411652565,0.5355805000662803,112.56313953399658,112.5692537765503,112.55689353179932,15.061783200013451,"{""DC-1"": 381.90745799673545, ""DC-2"": 337.1295796124362, ""DC-3"": 248.78754655853396, ""DC-4"": 255.95252973349676, ""DC-5"": 277.624797274274}"
1159,1200,1604.6894261133527,1000,1000,0,0,1000,235,0,765,0,1000,988,12,0,103,91,12,17,0,14854.28838783866,1000,1170812,1170812,200000,200000,0,1169816,8.0864422082901,3.973990213394165,4.112451984405517,-112.31595552825928,-0.0033372627343051134,0.18782973289489746,0.5376514910161495,0.5355376007556916,112.65071942138673,112.6557989578247,112.65648347473144,14.957560900016688,"{""DC-1"": 341.47399712584865, ""DC-2"": 346.4015700889416, ""DC-3"": 345.29040402491074, ""DC-4"": 286.0793427728466, ""DC-5"": 285.4441121008052}"
1160,1201,1538.1888148680027,1000,1000,0,0,1000,250,0,750,0,1000,974,26,0,148,122,26,26,0,15905.05007181681,1000,1171812,1171812,200000,200000,0,1170816,8.566767573833465,4.342742541074752,4.2240250215530395,-112.24495784759522,0.0013180879834108054,0.18807284533977509,0.5346057841181755,0.5354264067411423,112.58710480499268,112.58583132934571,112.58714520263672,15.025234500004444,"{""DC-1"": 348.7122126316225, ""DC-2"": 314.74006676687054, ""DC-3"": 335.40507075710065, ""DC-4"": 231.0838796043376, ""DC-5"": 308.24758510807015}"
1161,1202,1566.824069212134,1000,1000,0,0,1000,271,0,729,0,1000,978,22,0,156,134,22,24,0,14997.532780164973,1000,1172812,1172812,200000,200000,0,1171816,8.058800412654877,4.119351710796356,3.939448689699173,-112.44767263031005,0.011802490090951323,0.19065864384174347,0.5284657119810581,0.5355312878489494,112.7852292098999,112.78501374816895,112.77913035583497,15.093063700012863,"{""DC-1"": 302.63935788746477, ""DC-2"": 353.9146057986919, ""DC-3"": 316.7738964638901, ""DC-4"": 281.8752820337161, ""DC-5"": 311.6209270283711}"
1162,1203,1564.2517163358675,1000,1000,0,0,1000,247,0,753,0,1000,979,21,0,144,123,21,16,0,16634.077263983418,1000,1173812,1173812,200000,200000,0,1172816,8.537223186731339,4.2672149305343625,4.270008257687092,-112.43459011077881,0.00203864235104993,0.19102884829044342,0.5342451455891133,0.5354425170421601,112.7618028869629,112.7695016784668,112.76521578979492,14.932547200005502,"{""DC-1"": 363.24609403902184, ""DC-2"": 295.2758849496743, ""DC-3"": 340.6586799824912, ""DC-4"": 253.29796892229302, ""DC-5"": 311.77308844238837}"
1163,1204,1560.5338231133667,1000,1000,0,0,1000,253,0,747,0,1000,979,21,0,137,116,21,22,0,15601.465904271223,1000,1174812,1174812,200000,200000,0,1173816,8.237076526165009,4.164888082921505,4.0721884362697605,-112.59667330169678,-0.014303629188798368,0.1878734678030014,0.5441347194612026,0.5354863624572754,112.92872197723389,112.92696575927734,112.92608162689208,15.065409799979534,"{""DC-1"": 353.06044736338623, ""DC-2"": 297.19062176186264, ""DC-3"": 317.22336641988596, ""DC-4"": 251.2381988218473, ""DC-5"": 341.8211887463844}"
1164,1205,1557.6265894190562,1000,1000,0,0,1000,260,0,740,0,1000,977,23,0,149,126,23,19,0,17601.618458176374,1000,1175812,1175812,200000,200000,0,1174816,8.20860066652298,4.190265866160392,4.018334799289703,-112.56301123809814,-0.010886388796381652,0.1854684203863144,0.5419509365856647,0.5353909487724304,112.88805770111084,112.88898857116699,112.88262557983398,15.035621499991976,"{""DC-1"": 346.607953912398, ""DC-2"": 290.4907447280982, ""DC-3"": 319.1498384125914, ""DC-4"": 276.6134315473568, ""DC-5"": 324.76462081861257}"
1165,1206,1600.9710252574018,1000,1000,0,0,1000,254,0,746,0,1000,987,13,0,128,115,13,19,0,16573.519757274138,1000,1176812,1176812,200000,200000,0,1175816,7.727281458735466,3.87793030411005,3.8493511524796484,-112.72878284454346,0.012369929255219176,0.1882440596818924,0.5280538569390774,0.5354536120295524,113.04796816253662,113.04851219177246,113.04918103790283,14.952015199989546,"{""DC-1"": 350.50389934985196, ""DC-2"": 297.89931294140627, ""DC-3"": 325.81866599988683, ""DC-4"": 299.2894044039706, ""DC-5"": 327.45974256228624}"
1166,1207,1638.0005507425308,1000,1000,0,0,1000,263,0,737,0,1000,990,10,0,149,139,10,16,0,14347.519757274138,1000,1177812,1177812,200000,200000,0,1176816,8.269888740062713,4.154311879634857,4.115576873123646,-112.7992692489624,0.009771157921291887,0.18993383646011353,0.5296544200778007,0.5354743226766586,113.11869017028809,113.12696253967285,113.12136196136474,14.973902099998668,"{""DC-1"": 400.32922718210335, ""DC-2"": 343.3537871030674, ""DC-3"": 276.89188163311525, ""DC-4"": 285.5486491381188, ""DC-5"": 331.8770056861264}"
1167,1208,1578.4025837379806,1000,1000,0,0,1000,240,0,760,0,1000,984,16,0,133,117,16,11,0,14410.89009986437,1000,1178812,1178812,200000,200000,0,1177816,8.3792299451828,4.237646355509758,4.141583584547043,-112.81289790344238,-0.02983137187361717,0.18436755239963531,0.5533386716246604,0.535546661555767,113.13896814727784,113.14088899230957,113.1423424911499,15.349477500014473,"{""DC-1"": 342.2725415084049, ""DC-2"": 317.1604546291383, ""DC-3"": 325.60547643220684, ""DC-4"": 281.2235343177848, ""DC-5"": 312.14057685044435}"
1168,1209,1586.6269488391542,1000,1000,0,0,1000,265,0,735,0,1000,981,19,0,151,132,19,17,0,16205.56530962861,1000,1179812,1179812,200000,200000,0,1178816,8.395600806474686,4.375872791469098,4.019728021204472,-112.95190045166015,-0.006739071503281594,0.18293805420398712,0.5395051012635231,0.5355067460536956,113.30626474761962,113.3028222503662,113.30702140045166,14.951594999991357,"{""DC-1"": 388.121298263308, ""DC-2"": 302.2926508090453, ""DC-3"": 307.73013208694266, ""DC-4"": 276.330449743286, ""DC-5"": 312.15241793657293}"
1169,1210,1565.6086538765505,1000,1000,0,0,1000,247,0,753,0,1000,981,19,0,118,99,19,19,0,12106.937995193108,1000,1180812,1180812,200000,200000,0,1179816,8.448945952177048,4.344165197968483,4.104780749201774,-112.85570863342285,0.012114938660524786,0.18526704609394073,0.5283740828633309,0.5355330880880356,113.2082805557251,113.2025316772461,113.20659127807617,14.947112900030334,"{""DC-1"": 354.7555215710516, ""DC-2"": 327.5293670154209, ""DC-3"": 309.5029642364186, ""DC-4"": 274.05745091343, ""DC-5"": 299.76335014022857}"
1170,1211,1596.703688154745,1000,1000,0,0,1000,235,0,765,0,1000,988,12,0,124,112,12,18,0,13867.401029268513,1000,1181812,1181812,200000,200000,0,1180816,8.205168536901475,4.146977209448814,4.058191336750984,-112.81711932373047,0.0020632076328620315,0.18563801050186157,0.5343419866859913,0.53554804199934,113.15851167297363,113.16286708831787,113.1623695602417,14.900372799951583,"{""DC-1"": 324.9142847267344, ""DC-2"": 330.83801908075725, ""DC-3"": 329.2552905744607, ""DC-4"": 308.4761069715121, ""DC-5"": 303.2199868012809}"
1171,1212,1614.211359286925,1000,1000,0,0,1000,266,0,734,0,1000,988,12,0,146,134,12,23,0,14611.858178078946,1000,1182812,1182812,200000,200000,0,1181816,8.192197771072388,4.149480114519596,4.0427176425457,-112.75045905303955,-0.008104791192803532,0.184097558259964,0.540226511478424,0.5354390245079994,113.09098090362549,113.09220471191406,113.08721307373047,15.005327699996997,"{""DC-1"": 364.85048267576195, ""DC-2"": 298.9436750657155, ""DC-3"": 339.97878045701015, ""DC-4"": 307.769675542838, ""DC-5"": 302.66874554559774}"
1172,1213,1588.9606754485742,1000,1000,0,0,1000,244,0,756,0,1000,984,16,0,112,96,16,21,0,13934.941053420522,1000,1183812,1183812,200000,200000,0,1182816,8.133634832143784,4.078328529655933,4.055306298673153,-112.94355702209472,0.012825924551580102,0.18661554157733917,0.5280586187541485,0.5356115112900734,113.27861682891846,113.27469423675537,113.28379023742676,14.876485500019044,"{""DC-1"": 407.30555923197016, ""DC-2"": 332.9466288953294, ""DC-3"": 294.8754175246948, ""DC-4"": 255.5222571383104, ""DC-5"": 298.31081265827027}"
1173,1214,1601.9961778409036,1000,1000,0,0,1000,263,0,737,0,1000,986,14,0,153,139,14,17,0,16374.188561251434,1000,1184812,1184812,200000,200000,0,1183816,7.828745010852813,3.947757728457451,3.8809872794151308,-112.88937474060059,-0.0083083635433577,0.18517160415649414,0.5403910526633262,0.5354541724920273,113.22485131835937,113.23122274780273,113.2198946609497,15.032676900038496,"{""DC-1"": 344.39435226766375, ""DC-2"": 332.65377238528424, ""DC-3"": 373.2908973039733, ""DC-4"": 266.5297735119768, ""DC-5"": 285.12738237200665}"
1174,1215,1592.5192980269808,1000,1000,0,0,1000,265,0,735,0,1000,984,16,0,157,141,16,16,0,16890.78750983571,1000,1185812,1185812,200000,200000,0,1184816,7.717089445590973,3.9260589230060576,3.791030497431755,-112.99360627746582,-0.0022216823184862734,0.18478012084960938,0.5367789433896542,0.5354775422811509,113.33605633544921,113.33432521820069,113.33168006896973,15.392149499966763,"{""DC-1"": 350.18665316744807, ""DC-2"": 314.5962901818363, ""DC-3"": 314.1221700874627, ""DC-4"": 299.7452843389298, ""DC-5"": 313.86890025130066}"
1175,1216,1630.064137782798,1000,1000,0,0,1000,247,0,753,0,1000,992,8,0,119,111,8,16,0,17260.28838783866,1000,1186812,1186812,200000,200000,0,1185816,8.268749071598053,4.187218702197075,4.081530378222466,-112.89832528686523,0.02206084694666788,0.1890346109867096,0.5223967180848121,0.5354563156366349,113.23355480194091,113.23444669342041,113.23713387298584,15.550850700004958,"{""DC-1"": 356.8529457612524, ""DC-2"": 333.50750562442823, ""DC-3"": 376.92313392598504, ""DC-4"": 256.6990265856921, ""DC-5"": 306.0815258854404}"
1176,1217,1603.8450914131715,1000,1000,0,0,1000,250,0,750,0,1000,986,14,0,134,120,14,18,0,13593.150440305373,1000,1187812,1187812,200000,200000,0,1186816,8.336645135164261,4.214467967271805,4.122177160799503,-112.72390860748291,-0.014295405787415803,0.1862402856349945,0.5441090871989727,0.5355949388742447,113.06177870178223,113.06103868865966,113.0585372467041,15.02771529997699,"{""DC-1"": 380.2786822330055, ""DC-2"": 316.1773176844831, ""DC-3"": 313.8286759343939, ""DC-4"": 277.0105852267889, ""DC-5"": 316.5498303345009}"
1177,1218,1557.1284034796088,1000,1000,0,0,1000,252,0,748,0,1000,976,24,0,131,107,24,25,0,14837.66422412658,1000,1188812,1188812,200000,200000,0,1187816,8.757133455991745,4.250045052945614,4.507088401913643,-112.6598850402832,-0.011460665666498244,0.18393318355083466,0.5422365090250969,0.5353962358236313,113.01289852142334,113.01663394927978,113.01380536651611,14.969786200032104,"{""DC-1"": 380.90149660604163, ""DC-2"": 312.22530830867635, ""DC-3"": 285.64285584641306, ""DC-4"": 258.4232229290785, ""DC-5"": 319.9355197893981}"
1178,1219,1579.49301763472,1000,1000,0,0,1000,264,0,736,0,1000,979,21,0,136,115,21,15,0,14889.401029268513,1000,1189812,1189812,200000,200000,0,1188816,8.19886492395401,4.050150947213173,4.148713971853256,-112.45964769744873,-0.0012980333724990486,0.18354858458042145,0.536298616439104,0.5354706730246543,112.82993801879883,112.8325046081543,112.8233589477539,14.975698599999305,"{""DC-1"": 354.66290587686296, ""DC-2"": 280.20990233984, ""DC-3"": 315.9055194829945, ""DC-4"": 285.64677189957, ""DC-5"": 343.0679180354525}"
1179,1220,1560.6836395314,1000,1000,0,0,1000,247,0,753,0,1000,979,21,0,120,99,21,10,0,16794.397223689397,1000,1190812,1190812,200000,200000,0,1189816,8.497823308944701,4.2571708860397335,4.240652424097061,-112.38364925384522,0.003002153236884624,0.1842188686132431,0.5337422178983688,0.5355450110435486,112.73842846679688,112.73524549102783,112.73226237487793,14.892484499956481,"{""DC-1"": 351.40436818717217, ""DC-2"": 296.7151051638158, ""DC-3"": 318.65224815940843, ""DC-4"": 277.23163096014207, ""DC-5"": 316.6802870608609}"
1180,1221,1572.488219835143,1000,1000,0,0,1000,263,0,737,0,1000,979,21,0,146,125,21,19,0,15372.719005069728,1000,1191812,1191812,200000,200000,0,1190816,7.99163039278984,3.9732067249417304,4.0184236615896225,-112.43564196777344,-0.00313726876443252,0.18353013694286346,0.5374033650159836,0.5355217732191085,112.77823220062255,112.78019785308838,112.77493117523193,15.188733399962075,"{""DC-1"": 364.2739995559557, ""DC-2"": 321.68274286313726, ""DC-3"": 316.0672682130481, ""DC-4"": 255.65835760300226, ""DC-5"": 314.8058516000027}"
1181,1222,1580.2853172872651,1000,1000,0,0,1000,238,0,762,0,1000,983,17,0,102,85,17,25,0,15799.219060584503,1000,1192812,1192812,200000,200000,0,1191816,8.419016886234283,4.2226457217931745,4.196371152758599,-112.43104624176026,-0.002354102036450058,0.18321025371551514,0.536978432327509,0.5356428102254868,112.77708298492432,112.7773412399292,112.77166896057129,15.308379199996125,"{""DC-1"": 364.1457336154068, ""DC-2"": 340.06252250850514, ""DC-3"": 298.8886193917226, ""DC-4"": 263.96213150848, ""DC-5"": 313.22631026315037}"
1182,1223,1609.8521587633459,1000,1000,0,0,1000,238,0,762,0,1000,990,10,0,128,118,10,14,0,16277.655048066626,1000,1193812,1193812,200000,200000,0,1192816,8.313755956411361,4.197501177668571,4.116254780530929,-112.33619673156738,0.007405357671901583,0.18462927639484406,0.5311749915778637,0.5355044521093368,112.68087811279297,112.6819629058838,112.68581461334229,15.44353940000292,"{""DC-1"": 341.6561355217542, ""DC-2"": 345.5315024366172, ""DC-3"": 299.7636573651954, ""DC-4"": 289.53167852601007, ""DC-5"": 333.36918491377}"
1183,1224,1538.503826433586,1000,1000,0,0,1000,253,0,747,0,1000,974,26,0,125,99,26,13,0,16248.585097121555,1000,1194812,1194812,200000,200000,0,1193816,7.665084315538406,3.7721425541639326,3.892941752910614,-112.36094798278809,0.012435578330419958,0.1870902180671692,0.5280958083570003,0.5354520424604415,112.71228883361816,112.71030446624756,112.71118133544923,15.049505200004205,"{""DC-1"": 371.76909805271583, ""DC-2"": 276.92282949558046, ""DC-3"": 314.0381603673086, ""DC-4"": 289.4101553834455, ""DC-5"": 286.3635831345368}"
1184,1225,1580.6682652710242,1000,1000,0,0,1000,268,0,732,0,1000,979,21,0,138,117,21,19,0,13874.537220416008,1000,1195812,1195812,200000,200000,0,1194816,8.519776093959809,4.165740522503853,4.35403558754921,-112.37414611053467,-0.005513348717242479,0.18598926067352295,0.5386610954999924,0.535363588988781,112.7291968460083,112.7289761352539,112.72539778900146,14.943605199980084,"{""DC-1"": 320.3306593260426, ""DC-2"": 355.8891045077842, ""DC-3"": 324.5089684347964, ""DC-4"": 254.81612529897967, ""DC-5"": 325.1234077034199}"
1185,1226,1487.6537169106634,1000,1000,0,0,1000,254,0,746,0,1000,964,36,0,157,121,36,19,0,17230.69525948157,1000,1196812,1196812,200000,200000,0,1195816,8.456835528373718,4.2149270722866055,4.241908465147018,-112.29138058471679,5.9086624532938e-06,0.18588244915008545,0.5354562073945999,0.5354213894605636,112.6532085647583,112.65146623229981,112.64633309936524,14.909087500011083,"{""DC-1"": 334.29605492439, ""DC-2"": 278.25364301248055, ""DC-3"": 305.1011524910855, ""DC-4"": 262.2168410361223, ""DC-5"": 307.7860254465852}"
1186,1227,1593.6845938079678,1000,1000,0,0,1000,272,0,728,0,1000,983,17,0,147,130,17,13,0,13417.537220416008,1000,1197812,1197812,200000,200000,0,1196816,8.315529950618744,4.161324006795883,4.1542059401273725,-112.21099185180664,-0.006400723487138748,0.18464668095111847,0.5391983033418656,0.5353325839042664,112.56619022369385,112.56317700195312,112.56260363006592,15.37223300000187,"{""DC-1"": 385.1621048786275, ""DC-2"": 333.06196343687094, ""DC-3"": 295.93594052642794, ""DC-4"": 277.97669737068304, ""DC-5"": 301.5478875953589}"
1187,1228,1585.0763884147802,1000,1000,0,0,1000,243,0,757,0,1000,984,16,0,128,112,16,17,0,14934.719005069728,1000,1198812,1198812,200000,200000,0,1197816,7.54767903637886,3.7787621643543243,3.768916867852211,-112.29527279663085,0.024586009034421295,0.18966296315193176,0.5207658405601978,0.5354554790258408,112.63801195526123,112.63914676666259,112.63560140228272,15.0586234999937,"{""DC-1"": 340.6951496374418, ""DC-2"": 343.13516425816755, ""DC-3"": 325.36700650792966, ""DC-4"": 270.95326568127365, ""DC-5"": 304.9258023299681}"
1188,1229,1585.2274668613286,1000,1000,0,0,1000,273,0,727,0,1000,979,21,0,133,112,21,17,0,16398.063138366728,1000,1199812,1199812,200000,200000,0,1198816,8.695887209415435,4.365885715723038,4.330001493453979,-112.12307540893555,-0.0013979361541569234,0.18936753273010254,0.5363582311868668,0.5354898073673249,112.47862963867188,112.48584545898437,112.48591148376465,15.212082599988207,"{""DC-1"": 352.64059253730795, ""DC-2"": 287.9204869187737, ""DC-3"": 346.30539188499915, ""DC-4"": 261.5653775391193, ""DC-5"": 336.7956179811287}"
1189,1230,1544.2072119043726,1000,1000,0,0,1000,278,0,722,0,1000,971,29,0,153,124,29,21,0,13279.412259097022,1000,1200812,1200812,200000,200000,0,1199816,7.808255535840988,3.9743103271722795,3.833945189476013,-112.29398279571534,-0.0044975456134416164,0.18856564164161682,0.538221942961216,0.5355486535429954,112.63963607788087,112.64318955993653,112.6398369216919,19.81143390003126,"{""DC-1"": 392.82149902083484, ""DC-2"": 310.36823152491127, ""DC-3"": 238.0632868996666, ""DC-4"": 279.7042251408379, ""DC-5"": 323.2499693181214}"
1190,1231,1610.5430138848324,1000,1000,0,0,1000,261,0,739,0,1000,987,13,0,142,129,13,17,0,14762.592185835698,1000,1201812,1201812,200000,200000,0,1200816,8.120057821035385,4.13439090847969,3.9856668961048127,-112.24606857299804,0.011536469204351306,0.19084344804286957,0.5283901050388813,0.5353284158110618,112.58507511138916,112.58092678070068,112.58589458465576,19.447961500030942,"{""DC-1"": 378.0733837318329, ""DC-2"": 316.2458261104322, ""DC-3"": 323.90727430767515, ""DC-4"": 291.61133007143604, ""DC-5"": 300.705199663456}"
1191,1232,1495.4204001150285,1000,1000,0,0,1000,243,0,757,0,1000,965,35,0,138,103,35,28,0,19207.84735688132,1000,1202812,1202812,200000,200000,0,1201816,8.500728873252868,4.287316753566265,4.213412137031555,-112.1684153137207,-0.010373582154978066,0.1887551248073578,0.5415725853145122,0.5352822179198266,112.51196716308594,112.51677042388916,112.50357864379883,18.9496740999748,"{""DC-1"": 312.5349580394029, ""DC-2"": 334.2079092204417, ""DC-3"": 292.1287413281414, ""DC-4"": 200.2175942320383, ""DC-5"": 356.331197295004}"
1192,1233,1561.6730231903373,1000,1000,0,0,1000,263,0,737,0,1000,978,22,0,119,97,22,18,0,16991.97769279527,1000,1203812,1203812,200000,200000,0,1202816,8.330468580245972,4.173657199501991,4.1568113639354705,-112.17419214630127,-0.0030362004241906108,0.18807783722877502,0.5373657695055007,0.5355635969638824,112.52140891265869,112.52947722625733,112.52156956481933,16.44282519997796,"{""DC-1"": 335.1167192439623, ""DC-2"": 290.0978981653385, ""DC-3"": 327.0373785918259, ""DC-4"": 334.59990715587946, ""DC-5"": 274.8211200333339}"
1193,1234,1531.1000364109143,1000,1000,0,0,1000,265,0,735,0,1000,969,31,0,143,112,31,17,0,15184.592185835698,1000,1204812,1204812,200000,200000,0,1203816,8.403369807720184,4.278882638692856,4.1244871847629545,-112.07063249206543,0.004421965739689768,0.1888357251882553,0.5329089073836804,0.5354887717366219,112.42719923400878,112.42022882080079,112.42718482971192,18.561285899952054,"{""DC-1"": 366.67637407799504, ""DC-2"": 282.95618197620047, ""DC-3"": 283.0703325400374, ""DC-4"": 267.66568355541693, ""DC-5"": 330.731464261264}"
1194,1235,1570.0806297574059,1000,1000,0,0,1000,282,0,718,0,1000,976,24,0,152,128,24,21,0,16398.53722041601,1000,1205812,1205812,200000,200000,0,1204816,7.914817915201187,4.006638517081737,3.90817939555645,-112.17229446411133,-0.00969121407205239,0.1871061474084854,0.5412505288720131,0.5355724279880524,112.50995202636719,112.50866431427002,112.50430075836182,18.672230800031684,"{""DC-1"": 378.4175677555687, ""DC-2"": 324.68776073970605, ""DC-3"": 301.1732413414379, ""DC-4"": 274.7244208312098, ""DC-5"": 291.07763908948135}"
1195,1236,1550.787835245338,1000,1000,0,0,1000,272,0,728,0,1000,974,26,0,151,125,26,23,0,17079.295096398906,1000,1206812,1206812,200000,200000,0,1205816,8.148086566925048,4.107539085268974,4.040547460436821,-112.10440962982177,-0.0035697808479890226,0.18640635907649994,0.5373988406658172,0.5352510941624642,112.44800728607177,112.44548110961914,112.44835247039795,19.455516099988017,"{""DC-1"": 372.1869672611595, ""DC-2"": 258.95072859080244, ""DC-3"": 319.2864587819782, ""DC-4"": 305.144672229768, ""DC-5"": 295.2190083816307}"
1196,1237,1605.6174418977498,1000,1000,0,0,1000,252,0,748,0,1000,987,13,0,141,128,13,16,0,16038.905851802296,1000,1207812,1207812,200000,200000,0,1206816,8.241894365787505,4.161384356558323,4.08051000058651,-112.11076515960693,0.0028611661773175,0.18680550158023834,0.5338548882901668,0.5354762161374093,112.4600280532837,112.45935104370118,112.45759871673584,20.159269399999175,"{""DC-1"": 385.5763192525869, ""DC-2"": 318.1184391513396, ""DC-3"": 331.512486403918, ""DC-4"": 284.38383234834873, ""DC-5"": 286.0263647415568}"
1197,1238,1543.079529151498,1000,1000,0,0,1000,225,0,775,0,1000,977,23,0,134,111,23,14,0,16195.585097121555,1000,1208812,1208812,200000,200000,0,1207816,8.149898766756058,4.156140451431274,3.9937583075761793,-112.06413285827637,0.00946091901930049,0.18893785774707794,0.5298623162209988,0.5355245813727378,112.41274005889892,112.40720506286621,112.40727847290039,16.535455099947285,"{""DC-1"": 340.5936118547368, ""DC-2"": 316.10488463409234, ""DC-3"": 302.4411881478045, ""DC-4"": 279.8815252198931, ""DC-5"": 304.05831929497157}"
1198,1239,1521.7499829033434,1000,1000,0,0,1000,241,0,759,0,1000,972,28,0,125,97,28,11,0,15178.941053420522,1000,1209812,1209812,200000,200000,0,1208816,7.854892778158188,3.996466809749603,3.858425961494446,-111.97899324035644,-0.01762046595616266,0.18527822196483612,0.5461235508024692,0.5355415375828743,112.33013935089112,112.32310640716553,112.33027272033691,15.976089000003412,"{""DC-1"": 313.73948367658045, ""DC-2"": 256.539919569714, ""DC-3"": 306.89662798545635, ""DC-4"": 318.2019413599089, ""DC-5"": 326.3720103116849}"
1199,1240,1537.1892178611117,1000,1000,0,0,1000,268,0,732,0,1000,971,29,0,143,114,29,18,0,14279.861452062145,1000,1210812,1210812,200000,200000,0,1209816,7.643495456218719,3.9235355653762816,3.7199598753452303,-111.934165184021,-0.0024175416571088136,0.18474633991718292,0.536861445903778,0.5354627279043198,112.2824227142334,112.28197972869873,112.27844313812255,16.145873000030406,"{""DC-1"": 359.4427411768627, ""DC-2"": 303.5416912133901, ""DC-3"": 302.0744571405442, ""DC-4"": 259.518273124754, ""DC-5"": 312.61205520555967}"
1200,1241,1579.9035836804426,1000,1000,0,0,1000,236,0,764,0,1000,982,18,0,120,102,18,23,0,13009.063138366728,1000,1211812,1211812,200000,200000,0,1210816,7.896351145505905,3.9099807700514795,3.98637038230896,-112.00682943725586,0.002672714323736727,0.1854582577943802,0.5337654175460339,0.535383568406105,112.34917481994628,112.34629493713379,112.34810746765137,15.98249870003201,"{""DC-1"": 377.6640958422246, ""DC-2"": 303.12993005023367, ""DC-3"": 309.09271134333017, ""DC-4"": 273.89908988939436, ""DC-5"": 316.1177565552607}"
1201,1242,1543.574997143421,1000,1000,0,0,1000,254,0,746,0,1000,975,25,0,143,118,25,20,0,16301.360164026679,1000,1212812,1212812,200000,200000,0,1211816,7.689581792593002,3.824256341338158,3.865325468659401,-112.00683256530762,-0.016628863997757436,0.1818523108959198,0.5453249211013317,0.5354052020311355,112.34947687530517,112.35953845214844,112.35549272155762,15.90793929999927,"{""DC-1"": 301.445043707108, ""DC-2"": 337.42971921037395, ""DC-3"": 342.1711504268667, ""DC-4"": 253.99063023607943, ""DC-5"": 308.53845356299325}"
1202,1243,1560.2377959951095,1000,1000,0,0,1000,249,0,751,0,1000,978,22,0,133,111,22,18,0,13115.039218902042,1000,1213812,1213812,200000,200000,0,1212816,7.556731130361557,3.8209972084760664,3.735733932137489,-111.9906616821289,0.02967304359562695,0.18771883845329285,0.5178470937013626,0.535500594496727,112.32766172027588,112.32899039459228,112.32266652679444,16.544609900040086,"{""DC-1"": 359.43927945389686, ""DC-2"": 294.44868964060475, ""DC-3"": 335.8172704253185, ""DC-4"": 244.85394860760317, ""DC-5"": 325.678607867685}"
1203,1244,1608.3685898679557,1000,1000,0,0,1000,249,0,751,0,1000,988,12,0,143,131,12,24,0,15204.461851788597,1000,1214812,1214812,200000,200000,0,1213816,7.755678740739822,3.9301394729018213,3.825539269328117,-111.91816968536376,0.0042634015586227175,0.18852181732654572,0.5329027528166771,0.5354079693555832,112.26747273254395,112.26009185028076,112.2606672744751,16.817305699980352,"{""DC-1"": 355.4956022642722, ""DC-2"": 318.6223714667072, ""DC-3"": 334.50684993889, ""DC-4"": 298.9009333464639, ""DC-5"": 300.8428328516213}"
1204,1245,1537.5476072423764,1000,1000,0,0,1000,234,0,766,0,1000,973,27,0,124,97,27,14,0,15320.522145741972,1000,1215812,1215812,200000,200000,0,1214816,8.296048513174057,4.1782945967316625,4.117753919780254,-112.05388562774658,0.011489307781681418,0.19090180099010468,0.5285592864751816,0.5354710425138474,112.395876121521,112.39788832092285,112.38785227966308,15.838822000019718,"{""DC-1"": 393.8314783664484, ""DC-2"": 306.25379912639954, ""DC-3"": 285.6565135069348, ""DC-4"": 271.4948419004478, ""DC-5"": 280.31097434214536}"
1205,1246,1604.3172418282354,1000,1000,0,0,1000,244,0,756,0,1000,986,14,0,105,91,14,10,0,13225.476421465482,1000,1216812,1216812,200000,200000,0,1215816,7.951188653707504,3.930042641401291,4.021146018326283,-111.83095243072509,-0.0002842798987403512,0.1908833384513855,0.5357834616899491,0.5355922030210495,112.17137059020996,112.17955163574219,112.17107140350342,15.944558400020469,"{""DC-1"": 350.5392353560345, ""DC-2"": 333.50610533307645, ""DC-3"": 304.1516285737229, ""DC-4"": 272.7093832678361, ""DC-5"": 343.41088929756614}"
1206,1247,1523.18780999887,1000,1000,0,0,1000,257,0,743,0,1000,972,28,0,143,115,28,21,0,14221.056612059561,1000,1217812,1217812,200000,200000,0,1216816,8.066770984649658,4.08591336619854,3.980857612490654,-111.97537825775146,0.0025807667220942676,0.1915520876646042,0.5340171315968036,0.5356019484400749,112.3241411819458,112.33183983612061,112.32521068572999,15.844092200044543,"{""DC-1"": 336.43824838801305, ""DC-2"": 268.8083557472883, ""DC-3"": 291.6223811245149, ""DC-4"": 286.6998701353333, ""DC-5"": 339.61895460372216}"
1207,1248,1596.7048409003035,1000,1000,0,0,1000,232,0,768,0,1000,988,12,0,117,105,12,15,0,14703.150440305373,1000,1218812,1218812,200000,200000,0,1217816,7.634738030195236,3.88881591296196,3.745922113060951,-111.9344839630127,0.00450680239778012,0.19260968267917633,0.5326214138269424,0.5353910809159279,112.28629875183105,112.28375289154053,112.28788507080078,15.881606700015254,"{""DC-1"": 371.74141882138036, ""DC-2"": 330.9582817280306, ""DC-3"": 313.2667703955018, ""DC-4"": 271.42224455800437, ""DC-5"": 309.3161253973868}"
1208,1249,1548.8615780984333,1000,1000,0,0,1000,267,0,733,0,1000,974,26,0,131,105,26,19,0,15547.66422412658,1000,1219812,1219812,200000,200000,0,1218816,8.111245571613312,3.9443199618458746,4.166925599634648,-111.97611096954346,-0.012725245104171336,0.18978920578956604,0.5431558026373386,0.5354467482566834,112.33304541015625,112.3364500427246,112.331632522583,16.141169099952094,"{""DC-1"": 327.5911916809598, ""DC-2"": 280.61345728986623, ""DC-3"": 375.40282871819215, ""DC-4"": 270.4132487749058, ""DC-5"": 294.8408516345104}"
1209,1250,1538.3658365997358,1000,1000,0,0,1000,249,0,751,0,1000,974,26,0,137,111,26,26,0,16396.905851802294,1000,1220812,1220812,200000,200000,0,1219816,8.846758797645569,4.344317737877369,4.50244108080864,-111.98906022644043,-0.014002220928203314,0.18707728385925293,0.543962854295969,0.5355743778944015,112.36274947357178,112.35993798065185,112.36180083465577,15.941177400003653,"{""DC-1"": 370.2680659648092, ""DC-2"": 304.79529680579424, ""DC-3"": 249.9221419829327, ""DC-4"": 300.81191504777325, ""DC-5"": 312.5684167984269}"
1210,1251,1501.7534035477115,1000,1000,0,0,1000,254,0,746,0,1000,968,32,0,132,100,32,24,0,15850.594838563784,1000,1221812,1221812,200000,200000,0,1220816,8.483072387456893,4.258134570717812,4.22493782889843,-111.82319675445557,0.014629278310574591,0.18977637588977814,0.5269223317503929,0.5355983974933625,112.17559205627441,112.18105017852783,112.17975494384766,15.945888800022658,"{""DC-1"": 321.3587077284618, ""DC-2"": 294.7508642594798, ""DC-3"": 351.9917312026935, ""DC-4"": 247.12279989776397, ""DC-5"": 286.5293004593135}"
1211,1252,1580.2487495967014,1000,1000,0,0,1000,242,0,758,0,1000,984,16,0,134,118,16,13,0,12844.297626136926,1000,1222812,1222812,200000,200000,0,1221816,8.331784098386764,4.226304998934269,4.105479104042053,-112.00420392608643,0.018675652608275414,0.19397859275341034,0.5239002957642078,0.5352980446815491,112.34798156738282,112.35497047424316,112.35108177947998,16.035208699991927,"{""DC-1"": 360.6147599612921, ""DC-2"": 303.48438682530104, ""DC-3"": 329.29493968722073, ""DC-4"": 279.9049563456547, ""DC-5"": 306.9497067772327}"
1212,1253,1593.9853005193413,1000,1000,0,0,1000,244,0,756,0,1000,985,15,0,129,114,15,15,0,16669.526109882958,1000,1223812,1223812,200000,200000,0,1222816,7.286625104665756,3.698883889377117,3.5877412074804305,-111.95010375976562,-0.00189847341645509,0.19356279075145721,0.5366505012214183,0.5354968081712723,112.31050102996826,112.30318869781495,112.30388454437256,15.80082099995343,"{""DC-1"": 341.22613804025366, ""DC-2"": 314.46621748299765, ""DC-3"": 341.8213914841349, ""DC-4"": 253.7412071069814, ""DC-5"": 342.7303464049748}"
1213,1254,1600.567060188897,1000,1000,0,0,1000,246,0,754,0,1000,987,13,0,126,113,13,20,0,13809.905851802296,1000,1224812,1224812,200000,200000,0,1223816,8.2336516726017,4.141403611302376,4.0922480672597885,-111.900535987854,-0.0052384634306654335,0.1923847645521164,0.5386802377402783,0.5354381649494171,112.23632245635986,112.23500936126709,112.24685758972169,15.725806100002956,"{""DC-1"": 365.1428271694755, ""DC-2"": 348.6366527913848, ""DC-3"": 310.3641675087684, ""DC-4"": 264.2169297135529, ""DC-5"": 312.20648300571486}"
1214,1255,1512.0148928045312,1000,1000,0,0,1000,256,0,744,0,1000,969,31,0,149,118,31,27,0,14328.006324376553,1000,1225812,1225812,200000,200000,0,1224816,8.138603886127472,4.111131147861481,4.027472731947899,-111.8907307510376,0.0131868441356346,0.195241779088974,0.5275166973471641,0.5355407605767251,112.2288735961914,112.23333650970459,112.23306367492675,15.866895799990743,"{""DC-1"": 383.42020327309945, ""DC-2"": 262.35488238395584, ""DC-3"": 307.5812031979899, ""DC-4"": 250.11024623346702, ""DC-5"": 308.5483577160197}"
1215,1256,1526.295568038134,1000,1000,0,0,1000,264,0,736,0,1000,968,32,0,139,107,32,15,0,14009.063138366728,1000,1226812,1226812,200000,200000,0,1225816,8.587152241468429,4.514316623389721,4.072835623145103,-111.87741094970703,0.008663131306879223,0.1971123367547989,0.5302590720057487,0.5355529263615608,112.23862162017822,112.23488004302979,112.23266101837159,16.564779600012116,"{""DC-1"": 342.3349406278034, ""DC-2"": 329.5109878871967, ""DC-3"": 305.1410901230037, ""DC-4"": 210.10105938144315, ""DC-5"": 339.20749001868836}"
1216,1257,1555.640812475707,1000,1000,0,0,1000,258,0,742,0,1000,975,25,0,151,126,25,18,0,14995.594838563784,1000,1227812,1227812,200000,200000,0,1226816,7.837407202720642,3.902176467895508,3.935230737090111,-111.91069637298584,0.0012014120677486062,0.19750796258449554,0.5346769637167453,0.5354490383267403,112.27170488739014,112.27849097442628,112.27280355834961,16.504099199955817,"{""DC-1"": 366.7269341680643, ""DC-2"": 306.6818672893068, ""DC-3"": 312.16897609802294, ""DC-4"": 257.7960379015801, ""DC-5"": 312.266997018733}"
1217,1258,1602.2069882628218,1000,1000,0,0,1000,247,0,753,0,1000,987,13,0,142,129,13,15,0,17095.05007181681,1000,1228812,1228812,200000,200000,0,1227816,8.193803455352784,4.140378903031349,4.053424548864364,-111.72492070007324,-0.0006009056665934623,0.19735129177570343,0.5359560766518116,0.5355070184469223,112.08405569458007,112.08377411651611,112.09160260009766,15.220461699995212,"{""DC-1"": 391.1713724406197, ""DC-2"": 338.0983642174408, ""DC-3"": 283.4391173991459, ""DC-4"": 279.70332317656187, ""DC-5"": 309.7948110290557}"
1218,1259,1537.63499874885,1000,1000,0,0,1000,272,0,728,0,1000,971,29,0,153,124,29,25,0,16719.668293578743,1000,1229812,1229812,200000,200000,0,1228816,7.7837549002170565,3.8981792504787447,3.885575644016266,-111.74609104919433,0.0024293622011318803,0.19790305197238922,0.5340012131333352,0.5355159774422645,112.0895858001709,112.080839012146,112.07620667266846,14.993887800024822,"{""DC-1"": 316.7381855614476, ""DC-2"": 350.4434030401585, ""DC-3"": 281.2463203492626, ""DC-4"": 260.87896586709644, ""DC-5"": 328.3281239308856}"
1219,1260,1602.0266218216143,1000,1000,0,0,1000,229,0,771,0,1000,988,12,0,124,112,12,17,0,14217.077263983416,1000,1230812,1230812,200000,200000,0,1229816,8.372197732925414,4.405517147541046,3.966680569946766,-111.86513427734376,-0.002602656924165785,0.1973903626203537,0.5370582873225213,0.5354659876227379,112.22548248291015,112.22425355529785,112.22164978027344,15.165442999976221,"{""DC-1"": 387.5651287384068, ""DC-2"": 279.73001099730607, ""DC-3"": 342.1441272365091, ""DC-4"": 269.7530897699808, ""DC-5"": 322.8342650794106}"
1220,1261,1626.3042660156937,1000,1000,0,0,1000,256,0,744,0,1000,992,8,0,144,136,8,13,0,14151.039218902042,1000,1231812,1231812,200000,200000,0,1230816,7.878784078359604,3.987771003484726,3.891013076543808,-111.7237473602295,-0.003537507968954742,0.19663530588150024,0.5375506933033466,0.5353963487744331,112.07378046417236,112.07814455413818,112.07687680053711,15.388682399992831,"{""DC-1"": 377.8799661700419, ""DC-2"": 305.66098645343214, ""DC-3"": 315.25486615313014, ""DC-4"": 294.7397746605254, ""DC-5"": 332.7686725785621}"
1221,1262,1592.6831145641588,1000,1000,0,0,1000,258,0,742,0,1000,983,17,0,130,113,17,13,0,14466.457996287148,1000,1232812,1232812,200000,200000,0,1231816,8.091781253099441,4.123600708603859,3.968180552244186,-111.83811669921874,-0.013168856241740287,0.19377531111240387,0.5437740449607372,0.5356466408371925,112.17876944732666,112.17972761535644,112.17437285614014,15.232263999991119,"{""DC-1"": 328.2007129997056, ""DC-2"": 357.6288842567785, ""DC-3"": 336.28849717269355, ""DC-4"": 270.5050579978524, ""DC-5"": 300.0599621371272}"
1222,1263,1556.9023535526733,1000,1000,0,0,1000,263,0,737,0,1000,975,25,0,137,112,25,20,0,16465.297626136926,1000,1233812,1233812,200000,200000,0,1232816,8.026272570371628,4.090189403772354,3.936083184123039,-111.89641065216064,0.017002963604871184,0.19733552634716034,0.5250174396932125,0.5354048770070076,112.24126226806641,112.2401276626587,112.23965937805175,15.206264199980069,"{""DC-1"": 316.72331049257434, ""DC-2"": 331.4549858526994, ""DC-3"": 318.29407878215875, ""DC-4"": 234.7920349631887, ""DC-5"": 355.6379434620535}"
1223,1264,1551.4145661463576,1000,1000,0,0,1000,248,0,752,0,1000,976,24,0,128,104,24,14,0,13998.297626136926,1000,1234812,1234812,200000,200000,0,1233816,8.75672155213356,4.542282695055008,4.214438836455345,-111.84403093719483,0.0009984743688255548,0.1975925713777542,0.5348410033583642,0.5354339099526405,112.1929204788208,112.19467277526856,112.19052102661132,15.066846100031398,"{""DC-1"": 363.49492931430296, ""DC-2"": 339.2262279114083, ""DC-3"": 308.51444895779383, ""DC-4"": 235.9715858453808, ""DC-5"": 304.2073741174732}"
1224,1265,1563.6375372006917,1000,1000,0,0,1000,265,0,735,0,1000,976,24,0,147,123,24,15,0,14623.522640378935,1000,1235812,1235812,200000,200000,0,1234816,8.239757976055145,4.106340100824833,4.133417878508568,-111.95727067565917,0.004636490329634398,0.198705792427063,0.5325659674704075,0.5354647591114045,112.29635346221924,112.29480458831787,112.29704053497315,15.044885199982673,"{""DC-1"": 394.03830037944834, ""DC-2"": 325.8301567224945, ""DC-3"": 282.91496773146696, ""DC-4"": 232.01065562770555, ""DC-5"": 328.8434567395784}"
1225,1266,1564.6047082223288,1000,1000,0,0,1000,265,0,735,0,1000,977,23,0,144,121,23,18,0,16757.02079936439,1000,1236812,1236812,200000,200000,0,1235816,7.565335422754288,3.8368741059303284,3.728461291074753,-111.99424109649658,0.006712096945848316,0.20034979283809662,0.5312285587489605,0.535376971423626,112.32807696533203,112.33219563293457,112.33010568237304,15.031458400015254,"{""DC-1"": 334.91065990251656, ""DC-2"": 327.2017777003271, ""DC-3"": 272.22798387573454, ""DC-4"": 298.74836292396674, ""DC-5"": 331.5159238197835}"
1226,1267,1565.4837079359477,1000,1000,0,0,1000,254,0,746,0,1000,981,19,0,138,119,19,15,0,13039.360164026679,1000,1237812,1237812,200000,200000,0,1236816,8.599556341648102,4.437308669567108,4.162247663199902,-112.13558724212646,-0.007928369202651083,0.1984328329563141,0.5404006119072438,0.5354630081057549,112.47439162445069,112.47738773345947,112.47287828063965,14.937316399998963,"{""DC-1"": 311.4820250166424, ""DC-2"": 325.0799904387408, ""DC-3"": 317.60663049488505, ""DC-4"": 294.84434173864656, ""DC-5"": 316.47072024703203}"
1227,1268,1566.673985138664,1000,1000,0,0,1000,243,0,757,0,1000,980,20,0,130,110,20,16,0,15124.077263983416,1000,1238812,1238812,200000,200000,0,1237816,7.533894184827805,3.9705273622274397,3.5633668209910394,-112.11705020904542,0.006114239946939051,0.1998845338821411,0.5315532835423946,0.5353297706842423,112.45716472625732,112.46293837738037,112.45999654388427,14.99742700002389,"{""DC-1"": 362.2194489883956, ""DC-2"": 299.06469702985265, ""DC-3"": 307.86335556329124, ""DC-4"": 281.761175794358, ""DC-5"": 315.765307762766}"
1228,1269,1593.1846091335542,1000,1000,0,0,1000,255,0,745,0,1000,984,16,0,133,117,16,16,0,15256.17711990283,1000,1239812,1239812,200000,200000,0,1238816,8.17883964896202,4.152128383278847,4.026711274504661,-112.23521769714355,-0.010521322254091501,0.19732226431369781,0.5421369354128838,0.5355510022044182,112.57079425048828,112.57483811950684,112.57150053405762,14.8714627000154,"{""DC-1"": 352.3313239384974, ""DC-2"": 341.20273395247773, ""DC-3"": 301.62861413903994, ""DC-4"": 272.82916925535517, ""DC-5"": 325.1927678481828}"
1229,1270,1541.7212081162118,1000,1000,0,0,1000,265,0,735,0,1000,971,29,0,138,109,29,26,0,16652.077263983418,1000,1240812,1240812,200000,200000,0,1239816,8.107809742212295,4.182830507159233,3.9249792395830156,-112.15033897399903,-0.017824361954350023,0.19341415166854858,0.5464207391738891,0.5355571967363357,112.50433751678467,112.50717014312744,112.51060199737549,14.929998600040562,"{""DC-1"": 374.9208272766153, ""DC-2"": 267.924518118591, ""DC-3"": 327.3817133970852, ""DC-4"": 270.9090319662326, ""DC-5"": 300.5851173576894}"
1230,1271,1578.44728104846,1000,1000,0,0,1000,241,0,759,0,1000,982,18,0,129,111,18,23,0,17443.317873312404,1000,1241812,1241812,200000,200000,0,1240816,8.590575486660004,4.368289490222931,4.222285988688469,-112.1172402420044,0.021673245526850224,0.1981724053621292,0.52213705265522,0.5354046738147735,112.4696265335083,112.46805757141114,112.46773916625976,14.992223199980799,"{""DC-1"": 374.7734068682681, ""DC-2"": 362.23767441634124, ""DC-3"": 256.2893651417325, ""DC-4"": 261.32727583586654, ""DC-5"": 323.81955878625126}"
1231,1272,1562.4766030083524,1000,1000,0,0,1000,258,0,742,0,1000,978,22,0,144,122,22,26,0,16172.476421465482,1000,1242812,1242812,200000,200000,0,1241816,8.226829439640046,4.333762075901031,3.893067377448082,-111.92045752716065,0.01357969191716984,0.2012355476617813,0.5269509387016297,0.5353985221982003,112.29223110961914,112.2863894958496,112.2824228515625,14.971548200002871,"{""DC-1"": 318.31300615726394, ""DC-2"": 318.2369685687294, ""DC-3"": 357.29360773204405, ""DC-4"": 247.53270569404222, ""DC-5"": 321.10031485627445}"
1232,1273,1594.3127083927327,1000,1000,0,0,1000,242,0,758,0,1000,984,16,0,110,94,16,19,0,14441.225701741098,1000,1243812,1243812,200000,200000,0,1242816,7.55171923160553,3.8275645699501037,3.7241546605825424,-111.89612936401367,-0.007563695802818984,0.19930632412433624,0.5402213240563869,0.5354314532876014,112.2415260848999,112.23680580902099,112.23534005737305,14.930117399955634,"{""DC-1"": 381.8429833583035, ""DC-2"": 329.5462406476551, ""DC-3"": 305.2695539786264, ""DC-4"": 267.3060912961692, ""DC-5"": 310.3478391119791}"
1233,1274,1625.2536286366715,1000,1000,0,0,1000,262,0,738,0,1000,990,10,0,125,115,10,17,0,14144.592185835698,1000,1244812,1244812,200000,200000,0,1243816,8.21890922498703,4.11830263710022,4.100606589019298,-111.87980453491211,0.006396101566031575,0.20079025626182556,0.5315566031932831,0.5355251262784004,112.22041513061524,112.21544718933106,112.21750557708741,15.027077300008386,"{""DC-1"": 308.7998475962126, ""DC-2"": 335.2786441432443, ""DC-3"": 392.18359783724634, ""DC-4"": 292.5424132885777, ""DC-5"": 296.4491257713923}"
1234,1275,1543.878779206165,1000,1000,0,0,1000,251,0,749,0,1000,976,24,0,134,110,24,19,0,16308.53776638027,1000,1245812,1245812,200000,200000,0,1244816,8.240382754325866,4.263287488102913,3.977095274567604,-112.01073819732666,0.008482018576702104,0.20282766222953796,0.5301342913508416,0.5354869725108147,112.34796185302734,112.35399504089355,112.35352167510986,14.908870499988552,"{""DC-1"": 349.4224511898191, ""DC-2"": 353.85761135627945, ""DC-3"": 291.0655542212267, ""DC-4"": 267.0055132659357, ""DC-5"": 282.5276491729054}"
1235,1276,1546.4537650805598,1000,1000,0,0,1000,257,0,743,0,1000,974,26,0,128,102,26,22,0,18468.26161135231,1000,1246812,1246812,200000,200000,0,1245816,7.728807687282562,4.013856149792671,3.7149515429735183,-111.97614475250244,0.003830781545955688,0.20379500091075897,0.5329813672602177,0.5353290802836418,112.32364722442627,112.31670053100586,112.31743812561035,14.971697799977846,"{""DC-1"": 329.69061485676684, ""DC-2"": 310.47782166378465, ""DC-3"": 319.9143618932914, ""DC-4"": 266.02111275164714, ""DC-5"": 320.3498539150703}"
1236,1277,1581.3237489277196,1000,1000,0,0,1000,246,0,754,0,1000,985,15,0,134,119,15,14,0,16321.029916808433,1000,1247812,1247812,200000,200000,0,1246816,8.53266504096985,4.469215496897697,4.063449551939964,-111.97007630157471,-0.0019772948357276617,0.20333334803581238,0.5366785200834274,0.535467042684555,112.31933533477783,112.32094404602051,112.32417865753173,14.912733800010756,"{""DC-1"": 317.64997791855035, ""DC-2"": 307.8925683971307, ""DC-3"": 347.8503939480317, ""DC-4"": 284.3203156200817, ""DC-5"": 323.6104930439258}"
1237,1278,1572.076318375155,1000,1000,0,0,1000,255,0,745,0,1000,981,19,0,147,128,19,22,0,14194.077263983416,1000,1248812,1248812,200000,200000,0,1247816,8.197675602436066,4.405517402172088,3.7921581830978393,-111.90866789245605,-0.005518912641797215,0.2017468959093094,0.5389416568875313,0.5354444904923439,112.26939152526856,112.27068354797363,112.26126847839356,14.925207099993713,"{""DC-1"": 335.9622977061751, ""DC-2"": 277.7064849714006, ""DC-3"": 352.40546737550903, ""DC-4"": 294.00230038258377, ""DC-5"": 311.99976793948724}"
1238,1279,1573.1421031534558,1000,1000,0,0,1000,238,0,762,0,1000,983,17,0,128,111,17,16,0,18616.45799628715,1000,1249812,1249812,200000,200000,0,1248816,8.179201805114745,4.154349311947823,4.024852479100227,-111.96836335754395,-0.008881229182705282,0.1997964233160019,0.5410937769114971,0.5355228601098061,112.3066092453003,112.30724227142333,112.29845852661133,15.041818799974862,"{""DC-1"": 300.304822318156, ""DC-2"": 375.46971731262755, ""DC-3"": 271.6472336260199, ""DC-4"": 302.2875794485481, ""DC-5"": 323.4327504481055}"
1239,1280,1598.4937179309893,1000,1000,0,0,1000,225,0,775,0,1000,989,11,0,120,109,11,20,0,14079.655048066626,1000,1250812,1250812,200000,200000,0,1249816,8.167771835327148,4.089572112321854,4.078199713587761,-111.96152851104736,-0.0038996568652801215,0.19896966218948364,0.537753890991211,0.5353685515522957,112.30234186553955,112.3072509765625,112.30951724243164,16.655823400011286,"{""DC-1"": 367.31861518049425, ""DC-2"": 323.06419632984654, ""DC-3"": 297.72496500678716, ""DC-4"": 295.31258459694465, ""DC-5"": 315.07335681691643}"
1240,1281,1518.8775101339477,1000,1000,0,0,1000,254,0,746,0,1000,969,31,0,120,89,31,18,0,15721.479129232237,1000,1251812,1251812,200000,200000,0,1250816,7.850238898515701,3.9513431236147882,3.8988958020210265,-111.93816696929932,-0.006213749025482685,0.1974881887435913,0.5393985282480717,0.5355177813768387,112.2862795791626,112.29024314117432,112.28686083221436,15.3146243999945,"{""DC-1"": 376.16994850309385, ""DC-2"": 308.71531054460854, ""DC-3"": 290.4911762636589, ""DC-4"": 256.5784950202016, ""DC-5"": 286.92257980238514}"
1241,1282,1587.4928210507094,1000,1000,0,0,1000,251,0,749,0,1000,986,14,0,133,119,14,17,0,16820.30425113243,1000,1252812,1252812,200000,200000,0,1251816,8.003905446052551,4.012193467378617,3.9917119880914687,-111.91661434936523,0.009551072555128486,0.19972461462020874,0.5295615089535713,0.5354709768295288,112.2610883102417,112.26140675354004,112.25843270111083,15.023211700026877,"{""DC-1"": 323.4005367377732, ""DC-2"": 309.03869732631097, ""DC-3"": 312.98015791605405, ""DC-4"": 337.5259788622836, ""DC-5"": 304.5474502082882}"
1242,1283,1587.6354300957207,1000,1000,0,0,1000,230,0,770,0,1000,985,15,0,135,120,15,15,0,13397.261611352313,1000,1253812,1253812,200000,200000,0,1252816,7.494584295034408,3.8348225536346434,3.6597617492675782,-111.8779314880371,-0.0017536379084922373,0.19934186339378357,0.5367100238800049,0.5356072676181793,112.22257214355469,112.22819065093994,112.2304679107666,15.135210099979304,"{""DC-1"": 359.42307791586364, ""DC-2"": 291.42452466694476, ""DC-3"": 339.52868089194146, ""DC-4"": 269.00668847541755, ""DC-5"": 328.2524581455543}"
1243,1284,1541.739065153634,1000,1000,0,0,1000,235,0,765,0,1000,977,23,0,135,112,23,18,0,15687.594838563784,1000,1254812,1254812,200000,200000,0,1253816,7.417079958438873,3.7053705508708954,3.711709414958954,-111.9790910949707,-0.004854969802312553,0.19824445247650146,0.5384833147823811,0.535462254345417,112.32346047210693,112.32563949584961,112.327595413208,15.081936899980064,"{""DC-1"": 335.617894483885, ""DC-2"": 310.10151410130476, ""DC-3"": 298.44894848341016, ""DC-4"": 280.1054914416942, ""DC-5"": 317.46521664334045}"
1244,1285,1545.9977023568401,1000,1000,0,0,1000,237,0,763,0,1000,976,24,0,137,113,24,17,0,14429.894113301132,1000,1255812,1255812,200000,200000,0,1254816,7.533188172578812,3.8238908921480177,3.709297290444374,-111.83390589141845,-0.0068290649098344145,0.19665957987308502,0.5396444238424302,0.5354641755223274,112.17184322357178,112.17216049194336,112.17761861419677,15.08612669998547,"{""DC-1"": 339.18261791584814, ""DC-2"": 307.6756970268757, ""DC-3"": 343.8638019615724, ""DC-4"": 251.80637500739866, ""DC-5"": 303.469210445146}"
1245,1286,1540.7207610142596,1000,1000,0,0,1000,243,0,757,0,1000,976,24,0,143,119,24,14,0,14597.297626136926,1000,1256812,1256812,200000,200000,0,1255816,8.043710272789001,4.110546792387963,3.9331634784936904,-111.86765953063964,0.005436802559532225,0.19781003892421722,0.5322508493065834,0.5355208330750465,112.20802136993409,112.21314196777344,112.21293908691406,15.079903599980753,"{""DC-1"": 334.812654624256, ""DC-2"": 290.07616840124047, ""DC-3"": 336.7211879958392, ""DC-4"": 286.6181512517711, ""DC-5"": 292.49259874115114}"
1246,1287,1580.5519869848172,1000,1000,0,0,1000,254,0,746,0,1000,984,16,0,124,108,16,18,0,16026.977692795272,1000,1257812,1257812,200000,200000,0,1256816,7.1787521276474,3.582675550341606,3.5960765869617464,-111.97597383880615,0.0025093754986301063,0.19839774072170258,0.5339130149781703,0.5354439342021942,112.30025180816651,112.30111170196533,112.29481912994385,15.072731700027362,"{""DC-1"": 304.84394374642557, ""DC-2"": 342.5359844487937, ""DC-3"": 309.5627175533624, ""DC-4"": 319.6809402799319, ""DC-5"": 303.9284009563024}"
1247,1288,1553.076123639486,1000,1000,0,0,1000,241,0,759,0,1000,978,22,0,125,103,22,22,0,15871.201071861542,1000,1258812,1258812,200000,200000,0,1257816,7.6906584956645965,3.8450965021848678,3.8455619913339616,-112.05057135772705,-0.007388736868742854,0.196663498878479,0.540088707447052,0.5355230141282081,112.3851350479126,112.38638467407226,112.3837516784668,15.12637359998189,"{""DC-1"": 346.6409459596091, ""DC-2"": 337.25139681075893, ""DC-3"": 264.8174839707937, ""DC-4"": 282.8983527254174, ""DC-5"": 321.4679441729079}"
1248,1289,1592.9637304420112,1000,1000,0,0,1000,239,0,761,0,1000,987,13,0,120,107,13,19,0,17643.777738285662,1000,1259812,1259812,200000,200000,0,1258816,8.034009864568711,3.8782241557836534,4.155785715699196,-112.026854347229,-0.01693465108051896,0.19280295073986053,0.5457495286762715,0.5353235214948654,112.38186152648926,112.3779522857666,112.38101020812988,15.00963819999015,"{""DC-1"": 326.38825415014145, ""DC-2"": 328.9581583531718, ""DC-3"": 352.29470444228883, ""DC-4"": 261.554002494891, ""DC-5"": 323.7686110015196}"
1249,1290,1574.529617374612,1000,1000,0,0,1000,255,0,745,0,1000,982,18,0,136,118,18,14,0,12761.32188176946,1000,1260812,1260812,200000,200000,0,1259816,7.615814206600189,3.743490242063999,3.872323967754841,-111.94219009399414,-0.0026951719769276678,0.19234444200992584,0.5371632725596428,0.5355349118113518,112.28490794372559,112.28938089752197,112.28983525848389,15.04450189997442,"{""DC-1"": 342.6925312245653, ""DC-2"": 295.9005896779113, ""DC-3"": 326.01381831025924, ""DC-4"": 309.69905245769763, ""DC-5"": 300.22362570418073}"
1250,1291,1557.518284522971,1000,1000,0,0,1000,246,0,754,0,1000,977,23,0,137,114,23,17,0,15550.522145741972,1000,1261812,1261812,200000,200000,0,1260816,7.600667951822281,3.7884952147603035,3.812172728419304,-111.82252933502197,-0.003241702017839998,0.19165419042110443,0.5374383184015751,0.5354777885079384,112.17195751953125,112.1749776916504,112.17291445922852,14.973301000020001,"{""DC-1"": 335.55073110590746, ""DC-2"": 331.731778800663, ""DC-3"": 339.9578329049403, ""DC-4"": 218.71739332236453, ""DC-5"": 331.5605483890953}"
1251,1292,1545.921835134352,1000,1000,0,0,1000,249,0,751,0,1000,978,22,0,141,119,22,15,0,12337.977692795272,1000,1262812,1262812,200000,200000,0,1261816,7.6512241895198825,3.9030771284103394,3.7481470680236817,-111.77193390655518,0.01852738313889131,0.19575025141239166,0.5241450152397156,0.5353868944644928,112.12020812225342,112.12324017333984,112.12136101531982,14.999799799988978,"{""DC-1"": 374.2305870940194, ""DC-2"": 306.82977014086225, ""DC-3"": 286.14609703155355, ""DC-4"": 304.67320101411707, ""DC-5"": 274.04217985379853}"
1252,1293,1567.133113824639,1000,1000,0,0,1000,251,0,749,0,1000,981,19,0,131,112,19,23,0,14512.480913426874,1000,1263812,1263812,200000,200000,0,1262816,8.10965046262741,4.065909801840782,4.043740667939186,-111.66454347991943,0.010209067664109171,0.19815532863140106,0.5291691699624061,0.5354767755270005,112.01702630615235,112.01714331817627,112.02591719818115,15.250556199986022,"{""DC-1"": 317.40627096461867, ""DC-2"": 361.92790727563636, ""DC-3"": 301.9122963605059, ""DC-4"": 259.76129005409956, ""DC-5"": 326.1253491697807}"
1253,1294,1546.966091738199,1000,1000,0,0,1000,272,0,728,0,1000,972,28,0,134,106,28,19,0,16830.655048066626,1000,1264812,1264812,200000,200000,0,1263816,7.9306788139343265,4.145759817719459,3.7849190009236335,-111.55260108947753,0.012982588576618583,0.20124776661396027,0.5275482885539532,0.5355709664225579,111.91080596923828,111.9058291015625,111.90578173065185,14.961230099957902,"{""DC-1"": 395.17044455301556, ""DC-2"": 327.5731259826649, ""DC-3"": 285.1211780226536, ""DC-4"": 271.76583307762985, ""DC-5"": 267.33551010223505}"
1254,1295,1604.3800415650758,1000,1000,0,0,1000,245,0,755,0,1000,987,13,0,125,112,13,14,0,15104.985121529618,1000,1265812,1265812,200000,200000,0,1264816,7.952506459951401,4.104609264016151,3.847897182703018,-111.60127542877197,-0.022549996805377306,0.19621597230434418,0.5494135564267635,0.5355331195592881,111.9605538482666,111.9644465713501,111.96399639892579,16.478391500015277,"{""DC-1"": 329.3003287911078, ""DC-2"": 326.78547275934983, ""DC-3"": 373.18624795023464, ""DC-4"": 269.4988590551103, ""DC-5"": 305.60913300927405}"
1255,1296,1522.5785783911374,1000,1000,0,0,1000,261,0,739,0,1000,967,33,0,133,100,33,16,0,14187.261611352313,1000,1266812,1266812,200000,200000,0,1265816,7.582346132993698,3.84215020686388,3.7401959211826323,-111.52047735595703,0.004486310361884535,0.19705896079540253,0.5327933059930802,0.5354717849493027,111.86807572174072,111.87085429382324,111.86446961212158,15.887561800016556,"{""DC-1"": 349.2913979754823, ""DC-2"": 269.50091613919267, ""DC-3"": 321.4873635862088, ""DC-4"": 257.27891309204426, ""DC-5"": 325.019987598213}"
1256,1297,1585.8182308514208,1000,1000,0,0,1000,256,0,744,0,1000,984,16,0,135,119,16,20,0,14161.971312032176,1000,1267812,1267812,200000,200000,0,1266816,7.7699464619159695,4.025285847306251,3.744660617828369,-111.58496547698975,0.011762538334354759,0.19945716857910156,0.5282774338126183,0.5354694508314133,111.93372633361817,111.92794626617432,111.93425464630127,15.286272600002121,"{""DC-1"": 335.34385318458123, ""DC-2"": 359.3218614716885, ""DC-3"": 355.97476099930765, ""DC-4"": 260.39096732026735, ""DC-5"": 274.78678787557504}"
1257,1298,1573.3470130653675,1000,1000,0,0,1000,241,0,759,0,1000,982,18,0,133,115,18,20,0,15021.717698285642,1000,1268812,1268812,200000,200000,0,1267816,8.098928859949112,4.210568892717362,3.8883599870204923,-111.45776756286621,0.015344113568309694,0.20334577560424805,0.5258113344609737,0.5354672057032586,111.81296659088135,111.81457785797119,111.82026864624024,15.03236230002949,"{""DC-1"": 383.841860469791, ""DC-2"": 314.6543671204452, ""DC-3"": 287.8463369861709, ""DC-4"": 301.6994408299445, ""DC-5"": 285.30500765901803}"
1258,1299,1536.4594773614797,1000,1000,0,0,1000,237,0,763,0,1000,974,26,0,128,102,26,18,0,15547.585097121555,1000,1269812,1269812,200000,200000,0,1268816,7.875356701612472,3.982763279378414,3.8925934240818023,-111.5491704788208,0.008653792168013751,0.20538245141506195,0.5300569524168968,0.5354547321796417,111.89325708007813,111.8981669921875,111.89582106018067,15.055722799967043,"{""DC-1"": 330.93457895834297, ""DC-2"": 350.96867293872066, ""DC-3"": 288.4422319117776, ""DC-4"": 290.7088853123826, ""DC-5"": 275.40510824025625}"
1259,1300,1547.0564971080482,1000,1000,0,0,1000,251,0,749,0,1000,975,25,0,137,112,25,17,0,13317.522606363847,1000,1270812,1270812,200000,200000,0,1269816,7.887827228784561,4.034474924564361,3.853352301478386,-111.64230374145508,0.007221851355396211,0.20723174512386322,0.530967272311449,0.5354933013916016,111.98481878662109,111.98674398040771,111.9891137008667,14.954684399999678,"{""DC-1"": 355.8017364223348, ""DC-2"": 315.53482864490917, ""DC-3"": 322.31216836190947, ""DC-4"": 289.3941062475169, ""DC-5"": 264.0136574313784}"
1260,1301,1621.1085740987887,1000,1000,0,0,1000,284,0,716,0,1000,986,14,0,157,143,14,27,0,15284.342035757185,1000,1271812,1271812,200000,200000,0,1270816,7.5762552769184115,3.817746180295944,3.75850908023119,-111.86384490203858,0.00045416488219052556,0.2074197381734848,0.5351728529930114,0.535442121565342,112.20245555877686,112.20203491973876,112.20145160675048,15.053351299953647,"{""DC-1"": 373.83494332331156, ""DC-2"": 337.0302382475392, ""DC-3"": 321.2686512859876, ""DC-4"": 277.4917275601961, ""DC-5"": 311.4830136817541}"
1261,1302,1600.1796099400176,1000,1000,0,0,1000,267,0,733,0,1000,984,16,0,164,148,16,12,0,15303.971312032176,1000,1272812,1272812,200000,200000,0,1271816,8.04312935948372,4.070513625502587,3.9726157526373864,-111.96037763214112,-0.016468012063298374,0.20347033441066742,0.5459674877226353,0.5355305410623551,112.29102625274658,112.29302197265625,112.29041551208496,15.118577599991113,"{""DC-1"": 360.7113847958185, ""DC-2"": 315.24357330558706, ""DC-3"": 350.86687510882086, ""DC-4"": 278.99504794775015, ""DC-5"": 294.3627287820399}"
1262,1303,1523.822030837447,1000,1000,0,0,1000,263,0,737,0,1000,970,30,0,151,121,30,26,0,15824.194896583373,1000,1273812,1273812,200000,200000,0,1272816,7.844698978424073,3.9227661750912666,3.921932805895805,-112.07501940155029,0.006975418130867183,0.20522363483905792,0.5309749814569951,0.5353513068556786,112.41117517852783,112.4158186416626,112.4147573852539,15.021520500013139,"{""DC-1"": 360.1869716637553, ""DC-2"": 287.54558631436294, ""DC-3"": 326.02251167248085, ""DC-4"": 234.8595811764787, ""DC-5"": 315.20738001036995}"
1263,1304,1612.027803247205,1000,1000,0,0,1000,255,0,745,0,1000,987,13,0,125,112,13,22,0,14778.668293578743,1000,1274812,1274812,200000,200000,0,1273816,7.736850107192994,3.8921373403072357,3.8447127682566644,-112.03068850708007,0.011339405884966253,0.20803490281105042,0.5283834612369538,0.5355609092712402,112.36992432403565,112.36786945343017,112.36397785186767,15.08875049999915,"{""DC-1"": 362.4382176403352, ""DC-2"": 326.74718256520987, ""DC-3"": 347.7327547025773, ""DC-4"": 277.02376117414497, ""DC-5"": 298.08588716493733}"
1264,1305,1590.6411089900873,1000,1000,0,0,1000,238,0,762,0,1000,986,14,0,125,111,14,18,0,14457.56364661451,1000,1275812,1275812,200000,200000,0,1274816,8.279277969360352,4.204046837449074,4.075231122434139,-112.10134533691406,-0.01949792305054143,0.2032402902841568,0.547786943346262,0.5354275061488152,112.4374811553955,112.43463213348389,112.43735819244385,15.08788409997942,"{""DC-1"": 351.07707481616126, ""DC-2"": 324.879965837744, ""DC-3"": 281.2137817809888, ""DC-4"": 274.8384894095426, ""DC-5"": 358.6317971456514}"
1265,1306,1566.664633662518,1000,1000,0,0,1000,247,0,753,0,1000,978,22,0,124,102,22,10,0,16306.592185835698,1000,1276812,1276812,200000,200000,0,1275816,7.532657785415649,3.8303567353487016,3.7023010346889498,-112.13048920440674,-0.011513326706830413,0.2006479799747467,0.5426545245349407,0.5354797348976136,112.46131453704834,112.46423211669922,112.46419689941406,15.023369600006845,"{""DC-1"": 403.3507366384603, ""DC-2"": 315.7169924502783, ""DC-3"": 318.85905381514766, ""DC-4"": 226.95397379062905, ""DC-5"": 301.7838769680021}"
1266,1307,1562.3023777002566,1000,1000,0,0,1000,230,0,770,0,1000,980,20,0,108,88,20,12,0,16069.668293578743,1000,1277812,1277812,200000,200000,0,1276816,8.102876720666885,4.122622753620147,3.9802539619803428,-112.20748960876465,-0.014451348278671504,0.19732853770256042,0.5444432659745216,0.5354504608511925,112.53652026367187,112.5426655960083,112.53750123596191,15.006133700022474,"{""DC-1"": 373.70555303638776, ""DC-2"": 325.1512459378394, ""DC-3"": 278.75755953040004, ""DC-4"": 247.07804735133757, ""DC-5"": 337.6099718442913}"
1267,1308,1511.8519221527422,1000,1000,0,0,1000,289,0,711,0,1000,965,35,0,171,136,35,25,0,14429.582751801341,1000,1278812,1278812,200000,200000,0,1277816,8.039860324144364,4.067242426753044,3.972617874622345,-112.34608069610596,0.0019009413635358214,0.19767577946186066,0.5343623445928096,0.5354886564612389,112.67998900604248,112.68640856170654,112.6893042602539,15.191103699966334,"{""DC-1"": 342.6351106568968, ""DC-2"": 332.31142511121584, ""DC-3"": 269.2919649880867, ""DC-4"": 244.061234363143, ""DC-5"": 323.55218703340296}"
1268,1309,1618.9603123329878,1000,1000,0,0,1000,238,0,762,0,1000,992,8,0,115,107,8,14,0,13872.077263983416,1000,1279812,1279812,200000,200000,0,1278816,7.780066073179245,3.9244003990888596,3.8556656740903854,-112.33744841766358,0.011277323761489242,0.20013535022735596,0.528480422705412,0.5354031471610069,112.6738638381958,112.66952368164063,112.66991956329346,15.011831200041343,"{""DC-1"": 311.23165597496126, ""DC-2"": 359.0206134589898, ""DC-3"": 317.9210837103486, ""DC-4"": 309.5171555755792, ""DC-5"": 321.26980361310945}"
1269,1310,1517.915569792217,1000,1000,0,0,1000,250,0,750,0,1000,968,32,0,128,96,32,21,0,15052.063138366728,1000,1280812,1280812,200000,200000,0,1279816,7.895418780565262,4.128943854987622,3.766474928557873,-112.52939021301269,-0.007699376361444592,0.19832292199134827,0.5403496613800526,0.535566364645958,112.8633519668579,112.86026435852051,112.85806407928467,15.100895200041123,"{""DC-1"": 354.0001792791827, ""DC-2"": 355.9573717653828, ""DC-3"": 319.54295161733194, ""DC-4"": 236.06202197119924, ""DC-5"": 252.3530451591222}"
1270,1311,1577.9598747539237,1000,1000,0,0,1000,255,0,745,0,1000,981,19,0,149,130,19,22,0,16653.063138366728,1000,1281812,1281812,200000,200000,0,1280816,8.794208696842194,4.408077615141869,4.386131048560142,-112.4870038986206,-0.007257979140616953,0.196919247508049,0.5398799262344837,0.5354222749471664,112.83443830108642,112.83758522033692,112.84494158172608,15.01127620000625,"{""DC-1"": 389.8393736857798, ""DC-2"": 294.80787674259534, ""DC-3"": 268.80743473730746, ""DC-4"": 263.8945142958759, ""DC-5"": 360.6106752923676}"
1271,1312,1511.925749527133,1000,1000,0,0,1000,239,0,761,0,1000,969,31,0,136,105,31,29,0,13809.524482329593,1000,1282812,1282812,200000,200000,0,1281816,8.479667475938797,4.412033546328544,4.067633919239044,-112.28049681854247,0.0006009948984719813,0.1968493014574051,0.5351017529964447,0.5353930160999298,112.6291983795166,112.63569299316406,112.6291160736084,15.555281300039496,"{""DC-1"": 351.4881340420299, ""DC-2"": 347.68580939672194, ""DC-3"": 304.23126737427134, ""DC-4"": 228.4295183281358, ""DC-5"": 280.09102038597604}"
1272,1313,1596.189983194413,1000,1000,0,0,1000,274,0,726,0,1000,981,19,0,157,138,19,22,0,15673.457996287148,1000,1283812,1283812,200000,200000,0,1282816,7.436845122098923,3.830509424805641,3.606335693359375,-112.27722911071777,0.018337520430330188,0.20109011232852936,0.5241137176752091,0.5354583723545074,112.61193937683106,112.61360132598877,112.611496635437,15.137795899994671,"{""DC-1"": 367.80822439794105, ""DC-2"": 305.0448768410255, ""DC-3"": 342.6548095942039, ""DC-4"": 259.67876719770334, ""DC-5"": 321.0033051635399}"
1273,1314,1553.2929165593519,1000,1000,0,0,1000,249,0,751,0,1000,973,27,0,126,99,27,23,0,15028.628686176975,1000,1284812,1284812,200000,200000,0,1283816,8.02659555363655,4.1444066852331165,3.8821888878345487,-112.28751735687256,-0.011339790258090943,0.19838227331638336,0.5425240816175938,0.5354596491456032,112.61821803283691,112.6242311706543,112.62166585540771,14.939961999945808,"{""DC-1"": 389.47839219843814, ""DC-2"": 287.86386962509465, ""DC-3"": 306.86952957719, ""DC-4"": 205.07246393341566, ""DC-5"": 364.0086612252139}"
1274,1315,1572.5052142882205,1000,1000,0,0,1000,273,0,727,0,1000,977,23,0,160,137,23,26,0,13066.989082663846,1000,1285812,1285812,200000,200000,0,1284816,7.302460856914521,3.725766172647476,3.5766946840286256,-112.1753078994751,-0.0028591040135361252,0.1979433000087738,0.5371678242385387,0.5353906329870224,112.50903462982178,112.50695163726806,112.50414463043212,15.251451799995266,"{""DC-1"": 339.11408140538055, ""DC-2"": 279.8106069269787, ""DC-3"": 334.205969612501, ""DC-4"": 272.42710218522546, ""DC-5"": 346.9474541581342}"
1275,1316,1567.7900806372097,1000,1000,0,0,1000,301,0,699,0,1000,972,28,0,153,125,28,30,0,12883.04219276574,1000,1286812,1286812,200000,200000,0,1285816,7.230602845668793,3.680652867436409,3.549949977397919,-112.38084689331055,-0.0068645635601133105,0.19660349190235138,0.5394380267858505,0.5352705980539322,112.70564118194581,112.70687252807618,112.70796942901612,15.10206589999143,"{""DC-1"": 352.88895764155495, ""DC-2"": 321.2564543751381, ""DC-3"": 318.70641061613134, ""DC-4"": 250.68071203971704, ""DC-5"": 324.25754596466794}"
1276,1317,1579.9771881206343,1000,1000,0,0,1000,252,0,748,0,1000,983,17,0,142,125,17,19,0,16172.985121529618,1000,1287812,1287812,200000,200000,0,1286816,7.646710590839386,3.8113641015291213,3.835346468269825,-112.3831127166748,-0.002426256725564599,0.19580386579036713,0.5370072200000287,0.5354089205265045,112.70995046234131,112.71189263916015,112.70113957977296,15.064315200026613,"{""DC-1"": 322.96658849210337, ""DC-2"": 310.61988012282677, ""DC-3"": 344.12350891036164, ""DC-4"": 270.2444195269111, ""DC-5"": 332.02279106843343}"
1277,1318,1603.6460769610715,1000,1000,0,0,1000,245,0,755,0,1000,988,12,0,123,111,12,12,0,14068.304251132433,1000,1288812,1288812,200000,200000,0,1287816,7.995205097436905,4.10295803129673,3.8922470821142197,-112.43663161468506,0.027601879852358253,0.20190750062465668,0.5183843249678611,0.5354605310559273,112.76696975708008,112.76648537445068,112.75967533111572,15.018148000002839,"{""DC-1"": 332.497553089051, ""DC-2"": 363.68616947256186, ""DC-3"": 301.22380717393713, ""DC-4"": 275.21422938704666, ""DC-5"": 331.0243178384756}"
1278,1319,1568.1148815018291,1000,1000,0,0,1000,248,0,752,0,1000,981,19,0,149,130,19,19,0,14366.592185835698,1000,1289812,1289812,200000,200000,0,1288816,7.756321072340012,4.007958362162113,3.748362720549107,-112.53038157653809,0.011148296728730201,0.2042149305343628,0.5285895396173,0.5355018923878669,112.86211067199707,112.85235517883301,112.85751023101807,14.949968700006139,"{""DC-1"": 374.75062549413025, ""DC-2"": 292.26827793918636, ""DC-3"": 302.86741432910725, ""DC-4"": 306.94900097311836, ""DC-5"": 291.27956276628737}"
1279,1320,1556.4301593581322,1000,1000,0,0,1000,251,0,749,0,1000,978,22,0,142,120,22,19,0,14804.594838563784,1000,1290812,1290812,200000,200000,0,1289816,7.920843757152557,4.094457825541496,3.826385947406292,-112.48645393371582,-0.00578980723535642,0.203278049826622,0.5389488860666752,0.5353942264914513,112.79584781646729,112.80343412780762,112.79862879943848,15.193249500007369,"{""DC-1"": 357.3378267556471, ""DC-2"": 324.3707132822814, ""DC-3"": 322.2622350415918, ""DC-4"": 250.75979174751114, ""DC-5"": 301.69959253110244}"
1280,1321,1587.3307512792162,1000,1000,0,0,1000,229,0,771,0,1000,988,12,0,130,118,12,23,0,14606.74357677477,1000,1291812,1291812,200000,200000,0,1290816,7.616319236278534,3.8782903990149498,3.7380288190841675,-112.62386514282227,0.01371824390720576,0.20611602067947388,0.5267805610001087,0.5353385949134827,112.94371463012695,112.94166328430175,112.94181789398193,15.035766800050624,"{""DC-1"": 341.5005692250543, ""DC-2"": 317.03757224909776, ""DC-3"": 338.5399402918815, ""DC-4"": 280.3699346300168, ""DC-5"": 309.8827348831653}"
1281,1322,1494.7998029777377,1000,1000,0,0,1000,255,0,745,0,1000,966,34,0,145,111,34,17,0,14647.782173252555,1000,1292812,1292812,200000,200000,0,1291816,7.871135940551758,3.9946534290909765,3.876482531785965,-112.70871990966796,-0.000586291590705514,0.20597486197948456,0.5358631306588649,0.5354625117778778,113.0274545135498,113.03647972106934,113.02838667297364,15.005885799997486,"{""DC-1"": 318.8711266192535, ""DC-2"": 276.5591932355996, ""DC-3"": 282.12748614439204, ""DC-4"": 288.97069586515255, ""DC-5"": 328.2713011133387}"
1282,1323,1614.8243960979148,1000,1000,0,0,1000,249,0,751,0,1000,989,11,0,136,125,11,17,0,15021.240627157775,1000,1293812,1293812,200000,200000,0,1292816,8.184505936145783,4.107542584061623,4.076963356375694,-112.66110150146484,-0.022103538342751562,0.2006632536649704,0.5494654659032822,0.5355221019983292,112.98728988647461,112.98613069915771,112.98583435058593,15.018781499995384,"{""DC-1"": 386.7913318552785, ""DC-2"": 276.71283745284813, ""DC-3"": 332.9188480112594, ""DC-4"": 298.5261322882344, ""DC-5"": 319.8752464902955}"
1283,1324,1529.7520139616038,1000,1000,0,0,1000,234,0,766,0,1000,972,28,0,117,89,28,26,0,15268.006324376553,1000,1294812,1294812,200000,200000,0,1293816,8.043355882644653,4.089965269684791,3.9533906050920486,-112.70290172576904,0.01437606087513268,0.20412743091583252,0.5263894149065018,0.5354033524394035,113.02310690307617,113.02196893310547,113.02013598632813,15.1256238000351,"{""DC-1"": 361.6567895381339, ""DC-2"": 334.8438650630909, ""DC-3"": 325.5277792333097, ""DC-4"": 216.8987806835753, ""DC-5"": 290.824799443497}"
1284,1325,1548.2506356075953,1000,1000,0,0,1000,261,0,739,0,1000,974,26,0,135,109,26,14,0,16125.261611352313,1000,1295812,1295812,200000,200000,0,1294816,7.892551337480545,4.025164679348469,3.8673866848945617,-112.83791548919677,-0.011277246466372163,0.20152942836284637,0.5425240517258644,0.5354237806797028,113.16515024566651,113.1657947769165,113.1658677597046,15.095508600003086,"{""DC-1"": 342.70109295255907, ""DC-2"": 320.34696097052085, ""DC-3"": 337.3832230551642, ""DC-4"": 299.2234720358376, ""DC-5"": 248.59588659351465}"
1285,1326,1579.8562782183014,1000,1000,0,0,1000,263,0,737,0,1000,979,21,0,126,105,21,18,0,15948.977692795272,1000,1296812,1296812,200000,200000,0,1295816,8.51098859000206,4.439240888834,4.07174769282341,-112.82080270385742,-0.0042135940995067355,0.20050621032714844,0.5380464740097523,0.5353617998957634,113.1438130493164,113.14383516693115,113.14030867767335,15.106838500010781,"{""DC-1"": 409.4723102382393, ""DC-2"": 286.51175756307464, ""DC-3"": 318.86665584214046, ""DC-4"": 271.88953176809974, ""DC-5"": 293.1160228067471}"
1286,1327,1558.536579614917,1000,1000,0,0,1000,265,0,735,0,1000,976,24,0,150,126,24,11,0,15311.668293578743,1000,1297812,1297812,200000,200000,0,1296816,8.176041469335557,4.2202243387699125,3.955817117154598,-112.92819365692138,0.006517418316565454,0.20213952660560608,0.5312426977157593,0.5353524212241173,113.26340350341796,113.26620870971679,113.26147736358642,14.993108800030313,"{""DC-1"": 345.86180196094443, ""DC-2"": 343.4067237404594, ""DC-3"": 301.55213811010213, ""DC-4"": 264.44621575417716, ""DC-5"": 303.2697000492324}"
1287,1328,1528.076991119627,1000,1000,0,0,1000,253,0,747,0,1000,972,28,0,137,109,28,20,0,16368.056612059561,1000,1298812,1298812,200000,200000,0,1297816,8.009659179210663,4.16232492351532,3.8473342621326445,-112.92297409820557,0.0018530548857524992,0.20248252153396606,0.5343427562713623,0.5354326432943344,113.26081093597412,113.25538928222656,113.26161721038818,15.05964849999873,"{""DC-1"": 337.9025930107917, ""DC-2"": 330.6687604387542, ""DC-3"": 277.9369813535792, ""DC-4"": 294.2171136213887, ""DC-5"": 287.3515426951128}"
1288,1329,1560.5247993889586,1000,1000,0,0,1000,264,0,736,0,1000,977,23,0,156,133,23,26,0,12065.950906756458,1000,1299812,1299812,200000,200000,0,1298816,8.281405205249786,4.248619992136955,4.032785210847854,-112.90972497558593,-0.01528655750118196,0.1991855353116989,0.5447656258642674,0.5352429717183113,113.24141424560547,113.2362107925415,113.23857808685302,15.065820300020278,"{""DC-1"": 347.7250027716189, ""DC-2"": 336.3058727579114, ""DC-3"": 298.33940541848386, ""DC-4"": 276.75554734038235, ""DC-5"": 301.39897110056273}"
1289,1330,1550.9542111574476,1000,1000,0,0,1000,250,0,750,0,1000,975,25,0,131,106,25,15,0,13991.56364661451,1000,1300812,1300812,200000,200000,0,1299816,7.837848133563996,4.024895609259605,3.812952535510063,-112.86085188293457,-0.0036518083366099746,0.1984434723854065,0.5377040140032768,0.5354578794240952,113.1905548324585,113.18802429962159,113.18534250640869,14.886008200002834,"{""DC-1"": 387.8402865428562, ""DC-2"": 333.022496210624, ""DC-3"": 282.43691235010766, ""DC-4"": 269.7256736888606, ""DC-5"": 277.92884236500004}"
1290,1331,1613.4268130642483,1000,1000,0,0,1000,283,0,717,0,1000,986,14,0,156,142,14,14,0,16520.297626136926,1000,1301812,1301812,200000,200000,0,1300816,7.887354513883591,4.002068104386329,3.8852863969802858,-112.97301617431641,0.001242513481527567,0.19838634133338928,0.5348235676288605,0.5354954821467399,113.29762228393555,113.29959481811524,113.30665541839599,14.994378999981564,"{""DC-1"": 342.090325770066, ""DC-2"": 320.4337493485418, ""DC-3"": 325.0698863135771, ""DC-4"": 279.02295553974056, ""DC-5"": 346.80989609232455}"
1291,1332,1612.0798660904202,1000,1000,0,0,1000,266,0,734,0,1000,987,13,0,152,139,13,13,0,15732.847356881319,1000,1302812,1302812,200000,200000,0,1301816,8.43525513124466,4.214830034613609,4.220425106525421,-112.95858750915528,0.0015746669336222112,0.19894105195999146,0.5344764176309109,0.5354435769915581,113.28857481384277,113.28998202514649,113.28583312225342,15.005167600000277,"{""DC-1"": 346.6045014350008, ""DC-2"": 365.37230097725615, ""DC-3"": 334.0517278302965, ""DC-4"": 286.9697828518438, ""DC-5"": 279.0815529960236}"
1292,1333,1554.7619113768324,1000,1000,0,0,1000,260,0,740,0,1000,976,24,0,137,113,24,16,0,15855.638931258181,1000,1303812,1303812,200000,200000,0,1302816,7.734063680887222,3.9907971304655074,3.7432665523290636,-112.97482904052734,0.012201949224807322,0.2016870081424713,0.5278182955086231,0.5353968090415001,113.30752377319335,113.3064068222046,113.30647756195069,14.973710399994161,"{""DC-1"": 319.34671443267314, ""DC-2"": 337.34922962771975, ""DC-3"": 345.44432308692217, ""DC-4"": 259.84707068269904, ""DC-5"": 292.774573546819}"
1293,1334,1554.143213870012,1000,1000,0,0,1000,245,0,755,0,1000,978,22,0,130,108,22,19,0,16132.977692795272,1000,1304812,1304812,200000,200000,0,1303816,7.692072813987732,3.8856482636928558,3.8064245488643644,-113.09348495483398,-0.005106701090931892,0.2007244974374771,0.5385301952064038,0.5353707517385483,113.41887623596192,113.41993142700196,113.4181579360962,15.099788299994543,"{""DC-1"": 360.1546971763175, ""DC-2"": 285.3096150956094, ""DC-3"": 311.5453207005572, ""DC-4"": 272.4646861672457, ""DC-5"": 324.6688947302847}"
1294,1335,1597.3271183124234,1000,1000,0,0,1000,244,0,756,0,1000,986,14,0,127,113,14,19,0,14170.971312032176,1000,1305812,1305812,200000,200000,0,1304816,7.7583107798099515,3.868037934064865,3.8902728555202484,-113.1686340789795,-0.010591846057912335,0.19812780618667603,0.5419651345908642,0.535344160914421,113.48430268096924,113.48920941162109,113.48574982452392,15.35024080000585,"{""DC-1"": 374.94398585943856, ""DC-2"": 313.4582081957761, ""DC-3"": 326.1232192528152, ""DC-4"": 280.91891809456, ""DC-5"": 301.88278690983265}"
1295,1336,1552.3811616107866,1000,1000,0,0,1000,264,0,736,0,1000,977,23,0,154,131,23,19,0,14494.69525948157,1000,1306812,1306812,200000,200000,0,1305816,7.923518000364304,4.0484813270568845,3.8750366986989975,-113.03771933746337,0.011640052603557705,0.20087461173534393,0.5281915822029114,0.5354075393676758,113.36088665771484,113.35975532531738,113.3527285232544,14.027497700008098,"{""DC-1"": 372.90984011571555, ""DC-2"": 303.66501360896655, ""DC-3"": 303.5150391707423, ""DC-4"": 274.5413273163199, ""DC-5"": 297.7499413990415}"
1296,1337,1579.8761989888662,1000,1000,0,0,1000,253,0,747,0,1000,981,19,0,131,112,19,18,0,16840.08566455818,1000,1307812,1307812,200000,200000,0,1306816,7.712537729740143,3.9252981429100036,3.7872395951747895,-113.14669648742675,0.010775706470012665,0.20330284535884857,0.5287326172888279,0.5354480103254319,113.4577435913086,113.46237131500244,113.46157267761231,14.160913300001994,"{""DC-1"": 381.55644169015926, ""DC-2"": 324.14112650532263, ""DC-3"": 335.34257660577714, ""DC-4"": 247.5198341754313, ""DC-5"": 291.3162200121767}"
1297,1338,1560.927384839111,1000,1000,0,0,1000,218,0,782,0,1000,983,17,0,111,94,17,16,0,14978.330502574825,1000,1308812,1308812,200000,200000,0,1307816,8.092220432519913,3.992288968205452,4.099931470453739,-113.23311642456055,0.01245600809622556,0.20613925158977509,0.5275102686285973,0.5353088362216949,113.55657785797119,113.55393741607666,113.55712658691407,14.166436400031671,"{""DC-1"": 323.92301942069565, ""DC-2"": 355.1939564266804, ""DC-3"": 293.03437006693343, ""DC-4"": 281.7017278323226, ""DC-5"": 307.0743110924803}"
1298,1339,1579.6014326006516,1000,1000,0,0,1000,274,0,726,0,1000,980,20,0,149,129,20,25,0,15712.056612059561,1000,1309812,1309812,200000,200000,0,1308816,7.9649445867538455,3.9250888453722,4.039855753660202,-113.22406076812744,-0.005190812614746392,0.20496998727321625,0.5386498990654945,0.5353651082515717,113.55462238311767,113.55458500671386,113.54902159118652,14.054514699964784,"{""DC-1"": 400.95771794671515, ""DC-2"": 289.0847158752339, ""DC-3"": 290.2581497467729, ""DC-4"": 283.1412740394317, ""DC-5"": 316.15957499249816}"
1299,1340,1584.0268292133865,1000,1000,0,0,1000,261,0,739,0,1000,981,19,0,143,124,19,14,0,15116.971312032176,1000,1310812,1310812,200000,200000,0,1309816,7.694610446929931,3.8241063141822815,3.870504126429558,-113.09471224975586,-0.014275276753585786,0.20168527960777283,0.544380523532629,0.5354649823307991,113.42962857818604,113.43070082855225,113.43525286102295,13.997988499992061,"{""DC-1"": 367.95491665909685, ""DC-2"": 300.15941769075357, ""DC-3"": 322.2137143652054, ""DC-4"": 277.7009916280839, ""DC-5"": 315.997788870248}"
1300,1341,1592.3670411811295,1000,1000,0,0,1000,268,0,732,0,1000,983,17,0,160,143,17,22,0,15780.585097121555,1000,1311812,1311812,200000,200000,0,1310816,7.798404072284699,4.015631368279457,3.782772706747055,-113.1019367980957,0.009217055595945567,0.20380598306655884,0.529735002219677,0.5354535886645317,113.43093019866943,113.43509128570557,113.42480129241943,13.956871600006707,"{""DC-1"": 337.4271009680059, ""DC-2"": 349.35984766939487, ""DC-3"": 298.2307537843292, ""DC-4"": 276.31141463459795, ""DC-5"": 331.03792412480067}"
1301,1342,1601.3425010721096,1000,1000,0,0,1000,255,0,745,0,1000,984,16,0,124,108,16,19,0,14088.484205808305,1000,1312812,1312812,200000,200000,0,1311816,7.7418571493625645,3.8944261906147,3.847430967092514,-113.21560047912598,0.004956492319237441,0.20505858957767487,0.5323675727844238,0.5354750847220421,113.54861431884765,113.5488794631958,113.54688748168945,14.001093899947591,"{""DC-1"": 392.2957817344439, ""DC-2"": 333.90853292136535, ""DC-3"": 303.23754344743196, ""DC-4"": 268.92948119004075, ""DC-5"": 302.9711617788279}"
1302,1343,1605.4169247725672,1000,1000,0,0,1000,251,0,749,0,1000,988,12,0,146,134,12,18,0,15622.571065696888,1000,1313812,1313812,200000,200000,0,1312816,7.520689453125,3.792609237909317,3.728080212891102,-113.11712539672851,0.009082473203539849,0.2072794884443283,0.529640781223774,0.5353552918434143,113.4370963973999,113.441075340271,113.4416696472168,13.941315400006715,"{""DC-1"": 345.967026175134, ""DC-2"": 328.5671170786744, ""DC-3"": 313.83226214703245, ""DC-4"": 280.065591278427, ""DC-5"": 336.98492809329866}"
1303,1344,1572.3006009284002,1000,1000,0,0,1000,225,0,775,0,1000,983,17,0,113,96,17,19,0,15368.522513301477,1000,1314812,1314812,200000,200000,0,1313816,7.980896785020828,4.065424504339695,3.915472268104553,-113.27272590637207,-0.017021625218447297,0.2031412571668625,0.5461497445106507,0.5354165825247764,113.60855848693848,113.60454305267334,113.60447519683838,14.009684399992693,"{""DC-1"": 374.0768148153251, ""DC-2"": 328.40671862901206, ""DC-3"": 321.36857005124324, ""DC-4"": 259.1007929996505, ""DC-5"": 289.3477044331701}"
1304,1345,1590.4316831682588,1000,1000,0,0,1000,246,0,754,0,1000,987,13,0,127,114,13,12,0,16271.861207326583,1000,1315812,1315812,200000,200000,0,1314816,7.70409939956665,3.8428757276535035,3.861223659157753,-113.26983589935303,0.009827609749976545,0.205248162150383,0.5292709370851517,0.5353534478545189,113.60431233215333,113.60822106170654,113.60788977050781,14.146584300033282,"{""DC-1"": 316.46293428030344, ""DC-2"": 299.58939667424306, ""DC-3"": 346.2864034059495, ""DC-4"": 324.421371145397, ""DC-5"": 303.67157766236784}"
1305,1346,1547.5987308914703,1000,1000,0,0,1000,276,0,724,0,1000,972,28,0,161,133,28,15,0,13853.412259097022,1000,1316812,1316812,200000,200000,0,1315816,7.878089132070541,4.030901587367058,3.847187556028366,-113.18906768035889,-0.0069358952068723735,0.2036580592393875,0.539868039727211,0.5355108969211578,113.52598445892335,113.52570917510987,113.53323992919921,14.652688000001945,"{""DC-1"": 314.7140653138472, ""DC-2"": 308.35212588204183, ""DC-3"": 325.6785398025465, ""DC-4"": 282.54270137011014, ""DC-5"": 316.3112985229264}"
1306,1347,1554.119781570565,1000,1000,0,0,1000,240,0,760,0,1000,978,22,0,141,119,22,18,0,15286.194896583373,1000,1317812,1317812,200000,200000,0,1316816,7.752791247844696,3.83138378572464,3.921407474756241,-113.1124114074707,-0.011831476519815623,0.20089125633239746,0.5427928785383701,0.5353617529869079,113.45343962097168,113.4529418182373,113.45652247619628,16.76753930002451,"{""DC-1"": 363.5886117831705, ""DC-2"": 336.1978456219936, ""DC-3"": 336.5443195387063, ""DC-4"": 216.66071960311064, ""DC-5"": 301.128285023583}"
1307,1348,1558.4808243598113,1000,1000,0,0,1000,250,0,750,0,1000,979,21,0,130,109,21,21,0,13916.720011132064,1000,1318812,1318812,200000,200000,0,1317816,7.724855664968491,3.8972432841658593,3.827612381994724,-113.07486428070068,0.002067128407768905,0.20129023492336273,0.534205402880907,0.5354976425170899,113.41644109344483,113.41257140350342,113.41351042938233,16.41759520000778,"{""DC-1"": 331.64034994164706, ""DC-2"": 320.42638846935915, ""DC-3"": 351.7478750018835, ""DC-4"": 267.3861782815635, ""DC-5"": 287.2800326653598}"
1308,1349,1511.0583493607382,1000,1000,0,0,1000,262,0,738,0,1000,966,34,0,150,116,34,16,0,13415.21324759689,1000,1319812,1319812,200000,200000,0,1318816,7.849040769577027,3.9738402750492097,3.875200502693653,-112.99269511413574,-0.013126151202712207,0.19831836223602295,0.5435480302870274,0.5353631640672684,113.33539434814453,113.33208624267579,113.33572179412842,16.210439999995288,"{""DC-1"": 375.36723538364, ""DC-2"": 297.71015129395255, ""DC-3"": 268.67724492969296, ""DC-4"": 273.504642867516, ""DC-5"": 295.79907488593574}"
1309,1350,1594.317046096957,1000,1000,0,0,1000,239,0,761,0,1000,986,14,0,115,101,14,21,0,14018.240627157775,1000,1320812,1320812,200000,200000,0,1319816,7.724593930959702,3.9305584629774093,3.7940354619026184,-112.9738115386963,0.01079170220065862,0.2006651610136032,0.5286433736979962,0.5352810524702072,113.30893252563476,113.31016172790527,113.3088211593628,16.256779499992263,"{""DC-1"": 361.2493476236695, ""DC-2"": 337.9040763277774, ""DC-3"": 327.50981125961255, ""DC-4"": 255.4723420437712, ""DC-5"": 312.18146884212695}"
1310,1351,1542.6311908638356,1000,1000,0,0,1000,252,0,748,0,1000,975,25,0,147,122,25,14,0,17349.84584954554,1000,1321812,1321812,200000,200000,0,1320816,7.374403392076492,3.7618460825681685,3.6125573167800904,-113.12147841644287,-0.0031601964412257075,0.1999695897102356,0.5373525244891644,0.5353545415401458,113.44925992584228,113.45290065002442,113.4509899597168,17.55085890000919,"{""DC-1"": 339.0148369224495, ""DC-2"": 313.74943946120675, ""DC-3"": 380.5287793209867, ""DC-4"": 214.09075899629315, ""DC-5"": 295.2473761629009}"
1311,1352,1541.7359280439268,1000,1000,0,0,1000,259,0,741,0,1000,973,27,0,126,99,27,23,0,18434.585097121555,1000,1322812,1322812,200000,200000,0,1321816,8.272359019756317,4.219624536931515,4.05273449254036,-113.03864234924316,0.002337244190275669,0.20066815614700317,0.5339662757217885,0.5354586782455444,113.374391166687,113.37819480895996,113.36440325927734,16.555370400019456,"{""DC-1"": 398.6925030739473, ""DC-2"": 296.4445776399455, ""DC-3"": 276.5444236814449, ""DC-4"": 252.3219435297969, ""DC-5"": 317.73248011879326}"
1312,1353,1559.5147608001273,1000,1000,0,0,1000,252,0,748,0,1000,978,22,0,134,112,22,19,0,16924.10858857166,1000,1323812,1323812,200000,200000,0,1322816,7.93918798327446,4.022268282532692,3.916919691860676,-113.30779420471191,0.003169060418382287,0.20126326382160187,0.5334116117656231,0.5353888186216355,113.63956182098389,113.63709554290772,113.63943155670167,16.37345049995929,"{""DC-1"": 369.76410754844676, ""DC-2"": 343.88188174297767, ""DC-3"": 256.179413238606, ""DC-4"": 285.88545860070366, ""DC-5"": 303.8038996693934}"
1313,1354,1598.6821727606289,1000,1000,0,0,1000,257,0,743,0,1000,986,14,0,159,145,14,17,0,14647.853015320852,1000,1324812,1324812,200000,200000,0,1323816,7.517009088516235,3.7955862777233125,3.7214228113889694,-113.13944526672363,-0.006554032976273447,0.1997431367635727,0.5395476621389389,0.5354175396561622,113.47638291931152,113.4704889755249,113.46962892913818,16.81531299999915,"{""DC-1"": 369.83569946847723, ""DC-2"": 325.0481884553579, ""DC-3"": 334.0913382057865, ""DC-4"": 287.6310985195564, ""DC-5"": 282.07584811145153}"
1314,1355,1563.9598538628186,1000,1000,0,0,1000,242,0,758,0,1000,981,19,0,136,117,19,18,0,13739.905851802296,1000,1325812,1325812,200000,200000,0,1324816,7.47450616312027,3.7474114097356797,3.7270947557091714,-113.48240480804444,-0.002647449514362961,0.19914263486862183,0.5370682120025158,0.5353984612822532,113.80111121368408,113.80247885131836,113.79469946289062,16.931408300006296,"{""DC-1"": 343.0385256716461, ""DC-2"": 326.3608089202974, ""DC-3"": 301.3582449478984, ""DC-4"": 264.7315923298206, ""DC-5"": 328.47068199315515}"
1315,1356,1584.7358747708254,1000,1000,0,0,1000,249,0,751,0,1000,984,16,0,139,123,16,16,0,16635.522640378935,1000,1326812,1326812,200000,200000,0,1325816,7.484545549631119,3.7784076194763183,3.7061379466056823,-113.41611177825928,-0.014354717638343572,0.1959926038980484,0.5442970866858959,0.5354743297100067,113.73989859008789,113.74401721191406,113.74006601715088,17.297114700020757,"{""DC-1"": 350.66333952024945, ""DC-2"": 346.07659936506747, ""DC-3"": 316.42547344099444, ""DC-4"": 265.4989404524413, ""DC-5"": 306.0715219920725}"
1316,1357,1580.365937248778,1000,1000,0,0,1000,251,0,749,0,1000,981,19,0,134,115,19,15,0,13654.401029268513,1000,1327812,1327812,200000,200000,0,1326816,7.873554549455642,3.89492160820961,3.9786329449415208,-113.47607819366455,-0.00290702593466267,0.19517898559570312,0.5372025542557239,0.5353112649917603,113.80625638580322,113.80723980712891,113.79889573669433,17.062527999980375,"{""DC-1"": 367.82532584048886, ""DC-2"": 324.921337173909, ""DC-3"": 305.4987074166489, ""DC-4"": 260.8434721954869, ""DC-5"": 321.2770946222439}"
1317,1358,1597.3356033912185,1000,1000,0,0,1000,258,0,742,0,1000,986,14,0,148,134,14,17,0,14621.905851802296,1000,1328812,1328812,200000,200000,0,1327816,8.661375539779662,4.327688994646072,4.333686533570289,-113.5623390045166,0.0009515231908299029,0.1955597847700119,0.5348484450280666,0.5354632661938667,113.89712475585938,113.8991259689331,113.89505009460449,16.846380900009535,"{""DC-1"": 352.90718429776837, ""DC-2"": 326.7660605892374, ""DC-3"": 327.483017506456, ""DC-4"": 296.10793871219596, ""DC-5"": 294.07140228556267}"
1318,1359,1624.3639373920125,1000,1000,0,0,1000,276,0,724,0,1000,987,13,0,148,135,13,15,0,17105.701603158235,1000,1329812,1329812,200000,200000,0,1328816,7.766659091711045,3.9691774277687073,3.7974816683530808,-113.4531727142334,8.41211648657918e-05,0.19557815790176392,0.5352665560543537,0.5352922763228416,113.77540842437745,113.78007227325439,113.77601898956298,16.464955000032205,"{""DC-1"": 363.0797225001452, ""DC-2"": 361.98294758090424, ""DC-3"": 318.4276178544932, ""DC-4"": 249.15146967413054, ""DC-5"": 331.722179782342}"
1319,1360,1629.9619448710935,1000,1000,0,0,1000,250,0,750,0,1000,991,9,0,135,126,9,17,0,14068.297626136926,1000,1330812,1330812,200000,200000,0,1329816,7.699006717205048,3.9932476472854614,3.7057590596675873,-113.41822582244873,-0.0034970252979546787,0.19472214579582214,0.5376020020246506,0.5353619652986527,113.75924185943603,113.75564950561524,113.76360160064698,17.10344920004718,"{""DC-1"": 394.4154752708945, ""DC-2"": 299.28602024054567, ""DC-3"": 328.29291407042643, ""DC-4"": 283.28735737669723, ""DC-5"": 324.6801779125292}"
1320,1361,1545.557428967595,1000,1000,0,0,1000,274,0,726,0,1000,972,28,0,148,120,28,27,0,18241.476421465482,1000,1331812,1331812,200000,200000,0,1330816,7.9703091650009155,4.152940270066261,3.817368903398514,-113.41012325286866,0.010446149434428662,0.19708368182182312,0.5290611676573753,0.5354935000538826,113.76452478790283,113.75666957092285,113.76279472351074,17.31609949999256,"{""DC-1"": 354.2323505773165, ""DC-2"": 273.16496278828487, ""DC-3"": 377.07249551542765, ""DC-4"": 253.18890208641494, ""DC-5"": 287.8987180001513}"
1321,1362,1617.9936613546718,1000,1000,0,0,1000,248,0,752,0,1000,991,9,0,128,119,9,18,0,15345.164868740852,1000,1332812,1332812,200000,200000,0,1331816,8.059081613898277,4.125672903060913,3.9334087183475495,-113.21927442169189,0.020426531376317142,0.20179937779903412,0.5228925191760063,0.5354707578420639,113.55417836761475,113.5510199661255,113.55087566375732,16.75338599999668,"{""DC-1"": 376.00327765982047, ""DC-2"": 323.48998908660906, ""DC-3"": 307.569607479036, ""DC-4"": 293.74420380385993, ""DC-5"": 317.1865833253444}"
1322,1363,1581.9035002084918,1000,1000,0,0,1000,260,0,740,0,1000,982,18,0,133,115,18,16,0,15964.437507410956,1000,1333812,1333812,200000,200000,0,1332816,7.870874057769775,4.009259098351002,3.8616149752140045,-113.28255783843994,-0.0048598737367428835,0.2007022351026535,0.5384063806831837,0.5353723227977752,113.62378880310058,113.62028428649903,113.61844217681885,16.745373100042343,"{""DC-1"": 327.6262081542796, ""DC-2"": 292.4442756289346, ""DC-3"": 363.6038680591007, ""DC-4"": 302.7285215284292, ""DC-5"": 295.5006268377489}"
1323,1364,1562.0043114481596,1000,1000,0,0,1000,246,0,754,0,1000,979,21,0,133,112,21,14,0,14376.997599147233,1000,1334812,1334812,200000,200000,0,1333816,8.331521051168442,4.214397686839104,4.11712337398529,-113.1927922744751,0.0016458774460479616,0.2011287808418274,0.5344030269980431,0.5353928378224373,113.5296781463623,113.53113610076905,113.53004475402832,17.034818200045265,"{""DC-1"": 345.4482078239401, ""DC-2"": 348.7205423665693, ""DC-3"": 304.15800724795844, ""DC-4"": 250.71084106078874, ""DC-5"": 312.9667129489031}"
1324,1365,1602.984294766377,1000,1000,0,0,1000,265,0,735,0,1000,984,16,0,136,120,16,14,0,16235.566058435528,1000,1335812,1335812,200000,200000,0,1334816,8.170249892950057,4.150645303845406,4.019604605793953,-113.05592556762696,0.011814415946602822,0.20398205518722534,0.528002496868372,0.5354036574959755,113.3951286239624,113.39427377319336,113.39756861877441,17.955037299951073,"{""DC-1"": 380.2238944246938, ""DC-2"": 315.1966806662412, ""DC-3"": 331.764424693237, ""DC-4"": 267.3731545710616, ""DC-5"": 308.42614041114166}"
1325,1366,1574.3771295026586,1000,1000,0,0,1000,260,0,740,0,1000,980,20,0,134,114,20,23,0,16264.785474562845,1000,1336812,1336812,200000,200000,0,1335816,8.13295361351967,4.056936955928802,4.0760166249275205,-113.07766844177246,-0.008425368514843285,0.2019004076719284,0.5405794407427311,0.5352621957063675,113.418217918396,113.42185630035401,113.42234896850586,16.56789230002323,"{""DC-1"": 381.6402004422564, ""DC-2"": 284.88994604890974, ""DC-3"": 322.04445822588184, ""DC-4"": 290.5644595124161, ""DC-5"": 295.2380652731942}"
1326,1367,1500.5065899195897,1000,1000,0,0,1000,257,0,743,0,1000,965,35,0,144,109,35,21,0,15256.476421465482,1000,1337812,1337812,200000,200000,0,1336816,7.744827555418015,3.856413035273552,3.888414516329765,-113.05279502105712,0.004940243378281593,0.20293599367141724,0.5323926865160465,0.5354317267537116,113.39377561187744,113.388360496521,113.38286999511719,17.27316000004066,"{""DC-1"": 336.92708895198047, ""DC-2"": 281.53831284406715, ""DC-3"": 340.77176039031724, ""DC-4"": 230.25004192606724, ""DC-5"": 311.01938580715625}"
1327,1368,1550.3483344246642,1000,1000,0,0,1000,248,0,752,0,1000,977,23,0,128,105,23,19,0,14048.524482329593,1000,1338812,1338812,200000,200000,0,1337816,8.32858446574211,4.246169931173324,4.082414537787438,-113.13640592193603,0.003094219303689897,0.20384274423122406,0.5333289010226726,0.5353213214874267,113.48078020477296,113.47383909606934,113.47515930938721,17.91154129995266,"{""DC-1"": 357.93766280944254, ""DC-2"": 269.34210604257197, ""DC-3"": 296.13504069982724, ""DC-4"": 298.83578379738645, ""DC-5"": 328.09774107543683}"
1328,1369,1622.9466052083967,1000,1000,0,0,1000,245,0,755,0,1000,990,10,0,129,119,10,13,0,15484.971312032176,1000,1339812,1339812,200000,200000,0,1338816,8.164707659006119,4.251916949510575,3.9127906987667083,-113.21956831359863,0.004281844309531152,0.20484063029289246,0.5327537071108818,0.5354263503551483,113.56059588623047,113.56623182678223,113.56129906463623,16.907253099954687,"{""DC-1"": 375.4332046008445, ""DC-2"": 307.292921975247, ""DC-3"": 318.33680178371503, ""DC-4"": 260.03319621480216, ""DC-5"": 361.8504806337868}"
1329,1370,1567.9442356017678,1000,1000,0,0,1000,252,0,748,0,1000,979,21,0,123,102,21,18,0,16579.858178078946,1000,1340812,1340812,200000,200000,0,1339816,7.856872647285462,3.971600613474846,3.88527203142643,-113.1153424911499,0.011262181038502603,0.20747798681259155,0.5283242958188057,0.5353862587213516,113.45657748413086,113.45032120513916,113.45758800506592,17.66354019998107,"{""DC-1"": 355.9483310067517, ""DC-2"": 272.536956966404, ""DC-3"": 369.65837844908464, ""DC-4"": 272.221113678407, ""DC-5"": 297.579455501123}"
1330,1371,1577.5034771741791,1000,1000,0,0,1000,228,0,772,0,1000,984,16,0,131,115,16,16,0,17492.201071861542,1000,1341812,1341812,200000,200000,0,1340816,7.833651821374893,3.928477655887604,3.9051741544008256,-113.13952335357666,-0.0030166106009855867,0.20680472254753113,0.5374136756062508,0.5354792491793633,113.46750172424316,113.46900610351562,113.472897605896,20.022587799991015,"{""DC-1"": 334.2019877032948, ""DC-2"": 311.43623930591235, ""DC-3"": 339.28194395082494, ""DC-4"": 269.16944670595154, ""DC-5"": 323.4138595081961}"
1331,1372,1583.3292372081723,1000,1000,0,0,1000,241,0,759,0,1000,985,15,0,136,121,15,16,0,14386.437507410956,1000,1342812,1342812,200000,200000,0,1341816,7.401913147449493,3.7578237385749818,3.6440894109010697,-113.03560424041748,-0.0038416668865829708,0.20604409277439117,0.5379195939600467,0.5354897069334984,113.36320571136474,113.37167094421386,113.3627748260498,16.74768359999871,"{""DC-1"": 316.46382808004574, ""DC-2"": 307.77112231125056, ""DC-3"": 344.7448877073772, ""DC-4"": 268.17769820324105, ""DC-5"": 346.1717009062616}"
1332,1373,1584.9470742379879,1000,1000,0,0,1000,254,0,746,0,1000,982,18,0,143,125,18,14,0,11503.937995193108,1000,1343812,1343812,200000,200000,0,1342816,7.53996714425087,3.7983044576644898,3.741662677526474,-113.07333044433594,-0.011524529500864446,0.2032323032617569,0.542742296218872,0.5354993280172348,113.39933718872071,113.39961339569092,113.40559808349609,16.216639899997972,"{""DC-1"": 338.0705055753109, ""DC-2"": 339.930685356099, ""DC-3"": 320.27088837097557, ""DC-4"": 268.686242847901, ""DC-5"": 317.9887520877001}"
1333,1374,1614.0040632849784,1000,1000,0,0,1000,245,0,755,0,1000,991,9,0,137,128,9,19,0,14651.457996287148,1000,1344812,1344812,200000,200000,0,1343816,7.709725586175918,3.8794470757246016,3.830278519511223,-113.34882571411133,-0.005419689657632261,0.20205949246883392,0.5388057786226272,0.5353985087275505,113.67014315795899,113.6686573562622,113.66302034759522,16.197627199988347,"{""DC-1"": 365.86382215709904, ""DC-2"": 346.8362653360551, ""DC-3"": 329.01955734650227, ""DC-4"": 286.9369531272061, ""DC-5"": 285.3474653181159}"
1334,1375,1603.0377386549435,1000,1000,0,0,1000,265,0,735,0,1000,985,15,0,133,118,15,17,0,12047.063138366728,1000,1345812,1345812,200000,200000,0,1344816,8.183839082479476,4.083688017487526,4.100151074767113,-113.1969628982544,0.010415183234959841,0.20437295734882355,0.5288902008235454,0.5353360436558724,113.51745833587647,113.51655241394043,113.51414038848877,16.19872819999,"{""DC-1"": 345.4752234832438, ""DC-2"": 316.44859616479704, ""DC-3"": 307.73549186273056, ""DC-4"": 281.2336067590854, ""DC-5"": 352.14482038508794}"
1335,1376,1529.4629990556084,1000,1000,0,0,1000,256,0,744,0,1000,973,27,0,152,125,27,26,0,16200.056612059561,1000,1346812,1346812,200000,200000,0,1345816,8.094243678331376,3.985126744747162,4.10911691069603,-113.3349888381958,-0.0006083632567897439,0.20432086288928986,0.5357599666118622,0.53539393222332,113.65391230010987,113.65178853607178,113.65607984161377,16.585818100022152,"{""DC-1"": 353.0626995636349, ""DC-2"": 329.14603491533506, ""DC-3"": 307.5831540897123, ""DC-4"": 247.13884690035061, ""DC-5"": 292.53226358657497}"
1336,1377,1566.8676126099363,1000,1000,0,0,1000,237,0,763,0,1000,983,17,0,130,113,17,15,0,15185.063138366728,1000,1347812,1347812,200000,200000,0,1346816,7.926526615858078,3.947882508277893,3.978644101858139,-113.24077578735351,-0.001947314008604735,0.2038724422454834,0.5367769496440887,0.5355108888149261,113.57425531005859,113.57383824920655,113.57740256500244,17.73210659995675,"{""DC-1"": 343.9394348973028, ""DC-2"": 313.7188982472312, ""DC-3"": 325.60436183437383, ""DC-4"": 266.67847797873486, ""DC-5"": 316.9264396522956}"
1337,1378,1617.0112085334679,1000,1000,0,0,1000,256,0,744,0,1000,989,11,0,117,106,11,21,0,15065.594838563784,1000,1348812,1348812,200000,200000,0,1347816,7.887549978971482,4.050870759129524,3.8366792320013046,-113.32905378723144,0.018672014790121465,0.20854927599430084,0.5236514394581318,0.535500601708889,113.65891088867187,113.66562009429931,113.66003642272949,17.299672099994496,"{""DC-1"": 351.7702221931924, ""DC-2"": 321.28932995134784, ""DC-3"": 341.84636583918154, ""DC-4"": 306.74118674376336, ""DC-5"": 295.36410380598505}"
1338,1379,1538.342171882308,1000,1000,0,0,1000,284,0,716,0,1000,971,29,0,153,124,29,30,0,15602.472771431134,1000,1349812,1349812,200000,200000,0,1348816,8.016370992660523,4.100949192464352,3.9154218039512636,-113.25347414398193,-0.0018482256517745555,0.20782260596752167,0.5366516901552677,0.5353748524188995,113.58435207366944,113.57997357940674,113.58131641387939,17.245670000032987,"{""DC-1"": 335.872706278758, ""DC-2"": 261.02304266052676, ""DC-3"": 335.2952956411926, ""DC-4"": 263.8923277204612, ""DC-5"": 342.25879958137057}"
1339,1380,1590.417865171654,1000,1000,0,0,1000,234,0,766,0,1000,987,13,0,126,113,13,17,0,11166.977692795272,1000,1350812,1350812,200000,200000,0,1349816,7.829541644334793,4.09082151389122,3.7387201194763184,-113.35742746734618,-0.0007889034249819816,0.2077002078294754,0.535829667687416,0.5353515067696571,113.68454613494873,113.68208180236816,113.67268808746338,17.663570399978198,"{""DC-1"": 348.5647310242627, ""DC-2"": 356.950559616768, ""DC-3"": 291.29152478151525, ""DC-4"": 275.57469584625153, ""DC-5"": 318.0363539028578}"
1340,1381,1528.7619420038295,1000,1000,0,0,1000,229,0,771,0,1000,977,23,0,128,105,23,21,0,19146.297626136926,1000,1351812,1351812,200000,200000,0,1350816,8.036073905467987,4.106502051591873,3.929571873366833,-113.35359363555908,0.007436241723131389,0.20967261493206024,0.5307209329903125,0.5354290529489517,113.67366494750976,113.67926566314698,113.67650469970702,16.14519680000376,"{""DC-1"": 311.5412969799176, ""DC-2"": 307.52720270062247, ""DC-3"": 326.9447003905151, ""DC-4"": 268.6854960927442, ""DC-5"": 314.06324584003085}"
1341,1382,1581.8135190321905,1000,1000,0,0,1000,264,0,736,0,1000,981,19,0,152,133,19,17,0,14648.188561251434,1000,1352812,1352812,200000,200000,0,1351816,7.7335034613609315,3.9317068465352056,3.801796609163284,-113.45670668792725,0.0009918567901477217,0.20989581942558289,0.5348369767665863,0.5354784623384475,113.76859732055664,113.76570505523682,113.76711888122558,16.2662074000109,"{""DC-1"": 339.3489526593009, ""DC-2"": 307.63955694107443, ""DC-3"": 353.37398933869196, ""DC-4"": 290.81626433128594, ""DC-5"": 290.63475576183697}"
1342,1383,1528.82845487283,1000,1000,0,0,1000,259,0,741,0,1000,971,29,0,152,123,29,20,0,15557.05007181681,1000,1353812,1353812,200000,200000,0,1352816,7.646275932788849,3.8924570670723915,3.7538188652396203,-113.535225730896,-0.0030265769553370772,0.2090529501438141,0.5373637526929379,0.5354244116544723,113.84703182983398,113.84530432128906,113.85341658020019,16.062008899985813,"{""DC-1"": 352.6398952636809, ""DC-2"": 263.88108296830313, ""DC-3"": 315.6679738532322, ""DC-4"": 274.9340586340461, ""DC-5"": 321.7054441535669}"
1343,1384,1587.700193547336,1000,1000,0,0,1000,252,0,748,0,1000,982,18,0,122,104,18,10,0,15940.297626136926,1000,1354812,1354812,200000,200000,0,1353816,8.761001327753068,4.430107979655266,4.330893341064453,-113.48856573486329,-0.008405039574485271,0.20686542987823486,0.5408776748478412,0.5354939287900925,113.8194821472168,113.82114269256591,113.82606717681885,16.925080900022294,"{""DC-1"": 357.2893103816804, ""DC-2"": 358.9321364353903, ""DC-3"": 300.3000694198829, ""DC-4"": 263.652850993952, ""DC-5"": 307.52582631642906}"
1344,1385,1585.9233365050331,1000,1000,0,0,1000,240,0,760,0,1000,983,17,0,133,116,17,13,0,13598.571065696888,1000,1355812,1355812,200000,200000,0,1354816,8.367626542329788,4.241905280947686,4.12572127699852,-113.47839206695556,0.0011504563796333968,0.20713894069194794,0.5346936191916466,0.5353848282694816,113.80345300292969,113.81966724395753,113.80768557739258,16.901357399998233,"{""DC-1"": 371.03683559427134, ""DC-2"": 316.4235626123779, ""DC-3"": 309.41132048865154, ""DC-4"": 269.5130277572113, ""DC-5"": 319.538590052522}"
1345,1386,1549.7098326011762,1000,1000,0,0,1000,254,0,746,0,1000,977,23,0,136,113,23,23,0,17407.039218902042,1000,1356812,1356812,200000,200000,0,1355816,7.494592536449432,3.818761160373688,3.6758313730955123,-113.58159696960449,-0.0005249007917009294,0.2071646898984909,0.5356216952502727,0.5353065118789673,113.90756552124023,113.90245734405518,113.89900157165528,16.979965499951504,"{""DC-1"": 375.56039107303576, ""DC-2"": 297.8296897206164, ""DC-3"": 325.95849235738484, ""DC-4"": 250.94386911208832, ""DC-5"": 299.41739033804987}"
1346,1387,1566.4584587312509,1000,1000,0,0,1000,237,0,763,0,1000,980,20,0,115,95,20,20,0,15416.905851802296,1000,1357812,1357812,200000,200000,0,1356816,8.051335209608078,4.036591540813446,4.014743651866913,-113.46755853271485,0.022447770208120346,0.21295078098773956,0.5210682616829873,0.5353633136749267,113.79707189941406,113.79513530731201,113.79505954742432,18.555404199985787,"{""DC-1"": 385.344130798008, ""DC-2"": 309.59771256382226, ""DC-3"": 314.61334756509325, ""DC-4"": 287.2982658604396, ""DC-5"": 269.6050019438892}"
1347,1388,1616.4246926413182,1000,1000,0,0,1000,246,0,754,0,1000,989,11,0,119,108,11,12,0,14968.69525948157,1000,1358812,1358812,200000,200000,0,1357816,7.624650071501732,3.840740593791008,3.783909478902817,-113.4414613494873,-0.007127421244513243,0.21105746924877167,0.5398923383653164,0.5352987633347511,113.76731144714356,113.76834660339355,113.76736291503906,18.721087099984288,"{""DC-1"": 368.38329695074174, ""DC-2"": 327.006155492705, ""DC-3"": 324.6292981609263, ""DC-4"": 277.0309409636655, ""DC-5"": 319.3750010732815}"
1348,1389,1637.4300231989166,1000,1000,0,0,1000,258,0,742,0,1000,993,7,0,125,118,7,16,0,14524.063138366728,1000,1359812,1359812,200000,200000,0,1358816,8.015991238117218,4.1229728140830995,3.893018410921097,-113.72373826599122,-0.014643884118646384,0.2072964906692505,0.5446485697031022,0.5352331030368805,114.050543800354,114.04890306091309,114.049398147583,17.469359400041867,"{""DC-1"": 367.12216563716885, ""DC-2"": 311.9567629445383, ""DC-3"": 377.54892666595424, ""DC-4"": 289.99155789859293, ""DC-5"": 290.8106100526618}"
1349,1390,1533.7769728215108,1000,1000,0,0,1000,268,0,732,0,1000,969,31,0,144,113,31,29,0,16859.594838563782,1000,1360812,1360812,200000,200000,0,1359816,8.338957912445068,4.229278853476048,4.109679056882858,-113.71688794708253,-0.0015416274829767645,0.20675784349441528,0.5364117673635482,0.5354076272845268,114.05150463867187,114.05011668395996,114.04897740936279,16.62935269996524,"{""DC-1"": 350.79098782924024, ""DC-2"": 271.3644573007838, ""DC-3"": 345.89950299555466, ""DC-4"": 247.1146881622204, ""DC-5"": 318.6073365337119}"
1350,1391,1609.2061511409443,1000,1000,0,0,1000,232,0,768,0,1000,990,10,0,136,126,10,13,0,15990.059443257227,1000,1361812,1361812,200000,200000,0,1360816,8.576380962610244,4.1091350501179695,4.467245895504951,-113.61324412536621,-0.00269928120309487,0.2062535434961319,0.5372133485972881,0.5354896903038024,113.95184310913086,113.9506185836792,113.94677769470215,17.219994099985342,"{""DC-1"": 386.30761369990216, ""DC-2"": 307.52334176156825, ""DC-3"": 319.8712723069024, ""DC-4"": 277.97977300493847, ""DC-5"": 317.5241503676325}"
1351,1392,1599.576932934032,1000,1000,0,0,1000,266,0,734,0,1000,982,18,0,144,126,18,19,0,12522.592185835698,1000,1362812,1362812,200000,200000,0,1361816,8.60450604748726,4.37540929210186,4.2290967429876325,-113.59164730072021,-0.007045094691216946,0.2046166956424713,0.5397662175893784,0.5353261348605156,113.92175296783448,113.92920498657226,113.9163093032837,16.997852100001182,"{""DC-1"": 399.030817020207, ""DC-2"": 312.68315183418986, ""DC-3"": 303.79729677517264, ""DC-4"": 257.7065038271173, ""DC-5"": 326.359163477345}"
1352,1393,1552.1353420511562,1000,1000,0,0,1000,236,0,764,0,1000,981,19,0,138,119,19,15,0,18825.321881769458,1000,1363812,1363812,200000,200000,0,1362816,7.680951259851455,3.8162534685134886,3.8646977829933165,-113.61664093780517,0.004707534560468048,0.2057359665632248,0.532580454915762,0.5354609743952751,113.94773669433594,113.94779457092285,113.94080219268798,19.231376299983822,"{""DC-1"": 308.4796381123792, ""DC-2"": 329.54333352674564, ""DC-3"": 302.13465346668823, ""DC-4"": 302.2776116537684, ""DC-5"": 309.7001052915761}"
1353,1394,1533.5462677109715,1000,1000,0,0,1000,258,0,742,0,1000,969,31,0,139,108,31,32,0,17734.563646614508,1000,1364812,1364812,200000,200000,0,1363816,7.865099543809891,3.9763756929636003,3.888723853111267,-113.73118856811523,0.0015176416742615402,0.20610693097114563,0.5345739480257035,0.5355097350478172,114.04610216522217,114.04461791992188,114.04204431915284,19.29308899998432,"{""DC-1"": 395.81068589336155, ""DC-2"": 331.9033428828843, ""DC-3"": 271.9264089508967, ""DC-4"": 242.13799341464096, ""DC-5"": 291.7678365691876}"
1354,1395,1542.8550837593573,1000,1000,0,0,1000,233,0,767,0,1000,977,23,0,149,126,23,25,0,12775.401029268513,1000,1365812,1365812,200000,200000,0,1364816,8.397712510108947,4.21745781826973,4.180254684209824,-113.79208708190917,-0.003679243622813374,0.20520812273025513,0.5379341605007648,0.5356031638383866,114.09295706176758,114.10101190185547,114.09131132507324,18.37165519996779,"{""DC-1"": 358.4795638073056, ""DC-2"": 324.46564383961515, ""DC-3"": 295.3235333567326, ""DC-4"": 259.25686075944054, ""DC-5"": 305.32948199626446}"
1355,1396,1533.1291686757088,1000,1000,0,0,1000,256,0,744,0,1000,972,28,0,139,111,28,16,0,14863.537220416008,1000,1366812,1366812,200000,200000,0,1365816,7.884890654325485,3.9803421996831894,3.9045484415888785,-113.88821544647217,0.02035818514088169,0.21020878851413727,0.5225787333250046,0.5354725601673126,114.20245766448974,114.19973307800294,114.19908068084717,18.279354400001466,"{""DC-1"": 360.1273227317719, ""DC-2"": 294.676678680688, ""DC-3"": 315.31048535186426, ""DC-4"": 260.6886570048267, ""DC-5"": 302.3260249065583}"
1356,1397,1509.0949455359043,1000,1000,0,0,1000,255,0,745,0,1000,968,32,0,145,113,32,21,0,18230.592185835696,1000,1367812,1367812,200000,200000,0,1366816,7.995617583274841,4.03146468937397,3.9641528833508493,-113.99368544769287,0.0001740997638553381,0.2100682258605957,0.5353959301412106,0.5354354022741318,114.30363914489746,114.30149672698974,114.30440856170654,18.66437919996679,"{""DC-1"": 350.1102553940664, ""DC-2"": 250.46238867249542, ""DC-3"": 318.17013656240033, ""DC-4"": 290.56168875709307, ""DC-5"": 299.7904761498508}"
1357,1398,1570.5850589191864,1000,1000,0,0,1000,244,0,756,0,1000,982,18,0,135,117,18,17,0,16787.479129232237,1000,1368812,1368812,200000,200000,0,1367816,8.049444903850555,4.109528653502465,3.9399162481427195,-114.0757211151123,0.003607957028783858,0.21132327616214752,0.5329823822379113,0.5353586460351945,114.3787320022583,114.37530554962159,114.37478070831298,16.651439799985383,"{""DC-1"": 339.04104519959196, ""DC-2"": 371.56600081809626, ""DC-3"": 316.23266667341204, ""DC-4"": 240.862190836529, ""DC-5"": 302.8831553915576}"
1358,1399,1526.3409026692827,1000,1000,0,0,1000,241,0,759,0,1000,973,27,0,129,102,27,21,0,15397.858178078946,1000,1369812,1369812,200000,200000,0,1368816,8.1374075756073,4.106388380646705,4.031019192814827,-114.0809828567505,-0.011794608387164772,0.20806622505187988,0.5429574509561061,0.5353688858747482,114.38816902923584,114.39352179718017,114.38713370513916,16.71826500003226,"{""DC-1"": 293.0580924736733, ""DC-2"": 318.66259385325714, ""DC-3"": 331.2072483537455, ""DC-4"": 275.0536579705769, ""DC-5"": 308.3593100180305}"
1359,1400,1579.5697710327538,1000,1000,0,0,1000,264,0,736,0,1000,980,20,0,149,129,20,22,0,15906.415594894863,1000,1370812,1370812,200000,200000,0,1369816,7.725463985443115,3.9222741545438766,3.803189818799496,-114.15189946746827,0.011297794223297387,0.21102020144462585,0.5283548557758331,0.5355155204534531,114.4639356918335,114.46287285614014,114.45929325866699,17.115248400019482,"{""DC-1"": 362.48208580293186, ""DC-2"": 312.6628715642332, ""DC-3"": 298.44026254192903, ""DC-4"": 276.89859327180676, ""DC-5"": 329.08595785185446}"
1360,1401,1601.7184012169917,1000,1000,0,0,1000,252,0,748,0,1000,986,14,0,131,117,14,19,0,13489.194896583373,1000,1371812,1371812,200000,200000,0,1370816,7.633924830198288,3.89262357211113,3.7413012578487397,-114.3300027923584,0.00870444471342489,0.21329334378242493,0.5297696424424648,0.5353878831267357,114.6429178314209,114.64185977172852,114.63725110626221,16.647578799980693,"{""DC-1"": 358.2871918619258, ""DC-2"": 313.2948078247396, ""DC-3"": 339.77218498945115, ""DC-4"": 306.9257471655343, ""DC-5"": 283.4384693753401}"
1361,1402,1583.9204680334326,1000,1000,0,0,1000,237,0,763,0,1000,985,15,0,124,109,15,13,0,15751.110681663724,1000,1372812,1372812,200000,200000,0,1371816,8.257291206598282,4.18019762635231,4.077093592882156,-114.44362406921387,0.005966557375621051,0.21487706899642944,0.5315827098190784,0.5354341481328011,114.76340198516846,114.76688845062256,114.76215563964844,16.644772100029513,"{""DC-1"": 371.52236658222887, ""DC-2"": 326.14982390374144, ""DC-3"": 349.9535265899771, ""DC-4"": 268.0247896600917, ""DC-5"": 268.26996129739456}"
1362,1403,1603.2135340430107,1000,1000,0,0,1000,235,0,765,0,1000,989,11,0,121,110,11,16,0,15714.063138366728,1000,1373812,1373812,200000,200000,0,1372816,7.561783479690551,3.749125659227371,3.812657818973064,-114.38987425231933,-0.0073366229692474,0.21322472393512726,0.540111115694046,0.5353523133993149,114.71638772583007,114.71047721099853,114.71261054992675,16.58862270001555,"{""DC-1"": 360.03449892109353, ""DC-2"": 305.22088853779695, ""DC-3"": 337.70391692796323, ""DC-4"": 287.30929431491353, ""DC-5"": 312.94493534124484}"
1363,1404,1605.5231570533595,1000,1000,0,0,1000,257,0,743,0,1000,986,14,0,155,141,14,25,0,13123.045114051349,1000,1374812,1374812,200000,200000,0,1373816,8.4619785592556,4.365410238265992,4.096568317294121,-114.47083076477051,-0.00977347627049312,0.21034617722034454,0.5418511983752251,0.5354352177381515,114.80539283752441,114.80357862091064,114.80679880523681,17.598747900046874,"{""DC-1"": 355.42651850228805, ""DC-2"": 298.40101900797885, ""DC-3"": 316.81046597466207, ""DC-4"": 279.34863843775145, ""DC-5"": 355.5365151306791}"
1364,1405,1555.5768700874403,1000,1000,0,0,1000,264,0,736,0,1000,978,22,0,153,131,22,17,0,15522.717698285642,1000,1375812,1375812,200000,200000,0,1374816,8.181776745557785,4.112724928379059,4.069051813483238,-114.19496338653565,0.015742773327045143,0.21443338692188263,0.5253842442035676,0.5355215648412704,114.51928466033935,114.52214974212646,114.51868465423584,17.035043100011535,"{""DC-1"": 304.2734690746429, ""DC-2"": 314.4623446128717, ""DC-3"": 297.003527588872, ""DC-4"": 310.91987136909427, ""DC-5"": 328.9176574419608}"
1365,1406,1465.8973875136937,1000,1000,0,0,1000,244,0,756,0,1000,960,40,0,128,88,40,23,0,18381.250918253936,1000,1376812,1376812,200000,200000,0,1375816,8.375412668943405,4.257313681364059,4.118098991394043,-114.33341871643066,0.015232083472888916,0.2186756134033203,0.5253970555067062,0.5354007099866867,114.64573613739013,114.64193592834472,114.63807398223877,16.351301899994723,"{""DC-1"": 256.2508679436907, ""DC-2"": 302.5412129303063, ""DC-3"": 274.05540021091855, ""DC-4"": 248.5753596231655, ""DC-5"": 384.47454680561356}"
1366,1407,1572.3473595412472,1000,1000,0,0,1000,227,0,773,0,1000,983,17,0,110,93,17,14,0,12854.56364661451,1000,1377812,1377812,200000,200000,0,1376816,8.76552953004837,4.40882555603981,4.356703979432583,-114.27598265075683,0.01165606064070016,0.2218998223543167,0.5277779672443866,0.5354957903623581,114.59327927398682,114.58490463256835,114.58760445404053,16.78727660002187,"{""DC-1"": 346.3143987231205, ""DC-2"": 282.6528931692991, ""DC-3"": 361.39963607874347, ""DC-4"": 267.2543976734713, ""DC-5"": 314.7260338966143}"
1367,1408,1546.172562429237,1000,1000,0,0,1000,243,0,757,0,1000,975,25,0,138,113,25,18,0,18074.985595783517,1000,1378812,1378812,200000,200000,0,1377816,8.51801782464981,4.3280652132034305,4.189952609956264,-114.29478910827636,-0.010723409151891246,0.21915991604328156,0.5426493475437164,0.5355300043821335,114.60197880554199,114.606110786438,114.6135263824463,16.606638600002043,"{""DC-1"": 371.9474341164285, ""DC-2"": 315.84966656790544, ""DC-3"": 312.2726505975787, ""DC-4"": 276.20259647129, ""DC-5"": 269.9002146760351}"
1368,1409,1560.184787261381,1000,1000,0,0,1000,257,0,743,0,1000,978,22,0,125,103,22,21,0,14145.720011132064,1000,1379812,1379812,200000,200000,0,1378816,7.974974700927734,4.017822946369648,3.9571517560482024,-114.30135666656494,0.003958769678603858,0.220041424036026,0.5329138387739658,0.5354605885744095,114.60702703094482,114.6064206161499,114.60001396942138,16.908963800000492,"{""DC-1"": 374.09804495398015, ""DC-2"": 246.50773979737852, ""DC-3"": 346.0074567002674, ""DC-4"": 283.2763759352186, ""DC-5"": 310.29516987453655}"
1369,1410,1562.1457567050072,1000,1000,0,0,1000,290,0,710,0,1000,973,27,0,156,129,27,16,0,15902.188561251434,1000,1380812,1380812,200000,200000,0,1379816,8.137579473733902,4.0597759526968,4.0778035213947295,-114.50281602478027,-0.005850177093409002,0.21862512826919556,0.5392867719233037,0.5354363855719566,114.80843785095215,114.8065581741333,114.8017538986206,16.40201869996963,"{""DC-1"": 357.8470875741182, ""DC-2"": 342.45594559870517, ""DC-3"": 279.90908192129626, ""DC-4"": 308.14268966789126, ""DC-5"": 273.7909519429967}"
1370,1411,1573.4956811362272,1000,1000,0,0,1000,261,0,739,0,1000,979,21,0,139,118,21,18,0,16842.720011132064,1000,1381812,1381812,200000,200000,0,1380816,8.174763748168946,4.115930691123009,4.058833041071892,-114.49791175079346,0.0003647705051116645,0.2186431735754013,0.535044752985239,0.5352514306902886,114.80447129821778,114.80758096313477,114.81157585906982,16.70584070001496,"{""DC-1"": 406.9969838708421, ""DC-2"": 327.7734446312129, ""DC-3"": 262.83855997797923, ""DC-4"": 276.6256383436582, ""DC-5"": 299.2610543125361}"
1371,1412,1590.6587485075465,1000,1000,0,0,1000,258,0,742,0,1000,985,15,0,141,126,15,18,0,13597.719005069728,1000,1382812,1382812,200000,200000,0,1381816,7.924675677776337,4.058363411784172,3.8663122821450235,-114.50739308166504,-0.007374739561695606,0.2167666256427765,0.540228586345911,0.5353246259093285,114.81968489837647,114.82138312530518,114.82094002532959,16.37755480001215,"{""DC-1"": 337.26782171580896, ""DC-2"": 338.56850316316934, ""DC-3"": 317.2570541700767, ""DC-4"": 273.82350239605853, ""DC-5"": 323.74186706243324}"
1372,1413,1528.9116995209358,1000,1000,0,0,1000,246,0,754,0,1000,973,27,0,132,105,27,20,0,14536.858178078946,1000,1383812,1383812,200000,200000,0,1382816,8.506597645759582,4.258810041785241,4.24778763127327,-114.52526597595215,0.01010835458058864,0.2194259613752365,0.5287699144184589,0.5354049897193909,114.8426646118164,114.83824412536622,114.8329122467041,16.60469889995875,"{""DC-1"": 333.29967714205986, ""DC-2"": 246.76322260627526, ""DC-3"": 297.15053414273814, ""DC-4"": 311.5961511658257, ""DC-5"": 340.10211446403923}"
1373,1414,1557.411517662892,1000,1000,0,0,1000,276,0,724,0,1000,974,26,0,152,126,26,19,0,13082.668293578743,1000,1384812,1384812,200000,200000,0,1383816,8.085580383062362,4.1017427176237105,3.983837660074234,-114.6511665649414,9.930079174228012e-05,0.21941626071929932,0.5353686847388744,0.535372984290123,114.96210562133788,114.96530947875976,114.9558256072998,16.465406699979212,"{""DC-1"": 360.22439133604803, ""DC-2"": 323.7744191895985, ""DC-3"": 322.323910784309, ""DC-4"": 273.43609253092797, ""DC-5"": 277.6527038220079}"
1374,1415,1604.8652089105801,1000,1000,0,0,1000,254,0,746,0,1000,987,13,0,143,130,13,15,0,13846.701603158235,1000,1385812,1385812,200000,200000,0,1384816,9.22738663482666,4.712190829753876,4.515195790529251,-114.60648356628418,-0.009453978301025926,0.21690499782562256,0.5416261653900146,0.5353739647269249,114.91502722930908,114.91959312438965,114.92563996124268,16.605060500034597,"{""DC-1"": 391.64177497306264, ""DC-2"": 303.05964651874655, ""DC-3"": 320.9402976863441, ""DC-4"": 284.3935246777253, ""DC-5"": 304.8299650547023}"
1375,1416,1600.9663714073868,1000,1000,0,0,1000,248,0,752,0,1000,985,15,0,127,112,15,15,0,13496.894113301132,1000,1386812,1386812,200000,200000,0,1385816,8.991277903556824,4.499208540320397,4.49206934273243,-114.4558740386963,0.01020824049320072,0.21958336234092712,0.5286045989990235,0.5352138676643372,114.77995168304443,114.77746720123291,114.77889166259766,18.813262999989092,"{""DC-1"": 385.2676248643887, ""DC-2"": 317.90972582235986, ""DC-3"": 312.93347952253276, ""DC-4"": 262.91301127921054, ""DC-5"": 321.94252991889266}"
1376,1417,1546.5557836612586,1000,1000,0,0,1000,235,0,765,0,1000,980,20,0,141,121,20,19,0,14446.737969089605,1000,1387812,1387812,200000,200000,0,1386816,8.259431571245193,4.15778447329998,4.101647115111351,-114.41307302856445,0.0066629676138982175,0.2214401364326477,0.5308695482611656,0.5352879763841629,114.73012958526611,114.72435942840576,114.72659146881104,16.68998989998363,"{""DC-1"": 315.3291763808136, ""DC-2"": 298.9504810777889, ""DC-3"": 328.15429517699766, ""DC-4"": 298.32519307303977, ""DC-5"": 305.79663795262024}"
1377,1418,1547.1750839570057,1000,1000,0,0,1000,250,0,750,0,1000,976,24,0,152,128,24,14,0,15313.181776820657,1000,1388812,1388812,200000,200000,0,1387816,8.653255912303925,4.385932274580002,4.267323630213737,-114.57429796600341,-0.0010270700557157397,0.22116215527057648,0.5361148560345173,0.5354046183228492,114.88391362762451,114.87857626342773,114.87811085510253,15.277801699994598,"{""DC-1"": 306.46236961984187, ""DC-2"": 305.9361587476708, ""DC-3"": 348.07776926297123, ""DC-4"": 257.8615825337285, ""DC-5"": 328.8372037927925}"
1378,1419,1594.5602555420844,1000,1000,0,0,1000,239,0,761,0,1000,987,13,0,130,117,13,20,0,13712.320213425792,1000,1389812,1389812,200000,200000,0,1388816,8.466895043611526,4.245503722429276,4.221391317367554,-114.4298179397583,0.016782880095299334,0.22574791312217712,0.5243068125247955,0.5354779611229896,114.72864113616943,114.73284034729004,114.73103285980224,14.81302100000903,"{""DC-1"": 344.8619985674512, ""DC-2"": 331.58723705144973, ""DC-3"": 338.27024962118827, ""DC-4"": 270.43038628984834, ""DC-5"": 309.41038401214774}"
1379,1420,1559.8369543688323,1000,1000,0,0,1000,253,0,747,0,1000,978,22,0,135,113,22,17,0,14620.401029268513,1000,1390812,1390812,200000,200000,0,1389816,8.453781890630722,4.243574984431267,4.210206902742386,-114.53589897918701,-0.006312520335428417,0.2242349535226822,0.5396796385645867,0.5354652444720268,114.84590248870849,114.84355472564697,114.84702015686035,14.23011000000406,"{""DC-1"": 380.16368564425983, ""DC-2"": 300.28575611511536, ""DC-3"": 283.5722184193989, ""DC-4"": 289.02400091138605, ""DC-5"": 306.7912932786731}"
1380,1421,1595.8107825805482,1000,1000,0,0,1000,228,0,772,0,1000,988,12,0,118,106,12,14,0,16541.701603158235,1000,1391812,1391812,200000,200000,0,1390816,8.678154912233353,4.416978074073792,4.261176844239235,-114.45438587951661,-0.026795613110531122,0.21717694401741028,0.5531974568367004,0.5354679764509201,114.7629585647583,114.76501867675782,114.76102252197266,14.701880599954166,"{""DC-1"": 349.227901528025, ""DC-2"": 323.9060576823338, ""DC-3"": 331.17184306223174, ""DC-4"": 266.3832162483412, ""DC-5"": 325.12176405961804}"
1381,1422,1585.2761566668269,1000,1000,0,0,1000,247,0,753,0,1000,982,18,0,127,109,18,12,0,13358.401029268513,1000,1392812,1392812,200000,200000,0,1391816,8.117668821334838,4.138893562555313,3.978775258898735,-114.52378079223632,-0.0032758502834476532,0.21622678637504578,0.5376864358782768,0.5354254367351532,114.83808229064941,114.84081883239746,114.84153407287597,16.26609250000911,"{""DC-1"": 360.9958132100638, ""DC-2"": 337.28803288055934, ""DC-3"": 331.52935038093824, ""DC-4"": 233.47168123722935, ""DC-5"": 321.99127895803633}"
1382,1423,1615.9201680116687,1000,1000,0,0,1000,249,0,751,0,1000,990,10,0,132,122,10,23,0,14286.950906756458,1000,1393812,1393812,200000,200000,0,1392816,8.0351553940773,4.076915682673454,3.9582397215366365,-114.44082339477539,0.005845140769612044,0.217840313911438,0.5315145599842072,0.5353439561128617,114.7410360031128,114.74947060394287,114.73723497772217,16.983899499988183,"{""DC-1"": 321.49147637710996, ""DC-2"": 341.9065059471585, ""DC-3"": 336.46031400850757, ""DC-4"": 310.4396533265893, ""DC-5"": 305.6222183523034}"
1383,1424,1596.072113724849,1000,1000,0,0,1000,241,0,759,0,1000,987,13,0,125,112,13,15,0,14434.522513301477,1000,1394812,1394812,200000,200000,0,1393816,8.999373709440231,4.58366479241848,4.415708913683892,-114.6043458328247,-0.0062781609874218705,0.21617045998573303,0.5394278631210327,0.5352831247448921,114.9221128616333,114.92303008270264,114.91735084533691,16.094897900009528,"{""DC-1"": 323.9144001693231, ""DC-2"": 296.7651931854041, ""DC-3"": 326.3514147053245, ""DC-4"": 292.7439119884534, ""DC-5"": 356.297193676344}"
1384,1425,1568.2910611533168,1000,1000,0,0,1000,251,0,749,0,1000,980,20,0,129,109,20,15,0,16562.8335844607,1000,1395812,1395812,200000,200000,0,1394816,8.641740020036698,4.40344477391243,4.238295229792595,-114.4802883682251,0.0026883603916503488,0.21696656942367554,0.5337925204336643,0.5355213719010353,114.79637496185303,114.79287978363037,114.79328012084962,16.55271639995044,"{""DC-1"": 370.3347010469525, ""DC-2"": 271.5143173440517, ""DC-3"": 372.18842627649997, ""DC-4"": 265.9874485272249, ""DC-5"": 288.26616795858826}"
1385,1426,1527.8775408160147,1000,1000,0,0,1000,265,0,735,0,1000,970,30,0,148,118,30,21,0,13807.437507410956,1000,1396812,1396812,200000,200000,0,1395816,8.027876981019974,4.085580440282822,3.942296535730362,-114.45197299194336,0.005876396742649377,0.21858543157577515,0.5316571525037289,0.5354616484642029,114.76481739807129,114.76483537292481,114.7655824584961,16.583996600005776,"{""DC-1"": 349.94042690549645, ""DC-2"": 310.5640433147217, ""DC-3"": 313.7321803585628, ""DC-4"": 264.3327425369219, ""DC-5"": 289.3081477003106}"
1386,1427,1568.6641039475116,1000,1000,0,0,1000,248,0,752,0,1000,979,21,0,133,112,21,17,0,16737.611497566817,1000,1397812,1397812,200000,200000,0,1396816,8.373135126113892,4.250303849577904,4.122831276655197,-114.54308208465577,-0.004556100205052644,0.21723292768001556,0.5384668152630329,0.5354172261953354,114.84703205108643,114.84652000427246,114.8476008605957,16.01757969998289,"{""DC-1"": 345.5867563369032, ""DC-2"": 284.445794887955, ""DC-3"": 352.1245638548764, ""DC-4"": 276.345683794754, ""DC-5"": 310.161305073025}"
1387,1428,1578.1576360406123,1000,1000,0,0,1000,256,0,744,0,1000,981,19,0,136,117,19,16,0,16835.201071861542,1000,1398812,1398812,200000,200000,0,1397816,8.293773060321808,4.222363659024238,4.071409390449524,-114.68176781463623,-0.005654899470508098,0.21569907665252686,0.5391585373878479,0.5354024306535721,114.98156021118164,114.9795599975586,114.98160431671143,16.122956199978944,"{""DC-1"": 345.7664585918121, ""DC-2"": 311.05266514981497, ""DC-3"": 317.82128306925205, ""DC-4"": 278.932162325436, ""DC-5"": 324.58506690429846}"
1388,1429,1551.3978839225701,1000,1000,0,0,1000,257,0,743,0,1000,974,26,0,142,116,26,22,0,15452.479129232237,1000,1399812,1399812,200000,200000,0,1398816,7.935455506563186,4.0194678356647495,3.915987687110901,-114.78353997802735,0.02272988819470629,0.22203952074050903,0.520372565716505,0.5354020300507546,115.07817878723145,115.07332698059082,115.07254823303222,16.388342200021725,"{""DC-1"": 340.1381694812891, ""DC-2"": 315.7103111933636, ""DC-3"": 251.896210650879, ""DC-4"": 279.8851816415583, ""DC-5"": 363.76801095548245}"
1389,1430,1599.6099307309826,1000,1000,0,0,1000,252,0,748,0,1000,986,14,0,129,115,14,14,0,17441.045114051347,1000,1400812,1400812,200000,200000,0,1399816,8.413643646836281,4.183431033074855,4.230212603569031,-114.8312174835205,-0.012261604914441705,0.2186322808265686,0.543587793380022,0.5354049577713013,115.12728247070312,115.12462773132324,115.13537982177735,16.349652600008994,"{""DC-1"": 375.6071602300836, ""DC-2"": 351.02495066486847, ""DC-3"": 309.1448822665283, ""DC-4"": 270.15299461107463, ""DC-5"": 293.67994295842743}"
1390,1431,1526.8146474585283,1000,1000,0,0,1000,219,0,781,0,1000,977,23,0,114,91,23,19,0,15106.039218902042,1000,1401812,1401812,200000,200000,0,1400816,8.160078874826432,4.266901123583317,3.893177748680115,-114.79631428527831,0.001678607425186783,0.2190358191728592,0.5344969548881054,0.5355293020009995,115.10464724731445,115.10537774658204,115.10948408508301,16.767315800010692,"{""DC-1"": 321.7054687555646, ""DC-2"": 319.9565768175071, ""DC-3"": 343.23148021961265, ""DC-4"": 256.8387467849931, ""DC-5"": 285.0823748808503}"
1391,1432,1587.0996708983848,1000,1000,0,0,1000,232,0,768,0,1000,985,15,0,108,93,15,13,0,14915.401029268513,1000,1402812,1402812,200000,200000,0,1401816,7.89904633307457,4.051826036095619,3.847220292925835,-114.6652156829834,0.003960906540509314,0.22018635272979736,0.5328350895643235,0.5354096094369888,114.96844537353516,114.97556552886962,114.96556645965576,16.806298699986655,"{""DC-1"": 381.0278655603352, ""DC-2"": 296.3558543082957, ""DC-3"": 322.1967385976549, ""DC-4"": 273.5039023285085, ""DC-5"": 314.0153101035894}"
1392,1433,1599.7037266940622,1000,1000,0,0,1000,255,0,745,0,1000,985,15,0,128,113,15,16,0,16072.369817868243,1000,1403812,1403812,200000,200000,0,1402816,8.422755368947982,4.293385904669762,4.129369481146336,-114.78393714904786,-0.0060634520850144326,0.21878314018249512,0.5393428969979286,0.5353733784556389,115.09480709838867,115.08468202209473,115.08304598236084,17.03904970001895,"{""DC-1"": 381.04981725280066, ""DC-2"": 336.1011430461733, ""DC-3"": 296.2892189020332, ""DC-4"": 272.556652260954, ""DC-5"": 313.70689523209995}"
1393,1434,1558.638267336632,1000,1000,0,0,1000,255,0,745,0,1000,979,21,0,143,122,21,30,0,18307.45799628715,1000,1404812,1404812,200000,200000,0,1403816,8.441051716327667,4.252715263962745,4.188336464047432,-114.88504242706298,-0.01233289066143334,0.21543490886688232,0.5435171265006066,0.535392909526825,115.18317144012451,115.18976400756836,115.18379456329346,16.758206199971028,"{""DC-1"": 340.52335518008005, ""DC-2"": 328.6151944779967, ""DC-3"": 310.67053230147684, ""DC-4"": 279.6624005867517, ""DC-5"": 299.1667847903292}"
1394,1435,1585.0647065653482,1000,1000,0,0,1000,264,0,736,0,1000,980,20,0,152,132,20,19,0,14775.655048066626,1000,1405812,1405812,200000,200000,0,1404816,8.304920964717866,4.328433426916599,3.97648753631115,-114.96263248443603,-0.00021008296217769386,0.21545886993408203,0.535543839931488,0.5353949298858642,115.27362557983399,115.2732367477417,115.28064763641358,16.21921199996723,"{""DC-1"": 337.606732810062, ""DC-2"": 307.18893707775334, ""DC-3"": 350.84145001106407, ""DC-4"": 274.5380856342422, ""DC-5"": 314.8895010322269}"
1395,1436,1525.6299158474271,1000,1000,0,0,1000,260,0,740,0,1000,971,29,0,149,120,29,22,0,15739.573681539196,1000,1406812,1406812,200000,200000,0,1405816,9.510154187440872,4.781650746583939,4.7285034437179565,-114.77064051055908,-0.003543897334951907,0.2144993394613266,0.5378666089475155,0.535496735215187,115.09220909881591,115.09055355072022,115.09161211395264,16.2174573999946,"{""DC-1"": 390.41680231917906, ""DC-2"": 311.95569212877814, ""DC-3"": 252.7208533575124, ""DC-4"": 263.54856580244126, ""DC-5"": 306.98800223951616}"
1396,1437,1508.3448088593047,1000,1000,0,0,1000,278,0,722,0,1000,963,37,0,170,133,37,21,0,16962.26161135231,1000,1407812,1407812,200000,200000,0,1406816,8.659249290466308,4.39810439825058,4.261144887447357,-114.72536395263671,0.011545756994746626,0.2174096554517746,0.5280018980801106,0.535451020359993,115.03985926818848,115.04011511993409,115.04258985900879,16.132158800028265,"{""DC-1"": 319.9554003708662, ""DC-2"": 335.8883123590124, ""DC-3"": 305.5880017498866, ""DC-4"": 253.43395427448445, ""DC-5"": 293.47914010505514}"
1397,1438,1572.930447060147,1000,1000,0,0,1000,233,0,767,0,1000,984,16,0,116,100,16,20,0,16146.056612059561,1000,1408812,1408812,200000,200000,0,1407816,8.393453308343886,4.306210268259049,4.087243040025235,-114.78942060089112,-0.008796831533312798,0.2149658054113388,0.5411824063658714,0.5354178364872932,115.11884356689453,115.1022735824585,115.10619692993164,16.1917298999615,"{""DC-1"": 348.1126089644124, ""DC-2"": 303.1909202955675, ""DC-3"": 315.23040069280495, ""DC-4"": 289.5999440846563, ""DC-5"": 316.79657302270675}"
1398,1439,1602.1446530341,1000,1000,0,0,1000,232,0,768,0,1000,990,10,0,129,119,10,16,0,16339.957395369693,1000,1409812,1409812,200000,200000,0,1408816,9.69110499048233,4.23845938706398,5.452645606637001,-114.6238906173706,0.014673362085595727,0.21919786930084229,0.5256938844919204,0.5353679258227348,114.977329246521,114.98492877960206,114.98447286224365,16.11434139998164,"{""DC-1"": 373.2401237867734, ""DC-2"": 303.4723578769051, ""DC-3"": 338.08878432097174, ""DC-4"": 286.5159909694701, ""DC-5"": 300.8273960799786}"
1399,1440,1534.0991146689807,1000,1000,0,0,1000,244,0,756,0,1000,975,25,0,144,119,25,23,0,14866.461851788597,1000,1410812,1410812,200000,200000,0,1409816,8.606640644311906,4.244305306851864,4.362335338830948,-114.33864973449707,-0.0029528652392327784,0.2183886021375656,0.5374356995522976,0.5354100583791733,114.69083150482177,114.68797834777833,114.68735177612305,16.588964499998838,"{""DC-1"": 319.4376657943869, ""DC-2"": 326.3947327378757, ""DC-3"": 302.95162183170703, ""DC-4"": 274.70066308408593, ""DC-5"": 310.61443122092544}"
1400,1441,1558.4418110012152,1000,1000,0,0,1000,242,0,758,0,1000,979,21,0,149,128,21,20,0,15763.032584019293,1000,1411812,1411812,200000,200000,0,1410816,8.407596413850785,4.2947462493181225,4.112850174844265,-114.12660146331787,-0.020756896005943416,0.21293064951896667,0.5489794049561024,0.5353774651288986,114.47331604003907,114.46829327392578,114.4713709411621,16.61134730000049,"{""DC-1"": 373.0265710927073, ""DC-2"": 325.20526039323596, ""DC-3"": 343.8029063457915, ""DC-4"": 242.1735366496114, ""DC-5"": 274.23353651986946}"
1401,1442,1611.602429110212,1000,1000,0,0,1000,243,0,757,0,1000,988,12,0,121,109,12,17,0,15788.66422412658,1000,1412812,1412812,200000,200000,0,1411816,8.36016242814064,4.246939101338387,4.113223316550255,-113.85040426635742,0.003820680167526007,0.21382157504558563,0.5328264983892441,0.5352886855006218,114.18653045654297,114.1809492111206,114.17923844909669,16.253024800040293,"{""DC-1"": 373.2493172822151, ""DC-2"": 333.96818491676254, ""DC-3"": 324.77822602783226, ""DC-4"": 266.1083219313416, ""DC-5"": 313.49837895206053}"
1402,1443,1524.1297336780437,1000,1000,0,0,1000,264,0,736,0,1000,970,30,0,152,122,30,18,0,15192.720011132064,1000,1413812,1413812,200000,200000,0,1412816,8.31553535604477,4.197918352246284,4.11761698448658,-114.1088452987671,0.0015329984463751316,0.21433085203170776,0.5343707483410836,0.5353579660058021,114.43531149291992,114.4306513671875,114.43101165008545,16.267012599972077,"{""DC-1"": 289.00899742537405, ""DC-2"": 279.9450612135659, ""DC-3"": 357.56851528918133, ""DC-4"": 285.4263520289858, ""DC-5"": 312.18080772093657}"
1403,1444,1479.991879650247,1000,1000,0,0,1000,264,0,736,0,1000,962,38,0,155,117,38,25,0,14702.16965609347,1000,1414812,1414812,200000,200000,0,1413816,8.556130383014679,4.2759432939291,4.280187087297439,-114.09355764007569,0.003603163454215974,0.21534621715545654,0.5330136557817459,0.535323217689991,114.41266233825684,114.41389811706543,114.40900299835205,16.29731150000589,"{""DC-1"": 218.21244229466373, ""DC-2"": 327.50053278722464, ""DC-3"": 333.6927182463802, ""DC-4"": 281.0815866876394, ""DC-5"": 319.5045996343368}"
1404,1445,1568.6421837379899,1000,1000,0,0,1000,237,0,763,0,1000,983,17,0,126,109,17,11,0,14603.412259097022,1000,1415812,1415812,200000,200000,0,1414816,8.174629849672318,4.109639952659607,4.064989887595177,-113.96760437011719,-0.0008991620726883411,0.21516579389572144,0.5360775252282619,0.535457396864891,114.27524404907227,114.277171043396,114.27353730773926,16.39895450003678,"{""DC-1"": 336.37792197564914, ""DC-2"": 287.19498874352763, ""DC-3"": 314.7828110768372, ""DC-4"": 295.26173047539567, ""DC-5"": 335.02473146658235}"
1405,1446,1564.442228550029,1000,1000,0,0,1000,241,0,759,0,1000,980,20,0,132,112,20,15,0,16008.297626136926,1000,1416812,1416812,200000,200000,0,1415816,8.562007786273956,4.167140327692032,4.394867472171783,-113.99236399078369,-0.00943148241378367,0.21268004179000854,0.5415741839110851,0.535436207830906,114.3028631362915,114.30987990570068,114.30192057800294,16.41679569997359,"{""DC-1"": 380.28477212350015, ""DC-2"": 351.8143603683251, ""DC-3"": 296.65066162309665, ""DC-4"": 272.4607272562753, ""DC-5"": 263.2317071788312}"
1406,1447,1589.835963046803,1000,1000,0,0,1000,234,0,766,0,1000,986,14,0,116,102,14,20,0,14875.194896583373,1000,1417812,1417812,200000,200000,0,1416816,7.904761026620865,3.9779842331409454,3.9267768126726152,-114.14364044189453,-0.005446345520671457,0.2113996148109436,0.5387795408070087,0.5352627679705619,114.46100013732911,114.4628053741455,114.45794869232178,16.72517680004239,"{""DC-1"": 345.59379981696185, ""DC-2"": 346.84099089179347, ""DC-3"": 292.1455514837073, ""DC-4"": 283.7602057908769, ""DC-5"": 321.4954150634632}"
1407,1448,1584.9904659555043,1000,1000,0,0,1000,236,0,764,0,1000,984,16,0,122,106,16,16,0,15620.777738285662,1000,1418812,1418812,200000,200000,0,1417816,8.222021765708924,4.185072587251663,4.036949172139168,-114.2126008682251,-0.0017870261692442,0.21076610684394836,0.5365868710875511,0.535400849878788,114.53056025695801,114.5312685470581,114.5249938583374,16.126163100008853,"{""DC-1"": 312.980267245196, ""DC-2"": 331.64614863042186, ""DC-3"": 342.25978358592823, ""DC-4"": 280.2666045005452, ""DC-5"": 317.83766199341244}"
1408,1449,1585.7049621740402,1000,1000,0,0,1000,238,0,762,0,1000,987,13,0,135,122,13,15,0,14303.946239131636,1000,1419812,1419812,200000,200000,0,1418816,7.7706160359382626,3.890072308242321,3.880543724179268,-114.25436517333985,0.003556124510709196,0.2118108868598938,0.5331144280433655,0.5354369430541992,114.56823719787597,114.56500116729737,114.57249977111816,16.802413299970794,"{""DC-1"": 316.9631340593237, ""DC-2"": 314.73655779902134, ""DC-3"": 322.8261094522006, ""DC-4"": 317.0729148930531, ""DC-5"": 314.10624597044267}"
1409,1450,1590.7429736792858,1000,1000,0,0,1000,251,0,749,0,1000,983,17,0,142,125,17,18,0,15443.209670583205,1000,1420812,1420812,200000,200000,0,1419816,8.620058313369752,4.340036513209343,4.280021795392036,-114.4243934326172,-0.006624407822266221,0.2099495381116867,0.5396560658812523,0.5352959656715393,114.73237408447265,114.73971515655518,114.73186280059815,16.10541939997347,"{""DC-1"": 350.02876541824315, ""DC-2"": 327.59350331079395, ""DC-3"": 341.8261971060809, ""DC-4"": 264.02942821158774, ""DC-5"": 307.26507963257933}"
1410,1451,1586.94167340647,1000,1000,0,0,1000,253,0,747,0,1000,982,18,0,126,108,18,19,0,14411.526109882956,1000,1421812,1421812,200000,200000,0,1420816,8.084806364774703,4.0712798720002175,4.013526476442814,-114.31734928894043,0.016515304640401154,0.2140321135520935,0.524718680202961,0.5352907186150551,114.621371925354,114.63098735046387,114.63089791107178,16.852939400007017,"{""DC-1"": 359.7968599264887, ""DC-2"": 299.0425667021172, ""DC-3"": 325.2884332842197, ""DC-4"": 255.71392341371123, ""DC-5"": 347.09989007993346}"
1411,1452,1600.0414705571438,1000,1000,0,0,1000,249,0,751,0,1000,988,12,0,123,111,12,19,0,16425.45799628715,1000,1422812,1422812,200000,200000,0,1421816,8.416058596849442,4.247413127779961,4.168645476102829,-114.33491692352295,0.010157485243398696,0.21688351035118103,0.528738192975521,0.5353543580770492,114.64626874542236,114.64262669372559,114.63727509307861,18.649501299951226,"{""DC-1"": 352.0584991723477, ""DC-2"": 300.25090979550254, ""DC-3"": 315.517770138606, ""DC-4"": 318.96536422252353, ""DC-5"": 313.2489272281638}"
1412,1453,1610.0445526601225,1000,1000,0,0,1000,262,0,738,0,1000,984,16,0,132,116,16,16,0,17336.803238363176,1000,1423812,1423812,200000,200000,0,1422816,8.238478338479995,4.1597567034959795,4.078721632599831,-114.4292612915039,-0.0024241924034431577,0.21627946197986603,0.53705160176754,0.5354497826695442,114.7376830368042,114.73803075408935,114.73773470306396,17.907253800018225,"{""DC-1"": 403.545988800678, ""DC-2"": 280.31589739150314, ""DC-3"": 318.8363884120347, ""DC-4"": 275.7611718341058, ""DC-5"": 331.58510622180097}"
1413,1454,1601.1419431969468,1000,1000,0,0,1000,257,0,743,0,1000,985,15,0,136,121,15,24,0,14771.472771431134,1000,1424812,1424812,200000,200000,0,1423816,8.253146144151687,4.202377035975457,4.0507690784931185,-114.44341652679444,-0.00352550214715302,0.21538454294204712,0.5376144613921642,0.5352888978719711,114.75446604919433,114.75933752441406,114.75838971710205,16.80558739998378,"{""DC-1"": 353.7896372781714, ""DC-2"": 329.7545913121295, ""DC-3"": 312.77953794559346, ""DC-4"": 312.8526312527575, ""DC-5"": 291.965545408292}"
1414,1455,1561.3487535020479,1000,1000,0,0,1000,254,0,746,0,1000,977,23,0,147,124,23,14,0,13924.235577801224,1000,1425812,1425812,200000,200000,0,1424816,8.060973592996596,4.096609580993652,3.964364000082016,-114.5175691986084,-0.01641380983358249,0.21103894710540771,0.5460014334917068,0.5353727589845657,114.83036240386963,114.83312313079834,114.82930131530762,16.72529829997802,"{""DC-1"": 347.6608565230288, ""DC-2"": 316.9969275241223, ""DC-3"": 297.548640067247, ""DC-4"": 277.77015866120644, ""DC-5"": 321.37217072644347}"
1415,1456,1539.7068442105697,1000,1000,0,0,1000,247,0,753,0,1000,976,24,0,151,127,24,23,0,17018.522513301476,1000,1426812,1426812,200000,200000,0,1425816,7.857802136898041,3.963150565624237,3.8946515616178514,-114.60498334503174,0.0028707990646362307,0.21164073050022125,0.5334393705129623,0.5352709520459175,114.92083934020997,114.92314793395997,114.92438484191895,16.6582620999543,"{""DC-1"": 339.80110774318615, ""DC-2"": 342.24117986016256, ""DC-3"": 307.7367425585098, ""DC-4"": 251.75816216743212, ""DC-5"": 298.16965188127995}"
1416,1457,1600.3000614982118,1000,1000,0,0,1000,261,0,739,0,1000,984,16,0,139,123,16,17,0,16249.668293578743,1000,1427812,1427812,200000,200000,0,1426816,7.806531183004379,3.977974776506424,3.8285563983917235,-114.63652238464356,-0.005528692048974335,0.21032238006591797,0.5390895538330078,0.5355048395395279,114.95173506164551,114.95547022247314,114.94966160583496,16.607001600030344,"{""DC-1"": 360.91383264934746, ""DC-2"": 307.5548044600686, ""DC-3"": 332.1359695012952, ""DC-4"": 275.1495147125014, ""DC-5"": 324.54594017499875}"
1417,1458,1594.8976428542214,1000,1000,0,0,1000,229,0,771,0,1000,987,13,0,92,79,13,16,0,13447.905851802296,1000,1428812,1428812,200000,200000,0,1427816,9.21169437623024,4.622266920328141,4.589427466273308,-114.59205955505371,-0.00819747791113332,0.20828978717327118,0.5406638036370277,0.5353792244195938,114.92248217773438,114.92381267547607,114.91557604980468,16.87486640003044,"{""DC-1"": 367.4072082768538, ""DC-2"": 321.7094182520933, ""DC-3"": 347.16359909430713, ""DC-4"": 249.79515124425086, ""DC-5"": 308.82226598671605}"
1418,1459,1477.7017198066435,1000,1000,0,0,1000,268,0,732,0,1000,959,41,0,148,107,41,26,0,17870.84584954554,1000,1429812,1429812,200000,200000,0,1428816,9.534371714115142,5.3705367349386215,4.163834990859032,-114.46102512359619,-0.006044379852712154,0.2066885083913803,0.5392282941639424,0.5352778836488724,114.83788568878174,114.83275241851807,114.83637837982178,16.606553399993572,"{""DC-1"": 252.058463335918, ""DC-2"": 285.7822096910118, ""DC-3"": 335.98647687779186, ""DC-4"": 280.8585294076851, ""DC-5"": 323.0160404942381}"
1419,1460,1601.3375825012251,1000,1000,0,0,1000,235,0,765,0,1000,988,12,0,128,116,12,19,0,17857.592185835696,1000,1430812,1430812,200000,200000,0,1429816,8.98926462507248,4.622744313001633,4.3665203208923336,-114.1875571899414,0.012152841343544423,0.2098490297794342,0.5277209177911282,0.5354530450105667,114.54496895599365,114.54767883300781,114.54449521636963,16.523609399970155,"{""DC-1"": 374.8790097776979, ""DC-2"": 317.05353142752637, ""DC-3"": 320.22550485323933, ""DC-4"": 273.60112061510927, ""DC-5"": 315.5784158276534}"
1420,1461,1554.6504891112352,1000,1000,0,0,1000,253,0,747,0,1000,977,23,0,152,129,23,24,0,13543.664224126578,1000,1431812,1431812,200000,200000,0,1430816,8.17935086464882,4.130152700901031,4.049198150038719,-114.0696572265625,-0.005221324095036835,0.20830038189888,0.5387425619959831,0.5353396590948105,114.40905931854248,114.40653716278077,114.4079104309082,16.556037300033495,"{""DC-1"": 380.60041666032873, ""DC-2"": 317.26728382588396, ""DC-3"": 319.32501705912796, ""DC-4"": 264.96744210840336, ""DC-5"": 272.49032945749286}"
1421,1462,1555.5536302958574,1000,1000,0,0,1000,262,0,738,0,1000,978,22,0,139,117,22,22,0,17334.476421465482,1000,1432812,1432812,200000,200000,0,1431816,8.287471512794495,4.221862767219544,4.065608737468719,-114.03567249298095,0.0022930544074624775,0.20903848111629486,0.533927504748106,0.5353922345042229,114.36400109863281,114.36245226287842,114.36091321563721,16.562046899984125,"{""DC-1"": 318.3682635215548, ""DC-2"": 308.2732567021243, ""DC-3"": 330.6528318033654, ""DC-4"": 280.8129433015522, ""DC-5"": 317.44633496726215}"
1422,1463,1573.0928187042193,1000,1000,0,0,1000,248,0,752,0,1000,981,19,0,130,111,19,17,0,15979.668293578743,1000,1433812,1433812,200000,200000,0,1432816,8.645171505689621,4.437436023235321,4.207735511779785,-113.91052630615235,-0.0009342303238809109,0.20879919826984406,0.5360639827847481,0.5354460559487343,114.2492380065918,114.25379208374024,114.25139813232421,16.587760500027798,"{""DC-1"": 386.11323871499957, ""DC-2"": 312.8960625412756, ""DC-3"": 307.4671010426505, ""DC-4"": 272.9439490570485, ""DC-5"": 293.6724673482452}"
1423,1464,1583.8827308584434,1000,1000,0,0,1000,274,0,726,0,1000,981,19,0,143,124,19,17,0,14263.020799364389,1000,1434812,1434812,200000,200000,0,1433816,8.240232211351394,4.179173793137074,4.061058419883251,-113.83602119445801,-0.0045474585252814,0.20769721269607544,0.5382476707696915,0.535320216178894,114.17127590179443,114.1704405670166,114.17371673583985,16.780990400002338,"{""DC-1"": 375.34816627776024, ""DC-2"": 321.527418455232, ""DC-3"": 317.7510200051586, ""DC-4"": 288.75045781159906, ""DC-5"": 280.50566830869457}"
1424,1465,1579.5447744831133,1000,1000,0,0,1000,252,0,748,0,1000,981,19,0,133,114,19,18,0,14288.628686176975,1000,1435812,1435812,200000,200000,0,1434816,8.58110515141487,4.302776830077171,4.278328293800354,-113.67450764465332,0.0009249942637979985,0.20777413249015808,0.5348974832296371,0.535451509475708,114.00728259277344,114.00737781524658,114.00728971862793,16.8053708000225,"{""DC-1"": 357.219960298128, ""DC-2"": 311.2223818033502, ""DC-3"": 308.70880883845786, ""DC-4"": 264.90162672195606, ""DC-5"": 337.4919968212229}"
1425,1466,1532.778844148609,1000,1000,0,0,1000,270,0,730,0,1000,971,29,0,162,133,29,22,0,13691.979802602304,1000,1436812,1436812,200000,200000,0,1435816,8.383647808790206,4.228645165324211,4.155002658963204,-113.63361303710937,-0.00387110453331843,0.20676878094673157,0.5379732058048249,0.5354551862478256,113.97468966674805,113.96962231445312,113.9780902481079,16.775654299999587,"{""DC-1"": 367.9789966124827, ""DC-2"": 267.36088590162285, ""DC-3"": 313.21174249234394, ""DC-4"": 249.26525245185695, ""DC-5"": 334.96196669030377}"
1426,1467,1533.1342322166981,1000,1000,0,0,1000,253,0,747,0,1000,971,29,0,137,108,29,26,0,18198.45799628715,1000,1437812,1437812,200000,200000,0,1436816,8.00380377459526,4.018818032383919,3.9849857364892958,-113.4775196762085,0.008577056581154466,0.20904991030693054,0.5300427751243114,0.5355067560076714,113.81462432098388,113.8131296005249,113.81661645507812,16.86552820005454,"{""DC-1"": 389.0867374161036, ""DC-2"": 265.22055956921406, ""DC-3"": 302.2279534149631, ""DC-4"": 258.063917566301, ""DC-5"": 318.5350642501161}"
1427,1468,1588.5762747531642,1000,1000,0,0,1000,270,0,730,0,1000,982,18,0,166,148,18,20,0,16447.45799628715,1000,1438812,1438812,200000,200000,0,1437816,8.4524302008152,4.309540043473244,4.142890177488327,-113.43330178070069,-0.0007485969047993421,0.20881287753582,0.5359366733729839,0.5354003967642784,113.77248310089111,113.77111811828614,113.77445217132568,16.716815899999347,"{""DC-1"": 357.95056579898386, ""DC-2"": 311.83863787964344, ""DC-3"": 334.78954830742555, ""DC-4"": 287.0443336403395, ""DC-5"": 296.9531891267734}"
1428,1469,1569.6886671020122,1000,1000,0,0,1000,244,0,756,0,1000,981,19,0,130,111,19,15,0,18970.066169465892,1000,1439812,1439812,200000,200000,0,1438816,8.10856276845932,4.130228398740291,3.9783343666791917,-113.43400606536865,0.006231937550008297,0.21058107912540436,0.5314015645682811,0.5354160388112068,113.76494026184082,113.76463362884522,113.7629526977539,16.629467999970075,"{""DC-1"": 379.96508370288734, ""DC-2"": 320.74111124165626, ""DC-3"": 322.82699193890556, ""DC-4"": 244.987668805143, ""DC-5"": 301.1678114134195}"
1429,1470,1504.6074417324767,1000,1000,0,0,1000,223,0,777,0,1000,972,28,0,124,96,28,17,0,16893.208944172387,1000,1440812,1440812,200000,200000,0,1439816,8.092153261184693,4.116755675792694,3.97539762878418,-113.34336865234376,0.011588085069321095,0.21352724730968475,0.5279785334467888,0.5353917019367218,113.6790417098999,113.67923165893555,113.67900659942627,16.6272442000336,"{""DC-1"": 321.7891574227288, ""DC-2"": 327.9940123423784, ""DC-3"": 341.05866606663466, ""DC-4"": 245.29724422575356, ""DC-5"": 268.4683616749817}"
1430,1471,1592.0660363803938,1000,1000,0,0,1000,240,0,760,0,1000,984,16,0,109,93,16,16,0,14972.720011132064,1000,1441812,1441812,200000,200000,0,1440816,8.778873084545136,4.483721406459808,4.295151686787605,-113.36786548614502,-0.010088475031778217,0.21097958087921143,0.5417433413565159,0.5352828760147095,113.6946888961792,113.6980493850708,113.68940812683105,16.50244280003244,"{""DC-1"": 374.0459233336943, ""DC-2"": 314.81794487286874, ""DC-3"": 318.3904019760031, ""DC-4"": 247.81683427281982, ""DC-5"": 336.9949319250081}"
1431,1472,1566.8039212406907,1000,1000,0,0,1000,233,0,767,0,1000,982,18,0,123,105,18,21,0,13581.063138366728,1000,1442812,1442812,200000,200000,0,1441816,7.981770800113678,4.058775634407997,3.92299517083168,-113.40372216796875,-0.0013947571367025375,0.21050633490085602,0.5363948349654675,0.5354081999063491,113.72335170745849,113.72652278900146,113.7254736328125,16.675473999988753,"{""DC-1"": 330.89980793212004, ""DC-2"": 315.7221615920564, ""DC-3"": 331.840213182127, ""DC-4"": 265.615005056126, ""DC-5"": 322.72673347826196}"
1432,1473,1587.9398752192058,1000,1000,0,0,1000,232,0,768,0,1000,985,15,0,112,97,15,19,0,16275.08566455818,1000,1443812,1443812,200000,200000,0,1442816,8.448446815252304,4.332306777119636,4.11614002931118,-113.45975400543213,0.026172841105144472,0.2174055427312851,0.5185077500343322,0.5354403392672539,113.78171508026124,113.78070092010498,113.7788225326538,16.620987400005106,"{""DC-1"": 368.8864730759008, ""DC-2"": 279.2232498105229, ""DC-3"": 327.0899367795005, ""DC-4"": 284.4722348319936, ""DC-5"": 328.2679807212893}"
1433,1474,1596.4156456638998,1000,1000,0,0,1000,257,0,743,0,1000,984,16,0,127,111,16,16,0,14030.039218902042,1000,1444812,1444812,200000,200000,0,1443816,8.147443447113037,4.043995945036412,4.103447525143624,-113.40449477386474,-0.0109321598415263,0.21453586220741272,0.5425358166098595,0.5354195460677147,113.72290186309814,113.72462915039063,113.7275226135254,16.826452900015283,"{""DC-1"": 358.8663254405035, ""DC-2"": 305.74592813359897, ""DC-3"": 338.4991920471665, ""DC-4"": 279.9957710443289, ""DC-5"": 313.3084289983025}"
1434,1475,1563.2515752777138,1000,1000,0,0,1000,256,0,744,0,1000,978,22,0,138,116,22,16,0,16028.304251132433,1000,1445812,1445812,200000,200000,0,1444816,8.19262651848793,4.04207388317585,4.150552619218827,-113.49979611968995,-0.0058095374782569705,0.21287308633327484,0.5390769155621529,0.5352691426873207,113.82916495513916,113.8339430770874,113.82742686462403,16.591309700044803,"{""DC-1"": 338.956231979951, ""DC-2"": 336.49489686956247, ""DC-3"": 333.67782407757875, ""DC-4"": 269.76794291560964, ""DC-5"": 284.35467943501345}"
1435,1476,1590.8490620141695,1000,1000,0,0,1000,242,0,758,0,1000,985,15,0,133,118,15,14,0,17101.71769828564,1000,1446812,1446812,200000,200000,0,1445816,8.403210638523102,4.261504562973976,4.141706085920334,-113.3961178817749,-0.010438774627167732,0.21004684269428253,0.5421930428147316,0.5354133278131485,113.72698030853272,113.7313995513916,113.73327014923096,16.820132300024852,"{""DC-1"": 337.7224651219069, ""DC-2"": 348.77576557897396, ""DC-3"": 329.53171408306866, ""DC-4"": 258.43689950883595, ""DC-5"": 316.3822177213829}"
1436,1477,1590.6269033684732,1000,1000,0,0,1000,245,0,755,0,1000,984,16,0,125,109,16,14,0,15766.853661397183,1000,1447812,1447812,200000,200000,0,1446816,8.850014880895614,4.709790325164795,4.140224559187889,-113.4497212677002,0.004199404219631105,0.21096079051494598,0.5326784114539623,0.5353364395499229,113.80044941711425,113.80195375823975,113.80652480316162,16.82821080001304,"{""DC-1"": 355.10511040390526, ""DC-2"": 299.3315687934716, ""DC-3"": 347.1228758544662, ""DC-4"": 249.91706753854228, ""DC-5"": 339.1502807780892}"
1437,1478,1561.834779555251,1000,1000,0,0,1000,261,0,739,0,1000,977,23,0,143,120,23,13,0,17763.19283821083,1000,1448812,1448812,200000,200000,0,1447816,8.2112646048069,4.214368588447571,3.9968960210084914,-113.16917588806152,0.00037333676824346184,0.2111513316631317,0.5351241123974323,0.5353566745519638,113.51822672271729,113.51850046539306,113.51799834442139,16.62822379998397,"{""DC-1"": 370.3669350177758, ""DC-2"": 274.00919157436033, ""DC-3"": 348.8469315485201, ""DC-4"": 272.2175397129603, ""DC-5"": 296.39418170163646}"
1438,1479,1580.838441315956,1000,1000,0,0,1000,248,0,752,0,1000,983,17,0,143,126,17,15,0,15106.628686176975,1000,1449812,1449812,200000,200000,0,1448816,8.02296569609642,4.093266829371452,3.9296988542675972,-112.85888715362549,0.020499733526725322,0.2168208509683609,0.5220079457759857,0.5353204053044319,113.20393408966065,113.20227674102783,113.20514539337158,16.799287399975583,"{""DC-1"": 403.23664193479084, ""DC-2"": 301.6424367895108, ""DC-3"": 289.83365056048603, ""DC-4"": 276.17458569236726, ""DC-5"": 309.9511263388028}"
1439,1480,1563.1600936018222,1000,1000,0,0,1000,254,0,746,0,1000,979,21,0,141,120,21,11,0,14934.063138366728,1000,1450812,1450812,200000,200000,0,1449816,8.202309307575225,4.1584713773727415,4.04383792090416,-112.91173600769044,-0.0027787308273836972,0.21608702838420868,0.5372607301175595,0.535417039334774,113.25049164581299,113.24520510101318,113.24617230987549,17.19577809999464,"{""DC-1"": 347.6952374429659, ""DC-2"": 294.5126563836835, ""DC-3"": 339.5768720419832, ""DC-4"": 266.0725537934248, ""DC-5"": 315.3027739397646}"
1440,1481,1568.7195854249571,1000,1000,0,0,1000,260,0,740,0,1000,977,23,0,149,126,23,12,0,14904.039218902042,1000,1451812,1451812,200000,200000,0,1450816,8.764628221273423,4.483295568943023,4.281332650542259,-112.68862082672119,0.010133694242453202,0.21856097877025604,0.5288663054406643,0.5354303508996964,113.03116583251953,113.02711736297607,113.03034873962402,16.84740430000238,"{""DC-1"": 375.5741459668372, ""DC-2"": 308.1437893167155, ""DC-3"": 332.0952876692369, ""DC-4"": 247.01704712139846, ""DC-5"": 305.8893153507705}"
1441,1482,1542.1461510583968,1000,1000,0,0,1000,237,0,763,0,1000,977,23,0,104,81,23,17,0,15172.479129232237,1000,1452812,1452812,200000,200000,0,1451816,8.103704864025117,4.12160384953022,3.9821010283231737,-112.76339696502686,0.000525484309066087,0.21875980496406555,0.5350442758500576,0.5353673169612885,113.0913101196289,113.09482633972168,113.08897537994385,16.71442970004864,"{""DC-1"": 349.1649588503397, ""DC-2"": 333.4233980217143, ""DC-3"": 290.8358609255293, ""DC-4"": 265.037783196536, ""DC-5"": 303.68415006427784}"
1442,1483,1514.0554280589365,1000,1000,0,0,1000,230,0,770,0,1000,973,27,0,116,89,27,27,0,16674.476421465482,1000,1453812,1453812,200000,200000,0,1452816,7.708350389957428,3.9475985333919525,3.7607518585920334,-112.81768210601807,-0.004291289493441582,0.217619851231575,0.5382524068355561,0.5354184792637825,113.15592637634278,113.15089266967773,113.15177537536621,16.785756999976,"{""DC-1"": 312.3735333031548, ""DC-2"": 320.0853981499773, ""DC-3"": 308.9098168748617, ""DC-4"": 262.6545495160273, ""DC-5"": 310.03213021491746}"
1443,1484,1516.9151453151828,1000,1000,0,0,1000,251,0,749,0,1000,970,30,0,142,112,30,18,0,16640.47495842207,1000,1454812,1454812,200000,200000,0,1453816,8.112822808027268,4.181490490913391,3.9313323192596434,-112.7108967666626,-0.010558361979434267,0.21491459012031555,0.5423049628734589,0.5354093281030655,113.03654945373535,113.03588663482665,113.02954974365234,16.824371599999722,"{""DC-1"": 337.7849117358417, ""DC-2"": 292.4971668710062, ""DC-3"": 289.31928388941367, ""DC-4"": 269.7355098575017, ""DC-5"": 327.5782729614204}"
1444,1485,1593.0898100052648,1000,1000,0,0,1000,254,0,746,0,1000,984,16,0,145,129,16,15,0,13277.803238363176,1000,1455812,1455812,200000,200000,0,1454816,7.611039353847504,3.8513442565202713,3.759695070385933,-112.70728627014161,0.0050127433682791885,0.2162863165140152,0.532218954384327,0.5354558807015419,113.03440724182128,113.03440398406983,113.0342886352539,17.017570099967998,"{""DC-1"": 371.9621808977345, ""DC-2"": 319.0687404430946, ""DC-3"": 314.1406236281286, ""DC-4"": 274.0716426917506, ""DC-5"": 313.8466223445577}"
1445,1486,1592.7349694236952,1000,1000,0,0,1000,242,0,758,0,1000,987,13,0,135,122,13,16,0,13695.006324376553,1000,1456812,1456812,200000,200000,0,1455816,7.753278838157653,3.9150832861661913,3.8381955568790436,-112.75077066802979,0.007856603795196862,0.2183438539505005,0.5302654624283314,0.5353604620099067,113.07043016052246,113.07071704101563,113.06896497344971,16.878887900034897,"{""DC-1"": 352.618570631765, ""DC-2"": 325.3538444499454, ""DC-3"": 301.14845742347666, ""DC-4"": 292.6449105499314, ""DC-5"": 320.96918636857737}"
1446,1487,1513.7832496400147,1000,1000,0,0,1000,286,0,714,0,1000,964,36,0,170,134,36,30,0,15909.655590798095,1000,1457812,1457812,200000,200000,0,1456816,8.380359188556671,4.271550453305244,4.10880873298645,-112.70773072052002,0.005894531727768481,0.219874769449234,0.5313350546061992,0.5352269551753998,113.03009358978271,113.03223833465576,113.02305100250244,16.709478300006595,"{""DC-1"": 344.78405638013226, ""DC-2"": 362.5861760221105, ""DC-3"": 234.61292547002716, ""DC-4"": 268.3666171222641, ""DC-5"": 303.43347464548106}"
1447,1488,1556.1272349885828,1000,1000,0,0,1000,226,0,774,0,1000,980,20,0,116,96,20,15,0,13554.059443257227,1000,1458812,1458812,200000,200000,0,1457816,7.800454460382461,3.9085144176483153,3.8919400438070295,-112.89336031341553,0.01220865714829415,0.22336405515670776,0.5273523092567921,0.5354384937882424,113.21048473358154,113.21362564086914,113.20380275726319,17.319774199975654,"{""DC-1"": 299.36628502818223, ""DC-2"": 350.19353815660025, ""DC-3"": 312.69522170735553, ""DC-4"": 242.28810183356194, ""DC-5"": 351.5840882628834}"
1448,1489,1585.6854739920689,1000,1000,0,0,1000,227,0,773,0,1000,986,14,0,110,96,14,14,0,16682.26161135231,1000,1459812,1459812,200000,200000,0,1458816,8.02640679359436,4.084760216832161,3.941646556377411,-112.81039036560058,0.00018707570433616638,0.2233213186264038,0.5355348548591137,0.5355824154019356,113.11192211151123,113.11944367980956,113.11535327148438,16.815078800020274,"{""DC-1"": 360.1359872120993, ""DC-2"": 331.4130949706499, ""DC-3"": 304.2492323895787, ""DC-4"": 272.08305088974555, ""DC-5"": 317.80410852999637}"
1449,1490,1583.6284235977066,1000,1000,0,0,1000,225,0,775,0,1000,985,15,0,126,111,15,14,0,15286.941053420522,1000,1460812,1460812,200000,200000,0,1459816,7.899705597877502,4.094407936215401,3.8052976585626603,-112.91560202026368,0.004243352081626654,0.22483345866203308,0.5325329931676388,0.5354275082945824,113.24194258880615,113.23802690124512,113.22885345458984,16.819503300008364,"{""DC-1"": 380.2894484377131, ""DC-2"": 307.6921523981751, ""DC-3"": 316.63313403541724, ""DC-4"": 255.0125809165703, ""DC-5"": 324.00110780983096}"
1450,1491,1636.1760082661817,1000,1000,0,0,1000,257,0,743,0,1000,993,7,0,138,131,7,21,0,14823.592185835698,1000,1461812,1461812,200000,200000,0,1460816,8.267207466125488,4.202024668931961,4.06518280684948,-113.10634615325928,-0.008062595413997769,0.22230643033981323,0.5408787813186645,0.5354362221360207,113.41936713409424,113.42897196960449,113.4152650527954,17.25107489997754,"{""DC-1"": 361.87244537387465, ""DC-2"": 379.45987755991115, ""DC-3"": 326.63665305398706, ""DC-4"": 286.2393719189017, ""DC-5"": 281.96766035950697}"
1451,1492,1541.9492229104117,1000,1000,0,0,1000,223,0,777,0,1000,977,23,0,116,93,23,16,0,16047.65940642817,1000,1462812,1462812,200000,200000,0,1461816,8.089864080667496,4.1291552007198336,3.960708889722824,-113.22572328186035,-0.009896400599274784,0.21982233226299286,0.54188049441576,0.5353630011081696,113.54076670074463,113.53805195617676,113.5363404006958,16.897358400048688,"{""DC-1"": 290.1357109331596, ""DC-2"": 336.82701187435725, ""DC-3"": 347.78024067454425, ""DC-4"": 252.1632783741584, ""DC-5"": 315.0429810541911}"
1452,1493,1624.996145435838,1000,1000,0,0,1000,253,0,747,0,1000,992,8,0,142,134,8,16,0,13422.02089468451,1000,1463812,1463812,200000,200000,0,1462816,8.366018617868423,4.126301859021186,4.239716748356819,-113.23593180084228,-0.004611799550708383,0.21849596500396729,0.5385749334692955,0.5355056573748589,113.56443551635742,113.56350733184814,113.56147905731201,16.717394899984356,"{""DC-1"": 350.69408440705206, ""DC-2"": 303.51138552298556, ""DC-3"": 348.4903250488794, ""DC-4"": 305.4754697409319, ""DC-5"": 316.8248807159905}"
1453,1494,1602.3349297213324,1000,1000,0,0,1000,256,0,744,0,1000,986,14,0,114,100,14,18,0,16792.655590798095,1000,1464812,1464812,200000,200000,0,1463816,8.322787768363952,4.146577073454857,4.176210699796677,-113.31781317901611,-0.0055637131221592424,0.21685762703418732,0.5390808996856212,0.5353721421957016,113.64356077575684,113.64617221069336,113.63684407043458,17.027386499976274,"{""DC-1"": 391.10492907551327, ""DC-2"": 328.9040221412897, ""DC-3"": 330.1379396286048, ""DC-4"": 263.12095657285414, ""DC-5"": 289.06708230307134}"
1454,1495,1579.930441070366,1000,1000,0,0,1000,269,0,731,0,1000,980,20,0,120,100,20,16,0,17270.971312032176,1000,1465812,1465812,200000,200000,0,1464816,8.386050610542297,4.2915318032503125,4.094518804550171,-113.35327014923095,0.0035217925040051342,0.21792158484458923,0.5331033927202224,0.5354076650738716,113.6894508895874,113.68777056121826,113.6872170791626,16.83393999998225,"{""DC-1"": 354.09164546095883, ""DC-2"": 293.48641828555435, ""DC-3"": 310.82268083950476, ""DC-4"": 292.52740660264806, ""DC-5"": 329.0022898817026}"
1455,1496,1566.243378211058,1000,1000,0,0,1000,237,0,763,0,1000,981,19,0,124,105,19,21,0,18331.08566455818,1000,1466812,1466812,200000,200000,0,1465816,7.849519501447678,3.9322832587361334,3.9172362394332887,-113.28169751739502,0.006435057475697249,0.21971309185028076,0.5311296054422855,0.5353562510013581,113.60494712066651,113.61188596343995,113.61076664733886,16.821268100000452,"{""DC-1"": 324.8927349105289, ""DC-2"": 350.57427448739855, ""DC-3"": 310.06097249159353, ""DC-4"": 268.19583308956203, ""DC-5"": 312.51956323197345}"
1456,1497,1612.5252818399238,1000,1000,0,0,1000,252,0,748,0,1000,989,11,0,129,118,11,13,0,15982.930229121499,1000,1467812,1467812,200000,200000,0,1466816,8.07804052233696,4.119296406030655,3.9587441214323045,-113.20661920166016,-0.014487929517403245,0.21559450030326843,0.5449270375370979,0.535368874490261,113.53540465545655,113.53103777313233,113.52954280090331,16.882275699987076,"{""DC-1"": 358.6848217719113, ""DC-2"": 310.94537751277153, ""DC-3"": 324.16457923046477, ""DC-4"": 285.5994518746493, ""DC-5"": 333.13105145012855}"
1457,1498,1527.2438334158628,1000,1000,0,0,1000,260,0,740,0,1000,972,28,0,147,119,28,15,0,16566.65397338411,1000,1468812,1468812,200000,200000,0,1467816,8.359534624576568,4.23907283616066,4.120461797595024,-113.26205530548096,-0.0024402562379837035,0.21521688997745514,0.5368905961215497,0.535358956515789,113.58121971130372,113.58422335815429,113.58524361419678,16.849036499974318,"{""DC-1"": 312.02086953261335, ""DC-2"": 333.60647558115403, ""DC-3"": 324.6483612235299, ""DC-4"": 254.4280386029423, ""DC-5"": 302.54008847562227}"
1458,1499,1619.911199279661,1000,1000,0,0,1000,276,0,724,0,1000,986,14,0,156,142,14,12,0,14128.150440305373,1000,1469812,1469812,200000,200000,0,1468816,8.04108139705658,4.0699486674070355,3.971132738351822,-113.46400495910645,-0.009638399674557149,0.21260352432727814,0.5418613267838955,0.5355119498372078,113.78446460723877,113.78418064880371,113.77585108947754,16.900273200008087,"{""DC-1"": 358.28866851970326, ""DC-2"": 351.6424493776159, ""DC-3"": 353.7340206315331, ""DC-4"": 255.202378977201, ""DC-5"": 301.043681773609}"
1459,1500,1569.8730626547392,1000,1000,0,0,1000,252,0,748,0,1000,978,22,0,152,130,22,19,0,14700.905851802296,1000,1470812,1470812,200000,200000,0,1469816,8.463179189920426,4.304312302231788,4.1588668829202655,-113.48531883239747,-0.0042678169067949055,0.21146760880947113,0.5381056561470031,0.535351513504982,113.8035551071167,113.81004177856445,113.80788208770753,16.903563200030476,"{""DC-1"": 395.377746395262, ""DC-2"": 307.30361082738216, ""DC-3"": 360.1131891596333, ""DC-4"": 238.7838947105849, ""DC-5"": 268.29462156187526}"
1460,1501,1609.4098100395365,1000,1000,0,0,1000,253,0,747,0,1000,989,11,0,140,129,11,14,0,15825.039218902042,1000,1471812,1471812,200000,200000,0,1470816,8.546649215221406,4.278876114845276,4.26777309435606,-113.42980897521973,0.0009929736470803618,0.21163123846054077,0.5347368761003017,0.53533125603199,113.75372115325928,113.75287747192382,113.75492037963868,16.805046800000127,"{""DC-1"": 351.8347530082963, ""DC-2"": 320.70044060129567, ""DC-3"": 327.76807128031055, ""DC-4"": 273.3946424105608, ""DC-5"": 335.71190273907087}"
1461,1502,1527.2784861077223,1000,1000,0,0,1000,252,0,748,0,1000,972,28,0,145,117,28,18,0,17445.063138366728,1000,1472812,1472812,200000,200000,0,1471816,8.7469623503685,4.480508221268654,4.266454127192497,-113.23770799255371,0.0031948641212657092,0.21253472566604614,0.5333798221051693,0.5354179670810699,113.57545645141602,113.574002784729,113.5715916748047,16.7871623999672,"{""DC-1"": 332.58807808828305, ""DC-2"": 290.5601588682667, ""DC-3"": 320.3980583207157, ""DC-4"": 255.78198878953566, ""DC-5"": 327.95020204091986}"
1462,1503,1566.4537163025786,1000,1000,0,0,1000,268,0,732,0,1000,977,23,0,148,125,23,23,0,14431.457996287148,1000,1473812,1473812,200000,200000,0,1472816,8.079728285312653,4.092544625639915,3.9871836609840394,-113.18620055389404,-0.00723012816766277,0.21063806116580963,0.5399613588452339,0.5352773591279983,113.5233129119873,113.52607933807373,113.52423844909669,16.831112699990626,"{""DC-1"": 357.9598265094416, ""DC-2"": 300.4434364795764, ""DC-3"": 299.93455196731276, ""DC-4"": 281.1461209639485, ""DC-5"": 326.9697803822997}"
1463,1504,1568.3588162014262,1000,1000,0,0,1000,241,0,759,0,1000,981,19,0,133,114,19,12,0,15553.077263983416,1000,1474812,1474812,200000,200000,0,1473816,7.967832156419754,4.040266362309456,3.9275657955408096,-113.23287425994873,-0.013518942761234939,0.20744004845619202,0.5441449486613273,0.5354737942814827,113.55029732513428,113.55291973114014,113.5518355178833,16.798137400008272,"{""DC-1"": 273.63472138489135, ""DC-2"": 357.30491165324185, ""DC-3"": 362.15882882503195, ""DC-4"": 240.64632410910826, ""DC-5"": 334.6140302291542}"
1464,1505,1560.399262991585,1000,1000,0,0,1000,273,0,727,0,1000,976,24,0,142,118,24,16,0,14930.655048066626,1000,1475812,1475812,200000,200000,0,1474816,8.570400484085082,4.221606494307518,4.348793961524963,-113.30891580200195,0.005523321675136686,0.20864924788475037,0.5318170580863952,0.5352875580787658,113.64013862609863,113.64596175384521,113.63926024627686,17.216218299989123,"{""DC-1"": 311.4362367522845, ""DC-2"": 319.5612850139091, ""DC-3"": 311.38447157365687, ""DC-4"": 275.3003535056684, ""DC-5"": 342.71691614606755}"
1465,1506,1617.0202135781794,1000,1000,0,0,1000,243,0,757,0,1000,991,9,0,128,119,9,13,0,11876.89009986437,1000,1476812,1476812,200000,200000,0,1475816,7.687498863697052,3.832478569507599,3.8550203016996383,-113.22352694702148,-0.008331027156673372,0.20646241307258606,0.5407126809954643,0.5353626181483269,113.54795616149903,113.5497456741333,113.54047268676757,17.85815939999884,"{""DC-1"": 324.5430579986063, ""DC-2"": 380.9958460473496, ""DC-3"": 340.62482966395083, ""DC-4"": 259.22294351695984, ""DC-5"": 311.6335363513154}"
1466,1507,1596.5411773551916,1000,1000,0,0,1000,253,0,747,0,1000,986,14,0,114,100,14,21,0,14733.369817868243,1000,1477812,1477812,200000,200000,0,1476816,8.182723217487336,4.094999344348907,4.0877238676548,-113.42506015014648,0.004726721705403179,0.20763160288333893,0.5325130425095558,0.5354697496294976,113.74511441802979,113.74920275878907,113.74197304534913,18.819827600033022,"{""DC-1"": 384.06971519264465, ""DC-2"": 295.08251093981517, ""DC-3"": 325.3212536799991, ""DC-4"": 298.8968510458581, ""DC-5"": 293.1708464968738}"
1467,1508,1602.1138955101628,1000,1000,0,0,1000,241,0,759,0,1000,988,12,0,128,116,12,15,0,14229.448210528022,1000,1478812,1478812,200000,200000,0,1477816,8.17920387673378,4.337896278977394,3.841307607293129,-113.4705323638916,-0.0022072746884077787,0.2070213258266449,0.5369103578329086,0.5354824487566948,113.80408459472656,113.80816175842286,113.80275769805908,19.022881900018547,"{""DC-1"": 369.5891980167373, ""DC-2"": 322.8315448070397, ""DC-3"": 339.30417612600144, ""DC-4"": 284.64884581313004, ""DC-5"": 285.74013074725224}"
1468,1509,1567.3511045355126,1000,1000,0,0,1000,252,0,748,0,1000,979,21,0,137,116,21,21,0,14902.977692795272,1000,1479812,1479812,200000,200000,0,1478816,8.302644567728043,4.175143774628639,4.127500794529915,-113.20136122131348,0.00015842946153134108,0.20717549324035645,0.5353602314293384,0.5354151806235313,113.53432878112793,113.53531797790528,113.53108950805664,19.40062059997581,"{""DC-1"": 372.5399959683769, ""DC-2"": 288.4932832444588, ""DC-3"": 287.7948038777362, ""DC-4"": 292.2132173568295, ""DC-5"": 326.3098040881114}"
1469,1510,1547.6366145040463,1000,1000,0,0,1000,255,0,745,0,1000,975,25,0,132,107,25,15,0,14659.771422593845,1000,1480812,1480812,200000,200000,0,1479816,7.88150111246109,3.9347899139523506,3.9467112060785294,-113.48857540893555,-0.0024573437198996545,0.20667235553264618,0.5369301103055477,0.5354369835853576,113.80985130310059,113.81446641540528,113.79744566345215,18.47889500000747,"{""DC-1"": 365.37880064138096, ""DC-2"": 310.3479146942906, ""DC-3"": 301.1149443950353, ""DC-4"": 261.77484340431766, ""DC-5"": 309.02011136902155}"
1470,1511,1538.4685618675862,1000,1000,0,0,1000,236,0,764,0,1000,975,25,0,126,101,25,16,0,15770.056612059561,1000,1481812,1481812,200000,200000,0,1480816,8.950523380994797,4.510255552887917,4.440267830848694,-113.47718525695801,0.00821403126232326,0.208704873919487,0.5302171222865582,0.5353495804667473,113.81456752777099,113.8095287399292,113.80664320373535,18.487522799987346,"{""DC-1"": 333.2943835119005, ""DC-2"": 292.69655157287013, ""DC-3"": 335.07726011629313, ""DC-4"": 256.140177790614, ""DC-5"": 321.26018887590817}"
1471,1512,1531.4398578042271,1000,1000,0,0,1000,244,0,756,0,1000,974,26,0,132,106,26,16,0,14124.130081967693,1000,1482812,1482812,200000,200000,0,1481816,8.452360392332077,4.247071321487427,4.205289065480232,-113.3069478378296,-0.004668510485906154,0.20745649933815002,0.5384013564586639,0.5353555936813355,113.6342094116211,113.62982410430908,113.62774368286132,17.948569100000896,"{""DC-1"": 323.73683461801005, ""DC-2"": 326.42382664924, ""DC-3"": 270.3754342789906, ""DC-4"": 307.76607251380574, ""DC-5"": 303.13768974418105}"
1472,1513,1560.7066838663354,1000,1000,0,0,1000,233,0,767,0,1000,981,19,0,125,106,19,18,0,12589.15433139282,1000,1483812,1483812,200000,200000,0,1482816,8.374885697603226,4.11725616812706,4.257629539430141,-113.4224133682251,-0.012054066695272923,0.20466798543930054,0.5429364683032036,0.5353353171944618,113.74177313232421,113.74695999145507,113.74553424835204,17.113185000023805,"{""DC-1"": 352.8606257465054, ""DC-2"": 339.08347459859715, ""DC-3"": 342.89878558392746, ""DC-4"": 243.38211747565327, ""DC-5"": 282.48168046165273}"
1473,1514,1565.2161441977062,1000,1000,0,0,1000,250,0,750,0,1000,978,22,0,142,120,22,19,0,13062.28838783866,1000,1484812,1484812,200000,200000,0,1483816,8.50858270382881,4.2727276558876035,4.235855039000511,-113.37194805908203,0.0009617672483436763,0.20478768646717072,0.5349579451084137,0.5354846169948578,113.69571696472168,113.69478112030029,113.68835633850098,17.532716699992307,"{""DC-1"": 326.0527292350799, ""DC-2"": 360.5318301706838, ""DC-3"": 311.39809143882366, ""DC-4"": 244.046931900111, ""DC-5"": 323.1865614530086}"
1474,1515,1479.551189818551,1000,1000,0,0,1000,266,0,734,0,1000,962,38,0,141,103,38,29,0,17736.150440305373,1000,1485812,1485812,200000,200000,0,1484816,7.838188890218735,3.9413024529218674,3.896886426925659,-113.34610008239746,-0.0016691600740887224,0.20436090230941772,0.5365480526387691,0.5354852242469788,113.67198997497559,113.67086716461182,113.67672903442383,17.55081919999793,"{""DC-1"": 284.8372668793328, ""DC-2"": 245.44548977855823, ""DC-3"": 317.4587188453642, ""DC-4"": 291.18011821260853, ""DC-5"": 340.62959610268746}"
1475,1516,1555.2165996250128,1000,1000,0,0,1000,249,0,751,0,1000,978,22,0,154,132,22,24,0,15314.150440305373,1000,1486812,1486812,200000,200000,0,1485816,8.041914119958877,3.9379162303209303,4.103997873425484,-113.38274727630615,-0.0057420860351994635,0.20301564037799835,0.5389213549494744,0.5353204084634781,113.71328523254394,113.71844718933106,113.71028213500976,17.31601310003316,"{""DC-1"": 341.8476435881986, ""DC-2"": 305.7501508011557, ""DC-3"": 267.47620580298866, ""DC-4"": 307.8975402562261, ""DC-5"": 332.2450591764433}"
1476,1517,1583.2234363405048,1000,1000,0,0,1000,253,0,747,0,1000,982,18,0,139,121,18,17,0,14443.668293578743,1000,1487812,1487812,200000,200000,0,1486816,8.320808181285859,4.222674136757851,4.098134056568146,-113.30220453643798,0.010351741690654307,0.20549830794334412,0.5287301401793957,0.5351826407313347,113.62723876190185,113.63172315216065,113.6288063659668,17.42254790000152,"{""DC-1"": 372.72351801696806, ""DC-2"": 282.65595417708556, ""DC-3"": 333.64944687789375, ""DC-4"": 262.46761996430087, ""DC-5"": 331.72689730425805}"
1477,1518,1584.233940035765,1000,1000,0,0,1000,274,0,726,0,1000,980,20,0,164,144,20,19,0,16975.032584019293,1000,1488812,1488812,200000,200000,0,1487816,7.848714649915695,3.92772777736187,3.920986878156662,-113.36200190734863,-0.01158572358964011,0.20256632566452026,0.5426218003630638,0.5352974579334259,113.68516590881347,113.68341142272949,113.67461939239502,17.287705799972173,"{""DC-1"": 389.0726914028545, ""DC-2"": 326.5515789497734, ""DC-3"": 307.4749047657543, ""DC-4"": 288.1774605718407, ""DC-5"": 272.9573043455404}"
1478,1519,1603.1297376580005,1000,1000,0,0,1000,249,0,751,0,1000,987,13,0,146,133,13,22,0,16149.209670583205,1000,1489812,1489812,200000,200000,0,1488816,8.346151093006133,4.225303577661514,4.120847501754761,-113.34136338806152,-0.007154326991178095,0.20077791810035706,0.5398678820729256,0.535369558095932,113.66250714874268,113.66691184997559,113.66091027832032,16.95218169997679,"{""DC-1"": 355.58908213109004, ""DC-2"": 346.77930429596165, ""DC-3"": 327.98682842113107, ""DC-4"": 276.5252649664893, ""DC-5"": 296.24925784332964}"
1479,1520,1454.9057706469516,1000,1000,0,0,1000,279,0,721,0,1000,951,49,0,160,111,49,34,0,16059.472771431134,1000,1490812,1490812,200000,200000,0,1489816,8.533912835597992,4.303682085514069,4.230230740427971,-113.3397812576294,0.00257397633837536,0.20121882855892181,0.5339412612915039,0.5354668589234353,113.66876672363281,113.6657579498291,113.66472958374024,16.928943799983244,"{""DC-1"": 428.3858939458417, ""DC-2"": 217.66648057636684, ""DC-3"": 283.1901785986047, ""DC-4"": 212.1791670605488, ""DC-5"": 313.48405046558844}"
1480,1521,1585.1814042953788,1000,1000,0,0,1000,248,0,752,0,1000,984,16,0,141,125,16,19,0,17408.668293578743,1000,1491812,1491812,200000,200000,0,1490816,8.313198897361755,4.181036568522453,4.132162311673165,-113.44713632202148,0.01629895975673571,0.20510999858379364,0.5251921351850033,0.5353797600269318,113.76892218780517,113.77411290740967,113.77704252624511,17.93718710000394,"{""DC-1"": 387.3359323652442, ""DC-2"": 298.0330437418188, ""DC-3"": 309.15425503679495, ""DC-4"": 279.01496919661855, ""DC-5"": 311.6432039549042}"
1481,1522,1572.2370891584883,1000,1000,0,0,1000,250,0,750,0,1000,983,17,0,136,119,17,26,0,17634.989082663844,1000,1492812,1492812,200000,200000,0,1491816,8.073615330934524,4.006114936590195,4.067500396728516,-113.42877256011963,0.0049421244775876404,0.20651164650917053,0.5322536299228668,0.5354123937487603,113.74837421417236,113.75015609741212,113.74721279907227,16.31748140003765,"{""DC-1"": 350.6147066103735, ""DC-2"": 315.1270590279069, ""DC-3"": 286.34923337558376, ""DC-4"": 325.4772707078595, ""DC-5"": 294.6688194367671}"
1482,1523,1598.5569340697853,1000,1000,0,0,1000,254,0,746,0,1000,984,16,0,121,105,16,13,0,11488.150440305373,1000,1493812,1493812,200000,200000,0,1492816,7.948677491664887,3.9414317153692244,4.00724575483799,-113.6263377456665,-0.021737396914046258,0.20105057954788208,0.5490385556519032,0.5352944927215576,113.93987628173828,113.93823729705811,113.94150980377198,16.19287670002086,"{""DC-1"": 373.3233518980815, ""DC-2"": 367.68336727878, ""DC-3"": 330.48412099561136, ""DC-4"": 247.8906579801034, ""DC-5"": 279.17543591720954}"
1483,1524,1600.8254996648423,1000,1000,0,0,1000,263,0,737,0,1000,986,14,0,140,126,14,14,0,14948.69525948157,1000,1494812,1494812,200000,200000,0,1493816,7.797837910175324,3.9527437509298324,3.8450941504240035,-113.5701400680542,0.004548730522859841,0.2020430862903595,0.5325128572583199,0.5353033667802811,113.88387379455567,113.88197071075439,113.88108288574219,16.755939200054854,"{""DC-1"": 356.10096139086403, ""DC-2"": 340.7526806412711, ""DC-3"": 293.9009751502178, ""DC-4"": 302.3621964917583, ""DC-5"": 307.70868599073174}"
1484,1525,1511.115954782432,1000,1000,0,0,1000,260,0,740,0,1000,967,33,0,153,120,33,27,0,14186.05007181681,1000,1495812,1495812,200000,200000,0,1494816,8.354317421913146,4.17818500161171,4.176132401108742,-113.47176543426514,0.005930128531530499,0.20357978343963623,0.5315816797614098,0.535285488307476,113.79169663238525,113.78587798309326,113.78870320129394,18.659255300008226,"{""DC-1"": 364.7664114852811, ""DC-2"": 281.7061409531253, ""DC-3"": 302.67484124331935, ""DC-4"": 245.80919700828383, ""DC-5"": 316.1593640924211}"
1485,1526,1615.4901591849055,1000,1000,0,0,1000,227,0,773,0,1000,993,7,0,126,119,7,14,0,14092.89009986437,1000,1496812,1496812,200000,200000,0,1495816,8.410491758346557,4.231258837223053,4.179232919871807,-113.5324736175537,9.426091518253088e-05,0.20358474552631378,0.5353122532963753,0.535323548913002,113.849556640625,113.84555053710938,113.84821218109131,17.445879300008528,"{""DC-1"": 320.9361162516786, ""DC-2"": 354.04586829385124, ""DC-3"": 333.45604445822846, ""DC-4"": 291.8379238769744, ""DC-5"": 315.2142063041766}"
1486,1527,1565.3812051317316,1000,1000,0,0,1000,238,0,762,0,1000,982,18,0,131,113,18,18,0,14490.02089468451,1000,1497812,1497812,200000,200000,0,1496816,8.216781750679017,4.145978563547135,4.07080320751667,-113.75969436645508,-0.013834933278150857,0.20039986073970795,0.5439782401025295,0.5353624235391616,114.07839306640625,114.07483344268799,114.06982638549805,16.751413199992385,"{""DC-1"": 341.4934166423564, ""DC-2"": 358.49795625043527, ""DC-3"": 325.8875364402632, ""DC-4"": 248.22659793100556, ""DC-5"": 291.2756978676705}"
1487,1528,1544.420356931271,1000,1000,0,0,1000,256,0,744,0,1000,976,24,0,146,122,24,26,0,15090.937995193108,1000,1498812,1498812,200000,200000,0,1497816,8.887369951486587,4.414803245306015,4.472566718101501,-113.76318522644043,0.0011537241004407406,0.20040440559387207,0.5346914390921593,0.5353110580444336,114.0830352935791,114.08181121063232,114.08260524749755,16.748554099991452,"{""DC-1"": 314.56097117282667, ""DC-2"": 330.1014633578974, ""DC-3"": 324.88935688141544, ""DC-4"": 264.75782601099905, ""DC-5"": 310.1107395081343}"
1488,1529,1577.312936464555,1000,1000,0,0,1000,250,0,750,0,1000,981,19,0,144,125,19,19,0,15596.480913426874,1000,1499812,1499812,200000,200000,0,1498816,9.22439376115799,4.735989141345024,4.488404608130455,-113.66507241058349,-0.004518448081798851,0.1994117647409439,0.538292311489582,0.535478169977665,113.98478661346435,113.98373108673096,113.97788614654542,17.643123399990145,"{""DC-1"": 361.8235153096991, ""DC-2"": 338.7123736592176, ""DC-3"": 298.00680646007135, ""DC-4"": 273.1228722226618, ""DC-5"": 305.64736881290617}"
1489,1530,1594.6751146405416,1000,1000,0,0,1000,255,0,745,0,1000,984,16,0,131,115,16,23,0,14230.063138366728,1000,1500812,1500812,200000,200000,0,1499816,7.736836397409439,3.9306114856004717,3.806224913716316,-113.67452852630615,-0.0071315334420651195,0.19783788919448853,0.5399769641757012,0.5355125332474708,114.00131111145019,113.9970082244873,113.99409159851074,16.653357699979097,"{""DC-1"": 363.87563611042657, ""DC-2"": 314.3337638988737, ""DC-3"": 346.34978711828455, ""DC-4"": 252.5639308543221, ""DC-5"": 317.5519966586365}"
1490,1531,1543.0540289090845,1000,1000,0,0,1000,249,0,751,0,1000,976,24,0,136,112,24,13,0,14544.597916709667,1000,1501812,1501812,200000,200000,0,1500816,7.993739571332932,4.004076732873917,3.989662843823433,-113.66373197937011,-0.00519861358217895,0.19653025269508362,0.5386403557658196,0.5354308052659035,113.9916788635254,113.98670031738281,113.98467395782471,17.792727300024126,"{""DC-1"": 319.9028474583614, ""DC-2"": 342.9963113498009, ""DC-3"": 284.3441693188486, ""DC-4"": 269.61178286368437, ""DC-5"": 326.19891791839126}"
1491,1532,1629.170414319945,1000,1000,0,0,1000,254,0,746,0,1000,991,9,0,119,110,9,13,0,14955.971758145042,1000,1502812,1502812,200000,200000,0,1501816,7.817342403173447,3.934394923329353,3.8829474791288376,-113.8608158416748,0.027627295127138494,0.20292207598686218,0.5183399736583233,0.5354425547122955,114.18598892211914,114.18489526367188,114.19152957916259,17.387218600022607,"{""DC-1"": 367.4563262063555, ""DC-2"": 361.795791746914, ""DC-3"": 310.93831492102186, ""DC-4"": 273.5546498865402, ""DC-5"": 315.42533155911474}"
1492,1533,1542.6582276761321,1000,1000,0,0,1000,253,0,747,0,1000,976,24,0,142,118,24,19,0,15546.461851788597,1000,1503812,1503812,200000,200000,0,1502816,8.58760233616829,4.339227902531624,4.248374440550804,-113.757324508667,0.011924436553381384,0.20582342147827148,0.5278693210184574,0.5353890894055366,114.08384092712403,114.0786417388916,114.07823165130615,16.034502100024838,"{""DC-1"": 345.387286455388, ""DC-2"": 320.0710996810347, ""DC-3"": 305.1468064194769, ""DC-4"": 286.9326232735438, ""DC-5"": 285.12041184668857}"
1493,1534,1622.7280305012707,1000,1000,0,0,1000,252,0,748,0,1000,990,10,0,121,111,10,15,0,12928.56364661451,1000,1504812,1504812,200000,200000,0,1503816,8.346461261749267,4.21695952796936,4.129501725554467,-113.77820323181152,-0.0004089036816731095,0.20575977861881256,0.535634791970253,0.535384437084198,114.09357656860351,114.09273936462402,114.09078392791749,16.250700099975802,"{""DC-1"": 381.1832797806845, ""DC-2"": 288.0655150309741, ""DC-3"": 312.44821065512747, ""DC-4"": 298.0740328670457, ""DC-5"": 342.95699216743935}"
1494,1535,1583.273004373441,1000,1000,0,0,1000,249,0,751,0,1000,983,17,0,126,109,17,17,0,15312.522606363847,1000,1505812,1505812,200000,200000,0,1504816,8.065169312238693,4.0772981570959095,3.9878711620569227,-114.07899101257324,-0.018410569906700404,0.20129770040512085,0.5469520146250725,0.5353016822338105,114.39952996063232,114.3942522201538,114.38856721496582,16.18754519999493,"{""DC-1"": 371.6189807684226, ""DC-2"": 301.75623258075257, ""DC-3"": 360.0037750664296, ""DC-4"": 270.50712207064487, ""DC-5"": 279.386893887191}"
1495,1536,1544.5066376149518,1000,1000,0,0,1000,254,0,746,0,1000,975,25,0,138,113,25,27,0,13158.997599147233,1000,1506812,1506812,200000,200000,0,1505816,7.636571895360946,3.8381378417015077,3.7984340717792513,-113.99111000823974,-0.01728886216506362,0.19731326401233673,0.5461893925070762,0.5354939233064652,114.30907638549805,114.30739553833008,114.31295601654053,16.1836829999811,"{""DC-1"": 379.8552006462232, ""DC-2"": 342.1982977818949, ""DC-3"": 288.5927804576089, ""DC-4"": 235.43552404172803, ""DC-5"": 298.42483468749606}"
1496,1537,1505.3596490940993,1000,1000,0,0,1000,257,0,743,0,1000,967,33,0,161,128,33,13,0,16303.056612059561,1000,1507812,1507812,200000,200000,0,1506816,8.385756891965865,4.26004416680336,4.125712702274322,-114.02934526824951,0.0125344522385858,0.20013536512851715,0.5275900979936123,0.535291047334671,114.34739793395997,114.34590906524659,114.35073524475098,16.06039660004899,"{""DC-1"": 298.2743368744892, ""DC-2"": 290.33882302251203, ""DC-3"": 298.54958898921853, ""DC-4"": 274.9521115725019, ""DC-5"": 343.24478863537877}"
1497,1538,1546.8853761923979,1000,1000,0,0,1000,234,0,766,0,1000,978,22,0,143,121,22,18,0,15196.821358226582,1000,1508812,1508812,200000,200000,0,1507816,8.435917895793915,4.281042636632919,4.154875252366066,-113.91182752227783,0.007021309872157872,0.2020072042942047,0.5310531321763993,0.5354147107005119,114.23102551269531,114.23228242492675,114.2263045501709,16.164192700001877,"{""DC-1"": 340.40201717454516, ""DC-2"": 319.629054445268, ""DC-3"": 317.08033534193754, ""DC-4"": 257.722503526772, ""DC-5"": 312.05146570387365}"
1498,1539,1586.7810393435852,1000,1000,0,0,1000,258,0,742,0,1000,983,17,0,138,121,17,13,0,11971.679266953815,1000,1509812,1509812,200000,200000,0,1508816,7.87975317645073,4.018738974750042,3.8610142025351526,-113.89336334228516,0.004970601114910096,0.20324555039405823,0.5321472681164742,0.5352826837301254,114.20705090332031,114.20317527008056,114.20054179382325,16.04054429999087,"{""DC-1"": 351.04586410120567, ""DC-2"": 291.6791779756325, ""DC-3"": 339.1079347809369, ""DC-4"": 285.662747809429, ""DC-5"": 319.28531467638095}"
1499,1540,1527.9387370587647,1000,1000,0,0,1000,239,0,761,0,1000,973,27,0,117,90,27,17,0,14689.297626136926,1000,1510812,1510812,200000,200000,0,1509816,8.512886992692948,4.295090216279029,4.217796777486801,-114.08433870697021,-0.0019705400681123138,0.202697291970253,0.5366223465800285,0.5353830215930939,114.41092346954346,114.40295483398438,114.39882804870605,16.09871170000406,"{""DC-1"": 371.38590451209166, ""DC-2"": 311.9784738545324, ""DC-3"": 291.94796698756625, ""DC-4"": 248.63865487088907, ""DC-5"": 303.98773683368586}"
1500,1541,1539.9171483053105,1000,1000,0,0,1000,263,0,737,0,1000,973,27,0,139,112,27,17,0,16461.0012748718,1000,1511812,1511812,200000,200000,0,1510816,7.818588968276978,3.9233212991952895,3.895267688989639,-113.99361325836182,0.005310951063875109,0.2039184719324112,0.5320553272664547,0.5353050590157509,114.30028910827637,114.30915199279785,114.30195386505127,16.096676299988758,"{""DC-1"": 332.5830925275705, ""DC-2"": 321.089932077965, ""DC-3"": 319.62420922374116, ""DC-4"": 249.98135026098902, ""DC-5"": 316.6385642150444}"
1501,1542,1492.5086683087136,1000,1000,0,0,1000,265,0,735,0,1000,962,38,0,154,116,38,17,0,16158.063445227785,1000,1512812,1512812,200000,200000,0,1511816,8.728072767257691,4.441743995547295,4.286328762531281,-114.12192910766602,0.003870349905453622,0.2049008309841156,0.5329159973859787,0.5353767018318176,114.44270814514161,114.4425351638794,114.43432892608642,16.250731500040274,"{""DC-1"": 364.1571969146751, ""DC-2"": 317.7077459102025, ""DC-3"": 265.47553698643395, ""DC-4"": 231.78321460001516, ""DC-5"": 313.38497389738825}"
1502,1543,1597.8463187982095,1000,1000,0,0,1000,257,0,743,0,1000,986,14,0,155,141,14,16,0,15660.977692795272,1000,1513812,1513812,200000,200000,0,1512816,8.366628071665763,4.241223691225052,4.12540439093113,-114.20130878448487,0.003382628783583641,0.20572000741958618,0.5333351723849773,0.5354024227261543,114.51149839019776,114.50950150299072,114.50795439910888,15.951052799995523,"{""DC-1"": 338.8391455391867, ""DC-2"": 344.5286335082539, ""DC-3"": 305.07937993471137, ""DC-4"": 292.7304263266437, ""DC-5"": 316.6687334894138}"
1503,1544,1590.0612421905896,1000,1000,0,0,1000,263,0,737,0,1000,982,18,0,144,126,18,14,0,15221.69525948157,1000,1514812,1514812,200000,200000,0,1513816,8.242834084272385,4.159345946192741,4.083488151550293,-114.22248287963868,0.015782373257447035,0.21004244685173035,0.5253865747153759,0.5354876273274422,114.53890867614746,114.54003262329101,114.53153421020508,16.07946630002698,"{""DC-1"": 362.07644928933223, ""DC-2"": 333.52752158733745, ""DC-3"": 347.950579343757, ""DC-4"": 255.13170983237734, ""DC-5"": 291.3749821377847}"
1504,1545,1564.337664771515,1000,1000,0,0,1000,247,0,753,0,1000,979,21,0,147,126,21,19,0,14341.69525948157,1000,1515812,1515812,200000,200000,0,1514816,8.898255901575089,4.57467187666893,4.323584026694298,-114.3082804107666,0.0009207866098731757,0.21007123589515686,0.5348454047739506,0.5353636061549186,114.62632288360595,114.62594758605957,114.62538622283935,16.117278499994427,"{""DC-1"": 383.7528694225538, ""DC-2"": 318.26955327349356, ""DC-3"": 318.14496401117424, ""DC-4"": 223.04960721040024, ""DC-5"": 321.1206708538934}"
1505,1546,1573.725547409096,1000,1000,0,0,1000,243,0,757,0,1000,981,19,0,129,110,19,14,0,18499.84584954554,1000,1516812,1516812,200000,200000,0,1515816,8.287558583498,4.2142300304174425,4.073328553915024,-114.25509819793702,-0.002533896069508046,0.2095678299665451,0.5370328319072724,0.5353683263659478,114.59101798248291,114.58596839904786,114.5861704940796,16.12400010001147,"{""DC-1"": 366.56455552219825, ""DC-2"": 303.0667307562961, ""DC-3"": 327.4880441150635, ""DC-4"": 265.9802476681116, ""DC-5"": 310.62596934742777}"
1506,1547,1577.4600640126089,1000,1000,0,0,1000,277,0,723,0,1000,979,21,0,126,105,21,18,0,15122.3305911799,1000,1517812,1517812,200000,200000,0,1516816,8.339165220499039,4.212247759401798,4.126917447209358,-114.23352695465088,-0.007060325146187097,0.20778107643127441,0.5398460421562195,0.5353229165077209,114.55361743164063,114.56285793304443,114.55948107147216,16.61279010004364,"{""DC-1"": 332.77369817293317, ""DC-2"": 333.66367415225375, ""DC-3"": 341.4292627928028, ""DC-4"": 275.3911427502576, ""DC-5"": 294.2022861443613}"
1507,1548,1589.0569304008516,1000,1000,0,0,1000,256,0,744,0,1000,984,16,0,130,114,16,25,0,15874.395712097717,1000,1518812,1518812,200000,200000,0,1517816,8.611384476661682,4.338944177389145,4.2724402567148205,-114.11640295410156,-0.010095362393651157,0.2053592950105667,0.5417481101751328,0.5353538188338279,114.43957260131836,114.43928298950195,114.44857272338866,16.489217399968766,"{""DC-1"": 332.81846155848314, ""DC-2"": 331.28559653268036, ""DC-3"": 354.1972937591502, ""DC-4"": 270.23114182044856, ""DC-5"": 300.52443673008764}"
1508,1549,1544.6730025240636,1000,1000,0,0,1000,257,0,743,0,1000,975,25,0,123,98,25,14,0,15576.08566455818,1000,1519812,1519812,200000,200000,0,1518816,8.156820803165436,4.056092388033867,4.100728412508965,-113.96195471954346,-0.001020247196778655,0.2050195336341858,0.5359904790520668,0.5352771756052971,114.27956033325195,114.28134412384033,114.2868507232666,16.304494399984833,"{""DC-1"": 294.44535861682516, ""DC-2"": 327.4403453245388, ""DC-3"": 313.8552495676008, ""DC-4"": 274.6026202039093, ""DC-5"": 334.3294288111902}"
1509,1550,1592.4657912843147,1000,1000,0,0,1000,248,0,752,0,1000,986,14,0,136,122,14,17,0,19272.05661205956,1000,1520812,1520812,200000,200000,0,1519816,7.790086947202682,3.9190129108428957,3.871074060678482,-114.12878620147706,-0.002758336766157299,0.20441225171089172,0.5371904112398624,0.5354434774518013,114.44109828948974,114.44409558868408,114.44635611724854,17.290102900005877,"{""DC-1"": 354.0065425649598, ""DC-2"": 316.2680870681549, ""DC-3"": 328.8704061836215, ""DC-4"": 263.41225927176407, ""DC-5"": 329.9084961958155}"
1510,1551,1621.3299375312492,1000,1000,0,0,1000,241,0,759,0,1000,993,7,0,123,116,7,12,0,13481.297626136926,1000,1521812,1521812,200000,200000,0,1520816,8.596798120737075,4.341404407501221,4.2553936997652055,-114.00800457000733,-0.014253630593884736,0.2008553147315979,0.5442771051228047,0.5353432118296623,114.33398023986817,114.32933128356933,114.32865939331055,17.044302800029982,"{""DC-1"": 353.7333096997134, ""DC-2"": 312.5673790901082, ""DC-3"": 377.43252809761873, ""DC-4"": 293.7393051277288, ""DC-5"": 283.8574155160796}"
1511,1552,1606.4112909571268,1000,1000,0,0,1000,265,0,735,0,1000,987,13,0,123,110,13,16,0,15632.070140117308,1000,1522812,1522812,200000,200000,0,1521816,7.677051512479782,3.8682583230137824,3.8087931920289995,-114.04435704803467,0.0074920784779824315,0.2027687430381775,0.5307193305492401,0.5353508321642876,114.35839419555664,114.3543944015503,114.35711443328857,17.584745100000873,"{""DC-1"": 327.34489859075205, ""DC-2"": 312.21654137223095, ""DC-3"": 361.20383255400174, ""DC-4"": 273.24221904150966, ""DC-5"": 332.40379939863277}"
1512,1553,1588.0642648760504,1000,1000,0,0,1000,250,0,750,0,1000,984,16,0,130,114,16,19,0,14329.701603158235,1000,1523812,1523812,200000,200000,0,1522816,7.979473859786987,3.9995243500471114,3.9799495236873628,-114.10337172698975,-0.001955051662866026,0.20241804420948029,0.5366651245951652,0.5354616559743881,114.42264655303956,114.41827326965333,114.4185648651123,18.016130600008182,"{""DC-1"": 361.95763728250455, ""DC-2"": 340.8142608025008, ""DC-3"": 330.90358811572077, ""DC-4"": 246.11300632608635, ""DC-5"": 308.2757723492373}"
1513,1554,1561.1070316935827,1000,1000,0,0,1000,252,0,748,0,1000,978,22,0,140,118,22,17,0,16379.457996287148,1000,1524812,1524812,200000,200000,0,1523816,7.962119560480118,3.9969643828868864,3.965155185341835,-114.17524904632569,0.001440786687657237,0.20267899334430695,0.5345353347957135,0.5353437801003456,114.49431547546386,114.49135998535156,114.49033005523681,16.496880699996836,"{""DC-1"": 367.84152084736235, ""DC-2"": 316.53858467525276, ""DC-3"": 308.5254256486044, ""DC-4"": 250.93692311181385, ""DC-5"": 317.26457741054867}"
1514,1555,1550.587392998446,1000,1000,0,0,1000,249,0,751,0,1000,976,24,0,150,126,24,14,0,16980.26161135231,1000,1525812,1525812,200000,200000,0,1524816,8.15070970261097,4.088967492580414,4.0617422037124635,-114.23309725189209,0.00015903375949710607,0.2027742713689804,0.5351803118288517,0.5352545533776283,114.54050798797607,114.53770346069336,114.53709353637696,16.82287869998254,"{""DC-1"": 387.65668240978005, ""DC-2"": 293.37513724868893, ""DC-3"": 308.25349914848715, ""DC-4"": 271.02713356102396, ""DC-5"": 290.27494063046686}"
1515,1556,1534.171381937123,1000,1000,0,0,1000,258,0,742,0,1000,971,29,0,130,101,29,17,0,15645.479129232237,1000,1526812,1526812,200000,200000,0,1525816,8.4044682161808,4.202479734778405,4.20198848593235,-114.1984256515503,0.00551174895092845,0.20401133596897125,0.531985311537981,0.5354156570434571,114.50852622222901,114.51689360809326,114.5095065536499,17.604909499990754,"{""DC-1"": 382.66629021781097, ""DC-2"": 276.18874489726403, ""DC-3"": 328.8685471181488, ""DC-4"": 234.75658499421363, ""DC-5"": 311.691214709687}"
1516,1557,1507.5419695356054,1000,1000,0,0,1000,243,0,757,0,1000,968,32,0,134,102,32,28,0,14141.619522439647,1000,1527812,1527812,200000,200000,0,1526816,8.100143432855607,4.156345108151436,3.943798327207565,-114.27495227050781,-0.012852610640227795,0.2010083645582199,0.5433628422319889,0.5352396882772446,114.5921491470337,114.59894679260253,114.59609465026855,16.770479500002693,"{""DC-1"": 377.30660190135825, ""DC-2"": 329.35239087549354, ""DC-3"": 287.16365894083486, ""DC-4"": 204.07217360369734, ""DC-5"": 309.6471442142212}"
1517,1558,1578.1144185612497,1000,1000,0,0,1000,262,0,738,0,1000,980,20,0,124,104,20,15,0,15076.360164026679,1000,1528812,1528812,200000,200000,0,1527816,7.802501887083054,3.9473903441429137,3.8551115406751633,-114.13341650390625,0.0010702239712700248,0.20142221450805664,0.5345508677065373,0.5353035182952881,114.44963284301758,114.45305850982666,114.44430260467529,16.86647660000017,"{""DC-1"": 328.5324495457093, ""DC-2"": 307.6432018584543, ""DC-3"": 370.4748550429466, ""DC-4"": 253.43331179322453, ""DC-5"": 318.030600320916}"
1518,1559,1601.4492833802585,1000,1000,0,0,1000,248,0,752,0,1000,987,13,0,133,120,13,17,0,12872.618458176372,1000,1529812,1529812,200000,200000,0,1528816,8.425888966083527,4.23793270689249,4.187956288874149,-114.3017440032959,-0.01031747280387208,0.1987399011850357,0.5418711682260037,0.5353921617865562,114.6095648727417,114.61187909698486,114.61351126861572,16.544754299975466,"{""DC-1"": 349.0806865420643, ""DC-2"": 302.96822080730686, ""DC-3"": 322.3517765193885, ""DC-4"": 287.35796601454365, ""DC-5"": 339.69063349695693}"
1519,1560,1546.3226640005048,1000,1000,0,0,1000,252,0,748,0,1000,976,24,0,134,110,24,17,0,18132.00882912202,1000,1530812,1530812,200000,200000,0,1529816,8.304471462965012,4.190955771803856,4.11351570892334,-114.19765444183349,0.008414134695194662,0.20084498822689056,0.530061730593443,0.5352585592269897,114.5103053894043,114.510712600708,114.51291123199464,17.64663529995596,"{""DC-1"": 339.15121503372427, ""DC-2"": 323.62822589454555, ""DC-3"": 268.6108091141337, ""DC-4"": 292.7547006302093, ""DC-5"": 322.17771332789295}"
1520,1561,1608.9854165784388,1000,1000,0,0,1000,250,0,750,0,1000,988,12,0,113,101,12,17,0,14007.472771431134,1000,1531812,1531812,200000,200000,0,1530816,8.20627113699913,4.102363872170448,4.103907252073288,-114.22489375305176,-0.001344265122897923,0.20057867467403412,0.53614673858881,0.5353169581294059,114.5324200592041,114.53458734893799,114.52550476837158,17.044742800004315,"{""DC-1"": 370.0791175708556, ""DC-2"": 307.9852917737204, ""DC-3"": 347.76856332411563, ""DC-4"": 282.3287719030976, ""DC-5"": 300.8236720066488}"
1521,1562,1518.2479619182902,1000,1000,0,0,1000,270,0,730,0,1000,965,35,0,130,95,35,33,0,18809.719005069728,1000,1532812,1532812,200000,200000,0,1531816,8.228057224273682,4.211750255465508,4.0163069453835485,-114.4495916748047,0.012879221596755088,0.20351608097553253,0.527377734541893,0.5353727708458901,114.76587469482422,114.76358284759522,114.75975239562989,16.5724532000022,"{""DC-1"": 374.5957821488449, ""DC-2"": 340.4503345624231, ""DC-3"": 340.24658952997083, ""DC-4"": 145.76744903862473, ""DC-5"": 317.1878066384264}"
1522,1563,1550.9389360015819,1000,1000,0,0,1000,257,0,743,0,1000,976,24,0,138,114,24,18,0,15607.472771431134,1000,1533812,1533812,200000,200000,0,1532816,8.944062682390213,4.680040786147118,4.264021914303303,-114.351224067688,0.0005448685437440872,0.20358827710151672,0.5351484090983868,0.5355047518014908,114.69299660491943,114.69209137725831,114.68712158966065,17.35096369998064,"{""DC-1"": 313.39635815970854, ""DC-2"": 348.7891022644841, ""DC-3"": 283.5804394785393, ""DC-4"": 285.03708886776644, ""DC-5"": 320.13594723108224}"
1523,1564,1623.6640775544688,1000,1000,0,0,1000,250,0,750,0,1000,992,8,0,141,133,8,18,0,14089.526109882956,1000,1534812,1534812,200000,200000,0,1533816,8.640129491329192,4.439527572393417,4.200601922869683,-114.27047113037109,0.011487993811722845,0.2064482718706131,0.5280418096780777,0.5352700247764587,114.59700192260742,114.59947819519043,114.59295384216308,16.54370129999006,"{""DC-1"": 393.42136867827855, ""DC-2"": 302.0202858729906, ""DC-3"": 349.07538151940435, ""DC-4"": 295.26281032976755, ""DC-5"": 283.88423115402924}"
1524,1565,1541.1969054784915,1000,1000,0,0,1000,218,0,782,0,1000,981,19,0,125,106,19,26,0,14168.150440305373,1000,1535812,1535812,200000,200000,0,1534816,8.36026588356495,4.15336110818386,4.2069047939777375,-114.15829222869873,0.0039556436748243865,0.2074028104543686,0.5329466028809547,0.5354273671507835,114.48231977081299,114.48059523010254,114.4834230041504,16.68624849995831,"{""DC-1"": 320.7889946637839, ""DC-2"": 295.8161225865333, ""DC-3"": 318.2695781023653, ""DC-4"": 239.8013768151837, ""DC-5"": 366.5208333106283}"
1525,1566,1574.8888521050621,1000,1000,0,0,1000,236,0,764,0,1000,984,16,0,129,113,16,18,0,17591.9302291215,1000,1536812,1536812,200000,200000,0,1535816,8.023512420892715,4.07596198117733,3.947550427913666,-114.03067344665527,0.004011886144289747,0.20857827365398407,0.5326653870046139,0.535201207280159,114.34369356536865,114.35145854949951,114.34801216888428,16.474230199994054,"{""DC-1"": 368.20484395800946, ""DC-2"": 287.9756660371081, ""DC-3"": 303.6716619806622, ""DC-4"": 300.3809746869923, ""DC-5"": 314.65570544228945}"
1526,1567,1470.4554535095667,1000,1000,0,0,1000,271,0,729,0,1000,957,43,0,162,119,43,28,0,18877.719005069728,1000,1537812,1537812,200000,200000,0,1536816,7.657058866977692,3.8218909957408904,3.8351678755283354,-114.04972242736817,-0.0059773428970947865,0.20704461634159088,0.5391483929157257,0.5353053007721901,114.37362516784668,114.37205622100831,114.37868320465088,17.19293060002383,"{""DC-1"": 333.29597719946423, ""DC-2"": 290.7811996031425, ""DC-3"": 315.6053063061352, ""DC-4"": 177.48065884147942, ""DC-5"": 353.29231155934605}"
1527,1568,1541.7464595718134,1000,1000,0,0,1000,249,0,751,0,1000,975,25,0,129,104,25,17,0,16259.585097121555,1000,1538812,1538812,200000,200000,0,1537816,8.292700902223586,4.154775063991547,4.137925850272179,-113.80636082458496,-0.0008866550847887993,0.20672446489334106,0.5360490623414517,0.5355090067386628,114.13353096008301,114.12965198516845,114.13037525939941,17.344596099981572,"{""DC-1"": 356.6754693792416, ""DC-2"": 303.05869882446245, ""DC-3"": 321.69486290703577, ""DC-4"": 265.9612801715971, ""DC-5"": 294.3561482894762}"
1528,1569,1543.1089508046193,1000,1000,0,0,1000,245,0,755,0,1000,975,25,0,140,115,25,26,0,13577.720011132064,1000,1539812,1539812,200000,200000,0,1538816,7.927220661878586,3.959314444124699,3.9679062179923057,-113.98775381469727,-0.0038484320156276226,0.20583443343639374,0.5377835446000099,0.5352861433625221,114.30534047698974,114.30656705474854,114.30375777435303,17.114842700015288,"{""DC-1"": 377.748534105472, ""DC-2"": 307.8607155835749, ""DC-3"": 317.0590594198891, ""DC-4"": 227.6520457047827, ""DC-5"": 312.78859599090094}"
1529,1570,1587.6783758755957,1000,1000,0,0,1000,263,0,737,0,1000,981,19,0,131,112,19,11,0,14728.585097121555,1000,1540812,1540812,200000,200000,0,1539816,8.468757269382477,4.226358846664429,4.242398425459862,-114.06497276306152,0.0051356341298669575,0.20709677040576935,0.5321965064108372,0.535427986562252,114.38494613647461,114.37672576141357,114.37853100585937,16.9679195000208,"{""DC-1"": 361.82544538024484, ""DC-2"": 293.50587882737, ""DC-3"": 335.2832225626959, ""DC-4"": 270.848444272572, ""DC-5"": 326.2153848327153}"
1530,1571,1604.4565853301078,1000,1000,0,0,1000,248,0,752,0,1000,988,12,0,137,125,12,24,0,14267.401029268513,1000,1541812,1541812,200000,200000,0,1540816,8.229960864782333,4.193827208399773,4.036133671164513,-114.00330424499512,0.004987757531460375,0.20845156908035278,0.5321923454105854,0.535339682161808,114.31670740509033,114.31713736724853,114.31215937805176,17.060226100031286,"{""DC-1"": 368.25046523294446, ""DC-2"": 342.4012981649328, ""DC-3"": 307.5982474044665, ""DC-4"": 291.7470274172664, ""DC-5"": 294.4595471104981}"
1531,1572,1527.7774766462041,1000,1000,0,0,1000,250,0,750,0,1000,971,29,0,136,107,29,10,0,17057.946239131634,1000,1542812,1542812,200000,200000,0,1541816,8.130425908088684,4.166021844685078,3.9644040669798852,-114.10162953948975,-0.011437844692496583,0.20567291975021362,0.5426134728491306,0.5353566644787788,114.43512355041504,114.43058507537842,114.43469191741943,16.35723759996472,"{""DC-1"": 332.0039295644056, ""DC-2"": 347.0851089480908, ""DC-3"": 282.83382065088256, ""DC-4"": 257.7361733041644, ""DC-5"": 308.11844417866234}"
1532,1573,1622.6229185721559,1000,1000,0,0,1000,241,0,759,0,1000,991,9,0,128,119,9,12,0,14318.571065696888,1000,1543812,1543812,200000,200000,0,1542816,8.35168118929863,4.160807765722275,4.1908734085559844,-113.8690348968506,-0.001014107766095549,0.205218106508255,0.5359798971712589,0.535252826988697,114.20469415283203,114.20833125305175,114.21310964965821,16.13276299997233,"{""DC-1"": 356.03176560832844, ""DC-2"": 329.4434833261009, ""DC-3"": 339.3371226389508, ""DC-4"": 259.8485492465159, ""DC-5"": 337.9619977522586}"
1533,1574,1601.1330455305294,1000,1000,0,0,1000,260,0,740,0,1000,983,17,0,133,116,17,17,0,15688.304251132433,1000,1544812,1544812,200000,200000,0,1543816,7.835831661701202,3.8439642366170883,3.9918673991560936,-113.70741200256347,0.001956011587753892,0.20576432347297668,0.5340931864976883,0.5353459113240242,114.04022428894044,114.03830565643311,114.0363172607422,16.587077600008342,"{""DC-1"": 412.2951239117716, ""DC-2"": 292.9653583804337, ""DC-3"": 313.95244834305873, ""DC-4"": 263.8521263970827, ""DC-5"": 318.06798849818455}"
1534,1575,1613.5925876524195,1000,1000,0,0,1000,261,0,739,0,1000,988,12,0,135,123,12,13,0,15225.27726365679,1000,1545812,1545812,200000,200000,0,1544816,8.268728283405304,4.157547559082508,4.111180719971657,-113.80897566986084,0.0043675064039416615,0.20707470178604126,0.5325103262662888,0.5353250322341919,114.13352694702148,114.12567041015625,114.12636645507813,16.465431399992667,"{""DC-1"": 325.3415443236263, ""DC-2"": 363.2683829600377, ""DC-3"": 323.01944325058685, ""DC-4"": 293.8362292526221, ""DC-5"": 308.12698786554637}"
1535,1576,1590.6350425718736,1000,1000,0,0,1000,250,0,750,0,1000,985,15,0,131,116,15,13,0,13735.369817868243,1000,1546812,1546812,200000,200000,0,1545816,8.277131383180619,4.165498624682426,4.11163272190094,-113.77331295013428,0.0032385858674533665,0.20761501789093018,0.5335611087679863,0.5355228447318077,114.08681352233887,114.09306790161133,114.0938809967041,16.396394999988843,"{""DC-1"": 376.75161108527396, ""DC-2"": 333.0955519704012, ""DC-3"": 312.1089478098681, ""DC-4"": 296.53635904005466, ""DC-5"": 272.1425726662763}"
1536,1577,1525.3598870739945,1000,1000,0,0,1000,237,0,763,0,1000,975,25,0,132,107,25,19,0,17670.032584019293,1000,1547812,1547812,200000,200000,0,1546816,8.615799596548081,4.248492125868797,4.367307484030723,-113.8951541519165,-0.0014495248002931475,0.20735186338424683,0.536278440952301,0.5353220573067665,114.22080538177491,114.22398561859131,114.2122341003418,16.664264899969567,"{""DC-1"": 303.6283504608587, ""DC-2"": 350.38416871079215, ""DC-3"": 288.78472196368074, ""DC-4"": 289.0969716457333, ""DC-5"": 293.4656742929305}"
1537,1578,1538.8191447050117,1000,1000,0,0,1000,272,0,728,0,1000,972,28,0,166,138,28,20,0,14578.946239131636,1000,1548812,1548812,200000,200000,0,1547816,8.328746909379959,4.192640675961972,4.136106232523918,-113.85650579071044,-0.00201959741441533,0.20708271861076355,0.536724516659975,0.53544246840477,114.18433972167969,114.18291092681885,114.17551663208008,16.235970299982,"{""DC-1"": 314.0168146938351, ""DC-2"": 350.96829522787954, ""DC-3"": 310.2034416211579, ""DC-4"": 254.26190187665352, ""DC-5"": 309.3686912854856}"
1538,1579,1596.183066035329,1000,1000,0,0,1000,238,0,762,0,1000,986,14,0,118,104,14,19,0,15076.56530962861,1000,1549812,1549812,200000,200000,0,1548816,8.681039878368377,4.506790062069893,4.1742498254776,-113.75262636566163,-0.004684006245341152,0.20571506023406982,0.5382631630897522,0.5352845715880394,114.10186422729493,114.100101852417,114.09779467010497,16.432006200018805,"{""DC-1"": 372.16011547461096, ""DC-2"": 323.6964839255161, ""DC-3"": 335.70973811332476, ""DC-4"": 256.68198125401165, ""DC-5"": 307.9347472678657}"
1539,1580,1512.9365228693298,1000,1000,0,0,1000,271,0,729,0,1000,966,34,0,149,115,34,25,0,16865.861452062145,1000,1550812,1550812,200000,200000,0,1549816,8.493359841108322,4.270494853019715,4.222864998459816,-113.7420248260498,-0.0019174416013993322,0.20532169938087463,0.5366373867690564,0.5353730991482735,114.07775482177735,114.07783904266357,114.07708670043945,16.51322570000775,"{""DC-1"": 295.9781741009992, ""DC-2"": 236.51519187637916, ""DC-3"": 342.62747649541785, ""DC-4"": 280.8917227538381, ""DC-5"": 356.9239576426962}"
1540,1581,1582.4192972274343,1000,1000,0,0,1000,261,0,739,0,1000,981,19,0,141,122,19,29,0,16430.611497566817,1000,1551812,1551812,200000,200000,0,1550816,8.241131148815155,4.145027457594871,4.096103694319725,-113.78250769042968,0.007514406309928745,0.20715497434139252,0.5305860470235347,0.5353583660721779,114.10934416198731,114.1101913986206,114.10295436096192,16.23780619999161,"{""DC-1"": 372.94415051262433, ""DC-2"": 318.08555800172905, ""DC-3"": 306.24191794877987, ""DC-4"": 276.85062577709755, ""DC-5"": 308.29704498720326}"
1541,1582,1519.5583036596802,1000,1000,0,0,1000,241,0,759,0,1000,973,27,0,138,111,27,13,0,15576.825137710013,1000,1552812,1552812,200000,200000,0,1551816,8.351903741598129,4.158918227910996,4.192985524892807,-113.90372325134277,0.0020592754948884247,0.2075311243534088,0.5340395945906639,0.5353084433674812,114.2241460647583,114.2226842956543,114.21675940704345,18.84543639997719,"{""DC-1"": 287.85905000996144, ""DC-2"": 306.6466553231499, ""DC-3"": 318.4956468422231, ""DC-4"": 305.55485902242975, ""DC-5"": 301.00209246191645}"
1542,1583,1575.2108433344902,1000,1000,0,0,1000,248,0,752,0,1000,981,19,0,132,113,19,18,0,14929.065845472149,1000,1553812,1553812,200000,200000,0,1552816,7.94929130578041,4.049361244916916,3.8999300493001936,-113.80270570373536,0.0003173757833428681,0.20776642858982086,0.5352677221298218,0.535480906009674,114.12734005737305,114.12487504577636,114.12508557128906,20.031024700030684,"{""DC-1"": 358.87493453589036, ""DC-2"": 309.73249848430834, ""DC-3"": 317.14616236270706, ""DC-4"": 260.55102782909506, ""DC-5"": 328.9062201224901}"
1543,1584,1567.755039034634,1000,1000,0,0,1000,238,0,762,0,1000,980,20,0,124,104,20,10,0,15544.592185835698,1000,1554812,1554812,200000,200000,0,1553816,8.515497612714768,4.406062612295151,4.109434998393059,-113.71970944213867,-0.0014084527785889805,0.2073824256658554,0.5362063034176826,0.5352854987382889,114.04337060546875,114.04997831726074,114.04866716003419,18.156713699980173,"{""DC-1"": 399.6048459827465, ""DC-2"": 277.8788375561638, ""DC-3"": 290.99031065957274, ""DC-4"": 283.88378242889667, ""DC-5"": 315.39726240725423}"
1544,1585,1547.7030282734283,1000,1000,0,0,1000,260,0,740,0,1000,976,24,0,141,117,24,15,0,18809.655048066626,1000,1555812,1555812,200000,200000,0,1554816,8.549130494594573,4.326705646753311,4.222424847841263,-113.64018733978271,0.016857720522675663,0.2119235247373581,0.5245527310371398,0.5353264071345329,113.96697155761719,113.97023986816406,113.9693914642334,18.08464010001626,"{""DC-1"": 327.2063682630916, ""DC-2"": 294.9402814457738, ""DC-3"": 270.86514979902313, ""DC-4"": 302.30855109253235, ""DC-5"": 352.38267767300823}"
1545,1586,1523.3180180040376,1000,1000,0,0,1000,242,0,758,0,1000,971,29,0,150,121,29,24,0,17787.56530962861,1000,1556812,1556812,200000,200000,0,1555816,8.465003556013107,4.29488089454174,4.170122653663158,-113.73461614990234,-0.0026147074522450565,0.21091806888580322,0.5372262763082981,0.5354350761771202,114.04646362304688,114.0444065322876,114.04294953918458,17.24484520003898,"{""DC-1"": 343.7944794287322, ""DC-2"": 302.39448743535655, ""DC-3"": 341.27935358797566, ""DC-4"": 212.09903294109085, ""DC-5"": 323.75066461088096}"
1546,1587,1576.9759383214066,1000,1000,0,0,1000,232,0,768,0,1000,983,17,0,114,97,17,11,0,14476.561303224484,1000,1557812,1557812,200000,200000,0,1556816,7.739411310911178,3.948990317583084,3.7904209766983987,-113.81998348999024,-0.0018599281702190637,0.2105761468410492,0.536396555274725,0.5352287430167199,114.13212229919434,114.12982704162597,114.12811701965332,19.12863669998478,"{""DC-1"": 338.1057041570091, ""DC-2"": 263.61401341838405, ""DC-3"": 326.89098026407646, ""DC-4"": 274.92826739274244, ""DC-5"": 373.43697308919275}"
1547,1588,1624.9867329600263,1000,1000,0,0,1000,249,0,751,0,1000,991,9,0,123,114,9,15,0,12541.930229121499,1000,1558812,1558812,200000,200000,0,1557816,8.58747619843483,4.349846426725388,4.237629762887955,-113.75300294494629,-0.005470723023172468,0.20930273830890656,0.5388383187651634,0.5353405259251595,114.06704936981201,114.06982608032227,114.07238359069824,17.49354219995439,"{""DC-1"": 350.24467776788674, ""DC-2"": 328.78880423074895, ""DC-3"": 341.8556033817631, ""DC-4"": 296.76286081776254, ""DC-5"": 307.33478676186655}"
1548,1589,1525.9377560360822,1000,1000,0,0,1000,272,0,728,0,1000,969,31,0,174,143,31,25,0,15868.771422593845,1000,1559812,1559812,200000,200000,0,1558816,8.541360890865326,4.304270950317383,4.237089948654175,-113.98371689605713,-0.00040711160842329264,0.20888996124267578,0.535703114926815,0.5353163161277771,114.30218986511231,114.29857529449463,114.29246217346191,16.22732399997767,"{""DC-1"": 357.05150041363834, ""DC-2"": 310.5354777076946, ""DC-3"": 301.8859475445073, ""DC-4"": 252.77441439664673, ""DC-5"": 303.69041597359404}"
1549,1590,1548.7556604697234,1000,1000,0,0,1000,260,0,740,0,1000,975,25,0,136,111,25,16,0,17607.479129232237,1000,1560812,1560812,200000,200000,0,1559816,8.851264226436616,4.41695302850008,4.434311192154884,-113.97503300476075,0.003778918060939759,0.2098243534564972,0.5329943292140961,0.5353748690485954,114.28322593688965,114.28783560180663,114.28456282806397,15.623664000013378,"{""DC-1"": 321.94502799713825, ""DC-2"": 319.1462095746813, ""DC-3"": 342.25153374473103, ""DC-4"": 271.05589079095284, ""DC-5"": 294.35699836222057}"
1550,1591,1581.3843674397904,1000,1000,0,0,1000,247,0,753,0,1000,982,18,0,126,108,18,21,0,17885.592185835696,1000,1561812,1561812,200000,200000,0,1560816,8.484973006486893,4.183348391652107,4.3016246289014815,-114.00845269012451,-0.004759053373709321,0.208746075630188,0.5383283673524857,0.5353168620467186,114.31840181732177,114.31893377685547,114.31859603881836,14.992568199988455,"{""DC-1"": 360.50022166932905, ""DC-2"": 309.8183607264977, ""DC-3"": 306.2644777553607, ""DC-4"": 266.0953596191741, ""DC-5"": 338.70594766943}"
1551,1592,1537.9752660479621,1000,1000,0,0,1000,260,0,740,0,1000,974,26,0,142,116,26,14,0,15710.077263983416,1000,1562812,1562812,200000,200000,0,1561816,8.540632981061936,4.215775146365166,4.324857850313187,-113.98648496246338,-0.001732009797822684,0.2081999033689499,0.5364250175058841,0.5352803453803062,114.30503880310059,114.30793842315674,114.30278495788575,14.981447300000582,"{""DC-1"": 320.68538005559424, ""DC-2"": 302.13863688175894, ""DC-3"": 301.3729455852571, ""DC-4"": 301.1694343265618, ""DC-5"": 312.60886919879033}"
1552,1593,1550.6148618345312,1000,1000,0,0,1000,242,0,758,0,1000,978,22,0,128,106,22,17,0,15135.96777986179,1000,1563812,1563812,200000,200000,0,1562816,8.39545920753479,4.124341508984566,4.271117708921432,-114.01154759979248,0.008491546771489084,0.2107609212398529,0.5297801277041435,0.5352706612944603,114.33368589019776,114.33285871887207,114.3241302871704,14.89388530002907,"{""DC-1"": 362.10318950976955, ""DC-2"": 295.26113063114116, ""DC-3"": 323.7453651812326, ""DC-4"": 272.0389892052053, ""DC-5"": 297.4661873071832}"
1553,1594,1563.0645553540392,1000,1000,0,0,1000,277,0,723,0,1000,975,25,0,145,120,25,20,0,15101.209670583205,1000,1564812,1564812,200000,200000,0,1563816,8.421706650733947,4.333060702443123,4.088645934343338,-114.00433574676514,0.006627786676166579,0.212196946144104,0.5310344183146953,0.5352100572586059,114.33361826324463,114.33595247650146,114.33622763824462,15.038229900004808,"{""DC-1"": 357.81304467338117, ""DC-2"": 320.15583410674583, ""DC-3"": 322.68605727890997, ""DC-4"": 263.9349790940501, ""DC-5"": 298.47464020095396}"
1554,1595,1564.3892698222949,1000,1000,0,0,1000,266,0,734,0,1000,976,24,0,152,128,24,22,0,13876.65940642817,1000,1565812,1565812,200000,200000,0,1564816,8.39834393787384,4.220170509934426,4.178173426866532,-113.76937081909179,0.003427181032951921,0.2130834013223648,0.5331382758319377,0.5352870736718178,114.09409526824952,114.09981986236572,114.09835736846924,15.045840500039048,"{""DC-1"": 387.1695969782465, ""DC-2"": 290.1707052469815, ""DC-3"": 294.2983980465635, ""DC-4"": 260.92520719808755, ""DC-5"": 331.825362352419}"
1555,1596,1570.9941719597855,1000,1000,0,0,1000,257,0,743,0,1000,980,20,0,139,119,20,16,0,18658.628686176977,1000,1566812,1566812,200000,200000,0,1565816,8.429120577096938,4.280950217604637,4.148170354127884,-113.8450798110962,0.0025031793769448997,0.2139504998922348,0.5335822037160397,0.535269761800766,114.16741590881348,114.16667498779297,114.16473164367676,15.093359699996654,"{""DC-1"": 365.1854277197869, ""DC-2"": 321.4251881865751, ""DC-3"": 296.1618570263902, ""DC-4"": 287.6766730065898, ""DC-5"": 300.54502602044363}"
1556,1597,1557.698181650858,1000,1000,0,0,1000,234,0,766,0,1000,982,18,0,125,107,18,14,0,15509.063138366728,1000,1567812,1567812,200000,200000,0,1566816,8.719836897134781,4.324478548407555,4.395358345389366,-113.78173889923096,0.01081997746694833,0.21657820045948029,0.5283450475335121,0.5353722084164619,114.1070271911621,114.10268490600586,114.10133864593506,15.052349500008859,"{""DC-1"": 292.0724925041614, ""DC-2"": 298.1847670721012, ""DC-3"": 368.2640601991635, ""DC-4"": 288.60596728329875, ""DC-5"": 310.5708945921328}"
1557,1598,1570.8630914946737,1000,1000,0,0,1000,252,0,748,0,1000,980,20,0,138,118,20,18,0,13524.777738285662,1000,1568812,1568812,200000,200000,0,1567816,8.349711321115494,4.275748537898064,4.073962786316872,-113.7639623413086,0.00760624926444143,0.21852654218673706,0.5304142180383206,0.5353455197811127,114.09328874969482,114.08845156097412,114.08779248046875,15.0383254000335,"{""DC-1"": 303.1416343444931, ""DC-2"": 337.9072495285585, ""DC-3"": 333.1465538182158, ""DC-4"": 268.99553899716716, ""DC-5"": 327.6721148062411}"
1558,1599,1608.3560409647243,1000,1000,0,0,1000,257,0,743,0,1000,987,13,0,127,114,13,15,0,14399.585097121555,1000,1569812,1569812,200000,200000,0,1568816,8.563745973348617,4.333147881507873,4.230598078131676,-113.80413488006592,0.0031708756301086394,0.21942460536956787,0.533348594635725,0.5354301887154579,114.13057135009765,114.13309984588624,114.13247409057617,15.00923069997225,"{""DC-1"": 392.33223145143216, ""DC-2"": 315.47649173588115, ""DC-3"": 350.848331119984, ""DC-4"": 281.252365514182, ""DC-5"": 268.4466211432455}"
1559,1600,1553.5313530862645,1000,1000,0,0,1000,260,0,740,0,1000,976,24,0,160,136,24,22,0,15320.56364661451,1000,1570812,1570812,200000,200000,0,1569816,8.896899162530898,4.603574305295944,4.293324857831001,-113.77272525787353,-0.02381981342891231,0.21328210830688477,0.5509878614544869,0.5354068160653115,114.11449555206299,114.11154653167725,114.11266143035888,15.116730300011113,"{""DC-1"": 319.2037868616711, ""DC-2"": 291.0693694121654, ""DC-3"": 342.4146365308298, ""DC-4"": 261.8876759736574, ""DC-5"": 338.9558843079422}"
1560,1601,1603.6519995130748,1000,1000,0,0,1000,236,0,764,0,1000,988,12,0,129,117,12,20,0,15054.070140117308,1000,1571812,1571812,200000,200000,0,1570816,7.92825980591774,3.9639847325086595,3.9642750713825228,-113.6968094406128,0.013975501554086804,0.21695999801158905,0.526281392544508,0.5353042007088661,114.03997821044922,114.03703839111328,114.04081006622314,15.483517899992876,"{""DC-1"": 383.5928332146029, ""DC-2"": 335.7161117106449, ""DC-3"": 342.9858167343511, ""DC-4"": 266.0725369117263, ""DC-5"": 275.28470094174946}"
1561,1602,1572.5840928708365,1000,1000,0,0,1000,257,0,743,0,1000,980,20,0,148,128,20,14,0,16114.307241864135,1000,1572812,1572812,200000,200000,0,1571816,8.947320836782456,4.3397477060556415,4.607573147177696,-113.49096448516846,0.004818449989426881,0.21860717236995697,0.5321972506344318,0.5354113708138466,113.82872695159912,113.8279896774292,113.82985332489014,15.778561699960846,"{""DC-1"": 374.4413668647021, ""DC-2"": 298.43104043659986, ""DC-3"": 330.64699810732105, ""DC-4"": 264.9796092274618, ""DC-5"": 304.085078234751}"
1562,1603,1541.658593257087,1000,1000,0,0,1000,259,0,741,0,1000,976,24,0,146,122,24,16,0,14842.655590798095,1000,1573812,1573812,200000,200000,0,1572816,8.445659878492355,4.201996258378029,4.243663610458374,-113.51919485473633,-0.00654018485173583,0.21643196046352386,0.5397263284921646,0.5353622833490371,113.84928182983398,113.84952268981934,113.84551660919189,14.97727470000973,"{""DC-1"": 323.20259068656736, ""DC-2"": 344.27143352062774, ""DC-3"": 254.86809669423403, ""DC-4"": 311.09772716611525, ""DC-5"": 308.21874518954377}"
1563,1604,1537.0197675024888,1000,1000,0,0,1000,230,0,770,0,1000,977,23,0,136,113,23,22,0,16404.321881769458,1000,1574812,1574812,200000,200000,0,1573816,8.234019565820693,4.01767202937603,4.2163475323915485,-113.31016176605225,0.0002900419575162232,0.21671316027641296,0.535094972640276,0.535298143029213,113.63435467529297,113.6298705444336,113.63692833709717,15.386750900011975,"{""DC-1"": 340.9558404380532, ""DC-2"": 302.5144309172728, ""DC-3"": 283.52118235827425, ""DC-4"": 285.05119427976507, ""DC-5"": 324.97711950912316}"
1564,1605,1592.4665091663956,1000,1000,0,0,1000,241,0,759,0,1000,986,14,0,129,115,14,18,0,12647.905851802296,1000,1575812,1575812,200000,200000,0,1574816,8.195489910840989,4.078182860672474,4.117307054519653,-113.263513381958,-0.0031946565052494405,0.21590270102024078,0.537428992062807,0.5353069748282433,113.58909790039063,113.58876040649415,113.58705097198487,19.0223004000145,"{""DC-1"": 359.9253488369168, ""DC-2"": 331.41576405128194, ""DC-3"": 292.45848248906896, ""DC-4"": 277.0417853694133, ""DC-5"": 331.6251284197142}"
1565,1606,1607.4942473189797,1000,1000,0,0,1000,228,0,772,0,1000,991,9,0,142,133,9,15,0,12590.941053420522,1000,1576812,1576812,200000,200000,0,1575816,7.71289390039444,3.821402580797672,3.891491324543953,-113.33932596588134,0.009676954170688987,0.21826767921447754,0.5291718313097954,0.5354330143332482,113.65983978271484,113.65367135620117,113.65502576446534,15.25883760000579,"{""DC-1"": 369.53555095182776, ""DC-2"": 344.4551345679878, ""DC-3"": 282.0704564654585, ""DC-4"": 270.5641148533977, ""DC-5"": 340.8689904803054}"
1566,1607,1567.4791118243202,1000,1000,0,0,1000,228,0,772,0,1000,983,17,0,130,113,17,19,0,14965.592185835698,1000,1577812,1577812,200000,200000,0,1576816,7.645961356639862,3.8268204387426374,3.819140921056271,-113.37771685028076,0.011968712909147144,0.22189342975616455,0.5274116140007973,0.5353886570334434,113.68063023376465,113.68217935943603,113.67669448852538,15.11149589996785,"{""DC-1"": 357.63773781898004, ""DC-2"": 308.21934693952926, ""DC-3"": 349.06316348116934, ""DC-4"": 251.48598793164038, ""DC-5"": 301.0728756530017}"
1567,1608,1568.7083545478092,1000,1000,0,0,1000,249,0,751,0,1000,981,19,0,155,136,19,21,0,15264.78462803654,1000,1578812,1578812,200000,200000,0,1577816,7.570021641969681,3.722788520216942,3.847233124613762,-113.40288673400879,0.010928359824232757,0.22487713396549225,0.5279752981066704,0.5351994948983192,113.6984881362915,113.70210265350342,113.7012583618164,14.949266600015108,"{""DC-1"": 379.974308727503, ""DC-2"": 302.54064708000476, ""DC-3"": 298.90357863009643, ""DC-4"": 285.6559230494232, ""DC-5"": 301.63389706078186}"
1568,1609,1552.125462198932,1000,1000,0,0,1000,255,0,745,0,1000,976,24,0,134,110,24,19,0,15044.21324759689,1000,1579812,1579812,200000,200000,0,1578816,8.080439724445343,4.035460081279278,4.0449796487092975,-113.45000130462647,-0.012115104800090194,0.22167061269283295,0.543457860827446,0.5354436712265015,113.75296520996093,113.75076940917968,113.74843280029297,15.06349119998049,"{""DC-1"": 324.20574696916213, ""DC-2"": 334.20099431856204, ""DC-3"": 323.1908139347683, ""DC-4"": 254.47529363876438, ""DC-5"": 316.0526133376741}"
1569,1610,1564.0427098605485,1000,1000,0,0,1000,238,0,762,0,1000,981,19,0,116,97,19,12,0,16065.594616528413,1000,1580812,1580812,200000,200000,0,1579816,7.5632998628616335,3.7994141859412194,3.7638856723308565,-113.53965905761719,0.00019004143681377174,0.22152011096477509,0.5352450360357761,0.5352925768494606,113.8423293914795,113.84064988708496,113.83992244720459,14.949426100007258,"{""DC-1"": 322.035805509184, ""DC-2"": 335.0977990882816, ""DC-3"": 334.17847497613786, ""DC-4"": 268.63459032003766, ""DC-5"": 304.09603996690646}"
1570,1611,1643.6932237642625,1000,1000,0,0,1000,253,0,747,0,1000,994,6,0,135,129,6,18,0,14846.438066466966,1000,1581812,1581812,200000,200000,0,1580816,8.944749780416489,4.546811146616935,4.397938640713692,-113.71568087005615,-0.008390661427751184,0.21926665306091309,0.5409609309732913,0.5354101542234421,114.03160885620117,114.03135623931885,114.02949573516845,15.589843900001142,"{""DC-1"": 351.87893308512304, ""DC-2"": 335.9150765973215, ""DC-3"": 337.10835628257985, ""DC-4"": 297.049810286076, ""DC-5"": 321.7410475131616}"
1571,1612,1602.851730307278,1000,1000,0,0,1000,249,0,751,0,1000,986,14,0,130,116,14,16,0,14187.645889031926,1000,1582812,1582812,200000,200000,0,1581816,7.8229124081134795,3.934160481214523,3.8887519140839575,-113.82359944915771,-0.004883450313471258,0.21789760887622833,0.5384988468587398,0.5352641299366951,114.13480156707763,114.1336958847046,114.13145551300049,15.59711559995776,"{""DC-1"": 369.77929669810976, ""DC-2"": 293.73503295766574, ""DC-3"": 346.2557947981677, ""DC-4"": 271.07852522099137, ""DC-5"": 322.0030806323448}"
1572,1613,1543.6363467012654,1000,1000,0,0,1000,236,0,764,0,1000,975,25,0,121,96,25,16,0,16599.9356760103,1000,1583812,1583812,200000,200000,0,1582816,7.556031732082367,3.807698723554611,3.748333023905754,-113.86811668395995,-0.001125596797093749,0.21756888926029205,0.5360725491046906,0.5353114400506019,114.17601776123047,114.17764655303955,114.17600147247315,15.048013399995398,"{""DC-1"": 390.7494809833724, ""DC-2"": 320.1552533156088, ""DC-3"": 296.24122288131474, ""DC-4"": 246.34178359855824, ""DC-5"": 290.14860592241104}"
1573,1614,1543.6217548362347,1000,1000,0,0,1000,264,0,736,0,1000,974,26,0,121,95,26,18,0,16376.522640378935,1000,1584812,1584812,200000,200000,0,1583816,7.733694550991058,3.881813179373741,3.851881364583969,-113.70485458374023,-0.006011386250611395,0.2157735526561737,0.5392342363893986,0.5352758296728134,114.01762418365479,114.01761830139161,114.02058880615235,15.37942860001931,"{""DC-1"": 292.6106417543829, ""DC-2"": 302.90542954212276, ""DC-3"": 347.74057608826564, ""DC-4"": 298.2749937759248, ""DC-5"": 302.090113675539}"
1574,1615,1582.5119422239488,1000,1000,0,0,1000,254,0,746,0,1000,981,19,0,147,128,19,16,0,15287.894298142763,1000,1585812,1585812,200000,200000,0,1584816,8.008828637838363,4.014937405228615,3.9938912127017976,-113.29304443359375,-0.018134325355757028,0.21102704107761383,0.5470840028226376,0.5353547257184982,113.59893689727784,113.60012508392334,113.6005965499878,15.008188700012397,"{""DC-1"": 387.67049298274395, ""DC-2"": 286.8977550675059, ""DC-3"": 340.7255209234006, ""DC-4"": 264.45590254296945, ""DC-5"": 302.76227070732944}"
1575,1616,1606.452232127226,1000,1000,0,0,1000,243,0,757,0,1000,989,11,0,137,126,11,15,0,16114.039218902042,1000,1586812,1586812,200000,200000,0,1585816,7.9099102237224574,3.943296442747116,3.9666137717962267,-113.2941222076416,0.003975980123504997,0.21195098757743835,0.532795977205038,0.5353073353767395,113.60348935699463,113.60060166168213,113.60010673522949,14.893319500028156,"{""DC-1"": 340.78885277615694, ""DC-2"": 357.4313812410964, ""DC-3"": 363.7633375758383, ""DC-4"": 255.09343924216992, ""DC-5"": 289.37522129196543}"
1576,1617,1579.9521844188048,1000,1000,0,0,1000,231,0,769,0,1000,985,15,0,118,103,15,13,0,14643.063138366728,1000,1587812,1587812,200000,200000,0,1586816,8.198096891641617,4.197935161948204,4.00016173350811,-113.4448405532837,0.003180688398424536,0.21285223960876465,0.5334517706930637,0.5354695870280266,113.76209904479981,113.76122660827637,113.763188621521,16.403205499984324,"{""DC-1"": 324.4035013525273, ""DC-2"": 356.2633480381802, ""DC-3"": 318.1190598419652, ""DC-4"": 283.4393376313658, ""DC-5"": 297.7269375547684}"
1577,1618,1557.3889738069765,1000,1000,0,0,1000,248,0,752,0,1000,978,22,0,132,110,22,21,0,15429.594838563784,1000,1588812,1588812,200000,200000,0,1587816,7.9522982702255245,3.8711608579158785,4.081137425661087,-113.46237550354004,0.00017888667108491063,0.21279187500476837,0.5351458686888217,0.5352221567034722,113.80868092346192,113.80363757324218,113.8056469116211,17.298272599990014,"{""DC-1"": 330.8001976906582, ""DC-2"": 384.8928593186155, ""DC-3"": 278.4513376453343, ""DC-4"": 236.66138553244292, ""DC-5"": 326.5831936199268}"
1578,1619,1503.6256980311464,1000,1000,0,0,1000,246,0,754,0,1000,967,33,0,152,119,33,18,0,15757.065845472149,1000,1589812,1589812,200000,200000,0,1588816,7.885564646482468,3.927278517186642,3.958286135315895,-113.28132246398926,-0.00080839803814888,0.21253524720668793,0.5358971835374832,0.5353589071035385,113.61454615783691,113.60925337219238,113.60662603759765,16.5298534000176,"{""DC-1"": 375.521300140351, ""DC-2"": 291.40760234128453, ""DC-3"": 275.78526464746795, ""DC-4"": 256.08687894843234, ""DC-5"": 304.82465195361095}"
1579,1620,1544.973418667473,1000,1000,0,0,1000,255,0,745,0,1000,976,24,0,142,118,24,23,0,16987.87341007393,1000,1590812,1590812,200000,200000,0,1589816,7.970800055742264,3.9790979878902437,3.9917020835876467,-113.20575521850586,0.006680341648403555,0.21433506906032562,0.5310871188938617,0.5353765694499015,113.52392953491211,113.52556097412109,113.52916976165771,16.39609900000505,"{""DC-1"": 335.6362970973154, ""DC-2"": 325.9690614166538, ""DC-3"": 307.5891103667982, ""DC-4"": 257.70138797375165, ""DC-5"": 318.0775618129555}"
1580,1621,1635.0903996535085,1000,1000,0,0,1000,241,0,759,0,1000,994,6,0,132,126,6,15,0,17993.803238363176,1000,1591812,1591812,200000,200000,0,1590816,7.778362429857254,3.8747489537000654,3.903613484978676,-113.1890812072754,0.003594726076349616,0.2155507355928421,0.5329711275994777,0.5353440023064613,113.49780307769775,113.4984987487793,113.48709580993652,16.976953799952753,"{""DC-1"": 369.63298290606696, ""DC-2"": 346.69302810350547, ""DC-3"": 331.90268316741657, ""DC-4"": 268.9961646775329, ""DC-5"": 317.86554079898656}"
1581,1622,1631.5406056977636,1000,1000,0,0,1000,264,0,736,0,1000,991,9,0,151,142,9,20,0,14962.501013053581,1000,1592812,1592812,200000,200000,0,1591816,7.344989918470382,3.6805580845475196,3.664431830763817,-113.27544174957275,-0.003646727757062763,0.21449831128120422,0.5378043374419212,0.5353538751602173,113.57131635284424,113.5738247833252,113.56971491241455,16.339385900006164,"{""DC-1"": 377.72011558236795, ""DC-2"": 339.9668070916121, ""DC-3"": 354.0609689842657, ""DC-4"": 253.34470393828383, ""DC-5"": 306.4480101012321}"
1582,1623,1556.461948251263,1000,1000,0,0,1000,248,0,752,0,1000,979,21,0,142,121,21,29,0,13938.888489774858,1000,1593812,1593812,200000,200000,0,1592816,8.203385224580765,4.149993245482444,4.05339198154211,-113.50227851867676,0.006344250217080116,0.21631912887096405,0.5310472992360592,0.535217843234539,113.81327631378174,113.811073387146,113.80640970611572,16.778983099968173,"{""DC-1"": 371.8730613975473, ""DC-2"": 288.68876088225323, ""DC-3"": 289.82228346783353, ""DC-4"": 298.697210871249, ""DC-5"": 307.3806316323813}"
1583,1624,1542.3607526575752,1000,1000,0,0,1000,250,0,750,0,1000,975,25,0,140,115,25,14,0,16657.077263983418,1000,1594812,1594812,200000,200000,0,1593816,7.834339222192765,3.8355511660575865,3.998788049697876,-113.62975143432617,-0.014987370362505317,0.21211880445480347,0.5450958087742329,0.5353084769845009,113.95209635925293,113.94968821716309,113.94143587493896,17.297312299953774,"{""DC-1"": 372.5576974931399, ""DC-2"": 296.18818462270434, ""DC-3"": 311.6700630772115, ""DC-4"": 289.8483884981775, ""DC-5"": 272.0964189663402}"
1584,1625,1588.731345893231,1000,1000,0,0,1000,242,0,758,0,1000,987,13,0,143,130,13,23,0,15108.701603158235,1000,1595812,1595812,200000,200000,0,1594816,8.412286872625351,4.196783229112625,4.215503647685051,-113.43512999725341,0.0030845033735968173,0.2129596769809723,0.5335339452922344,0.5355097358822822,113.75904579162598,113.75941893005371,113.75941255187988,16.89640440000221,"{""DC-1"": 322.75676774116795, ""DC-2"": 286.9062773286599, ""DC-3"": 330.98932161984175, ""DC-4"": 294.6692019852533, ""DC-5"": 353.4097772183092}"
1585,1626,1528.7497302893796,1000,1000,0,0,1000,252,0,748,0,1000,972,28,0,158,130,28,11,0,13701.566058435528,1000,1596812,1596812,200000,200000,0,1595816,8.260110813379288,4.14248128914833,4.117629524111748,-113.58345804595947,-0.01161897615948692,0.21009697020053864,0.5426657117009163,0.5352453684806824,113.90173894500732,113.90228107452393,113.89854359436035,16.793874000024516,"{""DC-1"": 370.86134940449926, ""DC-2"": 305.7299149066571, ""DC-3"": 265.79142520835427, ""DC-4"": 276.8304499282596, ""DC-5"": 309.5365908416115}"
1586,1627,1581.8174379687362,1000,1000,0,0,1000,286,0,714,0,1000,979,21,0,159,138,21,14,0,16844.150440305373,1000,1597812,1597812,200000,200000,0,1596816,7.793690806865692,3.8787679457068442,3.9149228538274765,-113.59100339508056,-0.010047389308921992,0.2073359340429306,0.5418687289953232,0.5353654440045357,113.90677429962159,113.901469581604,113.900004737854,16.779260899988003,"{""DC-1"": 357.5848235655189, ""DC-2"": 330.86066484516584, ""DC-3"": 348.16378877233166, ""DC-4"": 242.52315620982515, ""DC-5"": 302.68500457589545}"
1587,1628,1580.4066238007322,1000,1000,0,0,1000,228,0,772,0,1000,983,17,0,119,102,17,14,0,17437.039218902042,1000,1598812,1598812,200000,200000,0,1597816,8.014231950521468,3.9349790897965433,4.079252880334854,-113.70129063415527,-0.0032141426210291683,0.20642141997814178,0.5374069592058659,0.5353567723035813,114.01814610290528,114.02190943908691,114.01449034881591,16.91299570002593,"{""DC-1"": 414.0791729178834, ""DC-2"": 320.0691246304382, ""DC-3"": 316.1709111439535, ""DC-4"": 267.34631385940065, ""DC-5"": 262.741101249057}"
1588,1629,1477.8364536958884,1000,1000,0,0,1000,240,0,760,0,1000,964,36,0,136,100,36,21,0,16229.937995193108,1000,1599812,1599812,200000,200000,0,1598816,7.698165377140045,3.8419624421596525,3.8562029333114625,-113.62907636260987,0.0033466768567450345,0.20760007202625275,0.5331686663925648,0.5353036195039749,113.95975160980224,113.95702439880371,113.96323163604737,16.84177440003259,"{""DC-1"": 313.87372182501025, ""DC-2"": 270.75148003237337, ""DC-3"": 366.53856118610764, ""DC-4"": 220.9246565916235, ""DC-5"": 305.7480340607746}"
1589,1630,1581.201705836467,1000,1000,0,0,1000,244,0,756,0,1000,982,18,0,117,99,18,23,0,16901.26161135231,1000,1600812,1600812,200000,200000,0,1599816,8.073990321159362,3.9895062729120254,4.084484035015106,-113.6525947265625,-0.005515620936639607,0.2061060220003128,0.5388261624574662,0.5353272803425789,113.9715382385254,113.969175491333,113.96303660583496,17.433932200015988,"{""DC-1"": 405.80819570806875, ""DC-2"": 353.4687683184606, ""DC-3"": 281.74249338491205, ""DC-4"": 248.39928624868952, ""DC-5"": 291.7829621763361}"
1590,1631,1585.05498935573,1000,1000,0,0,1000,249,0,751,0,1000,984,16,0,129,113,16,17,0,16266.597916709667,1000,1601812,1601812,200000,200000,0,1600816,8.051223590373993,4.007837882637977,4.043385713100434,-113.63685821533203,0.0007750911531038583,0.20642568171024323,0.5349486268758774,0.5354375088810921,113.95171707916259,113.9522357788086,113.95611550140381,17.23085940000601,"{""DC-1"": 310.70650311632954, ""DC-2"": 312.5906603894106, ""DC-3"": 333.7365683791533, ""DC-4"": 294.6054595961894, ""DC-5"": 333.41579787464804}"
1591,1632,1608.4568962393164,1000,1000,0,0,1000,239,0,761,0,1000,989,11,0,131,120,11,18,0,14190.045114051349,1000,1602812,1602812,200000,200000,0,1601816,8.138632202625274,4.070096094548703,4.0685361249446865,-113.76879146575928,0.004049470511265099,0.2071971744298935,0.5328311059176922,0.5353461388349533,114.08045744323731,114.07962621307374,114.07618022155762,17.216126399987843,"{""DC-1"": 405.5719421005629, ""DC-2"": 344.6901883169802, ""DC-3"": 300.84112225409365, ""DC-4"": 282.2494724366926, ""DC-5"": 275.10417113098555}"
1592,1633,1587.320224345499,1000,1000,0,0,1000,264,0,736,0,1000,981,19,0,141,122,19,18,0,16705.472771431134,1000,1603812,1603812,200000,200000,0,1602816,7.970471284389496,4.009900795400143,3.960570481181145,-113.7833645324707,0.00015352133614942432,0.20718640089035034,0.5352625592052936,0.535329263150692,114.09557980346679,114.09296239471436,114.09655757904052,17.179435600002762,"{""DC-1"": 356.16610330795874, ""DC-2"": 311.07789006520153, ""DC-3"": 381.3543591913259, ""DC-4"": 209.4021839175674, ""DC-5"": 329.3196878634448}"
1593,1634,1535.0301642826582,1000,1000,0,0,1000,239,0,761,0,1000,976,24,0,120,96,24,21,0,15419.66422412658,1000,1604812,1604812,200000,200000,0,1603816,7.904664663553238,4.005557147502899,3.8991075159311293,-113.84830294799805,0.0060486099431291225,0.2087009996175766,0.5314893113672733,0.535324063539505,114.16023236846924,114.16584844970703,114.17187966156006,17.335028500005137,"{""DC-1"": 339.17257259015696, ""DC-2"": 282.74502309136017, ""DC-3"": 309.4597733881663, ""DC-4"": 303.93939869646573, ""DC-5"": 299.7133965165078}"
1594,1635,1535.6113981393326,1000,1000,0,0,1000,249,0,751,0,1000,975,25,0,140,115,25,19,0,18416.66422412658,1000,1605812,1605812,200000,200000,0,1604816,8.035797464847565,3.9887717589735985,4.047025719225407,-113.82169583129883,-0.009032870173454284,0.20665410161018372,0.5410359447002411,0.5353084174394608,114.14388390350342,114.13575313568116,114.13447149658204,17.285349000012502,"{""DC-1"": 357.1138246813715, ""DC-2"": 271.5325515270768, ""DC-3"": 334.362252053311, ""DC-4"": 284.0087020892455, ""DC-5"": 288.5940677883297}"
1595,1636,1574.8852082045844,1000,1000,0,0,1000,236,0,764,0,1000,982,18,0,131,113,18,14,0,13576.894113301132,1000,1606812,1606812,200000,200000,0,1605816,7.972332238435746,3.9979755936861037,3.974356652259827,-113.88938489532471,-0.004701688120607287,0.20545798540115356,0.5384388884305954,0.5354154232740402,114.2018450088501,114.19837966918945,114.19878966522217,17.16203000000678,"{""DC-1"": 370.7957142374625, ""DC-2"": 283.1097621779254, ""DC-3"": 342.36121409532683, ""DC-4"": 257.1503406624014, ""DC-5"": 321.468177031468}"
1596,1637,1589.0088663910499,1000,1000,0,0,1000,262,0,738,0,1000,984,16,0,149,133,16,17,0,16386.37721762465,1000,1607812,1607812,200000,200000,0,1606816,8.211234869003295,3.993733362674713,4.217501507639885,-113.67301393890381,0.010123856825754047,0.2079375684261322,0.5288840376734734,0.5352706347703934,113.9956137008667,113.99613945770264,113.99670177459717,17.28294529998675,"{""DC-1"": 317.7885713453351, ""DC-2"": 335.21009640330345, ""DC-3"": 313.03917574989924, ""DC-4"": 304.42795958213077, ""DC-5"": 318.54306331038083}"
1597,1638,1525.9710634796181,1000,1000,0,0,1000,249,0,751,0,1000,973,27,0,136,109,27,19,0,15474.585097121555,1000,1608812,1608812,200000,200000,0,1607816,8.43794772219658,4.198587757825852,4.239359964966774,-113.70277349853515,0.00327070917095989,0.20897817611694336,0.5332396038472652,0.53535080575943,114.02189832305908,114.02607654571533,114.02446496582031,18.7201360000181,"{""DC-1"": 323.40461049264024, ""DC-2"": 292.85410009023315, ""DC-3"": 308.2891382415392, ""DC-4"": 271.33980912915916, ""DC-5"": 330.08340552604875}"
1598,1639,1600.7011198543235,1000,1000,0,0,1000,266,0,734,0,1000,984,16,0,146,130,16,16,0,12978.261611352313,1000,1609812,1609812,200000,200000,0,1608816,7.977299757957459,3.9955007244348524,3.9817990292310714,-113.84451515197753,-0.00825020939297974,0.20696501433849335,0.5406746655106545,0.5353521402478219,114.15474905395507,114.15818329620362,114.1558279876709,17.790322099986952,"{""DC-1"": 331.2702743865064, ""DC-2"": 367.6636301778189, ""DC-3"": 315.61302191092074, ""DC-4"": 271.2428810606152, ""DC-5"": 314.911312318462}"
1599,1640,1574.1518247519434,1000,1000,0,0,1000,239,0,761,0,1000,981,19,0,140,121,19,16,0,15311.754597501687,1000,1610812,1610812,200000,200000,0,1609816,7.845242617130279,3.905014070034027,3.9402285444140435,-113.80694136810303,-0.013137811806518584,0.20379087328910828,0.5438850043416024,0.5355546939969063,114.11518097686768,114.11939960479737,114.1223757019043,15.909572899981868,"{""DC-1"": 365.25345326144884, ""DC-2"": 333.50559795939944, ""DC-3"": 352.5151847422242, ""DC-4"": 229.42427847852807, ""DC-5"": 293.4533103103436}"
1600,1641,1549.1117333354837,1000,1000,0,0,1000,263,0,737,0,1000,975,25,0,143,118,25,20,0,13551.412259097022,1000,1611812,1611812,200000,200000,0,1610816,8.084573956251145,4.082871491670608,4.001702457785607,-113.78620266723632,-0.0033932588738389315,0.20288169384002686,0.5374288674890995,0.5353066278100014,114.09632996368408,114.0971815032959,114.09464820098877,15.053944799990859,"{""DC-1"": 363.54424696733327, ""DC-2"": 291.41547281051203, ""DC-3"": 350.72591000394743, ""DC-4"": 251.67629119500722, ""DC-5"": 291.74981235868415}"
1601,1642,1576.044754920776,1000,1000,0,0,1000,265,0,735,0,1000,979,21,0,143,122,21,19,0,14835.476421465482,1000,1612812,1612812,200000,200000,0,1611816,7.9523447370529174,4.0571868262290955,3.8951579166054726,-113.76418055725098,0.0010739316251128911,0.2031286060810089,0.5347937097549439,0.535451577603817,114.08241744232178,114.08512069702148,114.0841382446289,14.980982400011271,"{""DC-1"": 370.1824491008301, ""DC-2"": 304.6661256556699, ""DC-3"": 317.7659981739415, ""DC-4"": 261.72437615247185, ""DC-5"": 321.7058058378635}"
1602,1643,1635.607908101027,1000,1000,0,0,1000,247,0,753,0,1000,993,7,0,139,132,7,14,0,16983.45799628715,1000,1613812,1613812,200000,200000,0,1612816,8.059114557981491,4.037292708158493,4.021821842670441,-113.89808889007568,-0.003822603464126587,0.20221233367919922,0.5378020964860916,0.5353526331186295,114.20986057281495,114.21103073883057,114.21330490112305,15.08298999996623,"{""DC-1"": 338.8197275233155, ""DC-2"": 343.98726982069576, ""DC-3"": 362.2075680062671, ""DC-4"": 270.9757935346418, ""DC-5"": 319.61754921611015}"
1603,1644,1575.9994031285632,1000,1000,0,0,1000,243,0,757,0,1000,983,17,0,122,105,17,17,0,14533.032584019293,1000,1614812,1614812,200000,200000,0,1613816,8.080892879009246,4.0874001222848895,3.9934927624464036,-113.88563098144532,0.006798346053343266,0.20381228625774384,0.53115123000741,0.5353870104551315,114.19251424407959,114.1939220046997,114.18430416870117,14.946235200040974,"{""DC-1"": 347.7621136753059, ""DC-2"": 330.0025583475558, ""DC-3"": 303.26008510422423, ""DC-4"": 254.55721572589707, ""DC-5"": 340.41743027558095}"
1604,1645,1551.6096045488976,1000,1000,0,0,1000,250,0,750,0,1000,978,22,0,131,109,22,15,0,15293.28838783866,1000,1615812,1615812,200000,200000,0,1614816,8.765657085180283,4.4446130036711695,4.321044093251229,-114.12588329315186,-0.0018031791229732334,0.20328876376152039,0.5364148059487343,0.5352907423377037,114.43383650970459,114.44100952911377,114.43212869262695,15.09478779998608,"{""DC-1"": 325.7450659987042, ""DC-2"": 301.41602849034973, ""DC-3"": 316.5502530937094, ""DC-4"": 279.31085621454537, ""DC-5"": 328.58740075158755}"
1605,1646,1581.4560905664814,1000,1000,0,0,1000,253,0,747,0,1000,984,16,0,138,122,16,19,0,14661.997599147233,1000,1616812,1616812,200000,200000,0,1615816,8.173766152858734,4.108734456658364,4.065031689882279,-114.10202397155761,0.0009234462678432465,0.20352792739868164,0.5348968815505505,0.5354441973567009,114.41684363555908,114.42115841674804,114.41522377777099,15.049811500008218,"{""DC-1"": 337.82987390920096, ""DC-2"": 298.8826861307897, ""DC-3"": 360.5987848733537, ""DC-4"": 265.98986396933253, ""DC-5"": 318.15488168380597}"
1606,1647,1524.0349760016918,1000,1000,0,0,1000,264,0,736,0,1000,971,29,0,152,123,29,18,0,14053.946239131636,1000,1617812,1617812,200000,200000,0,1616816,8.167673955798149,4.09556277179718,4.072111179471016,-114.13196087646485,0.0021485303705558183,0.2040594518184662,0.5339857110977173,0.5353468786478043,114.43928466033935,114.44024071502686,114.44228620147705,15.059885499998927,"{""DC-1"": 299.3835935828137, ""DC-2"": 342.6059080771761, ""DC-3"": 306.3535292859177, ""DC-4"": 278.8027783440233, ""DC-5"": 296.88916671176054}"
1607,1648,1635.6228050957077,1000,1000,0,0,1000,257,0,743,0,1000,992,8,0,131,123,8,18,0,12469.001274871798,1000,1618812,1618812,200000,200000,0,1617816,8.014135699510573,4.006529621124267,4.007606086909771,-114.20185849761963,-0.0031947129918262363,0.20318065583705902,0.5373673895597458,0.5352815562486648,114.5120514755249,114.51595247650147,114.51351057434081,14.971193599980325,"{""DC-1"": 346.25920965326094, ""DC-2"": 295.86841418012483, ""DC-3"": 354.70602912848625, ""DC-4"": 274.9206819934015, ""DC-5"": 363.86847014043735}"
1608,1649,1605.3927376301615,1000,1000,0,0,1000,243,0,757,0,1000,989,11,0,106,95,11,24,0,17324.220278160254,1000,1619812,1619812,200000,200000,0,1618816,8.007273169279099,4.013312854528428,3.9939603151679037,-114.2940569152832,-0.01398491097195074,0.19994190335273743,0.5441172990500927,0.5354146566390992,114.60718559265136,114.61210643005371,114.61702245330811,15.470260000030976,"{""DC-1"": 309.41238474486335, ""DC-2"": 338.044243554089, ""DC-3"": 343.4661858199179, ""DC-4"": 302.33927710915697, ""DC-5"": 312.13064640213304}"
1609,1650,1568.7335397285842,1000,1000,0,0,1000,227,0,773,0,1000,984,16,0,127,111,16,13,0,14873.150440305373,1000,1620812,1620812,200000,200000,0,1619816,7.807875411510468,3.92555077624321,3.882324631690979,-114.30544788360595,0.013963319555856288,0.20323164761066437,0.5265245680809021,0.5351810551285744,114.61543402099609,114.61286291503906,114.61540600585937,15.899634899978992,"{""DC-1"": 380.18654228307594, ""DC-2"": 315.806576239681, ""DC-3"": 316.23842174049315, ""DC-4"": 275.35360622246554, ""DC-5"": 281.1483932428712}"
1610,1651,1610.8913291882304,1000,1000,0,0,1000,260,0,740,0,1000,988,12,0,136,124,12,14,0,12212.701603158235,1000,1621812,1621812,200000,200000,0,1620816,7.7896553119421,3.9142998284101487,3.875355497300625,-114.45107223510742,0.015654115380719303,0.2069731503725052,0.5254232639670372,0.5353115726709365,114.75449036407471,114.75353672027587,114.74898608398438,17.571569800027646,"{""DC-1"": 281.39803632113035, ""DC-2"": 352.6449366934791, ""DC-3"": 369.7059725107192, ""DC-4"": 286.2469238804207, ""DC-5"": 320.89545978247946}"
1611,1652,1603.4264679892212,1000,1000,0,0,1000,237,0,763,0,1000,989,11,0,128,117,11,15,0,13625.476421465482,1000,1622812,1622812,200000,200000,0,1621816,8.547711719989776,4.282965987443924,4.264745754361153,-114.42634792327881,-0.012469032903201878,0.2040501981973648,0.5432339277267456,0.5353537283539772,114.73870469665528,114.73785621643066,114.74415839385986,18.290285900002345,"{""DC-1"": 344.76987482917195, ""DC-2"": 322.0969723239703, ""DC-3"": 337.57634120361587, ""DC-4"": 285.78164345402257, ""DC-5"": 313.20163617844145}"
1612,1653,1600.6498302752946,1000,1000,0,0,1000,243,0,757,0,1000,988,12,0,127,115,12,13,0,13849.905851802296,1000,1623812,1623812,200000,200000,0,1622816,7.929913405895233,3.937079505980015,3.992833905160427,-114.46667277526855,0.01607160191703588,0.20795884728431702,0.525299278497696,0.5354522841572762,114.77215196228028,114.77359294891357,114.77080757141113,17.659864100045525,"{""DC-1"": 321.3150233602676, ""DC-2"": 341.52933531329245, ""DC-3"": 363.49022454353764, ""DC-4"": 243.68740921930686, ""DC-5"": 330.6278378388924}"
1613,1654,1601.3241877322903,1000,1000,0,0,1000,247,0,753,0,1000,988,12,0,124,112,12,15,0,14228.655590798095,1000,1624812,1624812,200000,200000,0,1623816,8.113803780317307,4.115294504165649,3.9985092914104463,-114.39865466308594,-0.011300636831670999,0.20510171353816986,0.5425085265338421,0.5353498191833496,114.69525793457031,114.7042540435791,114.69794897460937,16.79897920001531,"{""DC-1"": 359.0909007985483, ""DC-2"": 321.9143383877116, ""DC-3"": 308.1296699730569, ""DC-4"": 294.51319210882355, ""DC-5"": 317.6760864641496}"
1614,1655,1606.703722724071,1000,1000,0,0,1000,282,0,718,0,1000,983,17,0,143,126,17,19,0,14902.803238363176,1000,1625812,1625812,200000,200000,0,1624816,7.700577437400818,3.8714689784646032,3.829108444929123,-114.46324082946778,-0.01317454513721168,0.2019142359495163,0.5436644015610218,0.5353581956624984,114.76414133453369,114.76080089569092,114.7650810546875,16.34652699995786,"{""DC-1"": 358.78253179908063, ""DC-2"": 332.0396393424722, ""DC-3"": 287.2776059375158, ""DC-4"": 300.31715376052085, ""DC-5"": 328.2867918844826}"
1615,1656,1602.262406324744,1000,1000,0,0,1000,236,0,764,0,1000,990,10,0,133,123,10,19,0,12470.668777204155,1000,1626812,1626812,200000,200000,0,1625816,8.392152392625809,4.13651030421257,4.25564207971096,-114.60010350036622,-0.001886927413288504,0.20148254930973053,0.5364392230808734,0.535245934188366,114.90762339782715,114.90897103881836,114.90170766448975,16.214544099988416,"{""DC-1"": 347.5763293498114, ""DC-2"": 329.5560081836474, ""DC-3"": 301.9976374863393, ""DC-4"": 321.552263128214, ""DC-5"": 301.58016817673223}"
1616,1657,1586.0660877824002,1000,1000,0,0,1000,259,0,741,0,1000,980,20,0,118,98,20,21,0,17143.039218902042,1000,1627812,1627812,200000,200000,0,1626816,8.81974507379532,4.435355464518071,4.384389601349831,-114.46558921051026,-0.00036656069988384845,0.2014651894569397,0.535546352148056,0.5352849624752999,114.77873389434815,114.7783839111328,114.77478791809082,16.028303100029007,"{""DC-1"": 384.5790815120918, ""DC-2"": 302.0986298211055, ""DC-3"": 360.1981377500249, ""DC-4"": 198.60560811053347, ""DC-5"": 340.5846305886467}"
1617,1658,1588.054009847244,1000,1000,0,0,1000,227,0,773,0,1000,986,14,0,95,81,14,9,0,13112.320213425792,1000,1628812,1628812,200000,200000,0,1627816,8.19271635079384,4.086279875397683,4.106436495661735,-114.57967281341553,-0.002770684752613306,0.2007107138633728,0.5371373131275177,0.5353445436358452,114.8950601348877,114.89159368133545,114.89700331115722,16.04070039995713,"{""DC-1"": 362.44063703266784, ""DC-2"": 302.445445255501, ""DC-3"": 299.908483944762, ""DC-4"": 284.55617250189164, ""DC-5"": 338.703271112422}"
1618,1659,1617.0781863656575,1000,1000,0,0,1000,244,0,756,0,1000,989,11,0,117,106,11,16,0,13366.519757274138,1000,1629812,1629812,200000,200000,0,1628816,7.801321153402329,3.9505359218120577,3.8507852193117142,-114.56634540557862,-0.0029224248663522303,0.20008793473243713,0.5369915233254433,0.5351938436031342,114.87786799621583,114.88099346160888,114.8798591003418,16.2153330000001,"{""DC-1"": 341.835583390689, ""DC-2"": 355.89181012162476, ""DC-3"": 322.02653873891893, ""DC-4"": 266.75240962635337, ""DC-5"": 330.57184448807226}"
1619,1660,1577.843948094715,1000,1000,0,0,1000,257,0,743,0,1000,980,20,0,141,121,20,19,0,14139.74309304134,1000,1630812,1630812,200000,200000,0,1629816,8.363835430860519,4.204944892287254,4.158890533328056,-114.58302576446533,-0.015262867568992079,0.1964687705039978,0.5448490917682648,0.5353768787384033,114.90072672271728,114.90310389709472,114.90059777069092,15.77342330000829,"{""DC-1"": 394.3277948171155, ""DC-2"": 297.4282054252853, ""DC-3"": 297.59080915284176, ""DC-4"": 270.4087274668762, ""DC-5"": 318.0884112325967}"
1620,1661,1641.7853482127935,1000,1000,0,0,1000,240,0,760,0,1000,997,3,0,124,121,3,19,0,16262.679266953815,1000,1631812,1631812,200000,200000,0,1630816,8.139956243991852,4.077380144298076,4.06257608705759,-114.57479570007324,0.005145900800824165,0.19770458340644836,0.5321439788937569,0.5352951816916466,114.8818381576538,114.88295756530762,114.88489710235595,15.73178500001086,"{""DC-1"": 369.53167374362033, ""DC-2"": 344.7264324698088, ""DC-3"": 298.3636035650532, ""DC-4"": 313.0140615821866, ""DC-5"": 316.1495768521267}"
1621,1662,1606.267479065448,1000,1000,0,0,1000,241,0,759,0,1000,989,11,0,136,125,11,13,0,12100.05007181681,1000,1632812,1632812,200000,200000,0,1631816,8.226038724184036,4.144934164643288,4.08110456264019,-114.45231070709228,0.00807169686537236,0.1996912658214569,0.5304850439727307,0.5354393052458764,114.76138863372803,114.76193533325196,114.75198808288575,15.968539600027725,"{""DC-1"": 372.18694064032695, ""DC-2"": 321.753670084662, ""DC-3"": 288.8913178295478, ""DC-4"": 307.4721134529264, ""DC-5"": 315.9634370579843}"
1622,1663,1599.5360320775646,1000,1000,0,0,1000,247,0,753,0,1000,987,13,0,133,120,13,19,0,14392.56364661451,1000,1633812,1633812,200000,200000,0,1632816,7.896484137535095,3.9855569475889205,3.910927207827568,-114.57333393096924,0.0016160194328986108,0.20004461705684662,0.5342722041606903,0.5352983965873718,114.88316531372071,114.88969678497314,114.88473628234863,16.633315599989146,"{""DC-1"": 375.4679688784814, ""DC-2"": 281.30660791585876, ""DC-3"": 358.59384922361585, ""DC-4"": 263.8322925815524, ""DC-5"": 320.33531347805587}"
1623,1664,1614.761697517992,1000,1000,0,0,1000,231,0,769,0,1000,991,9,0,111,102,9,14,0,16181.537220416008,1000,1634812,1634812,200000,200000,0,1633816,8.314247448921204,4.174425410985947,4.139822034239769,-114.50613424682618,0.0014788647997193039,0.20014293491840363,0.5345293024182319,0.5353515629172325,114.81298782348632,114.8120062713623,114.80492622375488,16.19834899995476,"{""DC-1"": 396.9162452720259, ""DC-2"": 310.1948154293687, ""DC-3"": 314.0450240845043, ""DC-4"": 275.26220716242574, ""DC-5"": 318.34340556966634}"
1624,1665,1566.5310052299722,1000,1000,0,0,1000,267,0,733,0,1000,978,22,0,164,142,22,14,0,16756.36016402668,1000,1635812,1635812,200000,200000,0,1634816,8.013008749246596,3.9944553301930426,4.01855340051651,-114.52163407897949,-0.006689584301784635,0.19862695038318634,0.539529506534338,0.5353797681927681,114.83047146606445,114.83522006225586,114.82749760437012,16.99569030001294,"{""DC-1"": 338.7859123720299, ""DC-2"": 319.86622017658016, ""DC-3"": 312.2143837583802, ""DC-4"": 286.9046752233774, ""DC-5"": 308.75981369960266}"
1625,1666,1553.3709748321091,1000,1000,0,0,1000,255,0,745,0,1000,975,25,0,137,112,25,13,0,17850.401029268513,1000,1636812,1636812,200000,200000,0,1635816,8.905239885807037,4.341760128259659,4.563479753255844,-114.59163200378418,-0.006156259887851775,0.19713696837425232,0.5392014131247997,0.5353772385716439,114.91083238983154,114.91474905395508,114.91120706176758,17.99434619996464,"{""DC-1"": 353.1701596013271, ""DC-2"": 351.2825977470273, ""DC-3"": 299.3692493598895, ""DC-4"": 257.4503217727856, ""DC-5"": 292.0986463510818}"
1626,1667,1525.9390705403896,1000,1000,0,0,1000,273,0,727,0,1000,970,30,0,161,131,30,25,0,17046.115554648248,1000,1637812,1637812,200000,200000,0,1636816,7.713191697239876,3.856134565293789,3.857057128071785,-114.56383197021485,0.00019094672193750739,0.1971568912267685,0.5352141334712506,0.5353167545795441,114.87497829437255,114.88020081329346,114.86900333404542,17.594143999973312,"{""DC-1"": 360.37374252819257, ""DC-2"": 323.80738265467653, ""DC-3"": 280.7545456838224, ""DC-4"": 253.10988574812495, ""DC-5"": 307.8935139255735}"
1627,1668,1535.4621260099761,1000,1000,0,0,1000,258,0,742,0,1000,974,26,0,126,100,26,14,0,14759.946239131636,1000,1638812,1638812,200000,200000,0,1637816,8.836597013473511,4.527108249545098,4.309488760948181,-114.54686207580566,0.01941355026792735,0.20179715752601624,0.5233655302524567,0.5353926756978035,114.8584026260376,114.86613234710693,114.8646812210083,16.186746099963784,"{""DC-1"": 331.6018397363574, ""DC-2"": 298.61576607040064, ""DC-3"": 281.2920768651754, ""DC-4"": 296.5844032047616, ""DC-5"": 327.368040133284}"
1628,1669,1530.919969447713,1000,1000,0,0,1000,265,0,735,0,1000,971,29,0,160,131,29,20,0,15134.858178078946,1000,1639812,1639812,200000,200000,0,1638816,8.460968935489655,4.28254304009676,4.178425885796547,-114.50780194091797,-0.01080078928405419,0.19943328201770782,0.541970280200243,0.5352990244626998,114.82678926849366,114.82339490509034,114.81514573669433,15.81562990002567,"{""DC-1"": 331.3329433076398, ""DC-2"": 350.7993175328522, ""DC-3"": 314.1211866965402, ""DC-4"": 273.20836907745814, ""DC-5"": 261.45815283322344}"
1629,1670,1581.5441602754875,1000,1000,0,0,1000,267,0,733,0,1000,979,21,0,117,96,21,22,0,13867.569460598383,1000,1640812,1640812,200000,200000,0,1639816,8.307154330730437,4.264047725915908,4.043106607079506,-114.44850199890136,-0.0012982834121212363,0.19903427362442017,0.5362697258591652,0.5353981672525406,114.76594422912598,114.76473262786865,114.76756609344483,16.46219370001927,"{""DC-1"": 359.8967698084315, ""DC-2"": 311.13891429293824, ""DC-3"": 326.6595568664949, ""DC-4"": 283.5384252173679, ""DC-5"": 300.31049409025485}"
1630,1671,1592.1666959756622,1000,1000,0,0,1000,245,0,755,0,1000,985,15,0,128,113,15,20,0,15033.66422412658,1000,1641812,1641812,200000,200000,0,1640816,8.5101253824234,4.367937793493271,4.1421875842809674,-114.51700680541992,-0.005614617072511464,0.19755540788173676,0.5388911262154579,0.5353967071771621,114.84592974853516,114.84808627319336,114.84417426300048,16.204470800003037,"{""DC-1"": 343.8348543728572, ""DC-2"": 345.3747507410714, ""DC-3"": 327.34997210020055, ""DC-4"": 255.67903679571867, ""DC-5"": 319.9280819658133}"
1631,1672,1547.3463090811956,1000,1000,0,0,1000,256,0,744,0,1000,976,24,0,117,93,24,23,0,16445.077263983418,1000,1642812,1642812,200000,200000,0,1641816,8.169785029411315,4.130320377230644,4.039464637994766,-114.53942502593995,0.0009217761214822531,0.1978949010372162,0.5346461869180202,0.5352135073542595,114.85671477508545,114.8571456375122,114.85874043273925,16.147656499990262,"{""DC-1"": 360.09104563027506, ""DC-2"": 318.53495113787767, ""DC-3"": 288.15707848869664, ""DC-4"": 285.2968112396677, ""DC-5"": 295.2664225846803}"
1632,1673,1601.9949914219785,1000,1000,0,0,1000,251,0,749,0,1000,986,14,0,134,120,14,23,0,16414.017508980898,1000,1643812,1643812,200000,200000,0,1642816,8.774240282773972,4.441974518656731,4.3322657425403595,-114.51203628540038,0.004556593893561512,0.19896268844604492,0.5326395781636238,0.5354525454640389,114.83289362335205,114.83138516235351,114.8362201538086,16.11811919999309,"{""DC-1"": 389.3551460248872, ""DC-2"": 307.1694169668067, ""DC-3"": 326.10236717829576, ""DC-4"": 277.0680293947615, ""DC-5"": 302.30003185722666}"
1633,1674,1589.3726942621313,1000,1000,0,0,1000,253,0,747,0,1000,983,17,0,147,130,17,12,0,14429.472771431134,1000,1644812,1644812,200000,200000,0,1643816,8.398825156688691,4.220311084747315,4.178514084100724,-114.47798168182374,0.00030629934230819346,0.19896380603313446,0.5353211095929146,0.535489287018776,114.78058180236816,114.7921321029663,114.78803429412842,16.20423309999751,"{""DC-1"": 373.7981800686289, ""DC-2"": 323.8586956998187, ""DC-3"": 369.59970542239284, ""DC-4"": 253.96891026391566, ""DC-5"": 268.1472028073745}"
1634,1675,1543.5710978752104,1000,1000,0,0,1000,256,0,744,0,1000,973,27,0,143,116,27,23,0,15755.537220416008,1000,1645812,1645812,200000,200000,0,1644816,8.21955173754692,4.082501810431481,4.137049919962883,-114.34495387268066,-0.0013699630470946432,0.19876937568187714,0.5362812201976777,0.5354369058609009,114.65314891052246,114.65802955627441,114.6568338394165,16.20505140000023,"{""DC-1"": 375.5690891115907, ""DC-2"": 263.697362355615, ""DC-3"": 336.21991870129585, ""DC-4"": 254.77773436705877, ""DC-5"": 313.3069933396539}"
1635,1676,1604.0340936747277,1000,1000,0,0,1000,247,0,753,0,1000,987,13,0,136,123,13,14,0,15059.668293578743,1000,1646812,1646812,200000,200000,0,1645816,7.4633062572479245,3.7389511632919312,3.724355097532272,-114.43062535095216,-0.008346718705259264,0.19663140177726746,0.5407509919703006,0.535541154384613,114.7421381149292,114.74238878631591,114.73840354919433,16.120055400009733,"{""DC-1"": 408.3550344099542, ""DC-2"": 317.2562227031139, ""DC-3"": 351.097181309053, ""DC-4"": 232.09957818578332, ""DC-5"": 295.2260770668231}"
1636,1677,1588.4427585987978,1000,1000,0,0,1000,265,0,735,0,1000,982,18,0,130,112,18,14,0,15470.668293578743,1000,1647812,1647812,200000,200000,0,1646816,7.53776906490326,3.815787821292877,3.721981237232685,-114.55790505218506,0.01930788249289617,0.2013617306947708,0.5233618835806847,0.5352851803898812,114.86352508544923,114.86086627197265,114.85926498413086,15.845116000040434,"{""DC-1"": 338.23020156794956, ""DC-2"": 345.1664737642052, ""DC-3"": 347.6739648160822, ""DC-4"": 242.72353178100815, ""DC-5"": 314.6485866695531}"
1637,1678,1569.695507683836,1000,1000,0,0,1000,257,0,743,0,1000,979,21,0,138,117,21,16,0,16820.150440305373,1000,1648812,1648812,200000,200000,0,1647816,7.536335148096085,3.8103356494903564,3.725999513864517,-114.5514231338501,0.007912139356136322,0.20315158367156982,0.5303784982562065,0.5353097051978112,114.84577091217041,114.8494704284668,114.84241031646728,16.209910100034904,"{""DC-1"": 364.03622008152865, ""DC-2"": 314.6846400932983, ""DC-3"": 345.17605005296195, ""DC-4"": 264.9823534597986, ""DC-5"": 280.81624399624826}"
1638,1679,1593.502880563788,1000,1000,0,0,1000,269,0,731,0,1000,984,16,0,149,133,16,18,0,12900.946239131636,1000,1649812,1649812,200000,200000,0,1648816,7.191684552431107,3.6374182134866713,3.5542663283348084,-114.72411521911621,-0.003422444370109588,0.20243312418460846,0.5375081884562969,0.5353869074583053,115.02339805603027,115.01940030670166,115.0139873046875,16.186853700026404,"{""DC-1"": 339.0007495438051, ""DC-2"": 335.3438185379192, ""DC-3"": 323.6059902512166, ""DC-4"": 288.01168305467735, ""DC-5"": 307.54063917616975}"
1639,1680,1592.557888525643,1000,1000,0,0,1000,260,0,740,0,1000,984,16,0,167,151,16,20,0,14700.66422412658,1000,1650812,1650812,200000,200000,0,1649816,8.010332658052445,3.9981873289346694,4.012145313739777,-114.86170976257324,0.00489477514103055,0.20359979569911957,0.5323811969459057,0.5354129719734192,115.15437895965576,115.1581502456665,115.14860501861573,16.30561179999495,"{""DC-1"": 348.9181713918159, ""DC-2"": 315.585131050919, ""DC-3"": 328.95201673269696, ""DC-4"": 251.15738294472303, ""DC-5"": 347.94518640548756}"
1640,1681,1574.374675825225,1000,1000,0,0,1000,254,0,746,0,1000,980,20,0,135,115,20,15,0,16743.297626136926,1000,1651812,1651812,200000,200000,0,1650816,8.313421247005463,4.17672141957283,4.136699824690819,-114.80841221618653,-0.002671528578735888,0.20296278595924377,0.5370756289362908,0.5353860548734665,115.10458506011963,115.10918801879883,115.10929700469971,16.02108659996884,"{""DC-1"": 361.9800582201601, ""DC-2"": 317.6554586623471, ""DC-3"": 307.62480861584487, ""DC-4"": 267.951553543328, ""DC-5"": 319.1627967835467}"
1641,1682,1545.7318076774843,1000,1000,0,0,1000,252,0,748,0,1000,977,23,0,156,133,23,12,0,15653.261611352313,1000,1652812,1652812,200000,200000,0,1651816,8.165279806852341,4.0782841810584065,4.086995620012283,-114.93999891662598,-0.0015486640431918203,0.2024938017129898,0.5363230375349521,0.5353056624531746,115.23761113739013,115.24228567504883,115.23781128692627,16.12855339999078,"{""DC-1"": 359.22616090394024, ""DC-2"": 306.92511256742733, ""DC-3"": 296.6129841716416, ""DC-4"": 287.2087778028819, ""DC-5"": 295.75877223159426}"
1642,1683,1627.876247390538,1000,1000,0,0,1000,275,0,725,0,1000,988,12,0,115,103,12,9,0,13105.522145741972,1000,1653812,1653812,200000,200000,0,1652816,8.06373268675804,4.081988075494766,3.981744606435299,-115.08813642120361,0.008873169995378703,0.20474275946617126,0.5297447122633457,0.5353028026223182,115.38145727539063,115.38314364624023,115.383784034729,16.226939900021534,"{""DC-1"": 360.32078780197764, ""DC-2"": 327.9770587037879, ""DC-3"": 332.4215473236779, ""DC-4"": 278.07623842919713, ""DC-5"": 329.08061513189983}"
1643,1684,1583.446216340939,1000,1000,0,0,1000,230,0,770,0,1000,987,13,0,126,113,13,15,0,18839.988625172224,1000,1654812,1654812,200000,200000,0,1653816,8.427102679252625,4.325547671079636,4.101554998159409,-115.00264374542236,-7.590823317877949e-05,0.2047196626663208,0.5354312107861042,0.5353654851317405,115.30229248046875,115.3043095626831,115.3087264251709,16.522368300007656,"{""DC-1"": 355.30154791247026, ""DC-2"": 311.4147518823749, ""DC-3"": 310.5138876597661, ""DC-4"": 292.8297181333984, ""DC-5"": 313.38631075293006}"
1644,1685,1464.3951731095467,1000,1000,0,0,1000,243,0,757,0,1000,958,42,0,154,112,42,28,0,15777.18561101524,1000,1655812,1655812,200000,200000,0,1654816,8.113492954850196,4.066330058217049,4.047162899672985,-115.11763993835449,0.006488476912491024,0.20624788105487823,0.5312603527009487,0.5353321803212165,115.41680014038086,115.41740029144287,115.41769487762451,16.868847400008235,"{""DC-1"": 383.28329545505886, ""DC-2"": 300.7134014150013, ""DC-3"": 175.0240673691243, ""DC-4"": 280.04276786438544, ""DC-5"": 325.3316410059769}"
1645,1686,1572.323933736446,1000,1000,0,0,1000,250,0,750,0,1000,981,19,0,147,128,19,14,0,15910.84584954554,1000,1656812,1656812,200000,200000,0,1655816,8.533073852300644,4.245175971865654,4.287897872984409,-115.03499896240234,0.017485539172776045,0.21081683039665222,0.5241882614791393,0.5353435918092727,115.33866607666016,115.33466621398925,115.33592230987549,16.70803129998967,"{""DC-1"": 350.19919813988025, ""DC-2"": 335.2769450901693, ""DC-3"": 293.5668577624684, ""DC-4"": 281.5838022234971, ""DC-5"": 311.69713052043056}"
