episode,episode_seed,episode_return,decision_count,normal_action_count,forced_action_count,random_action_count,policy_action_count,local_action_count,edge_action_count,cloud_action_count,drop_action_count,total_jobs,completed_jobs,dropped_jobs,unresolved_jobs,queued_jobs,started_from_waiting_jobs,waiting_timeout_drops,max_waiting_queue_length,remaining_waiting_jobs,simulation_end_time,episode_updates,global_decision_steps,global_normal_action_steps,replay_size,replay_trainable_size,replay_forced_size,masac_update_step,critic_loss,q1_loss,q2_loss,actor_loss,alpha_loss,alpha,policy_entropy,target_entropy,mean_q1,mean_q2,mean_target_q,wall_time_seconds,per_agent_returns
1,42,-952.3654165294502,1427,1427,0,1427,0,899,427,101,0,1000,472,528,0,741,213,528,26,0,15712.48642146548,428,1427,1427,1427,1427,0,428,1.2632129401247079,0.6286365971944042,0.6345763427214087,-0.9105073908500583,0.3956223524950236,0.10102341324090958,0.8967600263411475,1.0642699919571386,0.14686624096460624,0.14578328632042964,0.1473039914799471,8.513427199999569,"{""DC-1"": -152.8667713103498, ""DC-2"": -72.1987942848424, ""DC-3"": -228.5716109275881, ""DC-4"": -210.93400227980004, ""DC-5"": -287.79423772686914}"
2,43,-904.1948307044554,1385,1385,0,1385,0,891,385,109,0,1000,474,526,0,748,222,526,25,0,16297.459051503523,1388,2812,2812,2812,2812,0,1816,2.0805489718055177,1.046916669358094,1.033632307299963,-5.27282866938657,1.8587539828991684,0.1157723069190979,0.2297186761536241,1.064816720032211,3.464109021848234,3.4633843548265784,3.4654655347199794,16.63342709999415,"{""DC-1"": -96.0555883334022, ""DC-2"": -209.38932180099712, ""DC-3"": -151.0261718171854, ""DC-4"": -189.53797128831582, ""DC-5"": -258.1857774645552}"
3,44,-947.5086299746507,1385,1385,0,1385,0,901,385,99,0,1000,463,537,0,744,207,537,29,0,18634.23963281584,1384,4197,4197,4197,4197,0,3200,2.145161704262557,1.0682381544843575,1.0769235452992378,-12.36972638361716,1.7317023812174108,0.1323702484369278,0.23588500626794348,1.0646049130514177,10.304287683067983,10.303780502322093,10.30634271512831,17.882901100005256,"{""DC-1"": -89.13674060427394, ""DC-2"": -222.19100468035765, ""DC-3"": -133.48112504971186, ""DC-4"": -198.5764317929928, ""DC-5"": -304.12332784731404}"
4,45,3.202923227977996,1225,1225,0,803,422,688,225,312,0,1000,654,346,0,560,214,346,71,0,15695.916421270435,1224,5422,5422,5422,5422,0,4424,2.5493565223185843,1.2844551284036605,1.2649013944992833,-20.69656681546978,1.5956949071556914,0.14947815239429474,0.25183890119584557,1.0652542472664828,18.42337923579746,18.423217259201348,18.42487598945892,21.00588979999884,"{""DC-1"": 128.26508254906324, ""DC-2"": -141.47554309201905, ""DC-3"": 32.68307142473619, ""DC-4"": 17.63218630919199, ""DC-5"": -33.90187396299493}"
5,46,518.0560304242786,1000,1000,0,0,1000,507,0,493,0,1000,734,266,0,445,179,266,74,0,15971.188561251434,1000,6422,6422,6422,6422,0,5424,2.782981134057045,1.3902936720252037,1.3926874620318412,-29.511898277282715,1.4376376866102218,0.1645839959383011,0.29037630550563337,1.0662266021966935,27.37180807876587,27.372041864395143,27.372527767181396,15.100747100019362,"{""DC-1"": 112.8197840295714, ""DC-2"": 128.80522942896243, ""DC-3"": 64.03856773625873, ""DC-4"": 64.1848735645239, ""DC-5"": 148.20757566496314}"
6,47,1064.0419494698149,1000,1000,0,0,1000,294,0,706,0,1000,871,129,0,233,104,129,48,0,17059.472771431134,1000,7422,7422,7422,7422,0,6424,3.2733786916732788,1.6264358573555946,1.6469428334236145,-37.27465867233276,1.392094810962677,0.1819876879453659,0.27323416389524935,1.066817601442337,35.26208935928345,35.26282464599609,35.261483293533324,14.685599699994782,"{""DC-1"": 335.4808318399601, ""DC-2"": 183.54728548877603, ""DC-3"": 147.80275277296408, ""DC-4"": 120.85276352482798, ""DC-5"": 276.3583158432878}"
7,48,996.6473074088589,1000,1000,0,0,1000,370,0,630,0,1000,850,150,0,272,122,150,52,0,18102.063445227785,1000,8422,8422,8422,8422,0,7424,3.6369137417078017,1.808076556622982,1.828837187409401,-43.78926547622681,1.1799749861955642,0.19958779215812683,0.35587791313230993,1.067544285774231,41.97334148025513,41.97473686218262,41.97376490402222,15.80582880001748,"{""DC-1"": 211.28469377936236, ""DC-2"": 145.27322498732528, ""DC-3"": 145.00029609019506, ""DC-4"": 228.1087122760241, ""DC-5"": 266.98038027595237}"
8,49,925.8898335949372,1000,1000,0,0,1000,424,0,576,0,1000,827,173,0,303,130,173,75,0,18326.72893682696,1000,9422,9422,9422,9422,0,8424,4.139400648593902,2.0684803993701935,2.070920262694359,-49.70109637832642,1.0174286672472954,0.21871325373649597,0.418242217451334,1.0677889441251756,47.96998307800293,47.97180373382568,47.96918160247803,16.924116900016088,"{""DC-1"": 233.92660148628914, ""DC-2"": 231.85787577124265, ""DC-3"": 51.4104343965346, ""DC-4"": 142.75632678158047, ""DC-5"": 265.9385951592898}"
9,50,1382.1371681723965,1000,1000,0,0,1000,278,0,722,0,1000,940,60,0,179,119,60,32,0,16849.330502574827,1000,10422,10422,10422,10422,0,9424,4.753480460643768,2.373308432519436,2.3801720319986344,-55.97553974914551,0.9485119307637214,0.24096199870109558,0.4237202790677547,1.0680731337070466,54.273174156188965,54.27316935729981,54.270388591766356,16.522477399994386,"{""DC-1"": 345.8929980738102, ""DC-2"": 226.04257182332958, ""DC-3"": 246.60854428770665, ""DC-4"": 274.219293531309, ""DC-5"": 289.3737604562418}"
10,51,1331.329280089862,1000,1000,0,0,1000,297,0,703,0,1000,925,75,0,184,109,75,25,0,17998.561303224484,1000,11422,11422,11422,11422,0,10424,5.7818247179985045,2.8841566727757453,2.897668059706688,-62.057266990661624,0.920162542104721,0.2665848433971405,0.3978123952150345,1.0681800644397736,60.44132215499878,60.44263647842407,60.43940581893921,16.37506890000077,"{""DC-1"": 304.0702183293577, ""DC-2"": 256.2155306714454, ""DC-3"": 284.0389073554578, ""DC-4"": 229.40404426108225, ""DC-5"": 257.6005794725185}"
11,52,1192.5857928941434,1000,1000,0,0,1000,345,0,655,0,1000,890,110,0,212,102,110,44,0,15926.47495842207,1000,12422,12422,12422,12422,0,11424,5.954830452442169,2.9647852885127066,2.9900451580882073,-67.29467725753784,0.8484351659417152,0.2945069670677185,0.40175105318427085,1.0685971627235413,65.80790666580201,65.80919743728637,65.80487476348877,16.40985530000762,"{""DC-1"": 255.8290164607342, ""DC-2"": 265.5663168803497, ""DC-3"": 185.8136421614002, ""DC-4"": 167.32426970146116, ""DC-5"": 318.05254769019854}"
12,53,1331.6570836541239,1000,1000,0,0,1000,320,0,680,0,1000,922,78,0,190,112,78,32,0,14556.369817868243,1000,13422,13422,13422,13422,0,12424,6.776099897623062,3.3660382538437843,3.410061646223068,-72.13376706695557,0.7451998047828674,0.32442089915275574,0.43404659155011177,1.068618942975998,70.70914978027344,70.70923710632324,70.7047758178711,16.362390499998583,"{""DC-1"": 375.4022512302321, ""DC-2"": 197.8837655226947, ""DC-3"": 327.33582049876367, ""DC-4"": 259.46796145236794, ""DC-5"": 171.56728495006368}"
13,54,1225.386204162224,1003,1003,0,0,1003,387,3,613,0,1000,893,107,0,244,137,107,53,0,19207.21324759689,1004,14425,14425,14425,14425,0,13428,8.12343761146781,4.062615127736828,4.060822474529068,-76.87436698822387,0.6289096646515496,0.3561968207359314,0.4865379427889904,1.0691891735293475,75.50571247875928,75.50464236498829,75.49691637958664,16.586459699989064,"{""DC-1"": 291.72221907701686, ""DC-2"": 241.4131600887501, ""DC-3"": 131.86788627029725, ""DC-4"": 268.30146792727896, ""DC-5"": 292.0814707988808}"
14,55,1298.2129506521212,1006,1006,0,0,1006,364,6,636,0,1000,913,87,0,238,151,87,41,0,15933.592185835698,1004,15431,15431,15431,15431,0,14432,8.934925758981136,4.452610592502522,4.482315179064455,-81.67671658033393,0.5118787600640282,0.38990363478660583,0.5507658101707341,1.0689878700026478,80.3471429756438,80.3442611694336,80.34283292246054,18.65546410001116,"{""DC-1"": 274.32462114686507, ""DC-2"": 263.2845278283337, ""DC-3"": 184.59966974197664, ""DC-4"": 271.4931449598525, ""DC-5"": 304.5109869750931}"
15,56,1130.513316797202,1010,1010,0,0,1010,373,10,627,0,1000,879,121,0,272,151,121,37,0,17191.05661205956,1012,16441,16441,16441,16441,0,15444,8.407544007650007,4.187398776176419,4.220145245137894,-86.01009145744233,0.4186290026947915,0.4266589283943176,0.6026344980470276,1.0689963870368928,84.73573720125341,84.7335621076139,84.73252747275613,17.25805110001238,"{""DC-1"": 211.89147710847288, ""DC-2"": 270.10617552560547, ""DC-3"": 215.76549848312953, ""DC-4"": 218.45277558901716, ""DC-5"": 214.29739009097727}"
16,57,1128.7477324112435,1020,1020,0,0,1020,342,20,658,0,1000,885,115,0,235,120,115,40,0,18847.08566455818,1020,17461,17461,17461,17461,0,16464,8.385919340217814,4.190141361542777,4.195777976103858,-90.12982449251062,0.3416815017514369,0.467467725276947,0.6454676725992969,1.068971399232453,88.91138197954963,88.9062879300585,88.90343592026655,17.110668799985433,"{""DC-1"": 274.04258728674023, ""DC-2"": 162.05657669305913, ""DC-3"": 229.2392006961775, ""DC-4"": 260.8682333439816, ""DC-5"": 202.54113439128616}"
17,58,1024.1193280377684,1024,1024,0,0,1024,400,24,600,0,1000,855,145,0,289,144,145,49,0,17737.941053420524,1024,18485,18485,18485,18485,0,17488,9.666417053551413,4.829806710768025,4.836610334808938,-94.37995588034391,0.25850057961361017,0.5099684000015259,0.709104948444292,1.0692119050072506,93.16116375476122,93.15940951555967,93.15273080766201,17.13111200000276,"{""DC-1"": 347.37294864963815, ""DC-2"": 146.5937031488855, ""DC-3"": 121.78664952387143, ""DC-4"": 182.59917479641464, ""DC-5"": 225.76685191895777}"
18,59,941.295573727607,1032,1032,0,0,1032,431,32,569,0,1000,835,165,0,311,146,165,53,0,15911.984374290467,1032,19517,19517,19517,19517,0,18520,9.228341005338255,4.570887579358826,4.657453457687715,-98.48441640720812,0.1596073505447008,0.5488250255584717,0.8189925201410471,1.0692257415647655,97.29908458946286,97.30281236190204,97.29000422751257,18.15994050001609,"{""DC-1"": 307.96460991116186, ""DC-2"": 219.21962361949963, ""DC-3"": 27.71143640749351, ""DC-4"": 155.37775041214292, ""DC-5"": 231.02215337731008}"
19,60,1254.8756800370181,1033,1033,0,0,1033,400,33,600,0,1000,902,98,0,262,164,98,30,0,16111.28838783866,1032,20550,20550,20550,20550,0,19552,11.776820733796718,5.925119031365066,5.851701724552369,-102.35389084779015,0.0952158866038676,0.5858519077301025,0.9021497577890869,1.0694917158563009,101.14467200937197,101.1487528483073,101.13609915001447,19.411701699980767,"{""DC-1"": 252.45516892677617, ""DC-2"": 253.88355573236944, ""DC-3"": 235.53471590220423, ""DC-4"": 220.6751885204794, ""DC-5"": 292.3270509551896}"
20,61,1270.049398943281,1034,1034,0,0,1034,382,34,618,0,1000,911,89,0,239,150,89,28,0,16350.522513301477,1036,21584,21584,21584,21584,0,20588,12.634395929146917,6.331682457829534,6.302713487829481,-105.98899670457287,0.05491208082872252,0.6196697354316711,0.9612484809054371,1.0694385550657295,104.77618378009575,104.77427943608936,104.7718115920726,19.334668399998918,"{""DC-1"": 313.2623084006466, ""DC-2"": 241.27118376358666, ""DC-3"": 247.10492102427074, ""DC-4"": 195.8692938553081, ""DC-5"": 272.54169189946805}"
21,62,1041.71412492376,1046,1046,0,0,1046,402,46,598,0,1000,863,137,0,288,151,137,42,0,16338.9356760103,1044,22630,22630,22630,22630,0,21632,13.096356068306042,6.570669457373492,6.525686584898338,-109.72776011762947,0.015368496673092445,0.6346322894096375,1.0367824881127055,1.069682958025585,108.52005852593317,108.52078768850743,108.5090169139292,19.084103100001812,"{""DC-1"": 234.36363269955532, ""DC-2"": 281.5149316925873, ""DC-3"": 116.47067585733468, ""DC-4"": 185.82948685353463, ""DC-5"": 223.5353978207494}"
22,63,1210.2103683027963,1057,1057,0,0,1057,395,57,605,0,1000,899,101,0,278,177,101,34,0,15772.461851788597,1056,23687,23687,23687,23687,0,22688,12.594754594745059,6.290430650058569,6.304323923294291,-113.27734448693015,0.0035105139766969705,0.6388450264930725,1.0625251210435773,1.0701753933998672,112.10398838014314,112.10306778098598,112.09055880344275,19.24710390000837,"{""DC-1"": 349.98965894523513, ""DC-2"": 242.64495535826705, ""DC-3"": 209.0298096623038, ""DC-4"": 151.59810715948686, ""DC-5"": 256.9478371775041}"
23,64,1196.7276364413372,1051,1051,0,0,1051,420,51,580,0,1000,894,106,0,272,166,106,32,0,16058.946239131636,1052,24738,24738,24738,24738,0,23740,14.626599708210833,7.3250728428590435,7.301526877136738,-116.25107700652497,-0.00013236549041966976,0.6384150385856628,1.070191915044313,1.0700122928211444,115.1078181828836,115.10134189301117,115.10222278348394,19.09572000001208,"{""DC-1"": 292.9672378058668, ""DC-2"": 270.61060569006264, ""DC-3"": 140.35932114824965, ""DC-4"": 232.52485012073336, ""DC-5"": 260.2656216764251}"
24,65,929.5491507595568,1036,1036,0,0,1036,462,36,538,0,1000,833,167,0,340,173,167,53,0,16730.971312032176,1036,25774,25774,25774,25774,0,24776,14.08771618959066,7.042482808174774,7.045233339416474,-119.29937026123282,0.00041118390738162207,0.6389044523239136,1.069462655996724,1.0702626813332548,118.19248035975865,118.1903026094768,118.17781256156539,18.738209299976006,"{""DC-1"": 146.56338124580327, ""DC-2"": 274.3881957562393, ""DC-3"": 98.18190627900525, ""DC-4"": 206.31729992465574, ""DC-5"": 204.0983675538538}"
25,66,1207.6496181857374,1049,1049,0,0,1049,431,49,569,0,1000,894,106,0,282,176,106,36,0,16798.039218902042,1048,26823,26823,26823,26823,0,25824,15.134257755889237,7.565177775066317,7.569079992425351,-122.20539612078484,0.0005373003504253242,0.6399099826812744,1.068777572448927,1.0700114656040687,121.11774643322893,121.1086640903968,121.10485538453547,19.07811979998951,"{""DC-1"": 273.11367920690697, ""DC-2"": 201.29938829179792, ""DC-3"": 231.19262895731717, ""DC-4"": 232.59664476729947, ""DC-5"": 269.44727696241716}"
26,67,1161.6576743916241,1051,1051,0,0,1051,441,51,559,0,1000,886,114,0,305,191,114,29,0,16399.971312032176,1052,27874,27874,27874,27874,0,26876,16.50997220653998,8.230216776916736,8.279755460332101,-124.69768891860323,0.0006444869120782348,0.6413930058479309,1.0685004732454684,1.0699284203605506,123.63774681816537,123.63854482237377,123.63922254032961,19.043819899990922,"{""DC-1"": 273.8141288054663, ""DC-2"": 292.9609576296607, ""DC-3"": 190.94628392939407, ""DC-4"": 151.21839684196283, ""DC-5"": 252.7179071851388}"
27,68,1160.9930257203807,1038,1038,0,0,1038,475,38,525,0,1000,875,125,0,313,188,125,38,0,16950.792606363848,1040,28912,28912,28912,28912,0,27916,17.591845022715056,8.812361743702338,8.779483287265668,-127.2672332763672,0.0011394990440189408,0.6445437073707581,1.0676097762126189,1.0700550278792014,126.20855756906363,126.20509840891911,126.18890583331768,18.723351099994034,"{""DC-1"": 301.72025247885813, ""DC-2"": 120.8086065585931, ""DC-3"": 233.5619611591339, ""DC-4"": 212.16235362951133, ""DC-5"": 292.7398518942842}"
28,69,1136.3742214532058,1045,1045,0,0,1045,460,45,540,0,1000,875,125,0,318,193,125,28,0,16266.971312032176,1044,29957,29957,29957,29957,0,28960,16.74987801875191,8.3408826976672,8.408995331703931,-129.29855569569088,-0.0007857315954163499,0.6422673463821411,1.07227915405542,1.070387503767379,128.27017749040976,128.2763711264307,128.26687371411086,19.33699229999911,"{""DC-1"": 279.5562628996166, ""DC-2"": 216.57428784614, ""DC-3"": 256.5202663583384, ""DC-4"": 149.26279911466813, ""DC-5"": 234.46060523444248}"
29,70,1206.6965678270565,1044,1044,0,0,1044,415,44,585,0,1000,896,104,0,294,190,104,24,0,17017.9302291215,1044,31001,31001,31001,31001,0,30004,17.406299821946813,8.62882668990285,8.777473106923232,-130.7808730611399,0.0027673978058994175,0.6488809585571289,1.064174080945523,1.0704253433536295,129.78703453531668,129.79553015844118,129.78033283569803,19.13642900000559,"{""DC-1"": 274.1714883148806, ""DC-2"": 253.65451957615403, ""DC-3"": 181.9054879925554, ""DC-4"": 194.41374214798938, ""DC-5"": 302.55132979547665}"
30,71,1077.2122549509538,1053,1053,0,0,1053,452,53,548,0,1000,867,133,0,329,196,133,65,0,17201.188561251434,1052,32054,32054,32054,32054,0,31056,15.103170362262219,7.520505949571559,7.5826644160901635,-132.44432673436154,0.00045885736250651457,0.6506860852241516,1.0694633759133263,1.0705249320871477,131.46132610596632,131.45490882061281,131.4483036070269,18.030011599999852,"{""DC-1"": 308.0097721304411, ""DC-2"": 216.06852120836504, ""DC-3"": 132.8405374867917, ""DC-4"": 164.5379476971083, ""DC-5"": 255.75547642824975}"
31,72,1272.0629682927104,1049,1049,0,0,1049,410,49,590,0,1000,909,91,0,266,175,91,27,0,17245.719005069728,1048,33103,33103,33103,33103,0,32104,18.533966026233355,9.187189879876966,9.346776178774943,-134.27508135788312,-0.0004413627353114723,0.6497029066085815,1.0713596340581661,1.0702757657939241,133.3019739835317,133.30156776195264,133.28164329237612,17.208250900002895,"{""DC-1"": 377.97090014675234, ""DC-2"": 235.91125007259612, ""DC-3"": 247.50495684200476, ""DC-4"": 214.1425827885226, ""DC-5"": 196.53327844283515}"
32,73,1382.6447497955985,1068,1068,0,0,1068,374,68,626,0,1000,942,58,0,232,174,58,24,0,15842.853661397183,1068,34171,34171,34171,34171,0,33172,16.432575490590786,8.118588175443227,8.31398734896817,-135.59133008178253,-0.004936911453591478,0.6372924447059631,1.0817538296685236,1.0704481699939972,134.65984437349584,134.66354613000533,134.64889387780806,17.18306820001453,"{""DC-1"": 343.34321031318484, ""DC-2"": 267.9780787242591, ""DC-3"": 232.1018251146882, ""DC-4"": 258.03088573149006, ""DC-5"": 281.190749911977}"
33,74,1239.253153340282,1054,1054,0,0,1054,419,54,581,0,1000,903,97,0,272,175,97,22,0,16944.894113301132,1056,35225,35225,35225,35225,0,34228,17.302599641184013,8.613744685708573,8.688854945202669,-136.67454325069082,-8.55430584069285e-05,0.6375828981399536,1.070904132035194,1.070669340026198,135.78002256335634,135.77850360581368,135.7686321374142,17.71403009997448,"{""DC-1"": 314.83725300226945, ""DC-2"": 226.80225848747997, ""DC-3"": 235.29629084936587, ""DC-4"": 230.93470336746716, ""DC-5"": 231.3826476336997}"
34,75,1439.7910418053207,1043,1043,0,0,1043,377,43,623,0,1000,947,53,0,243,190,53,21,0,16821.02991680843,1044,36268,36268,36268,36268,0,35272,16.199308682675564,8.064549604823306,8.134759048278305,-138.1365061208206,0.0014130165858436876,0.6402741074562073,1.067252545007344,1.070376695801015,137.2317457966421,137.23341555248274,137.2309886303898,15.47821999998996,"{""DC-1"": 291.07595359138907, ""DC-2"": 293.57779192558445, ""DC-3"": 307.2614455735696, ""DC-4"": 235.99359093464867, ""DC-5"": 311.8822597801298}"
35,76,1095.9430163552793,1030,1030,0,0,1030,420,30,580,0,1000,868,132,0,295,163,132,56,0,19236.92839014449,1028,37298,37298,37298,37298,0,36300,16.216788059078766,8.073752607005115,8.143035473062834,-139.59464679525055,0.0009278095164698646,0.6430648565292358,1.0688907603809341,1.0708854610122132,138.70882639903502,138.70743376735584,138.69330228812964,14.94104000000516,"{""DC-1"": 224.86903809399536, ""DC-2"": 207.3735450989511, ""DC-3"": 175.56980660533182, ""DC-4"": 197.49206975646595, ""DC-5"": 290.6385568005358}"
36,77,1290.0536238793723,1047,1047,0,0,1047,412,47,588,0,1000,912,88,0,281,193,88,26,0,15295.261611352313,1048,38345,38345,38345,38345,0,37348,17.82497597969215,8.808060985371357,9.016914981467123,-141.08059245393477,0.0017544518996701925,0.6469850540161133,1.0667790212590276,1.0706467159831796,140.20441243120732,140.20814565119852,140.18615431457985,15.097179300006246,"{""DC-1"": 325.33699804285413, ""DC-2"": 287.92780933045395, ""DC-3"": 231.42684469044698, ""DC-4"": 170.95223616040485, ""DC-5"": 274.4097356552126}"
37,78,1380.9954794319563,1042,1042,0,0,1042,387,42,613,0,1000,934,66,0,257,191,66,31,0,15741.526109882956,1040,39387,39387,39387,39387,0,38388,16.79127597808838,8.3362657810633,8.4550101641279,-142.0812542988704,-0.00112088548418027,0.644461989402771,1.0732499351295142,1.0707330108835147,141.2393216940073,141.24257224156307,141.2277225641104,14.970838699984597,"{""DC-1"": 326.5972332062758, ""DC-2"": 237.61763649449227, ""DC-3"": 287.43418633146496, ""DC-4"": 181.9081948577805, ""DC-5"": 347.4382285419424}"
38,79,1224.0141667401176,1057,1057,0,0,1057,429,57,571,0,1000,899,101,0,290,189,101,36,0,19235.592185835696,1060,40444,40444,40444,40444,0,39448,16.345750255179855,8.14525645735129,8.200493792655333,-143.2535763434644,-0.0005767138360753515,0.6429728269577026,1.0721778645830335,1.0706968729226094,142.43632908947063,142.42852047614332,142.43685092566147,15.303707199986093,"{""DC-1"": 311.4470459029764, ""DC-2"": 277.79891090292364, ""DC-3"": 234.4417319578806, ""DC-4"": 137.29464721873862, ""DC-5"": 263.0318307575986}"
39,80,1238.2036902861025,1058,1058,0,0,1058,367,58,633,0,1000,910,90,0,233,143,90,32,0,15001.077263983416,1056,41502,41502,41502,41502,0,40504,17.235636742051803,8.450574909873081,8.785061812987834,-144.49087745493108,0.0012120608560949083,0.6459518074989319,1.0679821400254061,1.0706809524333838,143.6408024412213,143.6425775903644,143.62949137254193,15.183815500000492,"{""DC-1"": 280.5528175573433, ""DC-2"": 275.4840284617499, ""DC-3"": 287.9809790354477, ""DC-4"": 128.1398848120314, ""DC-5"": 266.04598041953255}"
40,81,1070.449957538231,1046,1046,0,0,1046,412,46,588,0,1000,869,131,0,297,166,131,38,0,15017.077263983416,1048,42548,42548,42548,42548,0,41552,18.774200855320647,9.400220915788912,9.373979903586948,-145.3772234734688,-0.0034630647199521665,0.6375088095664978,1.0785852966417793,1.0707513528470776,144.56428546759918,144.56395629708095,144.5509024467177,14.923363800015068,"{""DC-1"": 245.73941434172576, ""DC-2"": 194.38614815294017, ""DC-3"": 238.6887590759155, ""DC-4"": 210.028685917204, ""DC-5"": 181.6069500504459}"
41,82,1412.7672639906998,1039,1039,0,0,1039,361,39,639,0,1000,941,59,0,215,156,59,30,0,16360.905851802296,1036,43587,43587,43587,43587,0,42588,19.533781364847794,9.683662489344254,9.850118859394177,-145.70242823597087,0.0020439308146814883,0.6428813338279724,1.0662545282177944,1.0708313594683716,144.89894891981913,144.8957323052248,144.8746787995445,14.88391419997788,"{""DC-1"": 311.2174356739684, ""DC-2"": 305.622125871483, ""DC-3"": 264.1076257896874, ""DC-4"": 222.58867432310782, ""DC-5"": 309.23140233245283}"
42,83,1296.8355222828575,1060,1060,0,0,1060,397,60,603,0,1000,919,81,0,252,171,81,25,0,16813.592185835696,1060,44647,44647,44647,44647,0,43648,19.69980286652187,9.757462421790608,9.942340444168954,-146.20808004703161,0.0002698865820179289,0.6423624753952026,1.0704133145651726,1.0708472151801272,145.41505181654443,145.42361726580927,145.38884915045972,17.072094900009688,"{""DC-1"": 307.42016577861955, ""DC-2"": 309.7094232149797, ""DC-3"": 284.38235611104824, ""DC-4"": 135.11781570729607, ""DC-5"": 260.20576147091396}"
43,84,1367.0116390361823,1054,1054,0,0,1054,400,54,600,0,1000,932,68,0,258,190,68,20,0,15388.063138366728,1056,45701,45701,45701,45701,0,44704,17.173019510778513,8.59312990161054,8.57988960792621,-146.8798595486265,0.0017405396820598098,0.646388053894043,1.0668755869635127,1.070808420239976,146.09558813499683,146.0837420983748,146.06854765342945,16.252249199984362,"{""DC-1"": 286.2619798791289, ""DC-2"": 246.17783405444297, ""DC-3"": 332.99045643262184, ""DC-4"": 247.6236765291886, ""DC-5"": 253.957692140802}"
44,85,1237.1187872205007,1047,1047,0,0,1047,431,47,569,0,1000,900,100,0,276,176,100,23,0,16990.45799628715,1048,46748,46748,46748,46748,0,45752,17.492530621190106,8.774558828987239,8.71797176171805,-147.33843052114239,0.0002488162512277815,0.6472299695014954,1.0700580983330275,1.070628309750375,146.5510251576664,146.56097244670372,146.54318071321677,16.040681899990886,"{""DC-1"": 308.7457542979945, ""DC-2"": 208.84799402036188, ""DC-3"": 231.00021578087313, ""DC-4"": 213.29949623791154, ""DC-5"": 275.2253268833588}"
45,86,1141.0145608227187,1062,1062,0,0,1062,421,62,579,0,1000,883,117,0,275,158,117,29,0,16103.53776638027,1060,47810,47810,47810,47810,0,46812,17.57390185459605,8.860713578507585,8.713188266529228,-147.8289829901929,0.0012241949465670535,0.6498057842254639,1.0677300779324657,1.0704559489241185,147.06459667277787,147.06006098333395,147.05232909580445,16.14932160000899,"{""DC-1"": 290.81990060416217, ""DC-2"": 152.13663299714375, ""DC-3"": 182.32118464981, ""DC-4"": 193.47230987628433, ""DC-5"": 322.2645326953198}"
46,87,1379.5509120323634,1032,1032,0,0,1032,398,32,602,0,1000,929,71,0,260,189,71,20,0,15541.140081967693,1032,48842,48842,48842,48842,0,47844,17.598667593427407,8.90639687439268,8.692270742137303,-148.31130877945773,0.005559632526336115,0.6631885766983032,1.057455831142359,1.0704692411561345,147.5585046960402,147.54996911869492,147.53624228544012,15.856600300001446,"{""DC-1"": 371.76995221225894, ""DC-2"": 213.62531216555436, ""DC-3"": 314.07009685431353, ""DC-4"": 234.74977872519935, ""DC-5"": 245.33577207503782}"
47,88,1311.245256648847,1050,1050,0,0,1050,399,50,601,0,1000,918,82,0,266,184,82,26,0,13584.957395369693,1052,49892,49892,49892,49892,0,48896,18.95214086385734,9.511560061471997,9.440580867882463,-148.90790304031663,-0.00067519393544591,0.662112832069397,1.0721154907583736,1.0705183841883004,148.14647430884068,148.15485666369304,148.13873911810464,16.224627499992494,"{""DC-1"": 323.47665686777134, ""DC-2"": 224.33627356769603, ""DC-3"": 269.89371920347264, ""DC-4"": 214.8000064230937, ""DC-5"": 278.73860058681413}"
48,89,1289.7763015094831,1061,1061,0,0,1061,380,61,620,0,1000,919,81,0,249,168,81,30,0,17450.234915462068,1060,50953,50953,50953,50953,0,49956,18.820419750348577,9.447419723249832,9.373000040481676,-149.3524440117602,-0.0033039978821761905,0.6537207365036011,1.078474796661791,1.07050141512223,148.60980329693487,148.62405841755418,148.60722342437168,16.298444200016093,"{""DC-1"": 317.3141777881292, ""DC-2"": 214.39675847652336, ""DC-3"": 211.56836092544816, ""DC-4"": 269.62063228995504, ""DC-5"": 276.8763720294272}"
49,90,1274.437470397124,1062,1062,0,0,1062,403,62,597,0,1000,914,86,0,273,187,86,28,0,17659.84735688132,1060,52015,52015,52015,52015,0,51016,17.427021585095602,8.76036449772007,8.666657130335862,-149.64574891576228,0.001401585810664022,0.6572795510292053,1.067278160689012,1.0705317295947165,148.93162120603165,148.91775737258624,148.92341789389556,16.43192679999629,"{""DC-1"": 309.65803985221567, ""DC-2"": 208.24280203085306, ""DC-3"": 301.53807789626865, ""DC-4"": 184.8461569756695, ""DC-5"": 270.152393642118}"
50,91,1413.4526197998953,1023,1023,0,0,1023,328,23,672,0,1000,943,57,0,198,141,57,19,0,15343.261611352313,1024,53038,53038,53038,53038,0,52040,16.528192093828693,8.268121573026292,8.260070514283143,-150.0050799101591,0.0032020113815178775,0.6653906106948853,1.0629107721615583,1.0706186511088163,149.2916773557663,149.29257766902447,149.2886373847723,15.843403800012311,"{""DC-1"": 345.50999298514483, ""DC-2"": 259.6586009635037, ""DC-3"": 271.9879059556114, ""DC-4"": 266.1507303990213, ""DC-5"": 270.1453894966134}"
51,92,1102.054559144567,1040,1040,0,0,1040,470,40,530,0,1000,861,139,0,294,155,139,31,0,16010.592185835698,1040,54078,54078,54078,54078,0,53080,17.551211515298256,8.79607455936762,8.755136928076928,-150.06356271597056,-0.001164704097475176,0.6619587540626526,1.0734930253372743,1.0704379379749298,149.36976576585036,149.3655511856079,149.35543446174034,16.98500509999576,"{""DC-1"": 344.1780674474047, ""DC-2"": 127.10371137925995, ""DC-3"": 214.30857918331185, ""DC-4"": 122.55452685138589, ""DC-5"": 293.9096742832056}"
52,93,1383.3210074747185,1061,1061,0,0,1061,369,61,631,0,1000,940,60,0,219,159,60,22,0,15340.524482329593,1060,55139,55139,55139,55139,0,54140,17.092837964588742,8.656353921822781,8.436484060872276,-150.34792438723005,0.00023200998010271986,0.6635435223579407,1.0700260027399604,1.0706284469028688,149.65415737224075,149.6688515141325,149.66116348842405,16.694680300017353,"{""DC-1"": 344.139511878396, ""DC-2"": 260.8713390034741, ""DC-3"": 305.41536509275113, ""DC-4"": 217.89860907063107, ""DC-5"": 254.99618242946488}"
53,94,1400.3968022533566,1053,1053,0,0,1053,389,53,611,0,1000,938,62,0,226,164,62,17,0,15513.893494579688,1056,56192,56192,56192,56192,0,55196,17.314436327327382,8.719733067985738,8.59470327356548,-150.3861510247895,-0.0037897320011821153,0.6530929207801819,1.0796448207375677,1.0704900050027804,149.73237732684973,149.72536234422162,149.7215114362312,17.149029499996686,"{""DC-1"": 338.1963859038442, ""DC-2"": 252.76708398420516, ""DC-3"": 277.6885468505217, ""DC-4"": 205.55368330795764, ""DC-5"": 326.1911022068265}"
54,95,1225.0710675127336,1035,1035,0,0,1035,445,35,555,0,1000,894,106,0,287,181,106,26,0,16663.006324376554,1032,57227,57227,57227,57227,0,56228,16.235618945933126,8.130684492777485,8.104934416653574,-150.69935326982838,0.0010064057918949515,0.6561257243156433,1.0675980350536893,1.069955166920211,150.02971737883811,150.02533272440118,150.02344208355098,16.622103800007608,"{""DC-1"": 215.7543344097078, ""DC-2"": 203.59814910904828, ""DC-3"": 284.3154253305973, ""DC-4"": 272.1014869942295, ""DC-5"": 249.3016716691512}"
55,96,1417.104666175104,1039,1039,0,0,1039,350,39,650,0,1000,943,57,0,201,144,57,27,0,19049.626951109367,1040,58266,58266,58266,58266,0,57268,17.66378125342039,8.873085317244897,8.790695875883102,-151.01700217907245,0.0004119602436101279,0.6567386984825134,1.0692965391163642,1.0702138465184432,150.34719200134276,150.35076982058013,150.3420674250676,16.378805399988778,"{""DC-1"": 341.37086466364633, ""DC-2"": 284.907281824702, ""DC-3"": 274.5522969254506, ""DC-4"": 221.96229802488605, ""DC-5"": 294.3119247364201}"
56,97,1356.4823790294802,1039,1039,0,0,1039,413,39,587,0,1000,923,77,0,268,191,77,24,0,16118.931365283765,1040,59305,59305,59305,59305,0,58308,17.944506816222116,9.141654384480074,8.80285239127966,-151.08450895456167,-0.002856934898479197,0.6501783132553101,1.077413778178967,1.070564437027161,150.45215254563553,150.45953353001522,150.44839652134823,16.51016000000527,"{""DC-1"": 310.2627916030262, ""DC-2"": 277.2003699052228, ""DC-3"": 252.49830979700468, ""DC-4"": 239.31913083581912, ""DC-5"": 277.20177688840744}"
57,98,1100.1221355918235,1043,1043,0,0,1043,461,43,539,0,1000,868,132,0,318,186,132,43,0,17778.84735688132,1044,60348,60348,60348,60348,0,59352,17.036226136245947,8.50953206248667,8.526694095797009,-151.0698356189947,0.00045605226494800085,0.6508364081382751,1.069610178299334,1.0705458330011917,150.42834756200799,150.44373933930964,150.43687690354855,16.753874699992593,"{""DC-1"": 172.53581199889868, ""DC-2"": 175.9401012385024, ""DC-3"": 261.5968436245382, ""DC-4"": 229.65284334029153, ""DC-5"": 260.3965353895924}"
58,99,1338.4769967540947,1052,1052,0,0,1052,401,52,599,0,1000,925,75,0,239,164,75,21,0,16290.594616528413,1052,61400,61400,61400,61400,0,60404,18.71344535341734,9.468937616951113,9.244507715389302,-151.05525413484173,0.0010043224389532036,0.6534152626991272,1.0680516325928866,1.0703278671199379,150.42883706908717,150.42820865935698,150.42394787458412,17.135346900002332,"{""DC-1"": 265.39976422757564, ""DC-2"": 297.6578684748416, ""DC-3"": 259.5717834843202, ""DC-4"": 231.7863154296242, ""DC-5"": 284.0612651377336}"
59,100,1225.5268348086965,1047,1047,0,0,1047,433,47,567,0,1000,898,102,0,289,187,102,48,0,16927.02991680843,1044,62447,62447,62447,62447,0,61448,15.998756493645153,8.083811140494328,7.9149453452720495,-150.74617812642649,-0.0005632385881831763,0.6513634324073792,1.0720505402120137,1.070586958835865,150.12734524957065,150.13991939793144,150.13030808547447,16.77616089998628,"{""DC-1"": 299.7221213372466, ""DC-2"": 243.98682808633365, ""DC-3"": 218.47074138231667, ""DC-4"": 226.06205712010623, ""DC-5"": 237.28508688269366}"
60,101,1336.5983433479107,1048,1048,0,0,1048,423,48,577,0,1000,920,80,0,243,163,80,20,0,16975.26161135231,1048,63495,63495,63495,63495,0,62496,17.637448883693637,8.934502762692576,8.702946124982288,-150.84140321862606,0.001247655443570804,0.6552866697311401,1.0673213412857239,1.070319922029517,150.22893979895207,150.2450585401695,150.233417904104,16.990500999992946,"{""DC-1"": 328.0687502169721, ""DC-2"": 310.36129035587084, ""DC-3"": 241.55372140014103, ""DC-4"": 222.6909446969314, ""DC-5"": 233.92363667799438}"
61,102,1223.2810225045962,1059,1059,0,0,1059,397,59,603,0,1000,904,96,0,253,157,96,23,0,17782.719005069728,1060,64554,64554,64554,64554,0,63556,16.082791657267876,8.145184450329475,7.9376072195341,-150.67686892815357,0.0007601849803973411,0.6565984487533569,1.0687414684385623,1.070406707502761,150.0593937423994,150.06451495188588,150.0481953602917,16.853226000006543,"{""DC-1"": 206.23873033174675, ""DC-2"": 267.2492176695382, ""DC-3"": 249.79660742573802, ""DC-4"": 206.70643579665875, ""DC-5"": 293.2900312809144}"
62,103,1409.5571785191148,1039,1039,0,0,1039,375,39,625,0,1000,939,61,0,236,175,61,23,0,15445.592185835698,1040,65593,65593,65593,65593,0,64596,16.492674018786502,8.323259453475476,8.169414511666847,-150.689024749169,0.001443859698562077,0.6601351499557495,1.0670125454091108,1.070500202018481,150.07775325775145,150.08441278017483,150.07004310901348,16.4395710999961,"{""DC-1"": 363.0737886360098, ""DC-2"": 265.9237541784111, ""DC-3"": 315.3755448331139, ""DC-4"": 206.05565102371287, ""DC-5"": 259.12843984786934}"
63,104,1310.1094548931928,1030,1030,0,0,1030,355,30,645,0,1000,920,80,0,234,154,80,19,0,16275.369817868243,1028,66623,66623,66623,66623,0,65624,15.790123030369385,8.060554467518505,7.729568571316129,-150.99767392525877,-0.004064070854013503,0.6511675119400024,1.0803198424758613,1.0705178245496194,150.40295614992135,150.39332519709367,150.3922715094303,16.406604699994205,"{""DC-1"": 369.60616625126033, ""DC-2"": 255.15857268215714, ""DC-3"": 287.53921496371, ""DC-4"": 195.32607088007742, ""DC-5"": 202.47943011598838}"
64,105,1182.3307750435547,1049,1049,0,0,1049,439,49,561,0,1000,887,113,0,301,188,113,32,0,14598.188561251434,1052,67672,67672,67672,67672,0,66676,16.689689085510746,8.500474629066742,8.189214497238058,-150.99329780897713,0.001700072420363495,0.6552919745445251,1.0665931579277996,1.0705938365296266,150.40232957905235,150.4130534037891,150.41102613151753,16.772964700008743,"{""DC-1"": 306.04808696300887, ""DC-2"": 273.3275426055641, ""DC-3"": 225.64822778147143, ""DC-4"": 158.18698978543534, ""DC-5"": 219.11992790807577}"
65,106,1387.0087726302418,1038,1038,0,0,1038,361,38,639,0,1000,936,64,0,230,166,64,22,0,16149.46422623647,1036,68710,68710,68710,68710,0,67712,15.209090135502539,7.706317803114077,7.502772344930752,-150.8581755207312,0.0003030540551504832,0.6560894846916199,1.069824947526096,1.0704805151376025,150.2779683293523,150.27315072019127,150.26967513331115,16.35603289998835,"{""DC-1"": 319.61136730673655, ""DC-2"": 298.5214045874894, ""DC-3"": 279.2346801459189, ""DC-4"": 227.1892271862577, ""DC-5"": 262.4520934038393}"
66,107,1319.1801232908915,1043,1043,0,0,1043,421,43,579,0,1000,915,85,0,277,192,85,31,0,16491.905851802294,1044,69753,69753,69753,69753,0,68756,15.880025099748853,8.006608075794132,7.873417018816389,-151.12209159295676,0.0018600844752473464,0.6598643660545349,1.0660726563912242,1.070377568518065,150.52599773187748,150.52236310001535,150.52080753662577,16.5105492999719,"{""DC-1"": 316.18127157631005, ""DC-2"": 271.0531644678713, ""DC-3"": 222.58260320621244, ""DC-4"": 229.34146145880152, ""DC-5"": 280.0216225816961}"
67,108,1311.1822061795745,1037,1037,0,0,1037,392,37,608,0,1000,917,83,0,245,162,83,25,0,16528.905851802294,1036,70790,70790,70790,70790,0,69792,15.459182519710202,7.8532838774233715,7.605898649305911,-151.03849646667717,-0.001838015897413464,0.6565104126930237,1.0749159534695525,1.070521870520124,150.44240907352403,150.44789578647686,150.44513527122703,16.69022550000227,"{""DC-1"": 253.30095884081206, ""DC-2"": 299.95556043209183, ""DC-3"": 286.49180182041215, ""DC-4"": 234.14778460221794, ""DC-5"": 237.28610048403965}"
68,109,1399.0832666679537,1046,1046,0,0,1046,378,46,622,0,1000,938,62,0,243,181,62,23,0,15955.412259097022,1048,71836,71836,71836,71836,0,70840,15.475493080743396,7.9518934112923745,7.523599677527224,-150.81052072539583,0.0007993052535839664,0.6572567224502563,1.068784300835078,1.0705184450813832,150.2427535894263,150.23681579473364,150.23001187448284,16.67648540000664,"{""DC-1"": 333.7430142568916, ""DC-2"": 325.9269928416221, ""DC-3"": 270.2582903360674, ""DC-4"": 206.43470727257716, ""DC-5"": 262.720261960794}"
69,110,1424.3709985185892,1040,1040,0,0,1040,367,40,633,0,1000,943,57,0,211,154,57,19,0,17150.708513688664,1040,72876,72876,72876,72876,0,71880,14.692334608389782,7.4696107761218,7.22272385106637,-150.6700725702139,0.0007743883993288574,0.6600587964057922,1.0685559327785785,1.070416107429908,150.11830213986912,150.1124973297119,150.11966784550594,16.51152460000594,"{""DC-1"": 317.5781846058504, ""DC-2"": 331.3988364388998, ""DC-3"": 274.2122589422455, ""DC-4"": 220.5748945988849, ""DC-5"": 280.60682393270946}"
70,111,1195.6455918562524,1027,1027,0,0,1027,409,27,591,0,1000,889,111,0,274,163,111,35,0,17630.939601407914,1024,73903,73903,73903,73903,0,72904,16.778932065702975,8.549988521728665,8.228943525231443,-150.8069183677435,-0.0007125006823116564,0.6575305461883545,1.0724375596619211,1.0706022083759308,150.25175477564335,150.24721132218838,150.24192889034748,16.511756199994124,"{""DC-1"": 317.0701119312718, ""DC-2"": 227.07692084145998, ""DC-3"": 143.1509350720488, ""DC-4"": 249.74912541253383, ""DC-5"": 258.5984985989382}"
71,112,1183.7545218039627,1029,1029,0,0,1029,413,29,587,0,1000,886,114,0,283,169,114,31,0,14568.188561251434,1032,74932,74932,74932,74932,0,73936,13.983253259067387,7.136423943116683,6.846829288343127,-150.8059984842936,0.0008010581867180967,0.6595666408538818,1.0683758157168248,1.0703040933193162,150.23727765933486,150.23826358115025,150.2315699850866,16.696034099993994,"{""DC-1"": 307.05447719665943, ""DC-2"": 277.5770083094405, ""DC-3"": 104.5287183133943, ""DC-4"": 228.08711948508724, ""DC-5"": 266.5071984993806}"
72,113,1318.3609940135814,1046,1046,0,0,1046,348,46,652,0,1000,928,72,0,231,159,72,30,0,15667.997599147233,1044,75978,75978,75978,75978,0,74980,15.493151170083847,7.773599978036807,7.719551212257809,-150.8983338454674,-0.003310970353320334,0.6517693400382996,1.0787042824130406,1.0708345405443418,150.34902496630204,150.34627959737375,150.34218556488153,17.297234300000127,"{""DC-1"": 260.0237984565969, ""DC-2"": 293.0258171060383, ""DC-3"": 290.5404567997132, ""DC-4"": 228.48083699179523, ""DC-5"": 246.2900846594378}"
73,114,1323.1226208789221,1042,1042,0,0,1042,400,42,600,0,1000,920,80,0,255,175,80,22,0,16796.519757274138,1044,77020,77020,77020,77020,0,76024,15.784876380843677,8.056340115280443,7.728536274926416,-151.16728531994582,0.004153928474587356,0.6621670722961426,1.0609348515669506,1.0706945604063085,150.61130235752384,150.60541721504768,150.60534939820738,16.28944529997534,"{""DC-1"": 286.4028558228905, ""DC-2"": 272.95462757705087, ""DC-3"": 280.20785420362404, ""DC-4"": 242.159737111944, ""DC-5"": 241.39754616341204}"
74,115,1328.451444136732,1032,1032,0,0,1032,363,32,637,0,1000,922,78,0,231,153,78,28,0,15772.58068432068,1032,78052,78052,78052,78052,0,77056,14.73953956273175,7.531579912632935,7.207959683135498,-151.10836904363114,-0.0007760969037776668,0.6597370505332947,1.0726138963255771,1.0706979171481243,150.55568202706272,150.54985078915146,150.5480569942977,16.63991180001176,"{""DC-1"": 346.53683825265057, ""DC-2"": 261.23235893640447, ""DC-3"": 256.1014218481555, ""DC-4"": 206.75971100055085, ""DC-5"": 257.82111409897203}"
75,116,1286.3121864472444,1019,1019,0,0,1019,393,19,607,0,1000,908,92,0,254,162,92,30,0,16821.006324376554,1016,79071,79071,79071,79071,0,78072,14.30237176662355,7.176553479916468,7.125818275795208,-150.95482368168868,0.0014431591335442064,0.663060188293457,1.0671967252150296,1.0705329072991694,150.44571498059852,150.43312458729181,150.42674752483217,16.260515300004045,"{""DC-1"": 309.6293637524323, ""DC-2"": 156.8582012820477, ""DC-3"": 319.43818541376214, ""DC-4"": 214.0757758285922, ""DC-5"": 286.3106601704089}"
76,117,1136.1795205125838,1061,1061,0,0,1061,459,61,541,0,1000,878,122,0,299,177,122,28,0,16945.188561251434,1064,80132,80132,80132,80132,0,79136,13.529680906381822,6.885985374114568,6.643695508515028,-151.17155003368407,-0.0009821284258400293,0.6601462960243225,1.0732104545809273,1.0707472125838573,150.61765087099005,150.61860019999338,150.6154333559194,16.968324799992843,"{""DC-1"": 235.04170425563717, ""DC-2"": 203.7154359336623, ""DC-3"": 230.2929583024207, ""DC-4"": 207.12732429628647, ""DC-5"": 260.00209772457936}"
77,118,1345.5658650862586,1031,1031,0,0,1031,401,31,599,0,1000,922,78,0,263,185,78,26,0,14408.65940642817,1028,81163,81163,81163,81163,0,80164,15.345646415703028,7.843821859197394,7.501824583408897,-151.3189580004503,0.0004295838268832503,0.6605178713798523,1.0695703782807993,1.0704440066322742,150.76999193777834,150.769592923413,150.76139892400008,16.389397699997062,"{""DC-1"": 264.35685982378567, ""DC-2"": 225.17551876565912, ""DC-3"": 355.4174166811467, ""DC-4"": 237.15116054423584, ""DC-5"": 263.46490927143134}"
78,119,1337.0772027195276,1041,1041,0,0,1041,397,41,603,0,1000,922,78,0,250,172,78,22,0,15844.905851802296,1044,82204,82204,82204,82204,0,81208,14.111347767128342,7.169682883782405,6.941664840983249,-151.3057913652325,-0.001840299046112196,0.6566528677940369,1.075171828212866,1.0707523257567966,150.7926167162899,150.7957817896116,150.78730411456462,16.729110200016294,"{""DC-1"": 237.78760300239594, ""DC-2"": 301.5371956014192, ""DC-3"": 265.5863132985544, ""DC-4"": 227.92694572036962, ""DC-5"": 304.23914509678883}"
79,120,1286.188291897904,1043,1043,0,0,1043,413,43,587,0,1000,908,92,0,270,178,92,23,0,17735.219060584503,1040,83247,83247,83247,83247,0,82248,15.212223247381358,7.753435337314239,7.458787903762781,-151.11154168935923,0.0013403851719116435,0.6597206592559814,1.0675143668857905,1.0707116000927412,150.60456264202412,150.5995668411255,150.5980042237502,16.972664700006135,"{""DC-1"": 335.54821381570486, ""DC-2"": 317.267755883689, ""DC-3"": 202.7214202147605, ""DC-4"": 144.42551386145055, ""DC-5"": 286.225388122298}"
80,121,1357.7662935207638,1039,1039,0,0,1039,408,39,592,0,1000,924,76,0,260,184,76,20,0,14898.009059259028,1040,84286,84286,84286,84286,0,83288,14.242355347596682,7.237442315312532,7.004913046841438,-150.97139954200156,-0.003246491290225934,0.6527084112167358,1.0780454557675583,1.07023117095232,150.43632585085356,150.43387989631066,150.43923986875095,16.665520700014895,"{""DC-1"": 296.8075486122151, ""DC-2"": 290.9540231819696, ""DC-3"": 326.461290235156, ""DC-4"": 225.10382446933193, ""DC-5"": 218.43960702209324}"
81,122,1415.3291392220124,1020,1020,0,0,1020,348,20,652,0,1000,940,60,0,224,164,60,25,0,17482.894113301132,1020,85306,85306,85306,85306,0,84308,13.851023034488454,7.0288277935748,6.822195260664996,-151.03906583599016,0.001839581366591886,0.6563485264778137,1.0662907168561337,1.0706573603199978,150.51184041640337,150.52858758066216,150.50880113489487,16.485954900010256,"{""DC-1"": 401.37011239032034, ""DC-2"": 226.2534786828365, ""DC-3"": 267.28215009346303, ""DC-4"": 231.32093653819658, ""DC-5"": 289.10246151719764}"
82,123,1361.9907831904147,1041,1041,0,0,1041,376,41,624,0,1000,930,70,0,239,169,70,21,0,15936.120694915675,1040,86347,86347,86347,86347,0,85348,13.841859899575894,7.072964586661413,6.768895300764304,-151.10780908144437,0.0014881429982219394,0.6602518558502197,1.0669212963718635,1.0703758974487965,150.5976034751305,150.61061163682203,150.59727056943453,16.691835900011938,"{""DC-1"": 328.0541338799175, ""DC-2"": 313.5973065367976, ""DC-3"": 274.0162668938459, ""DC-4"": 217.2464931024791, ""DC-5"": 229.07658277737517}"
83,124,1305.484880634055,1072,1072,0,0,1072,408,72,592,0,1000,923,77,0,259,182,77,18,0,17006.97769279527,1072,87419,87419,87419,87419,0,86420,14.457929120134951,7.374952930567869,7.082976176778772,-151.26142776546195,-0.00024233571946127478,0.65925532579422,1.0714800272192528,1.0708631750807833,150.7377153795157,150.74209835280234,150.7250182023689,17.193636200012406,"{""DC-1"": 288.92734203612065, ""DC-2"": 298.60644397400904, ""DC-3"": 259.66853665776466, ""DC-4"": 234.83943531110185, ""DC-5"": 223.4431226550583}"
84,125,1387.3432941967028,1040,1040,0,0,1040,377,40,623,0,1000,935,65,0,238,173,65,21,0,15967.006324376553,1040,88459,88459,88459,88459,0,87460,14.10790523153085,7.146819297625468,6.961085917170231,-151.39578308692344,0.0009099010398271136,0.6616503596305847,1.0685350245581224,1.070673175729238,150.87730385706976,150.88713662074161,150.87212792910063,16.665689999994356,"{""DC-1"": 336.59943376257115, ""DC-2"": 301.87708332114806, ""DC-3"": 221.1374819478825, ""DC-4"": 257.74759580252334, ""DC-5"": 269.9816993625765}"
85,126,1385.4056012304047,1036,1036,0,0,1036,380,36,620,0,1000,935,65,0,223,158,65,15,0,15734.28838783866,1036,89495,89495,89495,89495,0,88496,13.736794702795022,6.9416995691746815,6.795095111757632,-151.42046320852626,-0.0008242663726908187,0.6593572497367859,1.073017868180993,1.0708197182670063,150.89552681234352,150.89954432189234,150.8919813237135,16.52991800001473,"{""DC-1"": 314.9860181211855, ""DC-2"": 285.57097188977707, ""DC-3"": 271.080940214554, ""DC-4"": 236.35398831538984, ""DC-5"": 277.41368268950026}"
86,127,1284.6426227180139,1037,1037,0,0,1037,381,37,619,0,1000,914,86,0,237,151,86,24,0,15589.476421465482,1040,90532,90532,90532,90532,0,89536,13.578468411243879,6.920222250544108,6.658246155770925,-151.46381097940298,-0.0007979836860053743,0.6572070717811584,1.0725933001018488,1.0707128135057595,150.93533191680908,150.93966228778547,150.9274707207313,18.181597299990244,"{""DC-1"": 260.90402573759326, ""DC-2"": 255.80354500902496, ""DC-3"": 290.5458444829446, ""DC-4"": 209.1024396787059, ""DC-5"": 268.2867678097448}"
87,128,1259.5098615681247,1051,1051,0,0,1051,419,51,581,0,1000,907,93,0,280,187,93,28,0,15107.719005069728,1048,91583,91583,91583,91583,0,90584,13.304643306568378,6.7725636069556225,6.532079707575209,-151.310032080148,-0.0012815362853371317,0.6543614268302917,1.073706383923538,1.0706409105590282,150.8081622669715,150.8002683333768,150.80034812170132,17.72466110001551,"{""DC-1"": 310.6752993092674, ""DC-2"": 286.0371617934463, ""DC-3"": 190.25156589406018, ""DC-4"": 209.87450228740104, ""DC-5"": 262.67133228395085}"
88,129,1341.6110887106665,1046,1046,0,0,1046,383,46,617,0,1000,927,73,0,245,172,73,25,0,16557.26161135231,1048,92629,92629,92629,92629,0,91632,14.874327380693595,7.604812956038322,7.269514433868968,-151.10354978255643,0.002543443862796683,0.6605897545814514,1.0649211304333375,1.0708537363369046,150.60915061717725,150.59482091073772,150.5942983845718,17.622035499982303,"{""DC-1"": 345.4992594183952, ""DC-2"": 291.7232391169994, ""DC-3"": 257.0970577400631, ""DC-4"": 231.17684270325773, ""DC-5"": 216.11468973195355}"
89,130,1376.9686131712426,1060,1060,0,0,1060,364,60,636,0,1000,938,62,0,232,170,62,21,0,18345.181776820657,1060,93689,93689,93689,93689,0,92692,13.89362013744858,6.979794234374784,6.913825910721185,-151.23125914087836,0.0022084658744718597,0.6663775444030762,1.0652206314622232,1.070505822941942,150.71117418397148,150.710418211739,150.70966294486567,18.069135600002483,"{""DC-1"": 361.32205013788007, ""DC-2"": 335.2555893589468, ""DC-3"": 244.80502880889284, ""DC-4"": 167.6815175621956, ""DC-5"": 267.904427303329}"
90,131,1327.4463888819446,1049,1049,0,0,1049,348,49,652,0,1000,930,70,0,210,140,70,25,0,17539.585097121555,1048,94738,94738,94738,94738,0,93740,14.330394185453882,7.26055428135486,7.069839887946617,-151.23801142568806,-0.003108640639835663,0.6584979295730591,1.0782998108681832,1.0707879920724694,150.72231308740513,150.71316328849502,150.7239616044605,18.721370599989314,"{""DC-1"": 286.3265535841827, ""DC-2"": 296.07901627704075, ""DC-3"": 222.4658012195667, ""DC-4"": 276.6851851360066, ""DC-5"": 245.88983266514822}"
91,132,1317.3648086803573,1046,1046,0,0,1046,392,46,608,0,1000,920,80,0,226,146,80,31,0,14348.720011132064,1048,95784,95784,95784,95784,0,94788,14.053129021448033,7.2051368483150275,6.847992182801698,-151.10634512573708,0.0015028767482793484,0.6613438725471497,1.0673068569589208,1.0707503814278667,150.60894047394964,150.61365408569802,150.61143318933384,17.17256420000922,"{""DC-1"": 326.3191124838208, ""DC-2"": 227.82558140160546, ""DC-3"": 170.85040517524791, ""DC-4"": 275.34900086776247, ""DC-5"": 317.0207087519208}"
92,133,1284.014841190166,1054,1054,0,0,1054,365,54,635,0,1000,919,81,0,242,161,81,22,0,15275.262759950594,1052,96838,96838,96838,96838,0,95840,12.107099457612057,6.125006129986433,5.982093310061517,-151.28730041445888,-0.0012631954548007565,0.658856213092804,1.0737023975685975,1.0706644407243329,150.78346693379797,150.7761714920798,150.77102228897152,17.436273500003153,"{""DC-1"": 265.28147560766934, ""DC-2"": 223.9204914681162, ""DC-3"": 246.465948951432, ""DC-4"": 261.85880670277515, ""DC-5"": 286.48811846017276}"
93,134,1299.9378056208172,1044,1044,0,0,1044,410,44,590,0,1000,914,86,0,264,178,86,41,0,13716.737969089605,1044,97882,97882,97882,97882,0,96884,14.696938762262864,7.527534112162973,7.169404609564164,-150.98364718206997,-0.0004966339658208947,0.6573177576065063,1.0717985071099123,1.0704263622276629,150.4787835892133,150.48914125230579,150.48227051482803,18.512261900003068,"{""DC-1"": 246.72247991520092, ""DC-2"": 306.06495688061335, ""DC-3"": 231.02467651311815, ""DC-4"": 254.04373918155227, ""DC-5"": 262.08195313033303}"
94,135,1399.6882174593188,1035,1035,0,0,1035,377,35,623,0,1000,936,64,0,214,150,64,19,0,14443.592185835698,1036,98917,98917,98917,98917,0,97920,13.054023169182443,6.6657290084711835,6.388294163587931,-150.7212088006804,0.002209075479467065,0.6629983186721802,1.0652911187253864,1.0706426481712739,150.21416195018872,150.2166363336865,150.20985240273495,16.894567300012568,"{""DC-1"": 249.11540567226217, ""DC-2"": 324.0031291275232, ""DC-3"": 300.08910906407846, ""DC-4"": 224.33273883821516, ""DC-5"": 302.14783475724005}"
95,136,1325.1670604032936,1043,1043,0,0,1043,371,43,629,0,1000,925,75,0,231,156,75,24,0,14561.16965609347,1044,99960,99960,99960,99960,0,98964,13.71086588604697,6.986832008622159,6.724033892839804,-150.53948020204274,-0.0011721654877403815,0.6599337458610535,1.073456680295111,1.070600444558023,150.05214987860785,150.04475978690544,150.04246689076624,17.154555899993284,"{""DC-1"": 301.02826225253654, ""DC-2"": 281.9037386019183, ""DC-3"": 299.8261160212408, ""DC-4"": 193.21140491711827, ""DC-5"": 249.19753861047909}"
96,137,1295.1309998369798,1044,1044,0,0,1044,366,44,634,0,1000,917,83,0,211,128,83,25,0,15006.717698285642,1044,101004,101004,101004,101004,0,100008,13.644219923750194,6.91900624842936,6.725213664130689,-150.4634886847602,0.00029888528814428695,0.6606203317642212,1.0697984907818936,1.0704565623710895,149.98313294333974,149.98290891391565,149.98455795931176,17.384468000003835,"{""DC-1"": 327.1620990702564, ""DC-2"": 299.3979415778383, ""DC-3"": 288.9081523321899, ""DC-4"": 240.63563591805706, ""DC-5"": 139.02717093863745}"
97,138,1239.8260700986364,1056,1056,0,0,1056,406,56,594,0,1000,906,94,0,248,154,94,26,0,16428.045114051347,1056,102060,102060,102060,102060,0,101064,13.482672896349069,6.9416436253849305,6.541029326843493,-150.33237197182396,-5.739324941797267e-05,0.6601772904396057,1.070994412074938,1.0707381513308396,149.85187154827696,149.84951000502616,149.85440641460997,17.70774069998879,"{""DC-1"": 280.74537247259786, ""DC-2"": 282.188392268424, ""DC-3"": 267.876374985217, ""DC-4"": 195.06467251610442, ""DC-5"": 213.95125785629415}"
98,139,1289.1649325863875,1045,1045,0,0,1045,405,45,595,0,1000,912,88,0,243,155,88,37,0,17269.188561251434,1044,103105,103105,103105,103105,0,102108,13.307460700871843,6.703167433140378,6.604293285087607,-150.25300225444224,-0.0009545169598324817,0.6578512191772461,1.0729776707645577,1.0705791442330312,149.76460482425617,149.7652632906976,149.76183782409433,17.238213500007987,"{""DC-1"": 341.44303680046824, ""DC-2"": 208.67845804275362, ""DC-3"": 270.99102607011554, ""DC-4"": 226.93852262599788, ""DC-5"": 241.11388904705137}"
99,140,1273.2613674883278,1037,1037,0,0,1037,386,37,614,0,1000,908,92,0,243,151,92,27,0,15114.412259097022,1036,104142,104142,104142,104142,0,103144,11.670902192362487,6.002010816887999,5.6688913490091055,-150.18613668022007,-0.00048362149413797327,0.6571134924888611,1.071988727825489,1.0708615371389278,149.71279578779655,149.71495852967487,149.7209644243984,17.311716000025626,"{""DC-1"": 353.89028700566314, ""DC-2"": 280.21715505747284, ""DC-3"": 197.271176410526, ""DC-4"": 174.8035170983604, ""DC-5"": 267.07923191630545}"
100,141,1349.3719874600422,1038,1038,0,0,1038,348,38,652,0,1000,931,69,0,219,150,69,24,0,15759.404459585574,1040,105180,105180,105180,105180,0,104184,13.149965208768844,6.669703277601646,6.480261933918182,-150.1603712962224,-0.00028815833121860544,0.6561118960380554,1.0714219593084775,1.0705999309053789,149.69928968869723,149.69448155623215,149.68728369199312,17.197524699993664,"{""DC-1"": 285.9590722461506, ""DC-2"": 255.19469698424336, ""DC-3"": 321.68318895601004, ""DC-4"": 191.75170677125905, ""DC-5"": 294.78332250238117}"
101,142,1435.398893303342,1036,1036,0,0,1036,377,36,623,0,1000,944,56,0,214,158,56,20,0,14468.522606363847,1036,106216,106216,106216,106216,0,105220,13.714455362682637,7.0159539938203155,6.698501379678608,-150.1286087330704,0.0008933017957186089,0.6582490801811218,1.068477960051717,1.0706306583172567,149.6665282967468,149.66276582695804,149.66250458647386,17.53865690002567,"{""DC-1"": 296.5175926732026, ""DC-2"": 301.3906783088814, ""DC-3"": 279.5025500302684, ""DC-4"": 258.41047629946263, ""DC-5"": 299.5775959915267}"
102,143,1425.6119220779967,1037,1037,0,0,1037,425,37,575,0,1000,934,66,0,236,170,66,17,0,14833.69525948157,1036,107253,107253,107253,107253,0,106256,12.108901737279414,6.1435537170259185,5.965348021979498,-150.10046358734485,-0.0015535952468738894,0.6543017029762268,1.0745168463488803,1.0707329884459154,149.61569009140192,149.62090551899206,149.61897252793477,17.348608800006332,"{""DC-1"": 328.46856541885865, ""DC-2"": 326.1368601236484, ""DC-3"": 317.6235429682555, ""DC-4"": 238.06090815940667, ""DC-5"": 215.32204540782763}"
103,144,1363.5094217126152,1034,1034,0,0,1034,398,34,602,0,1000,925,75,0,242,167,75,22,0,15131.482564857719,1032,108287,108287,108287,108287,0,107288,12.850292354129081,6.544636613523314,6.305655745572822,-150.05877311469973,-0.0002917038922490509,0.6536144018173218,1.071532540312109,1.070778558767119,149.59026218384736,149.5918552635252,149.59778427892877,17.27784339999198,"{""DC-1"": 354.84037863799455, ""DC-2"": 291.78148432385285, ""DC-3"": 201.25257248298348, ""DC-4"": 225.7015446044703, ""DC-5"": 289.93344166331457}"
104,145,1331.0864522925326,1036,1036,0,0,1036,354,36,646,0,1000,926,74,0,236,162,74,32,0,16735.825184428937,1036,109323,109323,109323,109323,0,108324,12.546028423033166,6.421422278673953,6.124606150457757,-150.12244094200577,-0.0008729506607848835,0.6514718532562256,1.0727533077296143,1.0706921446507502,149.66177307776962,149.64966583251953,149.6493114928021,17.3598895999894,"{""DC-1"": 387.01045589896773, ""DC-2"": 239.78517208964774, ""DC-3"": 236.59311254889167, ""DC-4"": 269.9414529305913, ""DC-5"": 197.75625882443487}"
105,146,1253.5394178114393,1046,1046,0,0,1046,405,46,595,0,1000,904,96,0,255,159,96,38,0,16667.939601407914,1048,110369,110369,110369,110369,0,109372,12.95691682091196,6.606070527821097,6.350846299005829,-149.97704540864203,-0.0003547225033514244,0.6509510278701782,1.0713227506129797,1.0704514542381272,149.4984978391924,149.50768411068515,149.50046140365018,17.083492600009777,"{""DC-1"": 276.23641410526335, ""DC-2"": 215.12137930272883, ""DC-3"": 267.7373213916591, ""DC-4"": 219.18921286652701, ""DC-5"": 275.2550901452603}"
106,147,1482.427514989392,1037,1037,0,0,1037,356,37,644,0,1000,956,44,0,207,163,44,22,0,18215.65940642817,1036,111406,111406,111406,111406,0,110408,11.671278292147809,5.935242099766565,5.7360361908853745,-150.0005968749293,-0.001017080360693627,0.6487149000167847,1.0735352579576167,1.0710840234425076,149.54281960859262,149.53203930357708,149.53674155864937,17.284347499982687,"{""DC-1"": 309.9618345777943, ""DC-2"": 307.12880517080396, ""DC-3"": 317.8539166308097, ""DC-4"": 251.8222986984623, ""DC-5"": 295.66065991152277}"
107,148,1312.539058642585,1037,1037,0,0,1037,406,37,594,0,1000,915,85,0,235,150,85,18,0,15176.825137710013,1036,112443,112443,112443,112443,0,111444,12.124650617593964,6.08539247639391,6.0392581245153565,-149.9785227388949,0.0004945339281723248,0.6497267484664917,1.0696956064250018,1.070848053486651,149.50867902542174,149.5177601552838,149.50226242477828,17.206350599997677,"{""DC-1"": 319.24055969330277, ""DC-2"": 257.06756233224934, ""DC-3"": 287.28136659333825, ""DC-4"": 194.82168642948483, ""DC-5"": 254.12788359421057}"
108,149,1382.451892496321,1027,1027,0,0,1027,360,27,640,0,1000,931,69,0,224,155,69,22,0,15930.472771431134,1028,113470,113470,113470,113470,0,112472,12.271050371084696,6.264697903904933,6.006352447698088,-150.0874530183666,0.0007278611197259553,0.6510700583457947,1.069269572250574,1.0708529007574,149.61829339112754,149.6228660256946,149.62077319668424,17.27476219998789,"{""DC-1"": 392.70042611069726, ""DC-2"": 244.7639532160085, ""DC-3"": 222.98713678965336, ""DC-4"": 214.9735530461574, ""DC-5"": 307.02682333380494}"
109,150,1420.6850679143965,1038,1038,0,0,1038,337,38,663,0,1000,948,52,0,202,150,52,15,0,15123.289755716884,1040,114508,114508,114508,114508,0,113512,12.266737661682642,6.257377201891862,6.009360467126736,-150.00454012063832,8.21372762752267e-05,0.6510317921638489,1.0708939352287696,1.070880018060024,149.56398258209228,149.55990301278922,149.55326668665958,17.159723299992038,"{""DC-1"": 281.8407070017138, ""DC-2"": 315.12422863328277, ""DC-3"": 324.78159319736653, ""DC-4"": 236.27011199559647, ""DC-5"": 262.6684270864365}"
110,151,1352.3771814900501,1030,1030,0,0,1030,349,30,651,0,1000,928,72,0,219,147,72,19,0,16223.404459585574,1028,115538,115538,115538,115538,0,114540,12.244514050418765,6.18143149885686,6.063082563158139,-150.138025944335,0.0005109892392092555,0.6526275277137756,1.0696720043740848,1.0709005474812325,149.67928605135313,149.67414318633914,149.6815227107779,17.18604139998206,"{""DC-1"": 346.6423992164587, ""DC-2"": 275.07037074396555, ""DC-3"": 195.0518288474641, ""DC-4"": 235.7288290319101, ""DC-5"": 299.8837536502542}"
111,152,1423.268548065355,1040,1040,0,0,1040,332,40,668,0,1000,949,51,0,197,146,51,13,0,15273.15433139282,1040,116578,116578,116578,116578,0,115580,12.147024672994247,6.125276989317857,6.021747698577551,-150.04449578798733,0.0005281324680814018,0.6539720892906189,1.0697029229540091,1.070878609441794,149.5721312889686,149.565452003479,149.57066516876222,17.116946900001494,"{""DC-1"": 312.66322650664904, ""DC-2"": 278.8958940092565, ""DC-3"": 299.20714703861535, ""DC-4"": 258.23738044533974, ""DC-5"": 274.26490006549454}"
112,153,1384.6522331348478,1052,1052,0,0,1052,415,52,585,0,1000,931,69,0,244,175,69,32,0,16595.699988842764,1052,117630,117630,117630,117630,0,116632,12.486830263083425,6.385835728377897,6.100994520314293,-149.86152489375706,-0.003158626472511056,0.6459912657737732,1.0782339997277968,1.0707261335713782,149.42155420281588,149.42917839021283,149.42592807958334,17.116844000003766,"{""DC-1"": 319.76818384874764, ""DC-2"": 270.2218333093252, ""DC-3"": 229.32341404291475, ""DC-4"": 219.15410050443828, ""DC-5"": 346.1847014294229}"
113,154,1350.3197232802509,1047,1047,0,0,1047,398,47,602,0,1000,927,73,0,271,198,73,27,0,17181.188561251434,1048,118677,118677,118677,118677,0,117680,11.68041052891098,5.977446392747282,5.702964138438683,-149.7659991315303,0.003314633724654719,0.6539535522460938,1.0630396175134273,1.070733185146601,149.31976213528,149.31970838008036,149.32490377935744,17.050022500014165,"{""DC-1"": 338.8842433555661, ""DC-2"": 283.81854082428913, ""DC-3"": 244.64758814036657, ""DC-4"": 200.13859411204234, ""DC-5"": 282.8307568479881}"
114,155,1407.3127173125458,1041,1041,0,0,1041,376,41,624,0,1000,937,63,0,198,135,63,25,0,16172.039218902042,1040,119718,119718,119718,119718,0,118720,12.142213268921925,6.12140673995018,6.020806541007299,-149.48454209841213,-0.000637464985349932,0.6524760127067566,1.0722515297050659,1.0707118363334582,149.02566318511964,149.0233578168429,149.0338866307185,17.200468600000022,"{""DC-1"": 273.2643231098205, ""DC-2"": 307.46628589274746, ""DC-3"": 351.219319236841, ""DC-4"": 223.64103923341284, ""DC-5"": 251.72174983972513}"
115,156,1378.7183172833904,1043,1043,0,0,1043,380,43,620,0,1000,934,66,0,240,174,66,25,0,18654.0132696846,1044,120761,120761,120761,120761,0,119764,11.676257093290717,5.961701454102308,5.714555619548563,-149.6814649004589,-0.003062224393051253,0.6451613306999207,1.0779027524350704,1.0706845584728708,149.2383917300637,149.2391137309458,149.22689426173653,17.667716299998574,"{""DC-1"": 377.52987059743793, ""DC-2"": 260.98229862411006, ""DC-3"": 303.3058062465864, ""DC-4"": 234.2214752028424, ""DC-5"": 202.67886661241369}"
116,157,1425.2011723888415,1030,1030,0,0,1030,343,30,657,0,1000,946,54,0,219,165,54,17,0,17277.484205808305,1028,121791,121791,121791,121791,0,120792,11.724149299502837,5.9933049397013995,5.730844352727734,-149.47964557692234,0.0018933637148985125,0.6498705744743347,1.0662826825556588,1.070631704093881,149.05804671944347,149.05527619536284,149.05401016116605,18.213368900003843,"{""DC-1"": 319.08788519828045, ""DC-2"": 282.11212198984765, ""DC-3"": 292.5750869126972, ""DC-4"": 231.22976082411705, ""DC-5"": 300.1963174638992}"
117,158,1308.120862047156,1044,1044,0,0,1044,378,44,622,0,1000,919,81,0,240,159,81,20,0,14011.690164219957,1044,122835,122835,122835,122835,0,121836,11.8378816265256,5.976109584172566,5.861772046006959,-149.53997416879938,-0.0007764133190962761,0.6473225951194763,1.0727636184386367,1.0708205818673204,149.1059543858086,149.09746706440075,149.1072375271969,17.598069700005,"{""DC-1"": 295.85949310834417, ""DC-2"": 232.6211900635573, ""DC-3"": 285.40641013380355, ""DC-4"": 242.91503193364036, ""DC-5"": 251.31873680781126}"
118,159,1377.1197419315172,1041,1041,0,0,1041,368,41,632,0,1000,934,66,0,233,167,66,19,0,14842.719005069728,1044,123876,123876,123876,123876,0,122880,11.376382308901498,5.723637231008303,5.652745079035046,-149.2710356438297,0.00030612710919552323,0.6477264165878296,1.0700796531420558,1.0707510976955807,148.83365832800152,148.83590093152276,148.83354653252496,17.360830599995097,"{""DC-1"": 333.820564575325, ""DC-2"": 267.4305149873709, ""DC-3"": 285.7740011500896, ""DC-4"": 214.12175747805694, ""DC-5"": 275.97290374067654}"
119,160,1361.5329206735582,1026,1026,0,0,1026,390,26,610,0,1000,926,74,0,251,177,74,22,0,14683.719005069728,1024,124902,124902,124902,124902,0,123904,11.293915014481172,5.799533571465872,5.494381427997723,-149.35215048491955,0.0028354579194456164,0.6552168726921082,1.0641913705621846,1.0708664673147723,148.9201309978962,148.9390222132206,148.9316433519125,16.610564900009194,"{""DC-1"": 251.77264037793822, ""DC-2"": 274.6890694862731, ""DC-3"": 333.7359595326272, ""DC-4"": 236.2725572493019, ""DC-5"": 265.0626940274189}"
120,161,1418.9982316880476,1026,1026,0,0,1026,387,26,613,0,1000,938,62,0,245,183,62,16,0,17880.295096398906,1028,125928,125928,125928,125928,0,124932,11.06430291456935,5.70262903253392,5.361673889688944,-149.1817505239049,-0.003604968679196415,0.6467681527137756,1.0792071099179263,1.0707136660466399,148.77777210933226,148.78106940302868,148.78271056891415,16.683602300006896,"{""DC-1"": 283.6072091411005, ""DC-2"": 341.01825512864923, ""DC-3"": 327.4084651976001, ""DC-4"": 228.58587461303298, ""DC-5"": 238.3784276076652}"
121,162,1320.2192358013422,1032,1032,0,0,1032,381,32,619,0,1000,920,80,0,234,154,80,25,0,16720.28838783866,1032,126960,126960,126960,126960,0,125964,10.706725194472675,5.388062724078348,5.318662515790888,-149.42782682965893,0.0010529646459089721,0.6483545899391174,1.068502430883489,1.0708042723956959,149.00835013574408,149.01167316584625,149.00311316260996,16.554229600005783,"{""DC-1"": 315.6952541097919, ""DC-2"": 329.3332602867335, ""DC-3"": 185.3172311849969, ""DC-4"": 231.2897927776922, ""DC-5"": 258.58369744212837}"
122,163,1384.3549587276186,1034,1034,0,0,1034,353,34,647,0,1000,939,61,0,238,177,61,26,0,14683.526109882956,1032,127994,127994,127994,127994,0,126996,11.258423458005106,5.657347440488579,5.601076025255891,-149.35833654477614,0.0007053202324070383,0.6504429578781128,1.0694164649345155,1.0710001203209856,148.92079646088357,148.91800515226615,148.92653508149377,16.53816930000903,"{""DC-1"": 298.83366463788855, ""DC-2"": 283.2268998939935, ""DC-3"": 305.85794527321593, ""DC-4"": 233.99956341820322, ""DC-5"": 262.436885504317}"
123,164,1435.7598662418059,1030,1030,0,0,1030,336,30,664,0,1000,947,53,0,192,139,53,21,0,16484.628686176977,1032,129024,129024,129024,129024,0,128028,10.755886306365332,5.441572089296903,5.3143142095600915,-149.23263645911402,0.0005479226965690032,0.651262640953064,1.0695352080718492,1.0707188600948614,148.78637463177822,148.78565825233164,148.7847232375034,16.675241299992194,"{""DC-1"": 333.26663309504187, ""DC-2"": 285.53611776378034, ""DC-3"": 287.1756110263502, ""DC-4"": 223.5455545980718, ""DC-5"": 306.2359497585634}"
124,165,1473.06570089368,1044,1044,0,0,1044,371,44,629,0,1000,954,46,0,211,165,46,18,0,17181.19045836538,1044,130068,130068,130068,130068,0,129072,10.766863554830296,5.453324663113817,5.313538878699372,-149.46694807439928,-0.0016394339685178437,0.6473734974861145,1.0748311403953252,1.0709396616709186,149.04180905279986,149.03290668940636,149.03485654048993,17.40434040001128,"{""DC-1"": 276.9244519729675, ""DC-2"": 354.7002827973221, ""DC-3"": 332.0446919135772, ""DC-4"": 249.1394040732305, ""DC-5"": 260.2568701365841}"
125,166,1471.9871584815628,1028,1028,0,0,1028,335,28,665,0,1000,952,48,0,181,133,48,16,0,15382.937995193108,1028,131096,131096,131096,131096,0,130100,11.340305486309854,5.760432957907131,5.579872554262325,-149.36455047548048,-0.00231482356887289,0.6422810554504395,1.076323468571507,1.071030327782093,148.93596209811793,148.94592034306507,148.93597391328922,17.281146799999988,"{""DC-1"": 361.14381860937186, ""DC-2"": 367.20506075685216, ""DC-3"": 229.7790202819574, ""DC-4"": 221.35289436207646, ""DC-5"": 292.50636447130523}"
126,167,1358.2915608506382,1025,1025,0,0,1025,397,25,603,0,1000,925,75,0,235,160,75,18,0,18113.905851802294,1024,132121,132121,132121,132121,0,131124,11.074888745788485,5.584796803770587,5.490091952728108,-149.24141238629818,0.0016392159143379104,0.6464055776596069,1.0669264190946706,1.0706072029424831,148.8042621910572,148.80308206379414,148.8071105927229,15.283029999991413,"{""DC-1"": 301.8423807849632, ""DC-2"": 258.85234203602886, ""DC-3"": 282.8856207191747, ""DC-4"": 260.01180450766884, ""DC-5"": 254.699412802802}"
127,168,1290.8370428607736,1044,1044,0,0,1044,378,44,622,0,1000,916,84,0,232,148,84,16,0,16464.611370240007,1044,133165,133165,133165,133165,0,132168,10.57835155519946,5.330971404624624,5.24738018734245,-149.19230445774122,0.0011096904025291775,0.6489152312278748,1.0682146404209723,1.0707171549057137,148.73758624431275,148.74950148776117,148.757696509818,15.417421499994816,"{""DC-1"": 289.46506846540154, ""DC-2"": 263.49775583373133, ""DC-3"": 279.32449397486744, ""DC-4"": 224.52272347649145, ""DC-5"": 234.02700111028054}"
128,169,1337.7666046946874,1032,1032,0,0,1032,366,32,634,0,1000,924,76,0,236,160,76,25,0,15582.586505345225,1032,134197,134197,134197,134197,0,133200,11.858091935168865,5.952486107862273,5.90560583643211,-149.16648733153824,0.00014653236356152352,0.6484449505805969,1.0705767197664393,1.0706996736369392,148.72624036508014,148.72796827508498,148.72357386212016,15.39989470000728,"{""DC-1"": 279.8024405666827, ""DC-2"": 286.4029338349652, ""DC-3"": 273.8977920184152, ""DC-4"": 222.8102913995739, ""DC-5"": 274.8531468750497}"
129,170,1334.5779807901927,1037,1037,0,0,1037,383,37,617,0,1000,924,76,0,238,162,76,31,0,18463.472771431134,1036,135234,135234,135234,135234,0,134236,11.355778462177998,5.664724494844791,5.691053955596386,-149.38156988077642,-0.002449508218708696,0.6433306932449341,1.0765909379398502,1.0709770415050182,148.92034038705717,148.93253911139882,148.9244193588905,15.399126200005412,"{""DC-1"": 284.95397656922967, ""DC-2"": 215.86018909615123, ""DC-3"": 328.4775837662771, ""DC-4"": 232.45486327294458, ""DC-5"": 272.83136808559}"
130,171,1310.1242940714935,1029,1029,0,0,1029,386,29,614,0,1000,915,85,0,252,167,85,21,0,15023.592185835698,1028,136263,136263,136263,136263,0,135264,11.118758606075776,5.633239676632306,5.4855189122810435,-149.28810021663918,0.001903439351042247,0.6474518775939941,1.0664336659333122,1.0707588454396808,148.8361470263292,148.85065409738266,148.84611297488675,15.082323100010399,"{""DC-1"": 348.68981021627644, ""DC-2"": 227.99011692262127, ""DC-3"": 243.3052647254131, ""DC-4"": 194.69249593469308, ""DC-5"": 295.4466062724899}"
131,172,1456.1590607979251,1031,1031,0,0,1031,377,31,623,0,1000,945,55,0,228,173,55,19,0,17089.401029268513,1032,137294,137294,137294,137294,0,136296,11.52587330017903,5.872354928259702,5.653518351820088,-149.28135960601097,0.0012853214010287639,0.6507406234741211,1.0675141718382983,1.0704913701890975,148.8454131192939,148.85836389822552,148.83563662684242,15.267482199997175,"{""DC-1"": 349.00637847894984, ""DC-2"": 293.29473921349785, ""DC-3"": 323.2602209134196, ""DC-4"": 243.2677716400008, ""DC-5"": 247.32995055205816}"
132,173,1319.4271766770928,1032,1032,0,0,1032,368,32,632,0,1000,922,78,0,234,156,78,22,0,17103.26161135231,1032,138326,138326,138326,138326,0,137328,10.932876827411873,5.503835447652396,5.429041360930879,-149.32391588077988,0.0011199058591687778,0.6534889936447144,1.0679569802311963,1.0704677627068158,148.8910241385763,148.89050857780515,148.88067566331966,15.18456100000185,"{""DC-1"": 333.231788258696, ""DC-2"": 279.8373820394584, ""DC-3"": 189.04402114365922, ""DC-4"": 259.4272247841268, ""DC-5"": 257.886760451152}"
133,174,1347.4718446795305,1035,1035,0,0,1035,379,35,621,0,1000,926,74,0,236,162,74,33,0,18119.289726327566,1036,139361,139361,139361,139361,0,138364,11.414621510560908,5.832069588789148,5.582551913486944,-149.3515864780971,-0.002834137940746067,0.6464515328407288,1.077348122495482,1.0707338667514241,148.9448620564229,148.9458084548302,148.9482262659257,15.335017199977301,"{""DC-1"": 310.766244662471, ""DC-2"": 288.47580397812743, ""DC-3"": 275.7506847376892, ""DC-4"": 172.2079039245596, ""DC-5"": 300.2712073766822}"
134,175,1410.4191551542676,1044,1044,0,0,1044,357,44,643,0,1000,942,58,0,223,165,58,19,0,15280.537220416008,1044,140405,140405,140405,140405,0,139408,10.556134420793175,5.330325345198314,5.225809048875538,-149.24838115063665,-0.0013130585642056932,0.6426794528961182,1.073929697788995,1.0708574850212111,148.85533694563242,148.85014881119417,148.86037567840225,15.135040299996035,"{""DC-1"": 310.0182218223475, ""DC-2"": 289.0813586553415, ""DC-3"": 306.75319398836876, ""DC-4"": 216.49123873539395, ""DC-5"": 288.07514195281766}"
135,176,1300.1983843915925,1030,1030,0,0,1030,391,30,609,0,1000,913,87,0,253,166,87,24,0,17808.05661205956,1028,141435,141435,141435,141435,0,140436,10.621780772153505,5.4666813477467935,5.155099404461189,-149.2982133946994,0.001011415074080236,0.6451981067657471,1.0685219472484366,1.070770460575935,148.9065396201286,148.91534229382466,148.91609309155655,15.212939799996093,"{""DC-1"": 305.8588710574465, ""DC-2"": 274.64514062146367, ""DC-3"": 248.73945883216317, ""DC-4"": 173.1309571087525, ""DC-5"": 297.82395677176527}"
136,177,1425.7290380598552,1036,1036,0,0,1036,348,36,652,0,1000,946,54,0,213,159,54,27,0,12959.946239131636,1036,142471,142471,142471,142471,0,141472,11.312967097667194,5.771664650628925,5.541302442665726,-149.41193450279678,-0.0010883022246039094,0.6425867676734924,1.0732479510850428,1.07077528139339,149.01473635227984,149.01594858648235,149.01783110276153,15.156072300014785,"{""DC-1"": 333.3303779905832, ""DC-2"": 301.0108767372637, ""DC-3"": 294.12721323816646, ""DC-4"": 237.55315993142966, ""DC-5"": 259.7074101624094}"
137,178,1348.4222784033386,1029,1029,0,0,1029,372,29,628,0,1000,926,74,0,236,162,74,24,0,15321.941053420522,1032,143500,143500,143500,143500,0,142504,10.916709043027819,5.614523900340694,5.3021851053764655,-149.3278426976167,0.0013231600070951594,0.6449514031410217,1.067741795970026,1.0705910526042761,148.9203822113747,148.9265503698541,148.92174055409987,14.98811529998784,"{""DC-1"": 238.5800796658201, ""DC-2"": 287.004449584567, ""DC-3"": 277.94111262448473, ""DC-4"": 244.92246576426234, ""DC-5"": 299.974170764204}"
138,179,1399.4647603990045,1041,1041,0,0,1041,382,41,618,0,1000,938,62,0,230,168,62,21,0,15562.522145741972,1040,144541,144541,144541,144541,0,143544,11.4255539894104,5.7144432787711805,5.711110716026563,-149.25909017416146,5.688720445435208e-06,0.64613938331604,1.0708624449486916,1.0709599807858468,148.85541716355544,148.859458732605,148.85928864112267,15.173807400016813,"{""DC-1"": 350.2709268045919, ""DC-2"": 224.91123834340675, ""DC-3"": 283.23153965963655, ""DC-4"": 248.1620640800086, ""DC-5"": 292.88899151136013}"
139,180,1494.0317078802393,1036,1036,0,0,1036,354,36,646,0,1000,957,43,0,184,141,43,18,0,17806.611497566817,1036,145577,145577,145577,145577,0,144580,10.790888401762398,5.451017063787085,5.339871337860247,-149.2550693349949,0.003488507304177889,0.6536483764648438,1.0629718271461692,1.0708005483546312,148.85881001240497,148.85385252610138,148.86004379449204,15.152846100012539,"{""DC-1"": 340.58512528675, ""DC-2"": 364.1544154020775, ""DC-3"": 275.9287962827562, ""DC-4"": 219.61052401077583, ""DC-5"": 293.7528468978807}"
140,181,1366.962245280109,1040,1040,0,0,1040,379,40,621,0,1000,931,69,0,247,178,69,21,0,16448.950906756458,1040,146617,146617,146617,146617,0,145620,10.203303684867345,5.169838828421556,5.03346485541417,-149.2010514479417,-0.0030624716434081516,0.647140622138977,1.0781066302496654,1.071034608208216,148.81538887023925,148.80622659829947,148.81469802856446,15.124026900011813,"{""DC-1"": 302.6440793776279, ""DC-2"": 279.6237716833258, ""DC-3"": 267.93062981468495, ""DC-4"": 258.52553364641017, ""DC-5"": 258.23823075806143}"
141,182,1446.6808456304934,1033,1033,0,0,1033,362,33,638,0,1000,947,53,0,208,155,53,17,0,15530.369817868243,1032,147650,147650,147650,147650,0,146652,10.830406893593397,5.430697603627693,5.399709282688392,-149.1359202658483,0.0009751700007224947,0.6496611833572388,1.0687485669356909,1.070929804398108,148.73415642376094,148.73728721086368,148.74673312579014,15.118364199995995,"{""DC-1"": 337.1945030180355, ""DC-2"": 269.6315178775514, ""DC-3"": 329.31196825695633, ""DC-4"": 243.65670183853092, ""DC-5"": 266.8861546394205}"
142,183,1392.4067589166307,1037,1037,0,0,1037,352,37,648,0,1000,938,62,0,208,146,62,23,0,15437.261611352313,1036,148687,148687,148687,148687,0,147688,10.427431690646875,5.141202104713005,5.286229581331194,-149.07992313635395,-8.67241868591044e-05,0.6492186188697815,1.0712244788537155,1.0709503985740043,148.68733182929196,148.68478910527173,148.68559951487654,15.100976399990031,"{""DC-1"": 264.0685886577449, ""DC-2"": 306.8143118876227, ""DC-3"": 306.36300519855814, ""DC-4"": 221.96780606907117, ""DC-5"": 293.1930471036355}"
143,184,1326.9674993114875,1050,1050,0,0,1050,353,50,647,0,1000,929,71,0,237,166,71,25,0,12809.05007181681,1052,149737,149737,149737,149737,0,148740,10.999241010771051,5.606799845573113,5.392441168144176,-148.93851369415398,1.2282663230348676e-05,0.6496660709381104,1.0708980337635192,1.0709441519508798,148.54150705373786,148.55051850003434,148.5462063691462,15.30179590001353,"{""DC-1"": 317.83504405062683, ""DC-2"": 250.71079610315664, ""DC-3"": 300.1182587661007, ""DC-4"": 186.35000533526534, ""DC-5"": 271.9533950563377}"
144,185,1366.5029713101142,1035,1035,0,0,1035,383,35,617,0,1000,929,71,0,243,172,71,29,0,14070.059443257227,1036,150772,150772,150772,150772,0,149776,10.332135415445423,5.159440367378323,5.172695053705377,-149.02398067459637,-0.001033124453356691,0.6465948820114136,1.073117858136943,1.0706295180044578,148.6090738303873,148.61212371767257,148.61734309251705,15.14562389999628,"{""DC-1"": 291.27714254060544, ""DC-2"": 321.7623075123445, ""DC-3"": 241.50381042351228, ""DC-4"": 223.1685640280345, ""DC-5"": 288.79114680561764}"
145,186,1404.5211148991095,1030,1030,0,0,1030,363,30,637,0,1000,938,62,0,207,145,62,21,0,13854.188561251434,1028,151802,151802,151802,151802,0,150804,10.651763213979596,5.317853975736678,5.3339092508828125,-148.89088061440316,-0.000586334765202036,0.6450387239456177,1.072051804701178,1.0705612894394054,148.48685587426567,148.48622919520514,148.48215673127527,15.019259199994849,"{""DC-1"": 324.50377971113505, ""DC-2"": 234.18435954216994, ""DC-3"": 320.5417515275336, ""DC-4"": 240.19351723864625, ""DC-5"": 285.0977068796258}"
146,187,1236.3063200952104,1042,1042,0,0,1042,393,42,607,0,1000,904,96,0,258,162,96,30,0,16994.9302291215,1044,152844,152844,152844,152844,0,151848,10.735989227605506,5.408951887225739,5.327037329760548,-148.82870531630243,-0.0015226493216471183,0.6414687037467957,1.0742461928005875,1.070779342075874,148.43445217381034,148.44053306433432,148.4378610223646,15.193034299998544,"{""DC-1"": 279.28407933176123, ""DC-2"": 179.02700261188153, ""DC-3"": 262.34068241507265, ""DC-4"": 226.1794066152081, ""DC-5"": 289.4751491212874}"
147,188,1469.1824696605584,1035,1035,0,0,1035,367,35,633,0,1000,949,51,0,194,143,51,22,0,14802.412259097022,1032,153879,153879,153879,153879,0,152880,10.48009704896646,5.362284783822622,5.117812275771023,-148.91008097626442,0.0007492488879816924,0.6430158019065857,1.0690428487552228,1.0707578361034393,148.5466481733692,148.54471935597502,148.55535615137381,15.01585910000722,"{""DC-1"": 344.75853277437477, ""DC-2"": 286.8183457939369, ""DC-3"": 314.2999493307913, ""DC-4"": 256.86033554382794, ""DC-5"": 266.44530621762544}"
148,189,1511.0945410679817,1041,1041,0,0,1041,366,41,634,0,1000,959,41,0,198,157,41,19,0,14811.472771431134,1044,154920,154920,154920,154920,0,153924,9.972854263709422,5.058705616271359,4.914148645953657,-148.76574240790472,-0.001108469530294196,0.6404842138290405,1.07332377832283,1.0707581256769627,148.3844267746498,148.38789049053557,148.38020025085214,15.172604499995941,"{""DC-1"": 409.87807613343983, ""DC-2"": 300.454471527802, ""DC-3"": 330.4779229833216, ""DC-4"": 213.7597150257133, ""DC-5"": 256.5243553977075}"
149,190,1457.4446179979755,1045,1045,0,0,1045,364,45,636,0,1000,952,48,0,227,179,48,15,0,16780.762867140267,1044,155965,155965,155965,155965,0,154968,11.076500070049388,5.593566594452693,5.482933466233513,-148.79794573144437,0.0034728206714643773,0.649766743183136,1.063197672766744,1.071069595114938,148.39491038121483,148.39277265994485,148.38719887569033,15.204238699981943,"{""DC-1"": 300.29250160826643, ""DC-2"": 294.4734846318744, ""DC-3"": 317.6972239300922, ""DC-4"": 242.9380936117486, ""DC-5"": 302.043314215994}"
150,191,1402.24967086362,1048,1048,0,0,1048,375,48,625,0,1000,939,61,0,240,179,61,18,0,16059.537220416008,1048,157013,157013,157013,157013,0,156016,9.837236410106412,5.0341534981973295,4.8030829230565155,-149.00281534850143,-0.0007135748800124888,0.6477922797203064,1.0724955906394784,1.0707094140407694,148.60288950505148,148.602541246487,148.6109447333649,15.365194899990456,"{""DC-1"": 368.21726065518635, ""DC-2"": 212.4373304170027, ""DC-3"": 295.03148239519993, ""DC-4"": 223.02088972021045, ""DC-5"": 303.542707676021}"
151,192,1430.7645040626194,1033,1033,0,0,1033,375,33,625,0,1000,941,59,0,219,160,59,20,0,16935.99759914723,1032,158046,158046,158046,158046,0,157048,10.254911886167157,5.1247428988301476,5.130168979135594,-148.8495355650436,-0.0011374232364419574,0.645058274269104,1.0733724385499954,1.0707872512266619,148.47627874862317,148.48639332970907,148.4862170995668,18.147947000019485,"{""DC-1"": 299.9806822848811, ""DC-2"": 280.18220644139313, ""DC-3"": 314.28489509912447, ""DC-4"": 206.4287749731903, ""DC-5"": 329.88794526402944}"
152,193,1459.2677058531287,1041,1041,0,0,1041,356,41,644,0,1000,952,48,0,225,177,48,32,0,14469.946239131636,1040,159087,159087,159087,159087,0,158088,10.261089371488644,5.185339269615136,5.075750100727265,-149.05313851283148,0.001538085657879352,0.6484778523445129,1.0674380269188148,1.0708493989247543,148.64646260188175,148.6359894532424,148.6447272814237,15.395849799999269,"{""DC-1"": 318.70585141301484, ""DC-2"": 317.71086910163433, ""DC-3"": 334.8570147709578, ""DC-4"": 221.753029966532, ""DC-5"": 266.24094060099094}"
153,194,1468.8395560299666,1031,1031,0,0,1031,384,31,616,0,1000,948,52,0,237,185,52,23,0,15292.188561251434,1032,160118,160118,160118,160118,0,159120,10.314679197793783,5.255241535315218,5.059437642610351,-149.01490351950474,-0.002659246373435215,0.6427303552627563,1.076834054880364,1.0708074632079103,148.62961151063905,148.6295942410018,148.63655955292458,15.067799999989802,"{""DC-1"": 375.73429018452447, ""DC-2"": 346.7063456440971, ""DC-3"": 310.9295482800845, ""DC-4"": 211.55798154624594, ""DC-5"": 223.91139037501654}"
154,195,1375.7000557746076,1047,1047,0,0,1047,385,47,615,0,1000,932,68,0,247,179,68,28,0,14710.047171713772,1048,161165,161165,161165,161165,0,160168,11.055623433062138,5.65380323274445,5.401820185189028,-149.10031081337965,0.00032886222703826706,0.6425046920776367,1.070531923693555,1.0710811487590994,148.71490360580327,148.71887172087457,148.71242582889005,15.300488200009568,"{""DC-1"": 333.20105855564685, ""DC-2"": 301.21747844645756, ""DC-3"": 228.86202350920294, ""DC-4"": 229.75430910423043, ""DC-5"": 282.66518615906887}"
155,196,1418.100476061096,1030,1030,0,0,1030,380,30,620,0,1000,938,62,0,238,176,62,19,0,16781.734889203857,1028,162195,162195,162195,162195,0,161196,11.196057548782704,5.747867669112951,5.448189870740653,-149.11613140774145,-0.0008323182775874546,0.6404119729995728,1.072759740083598,1.070809545220104,148.74462041595103,148.75313829355204,148.74806424152064,15.039621699979762,"{""DC-1"": 334.7023348665199, ""DC-2"": 241.4813805652058, ""DC-3"": 333.99313160480204, ""DC-4"": 241.396447636016, ""DC-5"": 266.52718138855323}"
156,197,1519.4593753900867,1034,1034,0,0,1034,366,34,634,0,1000,962,38,0,205,167,38,25,0,14842.997599147233,1036,163229,163229,163229,163229,0,162232,10.71558815862221,5.457502042349701,5.258086112130102,-149.21213344441418,0.001895849876156127,0.6451419591903687,1.0664981271654483,1.0708154085520152,148.82404700025168,148.8201403673091,148.82166742450022,15.193336500000441,"{""DC-1"": 317.0270732146046, ""DC-2"": 278.3624331529566, ""DC-3"": 380.15616290012355, ""DC-4"": 247.8461535225574, ""DC-5"": 296.06755259984516}"
157,198,1426.2311585014224,1033,1033,0,0,1033,397,33,603,0,1000,940,60,0,222,162,60,14,0,13517.957395369693,1032,164262,164262,164262,164262,0,163264,10.274025932300923,5.150126103744951,5.1238998657511186,-148.96499647096147,-0.001742217379198915,0.6411331295967102,1.0748581736702327,1.070814466176107,148.57014592488608,148.5699976396191,148.57550727489382,15.13753559999168,"{""DC-1"": 335.44543536037463, ""DC-2"": 204.20121153855285, ""DC-3"": 337.7788351456154, ""DC-4"": 285.9595394784995, ""DC-5"": 262.84613697838296}"
158,199,1436.7903751595077,1041,1041,0,0,1041,357,41,643,0,1000,949,51,0,208,157,51,23,0,13243.611370240007,1040,165303,165303,165303,165303,0,164304,10.5299388475143,5.346882226146184,5.183056639478757,-149.20004904820368,0.0033212941829473355,0.6488041281700134,1.063520686672284,1.0710416549673447,148.80609620901254,148.79710426330567,148.78882612081674,15.131323700014036,"{""DC-1"": 326.8085978791669, ""DC-2"": 255.27255983571484, ""DC-3"": 329.57539994942243, ""DC-4"": 235.4274184215924, ""DC-5"": 289.7063990736112}"
159,200,1466.0308444596276,1038,1038,0,0,1038,366,38,634,0,1000,952,48,0,218,170,48,16,0,16676.03959209426,1040,166341,166341,166341,166341,0,165344,10.791737484014952,5.426017074401562,5.365720430245767,-149.18746007772592,-0.0010984947349732886,0.6463549733161926,1.0738184709961598,1.0711837689463908,148.7878330377432,148.7962835752047,148.79498384915865,15.253285300015705,"{""DC-1"": 328.26339590702503, ""DC-2"": 257.3004831128315, ""DC-3"": 361.0725798698339, ""DC-4"": 235.62832344152196, ""DC-5"": 283.76606212841716}"
160,201,1370.1700698536717,1039,1039,0,0,1039,348,39,652,0,1000,935,65,0,215,150,65,24,0,16266.861207326583,1040,167380,167380,167380,167380,0,166384,10.530474883317947,5.33910526140378,5.19136966581528,-149.4162389755249,-0.002056195036857389,0.6410823464393616,1.0758517840733894,1.0710532742050978,149.0287398998554,149.03318729400635,149.03534990457388,15.102894200012088,"{""DC-1"": 331.35228118744385, ""DC-2"": 332.48758324004837, ""DC-3"": 230.0337169471078, ""DC-4"": 197.08743403507313, ""DC-5"": 279.209054444}"
161,202,1441.797252437329,1034,1034,0,0,1034,355,34,645,0,1000,948,52,0,230,178,52,18,0,13705.307241864135,1032,168414,168414,168414,168414,0,167416,10.46362613037575,5.229921364622522,5.233704764944639,-149.23445791791576,0.0008659634028259996,0.6437858939170837,1.0692223350322523,1.0712024613406308,148.8465408798336,148.8480279020561,148.84771520037984,15.101085000002058,"{""DC-1"": 326.85964736541627, ""DC-2"": 308.17668806980225, ""DC-3"": 296.89655703192153, ""DC-4"": 246.1249936925244, ""DC-5"": 263.739366277664}"
162,203,1440.1740830921337,1037,1037,0,0,1037,368,37,632,0,1000,944,56,0,227,171,56,24,0,16888.5412564188,1036,169451,169451,169451,169451,0,168452,10.008257988567058,5.042849934354252,4.965408035687038,-149.37127485238446,0.0011398366865482627,0.6458279490470886,1.0683826086719064,1.0709466301336252,148.97235242924634,148.96753733866925,148.96916385783192,15.088253900001291,"{""DC-1"": 382.09800723334, ""DC-2"": 219.59447633012047, ""DC-3"": 278.88059523866997, ""DC-4"": 234.95204823070384, ""DC-5"": 324.64895605929905}"
163,204,1449.204913956392,1041,1041,0,0,1041,354,41,646,0,1000,951,49,0,179,130,49,20,0,16302.905851802296,1044,170492,170492,170492,170492,0,169496,10.916000062250086,5.503591752828766,5.412408299601398,-149.0909415204863,-0.0012567148278949075,0.6430804133415222,1.0739486901467787,1.0710072765176781,148.7049630263756,148.7256490773168,148.7254647441294,15.265905500011286,"{""DC-1"": 322.5835339166339, ""DC-2"": 300.82578950075487, ""DC-3"": 326.87749697264724, ""DC-4"": 187.7511793748614, ""DC-5"": 311.1669141914946}"
164,205,1440.7618118520816,1034,1034,0,0,1034,376,34,624,0,1000,944,56,0,224,168,56,25,0,15248.997599147233,1032,171526,171526,171526,171526,0,170528,11.296923454186713,5.672401729826779,5.6245217356801955,-149.5356455071028,0.000738204820212446,0.644716739654541,1.0694200557100682,1.0710955942554992,149.15324459519496,149.14974183075188,149.1453629722891,15.471772199991392,"{""DC-1"": 334.3525821769039, ""DC-2"": 330.81382633626004, ""DC-3"": 245.2577348646436, ""DC-4"": 237.4513618358327, ""DC-5"": 292.8863066384401}"
165,206,1478.8323745333626,1036,1036,0,0,1036,347,36,653,0,1000,959,41,0,198,157,41,15,0,18184.479129232237,1036,172562,172562,172562,172562,0,171564,10.127853362946897,5.104107757908037,5.023745588239096,-149.2462630548072,-0.000966744458763123,0.6421045660972595,1.0732350878733925,1.0709732854918623,148.8642867983078,148.8830056650758,148.88003744766058,15.294326700008241,"{""DC-1"": 314.9796787936707, ""DC-2"": 283.951051315, ""DC-3"": 321.39295896072264, ""DC-4"": 260.68580146103875, ""DC-5"": 297.8228840029305}"
166,207,1306.9562794701874,1056,1056,0,0,1056,381,56,619,0,1000,922,78,0,242,164,78,17,0,14590.029916808433,1056,173618,173618,173618,173618,0,172620,10.647108640634652,5.273047539433747,5.37406109352455,-149.4186969092398,-0.0027230768087478778,0.635400116443634,1.0772136365148155,1.0710745537371347,149.042232614575,149.04778935692528,149.04059373971188,15.3736554000061,"{""DC-1"": 256.65744238255036, ""DC-2"": 316.85564613146636, ""DC-3"": 318.0865335758547, ""DC-4"": 168.46678553943255, ""DC-5"": 246.88987184088347}"
167,208,1362.408255499445,1054,1054,0,0,1054,393,54,607,0,1000,931,69,0,241,172,69,20,0,15082.825137710013,1056,174672,174672,174672,174672,0,173676,10.9210261334524,5.5857488370754504,5.335277256866296,-149.40446922995827,0.0007139319420799218,0.6372039914131165,1.0694041367281566,1.0709474263994982,149.0561755064762,149.05637034502897,149.0542043917107,15.510029299999587,"{""DC-1"": 377.8084023336529, ""DC-2"": 229.4559378151581, ""DC-3"": 244.49380633428135, ""DC-4"": 230.9999142820857, ""DC-5"": 279.6501947342675}"
168,209,1459.5300997108,1031,1031,0,0,1031,351,31,649,0,1000,953,47,0,198,151,47,24,0,16907.30425113243,1028,175703,175703,175703,175703,0,174704,11.118819139347002,5.535524953200196,5.583294175246347,-149.34119412314567,0.0019053238352755237,0.6414405703544617,1.0665469492571826,1.0707366901381006,148.98286861018912,148.9683316152847,148.98599465811762,15.022735800012015,"{""DC-1"": 314.506249400658, ""DC-2"": 279.57444152543087, ""DC-3"": 232.86613644463972, ""DC-4"": 308.37636875676554, ""DC-5"": 324.2069035833071}"
169,210,1437.1496373613725,1030,1030,0,0,1030,354,30,646,0,1000,943,57,0,210,153,57,19,0,16245.077263983416,1032,176733,176733,176733,176733,0,175736,10.507202195104702,5.428259474824565,5.078942754934,-149.23507502651955,0.00035807259198974875,0.6426677703857422,1.0700599939324136,1.0708464972039526,148.86538892938185,148.8754448262296,148.87574664566867,15.021368199988501,"{""DC-1"": 377.71112847244086, ""DC-2"": 281.92950683270533, ""DC-3"": 284.2844040693177, ""DC-4"": 246.59312663035573, ""DC-5"": 246.63147135655325}"
170,211,1432.0921602691863,1036,1036,0,0,1036,402,36,598,0,1000,940,60,0,244,184,60,15,0,17751.438066466966,1036,177769,177769,177769,177769,0,176772,10.258203922091303,5.250236177651578,5.007967729826231,-149.34404072706303,-0.0014247187433726583,0.6391367316246033,1.0743733954015386,1.0710921967581892,148.98621913364954,148.99415243730581,148.99597365331465,15.135580299975118,"{""DC-1"": 299.2151034161886, ""DC-2"": 289.67722416177327, ""DC-3"": 309.14170524434303, ""DC-4"": 278.0952478304109, ""DC-5"": 255.9628796164708}"
171,212,1346.4925872926756,1053,1053,0,0,1053,375,53,625,0,1000,929,71,0,232,161,71,17,0,15731.369817868243,1052,178822,178822,178822,178822,0,177824,10.487399601211113,5.311802111764371,5.175597470749467,-149.30993240414463,0.0008244591577203427,0.6417304873466492,1.0688723882681517,1.070776465387852,148.96141377148066,148.94702730070048,148.95564564461944,15.35105840000324,"{""DC-1"": 342.95217958191984, ""DC-2"": 236.81051956898017, ""DC-3"": 297.84618224016447, ""DC-4"": 166.57022457440138, ""DC-5"": 302.31348132721}"
172,213,1322.6519382315148,1037,1037,0,0,1037,334,37,666,0,1000,928,72,0,207,135,72,20,0,17921.719005069728,1036,179859,179859,179859,179859,0,178860,10.985156957477216,5.552933734816474,5.432223202408971,-149.35006285266067,0.00014188550803702482,0.6416329145431519,1.070611525513951,1.0707781809637444,148.99122051106457,148.98478893147472,148.98892834932187,15.118108399998164,"{""DC-1"": 273.03309559140047, ""DC-2"": 232.69448615443218, ""DC-3"": 278.8143168867291, ""DC-4"": 190.5932734027787, ""DC-5"": 347.51676619617496}"
173,214,1528.1169275671903,1022,1022,0,0,1022,356,22,644,0,1000,961,39,0,188,149,39,12,0,17032.26161135231,1024,180881,180881,180881,180881,0,179884,10.150727065978572,5.125985895865597,5.024741180590354,-149.21123027801514,-0.0011785907381636207,0.6388344168663025,1.0736058296752162,1.0709422146901488,148.84133933484554,148.84833209216595,148.85161113739014,14.903651700005867,"{""DC-1"": 371.34366780321994, ""DC-2"": 255.9200976424283, ""DC-3"": 363.7887003066526, ""DC-4"": 248.8861407218265, ""DC-5"": 288.1783210930626}"
174,215,1498.455081973716,1038,1038,0,0,1038,339,38,661,0,1000,963,37,0,198,161,37,13,0,15125.985595783519,1036,181919,181919,181919,181919,0,180920,10.416439236130953,5.261235429743542,5.155203813291425,-149.3684394865883,-0.0009351118731143449,0.6362677812576294,1.0729503583839042,1.0706795769308524,149.00782878978833,149.0051438467843,149.00691508878612,15.060789700015448,"{""DC-1"": 340.12283184558487, ""DC-2"": 322.6780511628959, ""DC-3"": 334.68975413749064, ""DC-4"": 237.77211195246116, ""DC-5"": 263.19233287528436}"
175,216,1457.6474956281984,1040,1040,0,0,1040,364,40,636,0,1000,951,49,0,229,180,49,10,0,17563.201071861542,1040,182959,182959,182959,182959,0,181960,9.910247481098542,5.019521105747956,4.890726365034396,-149.24571697528546,0.0006167408432632398,0.6378576755523682,1.06970925285266,1.071034819804705,148.87166284414437,148.87688567821797,148.88653579125037,14.620304099982604,"{""DC-1"": 322.56712524973125, ""DC-2"": 278.4650415172841, ""DC-3"": 341.60241358118617, ""DC-4"": 254.97533538428934, ""DC-5"": 260.0375798957068}"
176,217,1439.7541844237378,1043,1043,0,0,1043,360,43,640,0,1000,947,53,0,219,166,53,14,0,15890.150440305373,1044,184002,184002,184002,184002,0,183004,10.386949485745923,5.237398243955269,5.149551246814801,-149.1879234752436,0.0006954408418235522,0.6392180323600769,1.0693911502416107,1.0708640293143261,148.82318805095338,148.83188072292285,148.82991716231422,14.699568899988662,"{""DC-1"": 362.1074994535221, ""DC-2"": 285.8413614172241, ""DC-3"": 280.53471970099605, ""DC-4"": 216.95593971768136, ""DC-5"": 294.31466413431417}"
177,218,1478.355146233055,1032,1032,0,0,1032,355,32,645,0,1000,954,46,0,201,155,46,17,0,15515.95422528263,1032,185034,185034,185034,185034,0,184036,10.585870095925738,5.33109284948933,5.254777231766272,-149.437682085259,-0.002036475686558573,0.6345279216766357,1.0754190477174381,1.0708999589894168,149.06067320357923,149.06809045362843,149.06035384836122,14.502431100001559,"{""DC-1"": 327.9961536746255, ""DC-2"": 331.8414089876441, ""DC-3"": 295.40840516829405, ""DC-4"": 256.8389427177557, ""DC-5"": 266.2702356847376}"
178,219,1455.1159274858612,1022,1022,0,0,1022,330,22,670,0,1000,952,48,0,198,150,48,19,0,15802.150440305373,1024,186056,186056,186056,186056,0,185060,10.284077569842339,5.158693045843393,5.125384539598599,-149.37630799412727,0.0016738872382120462,0.6381000876426697,1.0673652818077244,1.0709854249143973,149.03131353855133,149.03229866921902,149.03596459329128,14.321822900004918,"{""DC-1"": 320.6960029864218, ""DC-2"": 303.07687311257524, ""DC-3"": 275.92528382907403, ""DC-4"": 277.8128584694086, ""DC-5"": 277.6049090883812}"
179,220,1361.1330399366095,1049,1049,0,0,1049,359,49,641,0,1000,933,67,0,211,144,67,17,0,16177.10858857166,1048,187105,187105,187105,187105,0,186108,10.223137065426993,5.1588936701758215,5.064243430968459,-149.29969688590245,-0.003658790341071884,0.6300070881843567,1.0788136333909653,1.0706846166885535,148.94300928188645,148.944611454738,148.9447066620106,14.77275639999425,"{""DC-1"": 332.97961062855654, ""DC-2"": 257.25882340882447, ""DC-3"": 303.19640288773394, ""DC-4"": 227.45894557748136, ""DC-5"": 240.23925743401463}"
180,221,1412.68043241361,1062,1062,0,0,1062,354,62,646,0,1000,947,53,0,199,146,53,21,0,15388.479129232237,1060,188167,188167,188167,188167,0,187168,10.84381551562615,5.5195587676651074,5.3242567423379645,-149.1247008269688,0.0007654574841375128,0.6313340067863464,1.0692840852827397,1.0708737164173485,148.79430674426962,148.79708345521172,148.7910624666034,14.940830500010634,"{""DC-1"": 329.17673625557126, ""DC-2"": 315.4670878497851, ""DC-3"": 229.8286472556602, ""DC-4"": 230.18951787673217, ""DC-5"": 308.01844317586136}"
181,222,1448.7187405757686,1027,1027,0,0,1027,358,27,642,0,1000,949,51,0,207,156,51,23,0,16908.05007181681,1028,189194,189194,189194,189194,0,188196,9.731522794827413,4.8680662466394296,4.863456561175766,-149.0643358935642,0.000568019686079247,0.6331073045730591,1.0696242582125421,1.0708674274761854,148.7027933439856,148.70580630172552,148.7142059237113,14.404811200016411,"{""DC-1"": 269.2346265750478, ""DC-2"": 351.6090063169248, ""DC-3"": 260.80948837667603, ""DC-4"": 305.3828285496762, ""DC-5"": 261.68279075744624}"
182,223,1446.5164631633882,1041,1041,0,0,1041,353,41,647,0,1000,949,51,0,211,160,51,18,0,15124.160440305373,1040,190235,190235,190235,190235,0,189236,9.665105897188187,4.760112134653788,4.90499376654625,-149.1019476230328,0.0016396601106792401,0.6371704339981079,1.0669874887053783,1.0705380083276674,148.74714348132792,148.73990898132325,148.73625249129074,14.596997300017392,"{""DC-1"": 327.28004603497675, ""DC-2"": 278.8351665063871, ""DC-3"": 290.3995949661561, ""DC-4"": 238.23522590148576, ""DC-5"": 311.7664297543823}"
183,224,1418.7256115773826,1048,1048,0,0,1048,353,48,647,0,1000,946,54,0,198,144,54,13,0,15623.89009986437,1048,191283,191283,191283,191283,0,190284,10.228154741398251,5.0872199332896075,5.140934804127417,-149.20484652046028,0.0007562666127452882,0.6388170123100281,1.069169718004365,1.0706991597668816,148.8613358271941,148.85859554960527,148.87266358528427,14.685251299990341,"{""DC-1"": 267.27922748915375, ""DC-2"": 245.59403111556404, ""DC-3"": 357.3565967910797, ""DC-4"": 223.8997833177353, ""DC-5"": 324.59597286384894}"
184,225,1469.662703558787,1038,1038,0,0,1038,356,38,644,0,1000,954,46,0,203,157,46,19,0,16161.188561251434,1040,192321,192321,192321,192321,0,191324,10.558935144543648,5.283751066831442,5.2751840743881,-149.19776697892408,-0.0021723661281822177,0.6335753202438354,1.075460087106778,1.0706802956186807,148.85393585791954,148.85770322359525,148.8573626298171,14.617869799985783,"{""DC-1"": 349.66558071538026, ""DC-2"": 313.5149498491444, ""DC-3"": 275.72045801103326, ""DC-4"": 256.86464964447345, ""DC-5"": 273.89706533875443}"
185,226,1370.0370776303466,1042,1042,0,0,1042,409,42,591,0,1000,926,74,0,266,192,74,17,0,15882.261611352313,1040,193363,193363,193363,193363,0,192364,10.678391663157022,5.29833767173382,5.380053980877766,-149.03565348111667,-0.0005591223555921506,0.6315857172012329,1.0723108505973449,1.0708830330234307,148.69583214979906,148.68836577488827,148.6957820745615,14.648249599995324,"{""DC-1"": 290.6681207989824, ""DC-2"": 285.1262477819213, ""DC-3"": 303.60212315800385, ""DC-4"": 229.1274271377731, ""DC-5"": 261.5131587536677}"
186,227,1488.2618669925878,1021,1021,0,0,1021,379,21,621,0,1000,950,50,0,228,178,50,18,0,15047.997599147233,1024,194384,194384,194384,194384,0,193388,10.115542516112328,5.1915862479945645,4.9239562639268115,-149.09550535678864,-9.264902200811775e-05,0.6321755647659302,1.0708894601557404,1.0707519057905301,148.75319872796535,148.75650098919868,148.77462701499462,14.491909600008512,"{""DC-1"": 359.2537475962243, ""DC-2"": 321.59155887949134, ""DC-3"": 286.44424142096733, ""DC-4"": 209.27989853178929, ""DC-5"": 311.69242056411645}"
187,228,1433.5065647442786,1038,1038,0,0,1038,370,38,630,0,1000,945,55,0,210,155,55,17,0,14176.65940642817,1036,195422,195422,195422,195422,0,194424,10.39634546349868,5.256024660636099,5.140320821963682,-149.09441412553824,-0.0010234148565879358,0.6299638748168945,1.0730914670873333,1.0708444587972634,148.7516106270455,148.75861634066666,148.76140170299868,15.42543529998511,"{""DC-1"": 340.6425855717488, ""DC-2"": 280.3683016247217, ""DC-3"": 309.7646667497317, ""DC-4"": 222.99953918251396, ""DC-5"": 279.7314716155624}"
188,229,1489.9652113576292,1031,1031,0,0,1031,370,31,630,0,1000,955,45,0,214,169,45,21,0,18403.668293578743,1032,196453,196453,196453,196453,0,195456,9.675845799289009,4.900746960626092,4.775098836583685,-148.91317474010378,-0.00041818250024369956,0.6284310221672058,1.07178850073454,1.0708204469708509,148.59035661978314,148.58843424893166,148.5957809714384,15.957373199984431,"{""DC-1"": 350.3872295333715, ""DC-2"": 305.4618171516782, ""DC-3"": 267.69089642035937, ""DC-4"": 268.13525496706853, ""DC-5"": 298.29001328515164}"
189,230,1455.5495918469237,1037,1037,0,0,1037,359,37,641,0,1000,951,49,0,222,173,49,20,0,14259.592185835698,1036,197490,197490,197490,197490,0,196492,10.287346683413826,5.101798388833705,5.185548307582678,-148.93045054255305,0.0004296086605640064,0.6296399831771851,1.0698330447825686,1.0707700150123434,148.5907510146211,148.60405482288493,148.59925902672256,15.782162699993933,"{""DC-1"": 310.9272065498734, ""DC-2"": 328.8863886761327, ""DC-3"": 288.2111821681692, ""DC-4"": 256.1494398542813, ""DC-5"": 271.37537459846783}"
190,231,1414.3159563769855,1034,1034,0,0,1034,366,34,634,0,1000,942,58,0,225,167,58,20,0,13905.858178078946,1036,198524,198524,198524,198524,0,197528,9.120314656307338,4.604687459795631,4.51562719455557,-148.70955566641908,-0.0005746891847488014,0.6285644173622131,1.0719922160780109,1.0707230641574934,148.3646870764066,148.36565891103854,148.3712917460438,14.99946479999926,"{""DC-1"": 271.69849349124866, ""DC-2"": 320.78722350122354, ""DC-3"": 289.8170117896444, ""DC-4"": 259.8022853262027, ""DC-5"": 272.2109422686678}"
191,232,1434.4494552301064,1052,1052,0,0,1052,369,52,631,0,1000,948,52,0,235,183,52,22,0,14765.479129232237,1052,199576,199576,199576,199576,0,198580,10.789229492724168,5.537909867079086,5.251319613746817,-148.56750608669034,0.000841132529830638,0.6304320693016052,1.0690522173511665,1.070787483861691,148.23819239511235,148.22603156086157,148.2381036707657,14.718429500004277,"{""DC-1"": 325.28743766699205, ""DC-2"": 233.2801100323009, ""DC-3"": 345.30398990035565, ""DC-4"": 250.43656344542248, ""DC-5"": 280.14135418503446}"
192,233,1483.6481127260686,1026,1026,0,0,1026,348,26,652,0,1000,955,45,0,204,159,45,16,0,18034.461851788597,1024,200602,200602,200000,200000,0,199604,9.699990089051425,4.888090897467919,4.811899212771095,-148.6860961318016,0.002181897704417679,0.6343514919281006,1.0662775199161842,1.0708688037702814,148.36479651927948,148.3628225773573,148.3654401153326,14.333374099980574,"{""DC-1"": 316.0753606671826, ""DC-2"": 326.7066409730745, ""DC-3"": 294.46482177100546, ""DC-4"": 241.39247984625717, ""DC-5"": 305.00880946855045}"
193,234,1393.5900634944187,1048,1048,0,0,1048,396,48,604,0,1000,935,65,0,236,171,65,18,0,14138.537220416008,1048,201650,201650,200000,200000,0,200652,10.792819717913183,5.372688065617139,5.420131645471085,-148.40363263719865,-0.00021354992261231087,0.6346893310546875,1.071491386428589,1.0710517701529365,148.0690069271408,148.06918448528262,148.06540363981523,14.664448199997423,"{""DC-1"": 371.1419504054096, ""DC-2"": 242.51674399723518, ""DC-3"": 266.8466603618627, ""DC-4"": 232.28021217651707, ""DC-5"": 280.8044965533932}"
194,235,1376.4350410531054,1044,1044,0,0,1044,360,44,640,0,1000,936,64,0,218,154,64,21,0,17673.668777204155,1044,202694,202694,200000,200000,0,201696,10.684404602452712,5.3840056372328275,5.300398976524214,-148.31777351934792,2.4604290399086658e-05,0.634560763835907,1.0707750081216696,1.0707861213620138,148.01941702831752,148.0175668416809,148.02573261772537,14.568910200003302,"{""DC-1"": 286.1484061040646, ""DC-2"": 217.1631599705277, ""DC-3"": 297.81477783137996, ""DC-4"": 256.59734938147955, ""DC-5"": 318.7113477656546}"
195,236,1402.8854971143105,1032,1032,0,0,1032,358,32,642,0,1000,940,60,0,220,160,60,20,0,16871.33200164795,1032,203726,203726,200000,200000,0,202728,9.68696672186371,4.951125852128332,4.73584087424038,-148.22475056315577,-0.00011800572557226834,0.633717954158783,1.0711111785598504,1.0707552379877991,147.92059434107108,147.92012943593107,147.9203178938045,14.662046999990707,"{""DC-1"": 252.7168331427261, ""DC-2"": 297.81700921058047, ""DC-3"": 264.3807777329427, ""DC-4"": 254.6744331481682, ""DC-5"": 333.29644387989504}"
196,237,1406.4568922020499,1034,1034,0,0,1034,376,34,624,0,1000,937,63,0,205,142,63,15,0,15677.18561101524,1036,204760,204760,200000,200000,0,203764,9.70810271943398,4.814709345231185,4.893393363731708,-148.24809633350742,-0.00012806798313460294,0.6335778832435608,1.071104678638193,1.0708340424828549,147.9185556095079,147.9359610421317,147.93040149644534,14.541831000009552,"{""DC-1"": 320.6385125961595, ""DC-2"": 296.3618301864651, ""DC-3"": 295.59425804071844, ""DC-4"": 227.5851235693246, ""DC-5"": 266.2771678093833}"
197,238,1447.0898640946627,1031,1031,0,0,1031,374,31,626,0,1000,946,54,0,195,141,54,17,0,15094.190458365381,1028,205791,205791,200000,200000,0,204792,10.296905460060803,5.218707831917106,5.078197638812232,-148.19470119847398,0.0003384237201677831,0.6335926651954651,1.0702817340305344,1.0708538538519046,147.89462784941557,147.90585684869075,147.90564340376204,14.405846200010274,"{""DC-1"": 314.32678862832137, ""DC-2"": 309.52162798220274, ""DC-3"": 255.6653023397315, ""DC-4"": 279.7674578655888, ""DC-5"": 287.80868727881835}"
198,239,1345.918165208876,1026,1026,0,0,1026,340,26,660,0,1000,928,72,0,223,151,72,24,0,14829.905380712176,1028,206817,206817,200000,200000,0,205820,9.762540196398353,4.9155108138976855,4.847029375774851,-148.15651128449792,-0.0006731518711632023,0.6330621838569641,1.0722843438154992,1.0709326159397452,147.86877318207857,147.87862054847093,147.87247777263477,14.4815227999934,"{""DC-1"": 306.27634067936043, ""DC-2"": 253.89574385688098, ""DC-3"": 246.5464335046939, ""DC-4"": 233.93450566615203, ""DC-5"": 305.26514150178883}"
199,240,1367.5867573632875,1028,1028,0,0,1028,334,28,666,0,1000,934,66,0,199,133,66,19,0,15823.941053420522,1028,207845,207845,200000,200000,0,206848,9.760903675268596,4.832573995747919,4.928329705148355,-147.93355383668893,-1.7375377249624943e-05,0.6329704523086548,1.070928395722163,1.0708152651786804,147.65041456704938,147.658294648048,147.65641428431647,14.459101999993436,"{""DC-1"": 287.4107039082342, ""DC-2"": 264.05287801025236, ""DC-3"": 302.6751066181606, ""DC-4"": 192.70377091022405, ""DC-5"": 320.7442979164171}"
200,241,1394.2334533206354,1024,1024,0,0,1024,377,24,623,0,1000,933,67,0,232,165,67,24,0,18528.668293578743,1024,208869,208869,200000,200000,0,207872,10.191896228585392,5.1386049996363,5.053291233256459,-147.9913667589426,-0.0009824303358527686,0.6307876706123352,1.0732200283091515,1.0710647939704359,147.71367406845093,147.72735944390297,147.71672156453133,14.293002299993532,"{""DC-1"": 337.17929675322824, ""DC-2"": 224.60771942940292, ""DC-3"": 303.94441910068093, ""DC-4"": 261.1242762135087, ""DC-5"": 267.37774182381344}"
201,242,1440.7382165603888,1041,1041,0,0,1041,406,41,594,0,1000,941,59,0,239,180,59,17,0,15341.461851788597,1040,209910,209910,200000,200000,0,208912,10.030325141090612,5.215037802664133,4.81528731985734,-147.8148773780236,-0.00034972083454844183,0.6298581957817078,1.0718431278490104,1.071038875098412,147.5470922763531,147.56402059701773,147.55806933182936,14.717940600006841,"{""DC-1"": 362.7798812401576, ""DC-2"": 309.89855507045087, ""DC-3"": 292.7335615274204, ""DC-4"": 200.0521689429167, ""DC-5"": 275.2740497794416}"
202,243,1505.327748491444,1031,1031,0,0,1031,353,31,647,0,1000,959,41,0,205,164,41,17,0,17250.182232429557,1032,210941,210941,200000,200000,0,209944,9.714219493690388,4.891392379306083,4.822827119351357,-147.7601859070534,0.0025428635914956197,0.6353334188461304,1.065512391081614,1.070915777322858,147.46541607287503,147.47757187185363,147.4762218682341,14.739964600012172,"{""DC-1"": 340.09986489275076, ""DC-2"": 296.955448220619, ""DC-3"": 360.5607989895409, ""DC-4"": 206.7377499052991, ""DC-5"": 300.97388648323414}"
203,244,1515.439945686162,1034,1034,0,0,1034,361,34,639,0,1000,961,39,0,196,157,39,16,0,17074.881818827696,1032,211975,211975,200000,200000,0,210976,10.151239832935406,5.145588879206384,5.005650966204414,-147.73846975223037,-0.002515162058718784,0.629116952419281,1.0762425550194674,1.070697543348453,147.469557887824,147.46807197452515,147.47690557139788,14.524639799987199,"{""DC-1"": 335.3380692430466, ""DC-2"": 305.0315614799311, ""DC-3"": 333.96425412432154, ""DC-4"": 211.7063782580931, ""DC-5"": 329.39968258077033}"
204,245,1363.983745156055,1040,1040,0,0,1040,369,40,631,0,1000,932,68,0,227,159,68,22,0,16504.317873312404,1040,213015,213015,200000,200000,0,212016,9.609959469620998,4.737107567145274,4.872851891586413,-147.8015419593224,-0.00023920334015901273,0.6282828450202942,1.0711857320597538,1.0705976121700727,147.5254800062913,147.52724792773907,147.53232768132136,14.542092099989532,"{""DC-1"": 269.4037374911106, ""DC-2"": 288.3456364500738, ""DC-3"": 275.5943701367216, ""DC-4"": 261.2355972932058, ""DC-5"": 269.40440378494344}"
205,246,1397.2199942160453,1039,1039,0,0,1039,372,39,628,0,1000,936,64,0,219,155,64,18,0,15016.476421465482,1040,214054,214054,200000,200000,0,213056,10.328047688420002,5.260303091085874,5.067744607879566,-147.58055375906136,-0.0006030259198339011,0.6277300715446472,1.0720648422264136,1.0707649734157783,147.35454318706806,147.35215096106896,147.34948353400597,14.832377899991116,"{""DC-1"": 370.32626455388964, ""DC-2"": 268.00415669947023, ""DC-3"": 322.3876983944042, ""DC-4"": 186.01503051540413, ""DC-5"": 250.48684405287895}"
206,247,1502.6201632838292,1032,1032,0,0,1032,361,32,639,0,1000,957,43,0,226,183,43,17,0,15200.937995193108,1032,215086,215086,200000,200000,0,214088,9.577811553958774,4.830012881940649,4.74779869026916,-147.7394945750865,0.0008846057870862067,0.6291112303733826,1.0690706144123114,1.0709370949933694,147.48180651110272,147.47791526853575,147.48412065727766,14.579777200007811,"{""DC-1"": 391.37725719830394, ""DC-2"": 289.77498914931346, ""DC-3"": 320.8083102742362, ""DC-4"": 240.00252815338106, ""DC-5"": 260.6570785085935}"
207,248,1479.7041434052358,1026,1026,0,0,1026,379,26,621,0,1000,950,50,0,227,177,50,16,0,14941.401029268513,1028,216112,216112,200000,200000,0,215116,10.613519188726922,5.32778934247299,5.285729841731402,-147.94755528965814,-0.0004644065602512211,0.6282767653465271,1.0720346215749994,1.070912227440437,147.681312961801,147.68197297864387,147.67558707151895,14.562931299995398,"{""DC-1"": 361.8764959556484, ""DC-2"": 272.49671773205995, ""DC-3"": 350.0193464666889, ""DC-4"": 224.07450257464566, ""DC-5"": 271.23708067619265}"
208,249,1376.532388627959,1033,1033,0,0,1033,377,33,623,0,1000,930,70,0,224,154,70,30,0,16576.032584019293,1032,217145,217145,200000,200000,0,216148,10.106400375911432,5.143482868292535,4.962917520209801,-147.74390714482743,-0.0019110034495391775,0.6241216659545898,1.0749023374776507,1.070866642303245,147.48084489689316,147.50588931593785,147.49189634101336,14.47815010001068,"{""DC-1"": 353.8264028039958, ""DC-2"": 266.7222596541523, ""DC-3"": 238.19477901663257, ""DC-4"": 210.36151521783532, ""DC-5"": 307.42743193534295}"
209,250,1486.6197645289337,1033,1033,0,0,1033,342,33,658,0,1000,958,42,0,185,143,42,16,0,17032.08566455818,1032,218178,218178,200000,200000,0,217180,9.6300567832104,4.751856528626856,4.87820025285085,-147.78808268465738,0.0008026021259724949,0.6250206232070923,1.0694702811712442,1.0711091195428095,147.53209945028144,147.51960736651753,147.53445499627165,14.716508800018346,"{""DC-1"": 309.6462970087436, ""DC-2"": 329.61469397364135, ""DC-3"": 296.683581173385, ""DC-4"": 240.36589768151146, ""DC-5"": 310.30929469165466}"
210,251,1427.1861535358667,1031,1031,0,0,1031,365,31,635,0,1000,943,57,0,209,152,57,21,0,16646.69016421996,1032,219209,219209,200000,200000,0,218212,9.916951403137325,5.00149992108345,4.915451473159384,-147.83499974982684,-0.0017207511224650396,0.6215202808380127,1.0747263297554135,1.0709927821344183,147.56925029902496,147.57456673023313,147.57248634515807,14.472738600015873,"{""DC-1"": 369.9105518191906, ""DC-2"": 212.56249105409518, ""DC-3"": 297.2523743419047, ""DC-4"": 258.35420288742915, ""DC-5"": 289.1065334332475}"
211,252,1522.3004953461411,1025,1025,0,0,1025,355,25,645,0,1000,962,38,0,207,169,38,20,0,14829.537220416008,1024,220234,220234,200000,200000,0,219236,10.021454646252096,5.058117496431805,4.963337141205557,-147.8682949244976,0.0014152777761182733,0.624940037727356,1.0681173910852522,1.0710280342027545,147.60214464366436,147.6059189736843,147.60496039688587,14.361924199998612,"{""DC-1"": 347.4916651375112, ""DC-2"": 331.1767867409276, ""DC-3"": 320.0407046874746, ""DC-4"": 229.71601273734512, ""DC-5"": 293.8753260428839}"
212,253,1480.562124927604,1041,1041,0,0,1041,332,41,668,0,1000,960,40,0,180,140,40,18,0,15944.039218902042,1040,221275,221275,200000,200000,0,220276,10.510614298169429,5.260285861102434,5.250328443715206,-147.66953886472263,-0.0036260857253532426,0.6166718006134033,1.0786112670715038,1.0709202902821393,147.4071962943444,147.41892314324014,147.42082267174354,14.810265900014201,"{""DC-1"": 390.2683354004671, ""DC-2"": 324.7050593964676, ""DC-3"": 288.7625730774111, ""DC-4"": 233.674407434648, ""DC-5"": 243.15174961860993}"
213,254,1495.314183955785,1040,1040,0,0,1040,336,40,664,0,1000,962,38,0,200,162,38,19,0,15214.585097121555,1040,222315,222315,200000,200000,0,221316,10.46686391394872,5.414539781327431,5.052324110842668,-147.51586658771222,0.0007043034068863983,0.6185654997825623,1.0695099688493288,1.0710256483692389,147.27947066380426,147.2935050377479,147.29417492793158,14.598182099987753,"{""DC-1"": 327.3414533909173, ""DC-2"": 259.8500725555128, ""DC-3"": 364.18908954466986, ""DC-4"": 242.78274366206296, ""DC-5"": 301.1508248026229}"
214,255,1435.5276998307631,1035,1035,0,0,1035,336,35,664,0,1000,948,52,0,189,137,52,21,0,16583.30425113243,1036,223350,223350,200000,200000,0,222352,9.714036118800115,4.876312569186494,4.837723566758586,-147.54633994084068,0.0012587809289758844,0.6211891174316406,1.0682395241550497,1.0708330701677036,147.3059376013325,147.296403656595,147.30319632158316,14.49430150000262,"{""DC-1"": 326.9460797623538, ""DC-2"": 225.64844834252463, ""DC-3"": 317.3424387352154, ""DC-4"": 243.78990522494362, ""DC-5"": 321.800827765726}"
215,256,1473.7643403783313,1019,1019,0,0,1019,364,19,636,0,1000,948,52,0,209,157,52,18,0,15349.188561251434,1020,224369,224369,200000,200000,0,223372,9.964592690795076,5.003099068590239,4.961493612504473,-147.2443301481359,-0.0001776618260990682,0.6203868985176086,1.0714812314977833,1.0710052804619659,147.0158960529402,147.0141288757324,147.0242338292739,14.32428629999049,"{""DC-1"": 361.02023116534144, ""DC-2"": 303.35125287584304, ""DC-3"": 243.95706334806377, ""DC-4"": 245.25464587425853, ""DC-5"": 320.181147114826}"
216,257,1451.5453611493683,1037,1037,0,0,1037,348,37,652,0,1000,950,50,0,208,158,50,20,0,17719.45799628715,1036,225406,225406,200000,200000,0,224408,9.859014728584805,5.014172635483465,4.844842118416054,-147.23247485363345,0.002762719408207138,0.6265496015548706,1.0651903787059673,1.071035854259513,146.97880405440753,146.98515657108263,146.97982363903384,14.559445599996252,"{""DC-1"": 361.37656605811367, ""DC-2"": 288.4705759914293, ""DC-3"": 239.58654100205212, ""DC-4"": 252.27129367847755, ""DC-5"": 309.8403844192966}"
217,258,1366.7819861072562,1042,1042,0,0,1042,377,42,623,0,1000,932,68,0,249,181,68,27,0,17908.585097121555,1044,226448,226448,200000,200000,0,225452,10.024709070550985,4.941441209037642,5.083267868935377,-147.39882958072354,-0.0017892212960003765,0.6224857568740845,1.074794911675983,1.0709374480777316,147.14412788595732,147.1364667315136,147.14355667523498,14.568312199990032,"{""DC-1"": 308.5761804365739, ""DC-2"": 300.18403740675683, ""DC-3"": 271.19941011408724, ""DC-4"": 196.47259531072345, ""DC-5"": 290.3497628391142}"
218,259,1551.4202319877581,1028,1028,0,0,1028,363,28,637,0,1000,968,32,0,190,158,32,15,0,13421.150440305373,1028,227476,227476,200000,200000,0,226480,9.813640596569744,4.899717171484395,4.913923410821981,-147.27164159396278,-0.0015332309732119396,0.618766725063324,1.074218026452955,1.0709553519807438,147.02480406705507,147.02595050975043,147.02794360743422,14.36483610002324,"{""DC-1"": 349.1742792110911, ""DC-2"": 283.32075326849514, ""DC-3"": 353.4993039423505, ""DC-4"": 273.68280804609606, ""DC-5"": 291.74308751972603}"
219,260,1488.217578795681,1034,1034,0,0,1034,367,34,633,0,1000,955,45,0,214,169,45,17,0,17545.522513301476,1032,228510,228510,200000,200000,0,227512,10.263257884239966,5.10929122613382,5.153966664343841,-147.34201449017192,-0.0019624644133276773,0.6149228811264038,1.0751499224078747,1.0710392374862996,147.0955491029015,147.09146953553193,147.08776584891385,14.570341999991797,"{""DC-1"": 373.6539260317654, ""DC-2"": 287.3328340305634, ""DC-3"": 299.00458068683207, ""DC-4"": 259.2809960364979, ""DC-5"": 268.94524201002156}"
220,261,1405.10999538189,1037,1037,0,0,1037,360,37,640,0,1000,939,61,0,201,140,61,28,0,14643.668293578743,1036,229547,229547,200000,200000,0,228548,10.39266274150274,5.164235290528264,5.228427441423924,-147.42873956982234,0.0021555288654345746,0.6190316081047058,1.0665588176388539,1.0709323380214366,147.1533570455308,147.16701404468432,147.16031777812708,14.548702300002333,"{""DC-1"": 324.19082113870564, ""DC-2"": 331.61134167839094, ""DC-3"": 268.74946119270993, ""DC-4"": 197.00708801982478, ""DC-5"": 283.55128335226027}"
221,262,1467.2990237773652,1031,1031,0,0,1031,351,31,649,0,1000,953,47,0,193,146,47,14,0,14109.133578438852,1032,230578,230578,200000,200000,0,229580,10.082484720982322,5.050886472643808,5.031598236671714,-147.45509900233543,0.002328373249796176,0.6236823201179504,1.065834836557854,1.0707100793834805,147.2259140162505,147.2144165482632,147.22402069919792,14.954505600006087,"{""DC-1"": 301.67373953937715, ""DC-2"": 268.7366302317503, ""DC-3"": 335.1921335968168, ""DC-4"": 273.447036897581, ""DC-5"": 288.2494835118412}"
222,263,1479.755593142236,1039,1039,0,0,1039,352,39,648,0,1000,957,43,0,202,159,43,12,0,17065.009059259028,1040,231617,231617,200000,200000,0,230620,9.653275566605421,4.849154895200179,4.804120673009982,-147.52461151709923,-0.004006084605666379,0.6154256463050842,1.0795364860731822,1.0711053205224184,147.27768742487982,147.2807076087365,147.27820258507361,14.536578400002327,"{""DC-1"": 362.489832756279, ""DC-2"": 323.36074022878614, ""DC-3"": 305.19774354075236, ""DC-4"": 232.25816672853276, ""DC-5"": 256.4491098878879}"
223,264,1485.1921809572561,1032,1032,0,0,1032,365,32,635,0,1000,952,48,0,194,146,48,26,0,16216.412259097022,1032,232649,232649,200000,200000,0,231652,10.548633751712105,5.404228966134463,5.144404770445454,-147.32621680858523,-0.001149164434917661,0.61378413438797,1.0730748662306357,1.0707305737937143,147.10223282215208,147.1059895892476,147.11123602519663,14.46020070000668,"{""DC-1"": 376.59353197143673, ""DC-2"": 263.3835557049311, ""DC-3"": 309.976782583524, ""DC-4"": 226.66634763733614, ""DC-5"": 308.57196306002857}"
224,265,1532.0956415230764,1015,1015,0,0,1015,369,15,631,0,1000,960,40,0,203,163,40,21,0,14555.537220416008,1016,233664,233664,200000,200000,0,232668,9.654065598653057,4.837038937281436,4.817026676624779,-147.56527585307444,0.00012139530025613237,0.6138834953308105,1.0706694618336798,1.0708154610057516,147.33792815621445,147.33275460070513,147.3343059509758,14.269841500004986,"{""DC-1"": 333.28659939021986, ""DC-2"": 311.0513628131247, ""DC-3"": 328.24387562483173, ""DC-4"": 267.64024299613607, ""DC-5"": 291.87356069876506}"
225,266,1420.9007416490786,1043,1043,0,0,1043,353,43,647,0,1000,944,56,0,198,142,56,15,0,16211.611497566815,1040,234707,234707,200000,200000,0,233708,9.616822497432048,4.85071450311404,4.766107982397079,-147.39576986753025,-6.823943784603706e-07,0.6136487722396851,1.0712417455246814,1.0711586510905853,147.14058262751652,147.13741638477032,147.1382194665762,14.617564599990146,"{""DC-1"": 341.60223669654755, ""DC-2"": 278.28150816825354, ""DC-3"": 303.8114406157593, ""DC-4"": 173.38003185832926, ""DC-5"": 323.82552431018854}"
226,267,1475.91043726481,1027,1027,0,0,1027,384,27,616,0,1000,950,50,0,230,180,50,22,0,15708.894113301132,1028,235734,235734,200000,200000,0,234736,10.8034775702406,5.38504333695549,5.4184342226165745,-147.36524360745798,-0.0002883852526078051,0.6127934455871582,1.071717789490863,1.0710839131694823,147.12450790405273,147.11819940411164,147.1344566196783,14.39341729998705,"{""DC-1"": 335.7264031613665, ""DC-2"": 291.8251349442216, ""DC-3"": 329.52903540161634, ""DC-4"": 267.89062896009636, ""DC-5"": 250.93923479750816}"
227,268,1420.9879693497137,1031,1031,0,0,1031,370,31,630,0,1000,940,60,0,221,161,60,20,0,16872.946239131634,1032,236765,236765,200000,200000,0,235768,10.659599163273509,5.527214939973151,5.132384232541387,-147.34646714380546,0.004167458636987622,0.6214502453804016,1.0624258452954218,1.0710828998523165,147.11217266644618,147.11206848676815,147.1104008578515,14.497283200005768,"{""DC-1"": 348.10119263206127, ""DC-2"": 297.11669172271525, ""DC-3"": 310.83550298087204, ""DC-4"": 246.15330300608503, ""DC-5"": 218.78127900798006}"
228,269,1471.0903301690842,1023,1023,0,0,1023,349,23,651,0,1000,951,49,0,187,138,49,13,0,17210.586505345225,1024,237788,237788,200000,200000,0,236792,9.939979640766978,4.994989906786941,4.944989756913856,-147.50992292165756,-0.0034984455843414253,0.6146855354309082,1.0782796024577692,1.0709364857757464,147.262982994318,147.2594799697399,147.2589564025402,14.419705100008287,"{""DC-1"": 285.9819486379714, ""DC-2"": 321.48081569490057, ""DC-3"": 323.0233547741909, ""DC-4"": 234.99235514474947, ""DC-5"": 305.61185591727406}"
229,270,1475.4250401357094,1036,1036,0,0,1036,341,36,659,0,1000,957,43,0,205,162,43,14,0,13953.65940642817,1036,238824,238824,200000,200000,0,237828,9.610380469832181,4.8910449706449475,4.7193354923982875,-147.55203143970385,-0.0019113989760398031,0.6113356351852417,1.074747563271449,1.0708791000272317,147.30458110087628,147.3070212551986,147.31140714078336,14.515659900003811,"{""DC-1"": 344.44659013066325, ""DC-2"": 289.499702981832, ""DC-3"": 295.53729057551726, ""DC-4"": 247.32389141737994, ""DC-5"": 298.6175650303176}"
230,271,1524.3939910061752,1021,1021,0,0,1021,338,21,662,0,1000,963,37,0,215,178,37,16,0,14330.946239131636,1020,239845,239845,200000,200000,0,238848,9.657509312208962,4.854039896002003,4.803469432802761,-147.5133088354971,-0.0016172847379565094,0.6073520183563232,1.0743039613845302,1.0709048184694028,147.2900116565181,147.28748725442324,147.28838019277535,14.296983199979877,"{""DC-1"": 356.5663162658964, ""DC-2"": 331.6663483834736, ""DC-3"": 300.81462843968933, ""DC-4"": 221.5871386500228, ""DC-5"": 313.75955926709395}"
231,272,1510.2906242086954,1030,1030,0,0,1030,345,30,655,0,1000,961,39,0,192,153,39,17,0,18043.45799628715,1028,240875,240875,200000,200000,0,239876,10.283274602101471,5.137215953044854,5.146058657405905,-147.6084259864421,0.006267779758145692,0.6194567084312439,1.0579047561967418,1.0706705648147643,147.3684861446633,147.3817923133939,147.38644568001715,14.406619500019588,"{""DC-1"": 356.78197395031583, ""DC-2"": 309.80638464649826, ""DC-3"": 317.60491033831596, ""DC-4"": 238.20643209610057, ""DC-5"": 287.89092317746713}"
232,273,1405.769828284651,1043,1043,0,0,1043,372,43,628,0,1000,940,60,0,220,160,60,24,0,15732.261611352313,1044,241918,241918,200000,200000,0,240920,9.638328458157536,4.962634367846895,4.675694085857421,-147.57329154471327,-0.002464972070455765,0.6153458952903748,1.0762908710487957,1.0711939675141111,147.33521856841458,147.3449540119975,147.34357830939166,14.615168800024549,"{""DC-1"": 279.4450252455023, ""DC-2"": 300.9343828061301, ""DC-3"": 307.63648153087854, ""DC-4"": 249.9635734463119, ""DC-5"": 267.7903652558272}"
233,274,1397.6041447338177,1043,1043,0,0,1043,346,43,654,0,1000,941,59,0,198,139,59,19,0,15962.74357677477,1044,242961,242961,200000,200000,0,241964,9.82482932468027,4.929464516055082,4.895364821870665,-147.68659328592236,0.001655799686534944,0.6182668209075928,1.0673374595884162,1.0706735651840196,147.45700044010792,147.4574590807217,147.47058766098314,14.677764399995795,"{""DC-1"": 336.80731026336207, ""DC-2"": 291.67137731961657, ""DC-3"": 298.7011820975837, ""DC-4"": 223.524049893218, ""DC-5"": 246.9002251600375}"
234,275,1533.2783587464896,1031,1031,0,0,1031,351,31,649,0,1000,966,34,0,213,179,34,17,0,16395.032584019293,1032,243992,243992,200000,200000,0,242996,10.172921736111013,5.147366831700007,5.025554909031521,-147.73366440174192,-0.00022074569949822486,0.6180325150489807,1.0712975041233292,1.0708694349425707,147.50077812431394,147.50093426076018,147.496371734974,14.370439599995734,"{""DC-1"": 306.5574847042907, ""DC-2"": 317.78540262395086, ""DC-3"": 343.0146545457015, ""DC-4"": 260.1974707683345, ""DC-5"": 305.7233461042117}"
235,276,1441.3476250680403,1027,1027,0,0,1027,370,27,630,0,1000,943,57,0,218,161,57,27,0,16660.84735688132,1024,245019,245019,200000,200000,0,244020,9.581897006602958,4.804364587413147,4.777532427571714,-147.74903532862663,0.00027492889353197825,0.6183822154998779,1.0701161689357832,1.0706554800271988,147.517556771636,147.5087411403656,147.52693051099777,14.33014429998002,"{""DC-1"": 331.3275340289641, ""DC-2"": 263.14976890820213, ""DC-3"": 327.24191899856885, ""DC-4"": 230.34329727294096, ""DC-5"": 289.28510585936505}"
236,277,1539.869660177397,1025,1025,0,0,1025,358,25,642,0,1000,965,35,0,207,172,35,15,0,16165.905851802296,1028,246044,246044,200000,200000,0,245048,9.983620045713877,4.946971292277718,5.036648734650259,-147.68025740389695,0.0005044919839092614,0.6192150712013245,1.0698261613511855,1.0707390991398333,147.4214492827538,147.42112129300486,147.4334492367993,14.378515999997035,"{""DC-1"": 390.56189719901965, ""DC-2"": 281.41681734607755, ""DC-3"": 358.88240606066756, ""DC-4"": 251.03540393057335, ""DC-5"": 257.9731356410589}"
237,278,1471.4840305760595,1032,1032,0,0,1032,340,32,660,0,1000,954,46,0,178,132,46,16,0,14958.522513301477,1032,247076,247076,200000,200000,0,246080,9.61418185746947,4.952293508967688,4.661888348963833,-147.6474256293718,-0.0016778998529040363,0.6156737804412842,1.0744108914635901,1.0708749334710512,147.40762150195218,147.41643677940664,147.41842660238578,14.510194300004514,"{""DC-1"": 319.8571678388653, ""DC-2"": 295.28100355810585, ""DC-3"": 297.9718639246408, ""DC-4"": 213.14239024300085, ""DC-5"": 345.2316050114453}"
238,279,1460.8593883671283,1038,1038,0,0,1038,339,38,661,0,1000,954,46,0,201,155,46,21,0,14896.619522439647,1036,248114,248114,200000,200000,0,247116,10.22663756595155,5.215165753507246,5.011471803699221,-147.78640079866506,4.679476875995203e-05,0.6159436106681824,1.0707152267220397,1.0708264831640546,147.54353435619458,147.5441849756425,147.54026476296679,14.535659000015585,"{""DC-1"": 340.9995743272873, ""DC-2"": 273.62212257053915, ""DC-3"": 328.2842825911947, ""DC-4"": 250.78403762425364, ""DC-5"": 267.16937125385533}"
239,280,1504.4965723044972,1040,1040,0,0,1040,365,40,635,0,1000,960,40,0,203,163,40,18,0,14698.457996287148,1040,249154,249154,200000,200000,0,248156,9.987027116922231,4.975232951113811,5.011794154460613,-147.69555339813232,-0.0016559743448921766,0.6123403310775757,1.0745463822896664,1.0710743387158101,147.46696692246658,147.4629817522489,147.46053324479323,14.538366799999494,"{""DC-1"": 284.2913741611215, ""DC-2"": 334.9291402370313, ""DC-3"": 328.6630941521868, ""DC-4"": 246.80142375292334, ""DC-5"": 309.8115400012351}"
240,281,1437.495695166377,1046,1046,0,0,1046,361,46,639,0,1000,949,51,0,214,163,51,14,0,16562.42016915551,1048,250200,250200,200000,200000,0,249204,9.684247841134326,4.92837280854014,4.755875057732786,-147.82248823151335,-0.0009072314842758729,0.6101301908493042,1.0730167925357819,1.0710380444772372,147.60068996808002,147.6170470259572,147.61212776999437,14.6396064000146,"{""DC-1"": 355.7794187122792, ""DC-2"": 274.8910751315629, ""DC-3"": 280.9641243417698, ""DC-4"": 265.03745973669476, ""DC-5"": 260.82361724407184}"
241,282,1492.524689523719,1029,1029,0,0,1029,375,29,625,0,1000,952,48,0,224,176,48,20,0,15402.611370240007,1028,251229,251229,200000,200000,0,250232,10.45423281563859,5.30305096634631,5.15118184929228,-147.8223094569106,-9.800008034282854e-05,0.6105214953422546,1.0711627940607442,1.0709844661825825,147.62167120907557,147.6180925183723,147.61770214273773,14.46203590001096,"{""DC-1"": 354.9136039898225, ""DC-2"": 265.8093181202168, ""DC-3"": 321.85429572710393, ""DC-4"": 241.36005812202524, ""DC-5"": 308.58741356455107}"
242,283,1478.0502899605974,1024,1024,0,0,1024,339,24,661,0,1000,953,47,0,186,139,47,20,0,14184.415594894863,1024,252253,252253,200000,200000,0,251256,9.97522631380707,4.919197654002346,5.0560286425752565,-147.8495055437088,0.0007898614655914571,0.6119348406791687,1.0692508475040086,1.0707519431598485,147.61911423504353,147.6213257610798,147.6144908219576,14.395561000012094,"{""DC-1"": 330.8477594217789, ""DC-2"": 307.29343329831056, ""DC-3"": 321.5793878862878, ""DC-4"": 238.05751243824827, ""DC-5"": 280.2721969159711}"
243,284,1466.3397549297847,1043,1043,0,0,1043,363,43,637,0,1000,955,45,0,218,173,45,15,0,14886.02089468451,1044,253296,253296,200000,200000,0,252300,9.303682270634678,4.718697000851576,4.584985263959658,-147.89111490359252,0.0021060413194345703,0.6167129874229431,1.0666286861987864,1.070939740915408,147.65641186885907,147.65384469452488,147.65770128038196,14.81943509998382,"{""DC-1"": 304.3760634039458, ""DC-2"": 334.77293188653994, ""DC-3"": 236.99798848827095, ""DC-4"": 271.2336958856569, ""DC-5"": 318.9590752653711}"
244,285,1551.9735482471995,1034,1034,0,0,1034,367,34,633,0,1000,965,35,0,210,175,35,12,0,14439.522640378935,1032,254330,254330,200000,200000,0,253332,10.293860018715378,5.163106408692146,5.1307536249243935,-147.92516121383784,0.00017873448481721906,0.6163970828056335,1.0708087896422822,1.0711219150197597,147.69942033752915,147.6978450154149,147.69222794761953,14.419988400011789,"{""DC-1"": 351.8233635942524, ""DC-2"": 306.1655501716064, ""DC-3"": 367.3758863158007, ""DC-4"": 230.0599893388626, ""DC-5"": 296.54875882667847}"
245,286,1462.0943333300677,1039,1039,0,0,1039,376,39,624,0,1000,949,51,0,222,171,51,22,0,17846.472771431134,1040,255369,255369,200000,200000,0,254372,10.427325872503793,5.183509881909077,5.243815978559164,-148.38787395770734,-0.0015095088761881924,0.6137450337409973,1.074097087406195,1.070995375743279,148.13021156604472,148.13480306772087,148.13497056227465,14.578296699997736,"{""DC-1"": 332.9832039227007, ""DC-2"": 272.0703982463998, ""DC-3"": 288.73625484399753, ""DC-4"": 227.3718026942073, ""DC-5"": 340.9326736227626}"
246,287,1436.9857768992606,1025,1025,0,0,1025,345,25,655,0,1000,947,53,0,195,142,53,20,0,17605.89009986437,1024,256394,256394,200000,200000,0,255396,9.22854918660596,4.626552168978378,4.601997033227235,-148.31380227208138,-0.00014354561017171363,0.6126445531845093,1.0714162234216928,1.0709827940445393,148.06900297105312,148.07013408839703,148.07095496356487,14.414478999999119,"{""DC-1"": 307.3170451997559, ""DC-2"": 294.2796824459937, ""DC-3"": 257.95992409890954, ""DC-4"": 265.44790699528045, ""DC-5"": 311.9812181593202}"
247,288,1487.046981246666,1023,1023,0,0,1023,361,23,639,0,1000,954,46,0,219,173,46,17,0,17612.585097121555,1024,257417,257417,200000,200000,0,256420,10.386392636457458,5.306011322769336,5.080381304142065,-148.28483989834785,-0.0019382254413358169,0.6090487241744995,1.0749247582862154,1.07091506710276,148.06780637800694,148.05724893510342,148.04937562346458,14.465034900000319,"{""DC-1"": 350.7232049585618, ""DC-2"": 286.3517630157001, ""DC-3"": 273.65439039483175, ""DC-4"": 271.70289070015934, ""DC-5"": 304.6147321774127}"
248,289,1455.6630048819377,1039,1039,0,0,1039,363,39,637,0,1000,953,47,0,217,170,47,28,0,16789.404459585574,1040,258456,258456,200000,200000,0,257460,10.020407952712132,5.0486188171001585,4.971789132402494,-148.19520964989294,0.0011242189529674272,0.6113911271095276,1.0685566197794216,1.0708911685989453,147.97643253619853,147.97075763115515,147.9818508881789,14.519437900016783,"{""DC-1"": 315.86681507247437, ""DC-2"": 314.6659401550489, ""DC-3"": 310.764461870185, ""DC-4"": 273.7709993625871, ""DC-5"": 240.59478842164407}"
249,290,1520.4874820182695,1020,1020,0,0,1020,362,20,638,0,1000,958,42,0,182,140,42,19,0,15249.23963281584,1020,259476,259476,200000,200000,0,258480,10.50367185531878,5.163065476394167,5.340606358121423,-148.38210936901615,-0.005311557647826917,0.6005814671516418,1.081829095646447,1.0711464394541348,148.1602347430061,148.15363645366594,148.17102638693416,14.24477369998931,"{""DC-1"": 341.39286887579055, ""DC-2"": 313.25048011411775, ""DC-3"": 331.57325411713515, ""DC-4"": 266.27756971214643, ""DC-5"": 267.99330919908033}"
250,291,1468.682015058174,1031,1031,0,0,1031,366,31,634,0,1000,952,48,0,220,172,48,17,0,15360.997599147233,1028,260507,260507,200000,200000,0,259508,10.123919770875329,5.104826437360118,5.019093308003496,-148.2608144737867,0.0008650037042383496,0.6021026372909546,1.0694808541336875,1.071088449384452,148.03719880515962,148.03049648596618,148.03656139447995,14.331243599997833,"{""DC-1"": 374.3214953743862, ""DC-2"": 281.618078919929, ""DC-3"": 303.8359562030639, ""DC-4"": 234.2027569710081, ""DC-5"": 274.70372758978414}"
251,292,1374.9456802669893,1031,1031,0,0,1031,408,31,592,0,1000,926,74,0,267,193,74,32,0,16759.188561251434,1032,261538,261538,200000,200000,0,260540,10.441014221703359,5.313510826391767,5.1275033968132595,-148.21852411965068,-0.0022977918315166246,0.5973036289215088,1.0754462030622387,1.0708940889715224,148.0056021047193,148.00568067565445,148.00162202997726,14.37146570000914,"{""DC-1"": 393.71099228952744, ""DC-2"": 301.39172782672296, ""DC-3"": 225.02621573115752, ""DC-4"": 244.48469550667875, ""DC-5"": 210.3320489129036}"
252,293,1367.6751001535424,1035,1035,0,0,1035,370,35,630,0,1000,930,70,0,221,151,70,17,0,15241.063138366728,1036,262573,262573,200000,200000,0,261576,10.54507383462545,5.235010609893725,5.310063215296241,-148.0484404250922,0.0025808390638517743,0.6023128032684326,1.0660116991826467,1.0710161781679248,147.85759621697503,147.83868836804245,147.849508720015,14.551197399996454,"{""DC-1"": 339.72332688045304, ""DC-2"": 327.29927028775853, ""DC-3"": 210.87679396484114, ""DC-4"": 213.54297086021325, ""DC-5"": 276.23273816027813}"
253,294,1425.0358586881462,1027,1027,0,0,1027,390,27,610,0,1000,938,62,0,247,185,62,21,0,14919.461851788597,1028,263600,263600,200000,200000,0,262604,10.284272491931915,5.097020748176464,5.1872517486258705,-147.99703603959733,0.002337074174513091,0.6071266531944275,1.0664194725482845,1.0710631937136446,147.76454705858046,147.78083173403016,147.78220711793418,14.382743500027573,"{""DC-1"": 342.2707189896927, ""DC-2"": 314.05126921458447, ""DC-3"": 227.83663161770608, ""DC-4"": 263.6962134706506, ""DC-5"": 277.18102539551217}"
254,295,1462.1006503582407,1032,1032,0,0,1032,358,32,642,0,1000,950,50,0,197,147,50,20,0,16723.597916709667,1032,264632,264632,200000,200000,0,263636,9.837520874516908,4.971524377894956,4.865996480103611,-147.9511693022972,0.0005283337810650727,0.6083596348762512,1.0698820868319319,1.0708825805390527,147.7197942807693,147.72555907197702,147.72806417479995,14.455330700002378,"{""DC-1"": 361.4112894057351, ""DC-2"": 318.49754119222735, ""DC-3"": 293.6613588760006, ""DC-4"": 234.07867266948224, ""DC-5"": 254.45178821479516}"
255,296,1463.105967738743,1036,1036,0,0,1036,348,36,652,0,1000,953,47,0,198,151,47,19,0,14843.21324759689,1036,265668,265668,200000,200000,0,264672,9.61763218954263,4.864789661178257,4.752842520769959,-147.89401616276922,0.0005417024870906529,0.6092053651809692,1.069703458013682,1.0707604752774404,147.67373384748186,147.68086865693905,147.67883713180953,14.455473799986066,"{""DC-1"": 373.4322598632497, ""DC-2"": 284.64356800000485, ""DC-3"": 309.5736036131585, ""DC-4"": 241.1610581850038, ""DC-5"": 254.2954780773255}"
256,297,1481.4684821444246,1028,1028,0,0,1028,348,28,652,0,1000,956,44,0,218,174,44,17,0,14400.719005069728,1028,266696,266696,200000,200000,0,265700,10.079376282395092,5.115790785518602,4.963585486091993,-147.78321517766219,-0.004602133001541494,0.6003379821777344,1.080461144911176,1.0713074577225785,147.58934969475297,147.58223975214977,147.58098612685149,14.359684399998514,"{""DC-1"": 307.5168515684915, ""DC-2"": 340.05434955445315, ""DC-3"": 305.00042122568107, ""DC-4"": 263.28330670959184, ""DC-5"": 265.61355308620756}"
257,298,1461.0583896847215,1028,1028,0,0,1028,380,28,620,0,1000,948,52,0,235,183,52,22,0,16379.65940642817,1028,267724,267724,200000,200000,0,266728,10.28430348495565,5.135306596640019,5.148996874632075,-147.7995725104781,0.0002977573534778178,0.6012434363365173,1.0703538841774491,1.070920558407149,147.6148408229249,147.61596758356353,147.62678189407526,14.407353199989302,"{""DC-1"": 318.0284076869744, ""DC-2"": 287.8431860369386, ""DC-3"": 351.05771240202665, ""DC-4"": 247.95955728214398, ""DC-5"": 256.16952627663846}"
258,299,1437.5952550551008,1044,1044,0,0,1044,353,44,647,0,1000,950,50,0,200,150,50,19,0,15084.815496201169,1044,268768,268768,200000,200000,0,267772,9.246174756137805,4.711924652715296,4.534250096228845,-147.74127879818738,0.002409333344776419,0.6065257787704468,1.0661713608836763,1.0708933714705866,147.52911989350886,147.5207668172902,147.5285372971575,14.490912800014485,"{""DC-1"": 303.70317163672854, ""DC-2"": 305.896283412167, ""DC-3"": 296.67174004494575, ""DC-4"": 238.11378081310798, ""DC-5"": 293.21027914815437}"
259,300,1420.9759283279989,1029,1029,0,0,1029,363,29,637,0,1000,941,59,0,205,146,59,15,0,17218.188561251434,1028,269797,269797,200000,200000,0,268800,9.900344250499042,4.887151972561031,5.013192298695271,-147.8076385023065,-0.001217930018494145,0.603607714176178,1.073464892427745,1.0709578197753846,147.5796592949893,147.58664669229827,147.5792994072465,14.95991169998888,"{""DC-1"": 331.1903779190954, ""DC-2"": 267.64245132204053, ""DC-3"": 281.16808371155884, ""DC-4"": 243.59821801311858, ""DC-5"": 297.37679736218615}"
260,301,1405.7663830216125,1036,1036,0,0,1036,365,36,635,0,1000,940,60,0,213,153,60,13,0,16362.11552721546,1036,270833,270833,200000,200000,0,269836,10.878879627665958,5.497054604374764,5.381825008217432,-147.66263204743964,0.0012552221839425863,0.6053159236907959,1.0687814628755725,1.0710769342869866,147.4595525734213,147.4639728796528,147.47052457065655,14.617615600000136,"{""DC-1"": 348.36244302132627, ""DC-2"": 294.72025350245985, ""DC-3"": 253.87307851642117, ""DC-4"": 219.6546278024221, ""DC-5"": 289.1559801789831}"
261,302,1357.4339795369021,1037,1037,0,0,1037,341,37,659,0,1000,934,66,0,217,151,66,16,0,15800.056612059561,1036,271870,271870,200000,200000,0,270872,10.52860873224192,5.287700181877291,5.240908548638627,-147.82873131593684,-0.0011860985930516423,0.603224515914917,1.0734028985946795,1.0709964966681933,147.62470317531276,147.63512081897397,147.63451796424894,14.574456499976804,"{""DC-1"": 313.0271635146279, ""DC-2"": 243.4830940823089, ""DC-3"": 291.7865438198314, ""DC-4"": 223.06908488394683, ""DC-5"": 286.0680932361869}"
262,303,1524.439976859365,1040,1040,0,0,1040,365,40,635,0,1000,964,36,0,201,165,36,20,0,17192.905851802294,1040,272910,272910,200000,200000,0,271912,9.806068591429637,4.947715381360971,4.858353209151671,-147.60482742603008,-0.0006089093085253038,0.602586567401886,1.0722504753905993,1.0710479703087072,147.40790604811448,147.41581643911508,147.41649426680345,14.679326000012225,"{""DC-1"": 347.3082793360282, ""DC-2"": 297.7110578236273, ""DC-3"": 332.2871087961013, ""DC-4"": 247.1669506074882, ""DC-5"": 299.9665802961208}"
263,304,1424.720655411976,1032,1032,0,0,1032,347,32,653,0,1000,946,54,0,212,158,54,14,0,16149.838140668018,1032,273942,273942,200000,200000,0,272944,9.549026081035304,4.9003443905087405,4.648681671004887,-147.61668888358182,0.0022833639446306654,0.6064417958259583,1.0665299440192622,1.0709514613299407,147.40643164168958,147.40294758109158,147.4052084693613,14.376808600005461,"{""DC-1"": 296.5471203637365, ""DC-2"": 295.9826398736194, ""DC-3"": 279.18280796450773, ""DC-4"": 277.5649027102113, ""DC-5"": 275.44318449990186}"
264,305,1556.9339030270144,1022,1022,0,0,1022,362,22,638,0,1000,968,32,0,200,168,32,19,0,15485.930229121499,1024,274964,274964,200000,200000,0,273968,10.347132872324437,5.288104678271338,5.059028179850429,-147.77092364430428,0.00044942806653125444,0.6080602407455444,1.0699890828691423,1.0709594084182754,147.566342279315,147.55930410325527,147.5510112941265,14.341955399984727,"{""DC-1"": 337.18421360279694, ""DC-2"": 333.89212509222415, ""DC-3"": 340.3932220208419, ""DC-4"": 284.6924843015964, ""DC-5"": 260.7718580095551}"
265,306,1398.7500923628913,1026,1026,0,0,1026,384,26,616,0,1000,934,66,0,236,170,66,28,0,15916.261611352313,1024,275990,275990,200000,200000,0,274992,10.341453533386812,5.213092930498533,5.128360600909218,-147.71083262562752,0.00031098099270820967,0.6081936359405518,1.0704100879956968,1.0709632720099762,147.51816667616367,147.5066003650427,147.51523226499557,14.386523199995281,"{""DC-1"": 312.64163168450506, ""DC-2"": 329.9028702248391, ""DC-3"": 235.9080903484234, ""DC-4"": 224.43121505999918, ""DC-5"": 295.8662850451244}"
266,307,1427.6258338888308,1031,1031,0,0,1031,381,31,619,0,1000,941,59,0,218,159,59,22,0,14631.150440305373,1032,277021,277021,200000,200000,0,276024,9.55798384524131,4.813619328561679,4.7443645493697755,-147.76242198500523,-0.00065453716507723,0.6069572567939758,1.072147740527641,1.070766790546188,147.55204533421715,147.56151484703832,147.55670401107434,14.420867200009525,"{""DC-1"": 352.57179420594076, ""DC-2"": 208.97400168991777, ""DC-3"": 290.8970248269276, ""DC-4"": 276.25735516005454, ""DC-5"": 298.9256580059898}"
267,308,1494.9887648841368,1030,1030,0,0,1030,371,30,629,0,1000,954,46,0,222,176,46,18,0,14340.297626136926,1028,278051,278051,200000,200000,0,277052,9.527490001940079,4.787800228781274,4.7396897938001015,-147.7822266367159,-0.0015197932350554356,0.6037389039993286,1.0741753112597223,1.0710830729063383,147.56718320141508,147.58011486187056,147.58645420593973,16.21913250000216,"{""DC-1"": 305.7327853390457, ""DC-2"": 269.8847636456074, ""DC-3"": 364.2369446393305, ""DC-4"": 243.38367501130213, ""DC-5"": 311.75059624885085}"
268,309,1452.8483921194522,1026,1026,0,0,1026,391,26,609,0,1000,942,58,0,211,153,58,16,0,13225.261611352313,1028,279077,279077,200000,200000,0,278080,9.962230555974092,5.179959434131704,4.782271122306238,-147.7302953371278,-0.0010523005918208293,0.6019924879074097,1.0733562539755603,1.0712204098933402,147.56667366473127,147.5504441613817,147.56253265499606,18.235072000010405,"{""DC-1"": 380.3563375270897, ""DC-2"": 249.31160421098866, ""DC-3"": 303.514891501537, ""DC-4"": 259.93364941769755, ""DC-5"": 259.7319094621416}"
269,310,1472.6384027122785,1028,1028,0,0,1028,343,28,657,0,1000,956,44,0,216,172,44,17,0,15417.594838563784,1028,280105,280105,200000,200000,0,279108,9.080044302495073,4.625044585317953,4.45499970975553,-147.61537416806945,0.0008305878829616864,0.6032131910324097,1.0693832763438096,1.0709228665216424,147.42837419027484,147.4282574338208,147.42156114095843,17.087441100011347,"{""DC-1"": 286.4510752693476, ""DC-2"": 286.1865780504685, ""DC-3"": 335.30375194250547, ""DC-4"": 262.72739550790743, ""DC-5"": 301.96960194205116}"
270,311,1352.219794418014,1036,1036,0,0,1036,382,36,618,0,1000,928,72,0,231,159,72,24,0,15796.997599147233,1036,281141,281141,200000,200000,0,280144,9.483284539697713,4.743662212115917,4.739622326200993,-147.60394870360386,-0.002123283288166517,0.5989108085632324,1.0751344386099848,1.0709186434515654,147.41332713241283,147.41439308254874,147.41000143809669,16.983911599993007,"{""DC-1"": 276.8945030485982, ""DC-2"": 292.4381907176503, ""DC-3"": 247.56647959997525, ""DC-4"": 264.3406121051999, ""DC-5"": 270.980008946591}"
271,312,1459.26095833492,1031,1031,0,0,1031,358,31,642,0,1000,951,49,0,227,178,49,17,0,16284.56364661451,1032,282172,282172,200000,200000,0,281176,8.94922242030617,4.688401283681855,4.260821146558421,-147.82610031246216,0.001240733335680841,0.6016536355018616,1.0684002583572108,1.0708503877931788,147.6514395336772,147.65973363181416,147.65879613299703,16.510376000020187,"{""DC-1"": 348.64420124141174, ""DC-2"": 277.21625609024, ""DC-3"": 290.0301076872795, ""DC-4"": 280.2925160379636, ""DC-5"": 263.07787727802634}"
272,313,1353.0538577115485,1043,1043,0,0,1043,361,43,639,0,1000,931,69,0,230,161,69,14,0,15964.02089468451,1040,283215,283215,200000,200000,0,282216,9.060755419043394,4.601503638464671,4.4592517733573915,-147.69370043827936,0.0030688568860149155,0.607948899269104,1.0647579858509393,1.070836509191073,147.4926055761484,147.48254564725437,147.4915985107422,16.802096600004006,"{""DC-1"": 304.3050904715998, ""DC-2"": 278.13092632971217, ""DC-3"": 289.7845666512428, ""DC-4"": 217.23731822384207, ""DC-5"": 263.59595603515044}"
273,314,1441.4656070740375,1038,1038,0,0,1038,347,38,653,0,1000,950,50,0,221,171,50,20,0,16289.701603158235,1040,284253,284253,200000,200000,0,283256,9.976449311008821,5.098560329010853,4.877888962626457,-147.76386467860294,-0.0009967513924213842,0.6052432656288147,1.0726960786833213,1.07059632482437,147.56974610548752,147.56966564471904,147.56258986546442,16.666215599980205,"{""DC-1"": 341.43992833599526, ""DC-2"": 279.2497121387784, ""DC-3"": 252.27387266511204, ""DC-4"": 258.0623580603254, ""DC-5"": 310.4397358738249}"
274,315,1380.9771759733592,1029,1029,0,0,1029,361,29,639,0,1000,934,66,0,228,162,66,21,0,14261.537220416008,1028,285282,285282,200000,200000,0,284284,9.168528443644483,4.733168549806692,4.435359886996014,-147.66597645384792,-0.0004967335506943907,0.6052790880203247,1.071769537396932,1.0707386037487001,147.46187511399563,147.4692877684122,147.462060416255,16.374245800019708,"{""DC-1"": 327.1769765345679, ""DC-2"": 204.24719092433773, ""DC-3"": 273.90325224687905, ""DC-4"": 275.685306371081, ""DC-5"": 299.96444989649154}"
275,316,1444.7245913252646,1027,1027,0,0,1027,379,27,621,0,1000,945,55,0,210,155,55,23,0,16328.937995193108,1028,286309,286309,200000,200000,0,285312,9.386962410308971,4.909294915454397,4.4776674869691355,-147.5563063565859,-0.0017221821247824696,0.6013692021369934,1.0743844245890235,1.0708553157891745,147.3891195007799,147.3868231420851,147.39844380835152,16.59258760002558,"{""DC-1"": 301.3552448103379, ""DC-2"": 321.36949574632115, ""DC-3"": 289.19062870719114, ""DC-4"": 282.73351189001124, ""DC-5"": 250.07571017140373}"
276,317,1516.4318669137278,1027,1027,0,0,1027,354,27,646,0,1000,961,39,0,200,161,39,19,0,17214.02700223238,1028,287336,287336,200000,200000,0,286340,9.181222790642007,4.624427744502687,4.556795069563713,-147.6779337189077,-0.0012994793144957043,0.5994660258293152,1.0735795314093972,1.0710937615034646,147.4792100186478,147.4740934557488,147.47185958684187,16.539533600007417,"{""DC-1"": 333.7013630094081, ""DC-2"": 297.05639614554855, ""DC-3"": 335.86008788699115, ""DC-4"": 242.0335025219753, ""DC-5"": 307.78051734980636}"
277,318,1513.1291699969238,1026,1026,0,0,1026,348,26,652,0,1000,961,39,0,201,162,39,11,0,13649.188561251434,1024,288362,288362,200000,200000,0,287364,9.48265410750173,4.752590801217593,4.730063273455016,-147.6031504869461,0.0020684282367255946,0.6029687523841858,1.0668615702306852,1.0708524481160566,147.43427442014217,147.42695748806,147.43041771650314,16.366317000007257,"{""DC-1"": 340.9200423247882, ""DC-2"": 353.7022034812932, ""DC-3"": 291.01299634124814, ""DC-4"": 241.8477031627428, ""DC-5"": 285.64622468685224}"
278,319,1484.9441239748253,1031,1031,0,0,1031,342,31,658,0,1000,959,41,0,205,164,41,17,0,14405.526109882956,1032,289393,289393,200000,200000,0,288396,8.941829181225724,4.529504446442737,4.412324739056964,-147.88260644720506,0.0009861804374363707,0.6046367287635803,1.0691788203494494,1.0709696866052096,147.6860873939455,147.69133215911629,147.690189834713,16.608289499999955,"{""DC-1"": 359.56030861872205, ""DC-2"": 287.93860158632776, ""DC-3"": 278.8391700289733, ""DC-4"": 263.5843338860886, ""DC-5"": 295.0217098547141}"
279,320,1427.5829271826226,1032,1032,0,0,1032,350,32,650,0,1000,943,57,0,192,135,57,22,0,13486.032584019293,1032,290425,290425,200000,200000,0,289428,9.774760701397593,4.91533969920273,4.859421003349992,-147.85345838975536,-0.0055461731419425685,0.5946143865585327,1.0814445558791013,1.070730560971785,147.66602696559227,147.65783136944438,147.66193385456884,16.63172599999234,"{""DC-1"": 337.80580945944456, ""DC-2"": 282.6320306335647, ""DC-3"": 243.3048154361691, ""DC-4"": 252.40933064459554, ""DC-5"": 311.43094100885077}"
280,321,1501.6368233645912,1032,1032,0,0,1032,338,32,662,0,1000,961,39,0,174,135,39,14,0,16599.252259097022,1032,291457,291457,200000,200000,0,290460,9.520438578701759,4.8050463091033375,4.715392260472904,-147.81147925798282,0.002638044541921871,0.5992251634597778,1.0659672976579777,1.070932971068131,147.61831576325173,147.62417775531148,147.6257490409437,17.65680140000768,"{""DC-1"": 385.0573087660572, ""DC-2"": 280.2181010219608, ""DC-3"": 321.34228010027476, ""DC-4"": 244.02767728114472, ""DC-5"": 270.99145619515394}"
281,322,1459.0570265088256,1033,1033,0,0,1033,355,33,645,0,1000,949,51,0,208,157,51,19,0,17360.188561251434,1032,292490,292490,200000,200000,0,291492,9.232883366503456,4.6235883907061215,4.609294987002085,-147.77798064180124,-0.0010817748117224538,0.5969390869140625,1.073127387568008,1.0709129276201708,147.5697658006535,147.58202285175176,147.57101625250291,16.542171199980658,"{""DC-1"": 353.83940810731445, ""DC-2"": 277.47057274541754, ""DC-3"": 323.8753600235084, ""DC-4"": 244.61931738936278, ""DC-5"": 259.25236824322315}"
282,323,1390.0020624166725,1036,1036,0,0,1036,341,36,659,0,1000,942,58,0,234,176,58,26,0,15436.150440305373,1036,293526,293526,200000,200000,0,292528,8.765354092977223,4.448697166668402,4.316656939081244,-147.95145545871102,-0.00020889426021059997,0.5972952246665955,1.0711579388978398,1.0708394554591087,147.7462937049424,147.74444887905048,147.7395875113351,16.57858830000623,"{""DC-1"": 295.04555194741715, ""DC-2"": 305.25257683032095, ""DC-3"": 269.826554797069, ""DC-4"": 212.4484788565303, ""DC-5"": 307.4288999853355}"
283,324,1485.3005513024018,1035,1035,0,0,1035,337,35,663,0,1000,958,42,0,197,155,42,23,0,16023.472771431134,1036,294561,294561,200000,200000,0,293564,8.809076484335895,4.414495265046602,4.394581226653574,-147.84018137280086,0.0006070935598198814,0.598198652267456,1.0698456001327765,1.0709214617847016,147.6467774144471,147.64427358855613,147.64868065381143,16.60877000002074,"{""DC-1"": 329.75438185336594, ""DC-2"": 265.51531288476156, ""DC-3"": 350.0702837096478, ""DC-4"": 254.60639409146088, ""DC-5"": 285.3541787631676}"
284,325,1514.792581730623,1035,1035,0,0,1035,395,35,605,0,1000,957,43,0,216,173,43,18,0,15887.476421465482,1036,295596,295596,200000,200000,0,294600,9.395602243517356,4.614899714826157,4.780702517184512,-147.90022305816296,0.00167420828091538,0.6010730862617493,1.0678428366607682,1.0710556329907597,147.70494075171277,147.70220483315958,147.6987120580489,16.54688849998638,"{""DC-1"": 358.2576118210963, ""DC-2"": 313.8616289565372, ""DC-3"": 301.2914902398938, ""DC-4"": 264.78989497320634, ""DC-5"": 276.59195573989047}"
285,326,1434.8768402804785,1023,1023,0,0,1023,379,23,621,0,1000,942,58,0,259,201,58,20,0,16803.045114051347,1020,296619,296619,200000,200000,0,295620,9.386429871063607,4.720834255101634,4.665595620052487,-148.06456768559474,0.0007552577949622098,0.6024518013000488,1.0693737584586236,1.0708039927716348,147.86523455451515,147.8652265960095,147.86834640502929,16.3394716999901,"{""DC-1"": 337.7277733924759, ""DC-2"": 305.8217085641336, ""DC-3"": 284.1454797396346, ""DC-4"": 225.19277226022658, ""DC-5"": 281.9891063240101}"
286,327,1454.0348635943328,1021,1021,0,0,1021,345,21,655,0,1000,950,50,0,205,155,50,25,0,17131.563646614508,1024,297640,297640,200000,200000,0,296644,9.283878086600453,4.58221023157239,4.701667866669595,-147.929105758667,-8.237397923949175e-05,0.6021625399589539,1.0713532465160824,1.0711073408601806,147.7298185378313,147.7234531790018,147.73101288080215,16.273792700027116,"{""DC-1"": 334.9814920395262, ""DC-2"": 247.74545218045557, ""DC-3"": 282.7550001721937, ""DC-4"": 278.44650775167537, ""DC-5"": 310.10641145048356}"
287,328,1516.6317217049884,1037,1037,0,0,1037,355,37,645,0,1000,963,37,0,199,162,37,13,0,15364.537996287148,1036,298677,298677,200000,200000,0,297680,8.952926184219743,4.62746489864979,4.325461284879552,-147.99364533295503,0.0020578197311676505,0.6067017912864685,1.0669186662407915,1.0710312225873866,147.82235813509084,147.81798440056878,147.81673468217886,16.61585540001397,"{""DC-1"": 354.15214116752287, ""DC-2"": 355.14645252874874, ""DC-3"": 337.3494566384478, ""DC-4"": 232.58307760141608, ""DC-5"": 237.40059376885432}"
288,329,1326.8888441318559,1029,1029,0,0,1029,366,29,634,0,1000,921,79,0,234,155,79,16,0,15690.592185835698,1028,299706,299706,200000,200000,0,298708,8.941082290406356,4.4572848292640215,4.483797476797252,-148.0106813453051,-0.0019668096530156987,0.6022793054580688,1.0748925152223863,1.0708655789204609,147.81034678893332,147.79252269759715,147.80185375881567,17.31619209999917,"{""DC-1"": 310.7286437225777, ""DC-2"": 224.01960314720213, ""DC-3"": 339.73226357898005, ""DC-4"": 190.8512787332, ""DC-5"": 261.5570549498993}"
289,330,1450.457061413876,1026,1026,0,0,1026,354,26,646,0,1000,948,52,0,211,159,52,19,0,16231.668293578743,1028,300732,300732,200000,200000,0,299736,8.601404380241721,4.253239840732938,4.3481645412482175,-147.98060110663624,0.00034019064950006596,0.602591335773468,1.0702356399265245,1.0708287243481276,147.78639409699792,147.7872795223726,147.79446647139375,17.42581709998194,"{""DC-1"": 293.8946082292274, ""DC-2"": 260.1962749243832, ""DC-3"": 359.6992807116691, ""DC-4"": 247.65110490674036, ""DC-5"": 289.01579264185665}"
290,331,1453.135439874466,1037,1037,0,0,1037,365,37,635,0,1000,952,48,0,223,175,48,13,0,15356.666074553521,1036,301769,301769,200000,200000,0,300772,9.0659323737428,4.613214792201878,4.452717577743714,-148.0017039030215,-0.003565962999001951,0.5961969494819641,1.077912367506377,1.0709737027243758,147.82059461085493,147.80997568668084,147.80922757888854,17.144049199996516,"{""DC-1"": 281.36500963585536, ""DC-2"": 311.5994351313503, ""DC-3"": 329.63294165587587, ""DC-4"": 264.3570090430907, ""DC-5"": 266.1810444082944}"
291,332,1446.9960748075707,1023,1023,0,0,1023,350,23,650,0,1000,947,53,0,224,171,53,25,0,16299.522513301477,1024,302792,302792,200000,200000,0,301796,9.36578735196963,4.721474163234234,4.644313203287311,-148.0831418633461,0.0008531757783885041,0.5984683632850647,1.0693079996854067,1.07098733400926,147.89995992183685,147.9113030731678,147.90385188162327,16.60933340000338,"{""DC-1"": 341.1809488325248, ""DC-2"": 282.28951303095835, ""DC-3"": 320.079141564647, ""DC-4"": 258.2093208727225, ""DC-5"": 245.23715050671828}"
292,333,1480.447078400913,1021,1021,0,0,1021,348,21,652,0,1000,952,48,0,189,141,48,22,0,16011.401029268513,1020,303813,303813,200000,200000,0,302816,8.534234062596864,4.3857819894949595,4.1484520771924185,-147.97734726550533,-0.0009909815299918182,0.595709502696991,1.0730084927058687,1.0709409208858713,147.79266152475395,147.80015764423445,147.80115304086723,16.34541499998886,"{""DC-1"": 372.18940874144056, ""DC-2"": 294.46576148738075, ""DC-3"": 264.82748648249117, ""DC-4"": 228.56651460999666, ""DC-5"": 320.39790707960515}"
293,334,1529.5448700093955,1034,1034,0,0,1034,365,34,635,0,1000,965,35,0,220,185,35,20,0,13868.977692795272,1032,304847,304847,200000,200000,0,303848,8.62963674257892,4.407887274327204,4.221749477146208,-148.00661231935487,0.004256161979567476,0.603604793548584,1.0625971321218697,1.0708819396736087,147.8149416132491,147.8246085588322,147.82151396699655,16.722758399992017,"{""DC-1"": 336.05459632926653, ""DC-2"": 336.07982914925753, ""DC-3"": 331.0632394975276, ""DC-4"": 244.9853200175847, ""DC-5"": 281.3618850157616}"
294,335,1444.01033974937,1041,1041,0,0,1041,354,41,646,0,1000,950,50,0,215,165,50,19,0,16143.84584954554,1044,305888,305888,200000,200000,0,304892,9.298994452560542,4.61647226390254,4.682522211723401,-148.0537058073899,-0.0003548261874098459,0.6028162240982056,1.0715449033911657,1.070810138722489,147.87496976012014,147.87648570035154,147.88074508023902,16.770357500005048,"{""DC-1"": 340.08080033605506, ""DC-2"": 275.718979790162, ""DC-3"": 309.6052748232948, ""DC-4"": 217.81595248603776, ""DC-5"": 300.7893323138209}"
295,336,1496.156294911679,1025,1025,0,0,1025,377,25,623,0,1000,954,46,0,219,173,46,17,0,15079.304251132433,1024,306913,306913,200000,200000,0,305916,9.671397591475397,4.945421483833343,4.7259760815650225,-148.26859793066978,-0.0018779174079099903,0.5994616746902466,1.0747700407519005,1.07104959548451,148.0846340060234,148.08640332520008,148.08420087397099,16.378679800021928,"{""DC-1"": 342.2684124057561, ""DC-2"": 282.5874068694486, ""DC-3"": 315.6915358102851, ""DC-4"": 267.794520444197, ""DC-5"": 287.8144193819926}"
296,337,1437.9190218012527,1026,1026,0,0,1026,361,26,639,0,1000,943,57,0,234,177,57,26,0,16185.74357677477,1024,307939,307939,200000,200000,0,306940,9.101751029258594,4.605804435093887,4.495946605456993,-148.22982789576054,-0.0021937054250429355,0.5945645570755005,1.0752889957511798,1.070918962243013,148.04638037085533,148.04667681455612,148.0481229275465,16.43085340000107,"{""DC-1"": 345.9780497446565, ""DC-2"": 221.32199708541077, ""DC-3"": 311.8434658909126, ""DC-4"": 245.86810335167732, ""DC-5"": 312.9074057285961}"
297,338,1349.3552577882729,1034,1034,0,0,1034,371,34,629,0,1000,926,74,0,239,165,74,21,0,15597.56364661451,1036,308973,308973,200000,200000,0,307976,9.65807501643781,4.745045786658769,4.913029242666532,-148.2525634471054,7.033860715444139e-05,0.5955376029014587,1.0707699577665697,1.0709472442455734,148.0519345405019,148.05276935533206,148.0604725694104,16.682030700001633,"{""DC-1"": 328.53303238437434, ""DC-2"": 253.0137016260969, ""DC-3"": 193.50137828667366, ""DC-4"": 272.10540258592687, ""DC-5"": 302.20174290520237}"
298,339,1420.9354921790762,1028,1028,0,0,1028,367,28,633,0,1000,942,58,0,220,162,58,17,0,15777.655048066626,1028,310001,310001,200000,200000,0,309004,8.400213835768199,4.204651843944876,4.195561999824724,-148.0451357652241,0.0029132403725493656,0.6007297039031982,1.0653211770122617,1.0709529492409777,147.85801661153712,147.86108773969954,147.86675735948614,16.446904900018126,"{""DC-1"": 331.32357735957123, ""DC-2"": 281.8063230664456, ""DC-3"": 275.503729255732, ""DC-4"": 283.0427795811094, ""DC-5"": 249.2590829162182}"
299,340,1425.8570280930219,1027,1027,0,0,1027,356,27,644,0,1000,944,56,0,226,170,56,21,0,15164.056612059561,1028,311028,311028,200000,200000,0,310032,9.971276629759643,4.948668320703136,5.02260831160768,-148.25082704714765,-2.221073429843099e-06,0.6007598638534546,1.071373981898397,1.0712789155629823,148.06246353030667,148.05826785313943,148.05488132224474,16.479053599992767,"{""DC-1"": 316.51612987280794, ""DC-2"": 316.15063973045164, ""DC-3"": 304.61572159935633, ""DC-4"": 245.53380571446914, ""DC-5"": 243.04073117593762}"
300,341,1423.0072263615123,1027,1027,0,0,1027,352,27,648,0,1000,944,56,0,212,156,56,15,0,16861.53722041601,1024,312055,312055,200000,200000,0,311056,8.664548818487674,4.35551859147381,4.30903022387065,-148.29542444646358,0.0008175336811291345,0.6025999784469604,1.0693206345895305,1.0709000218193978,148.09457251429558,148.10138411819935,148.10896749794483,17.007904700003564,"{""DC-1"": 311.1530138701001, ""DC-2"": 206.20392508373868, ""DC-3"": 366.4113628981729, ""DC-4"": 281.6641079405726, ""DC-5"": 257.57481656892844}"
301,342,1418.793088824493,1040,1040,0,0,1040,386,40,614,0,1000,940,60,0,236,176,60,26,0,17114.459051503523,1040,313095,313095,200000,200000,0,312096,8.654602903356919,4.387537517341284,4.2670654013752936,-148.24617290496826,0.0024774441802247354,0.6075726747512817,1.0659808173202552,1.0708563649883638,148.0283291596633,148.03367256751426,148.0267312710102,16.78693019997445,"{""DC-1"": 319.0149584542342, ""DC-2"": 260.09796072558504, ""DC-3"": 296.1539418859667, ""DC-4"": 227.83324310867744, ""DC-5"": 315.6929846500299}"
302,343,1529.4754072141723,1030,1030,0,0,1030,355,30,645,0,1000,965,35,0,222,187,35,19,0,17596.522513301476,1032,314125,314125,200000,200000,0,313128,8.592367591321931,4.310823792172957,4.281543809891671,-148.31630918221882,0.00015104994405234275,0.6081380248069763,1.070687619348367,1.0709982363059538,148.10521071086558,148.11313615843306,148.108899877977,17.42298109998228,"{""DC-1"": 350.22509971286024, ""DC-2"": 333.8242872559362, ""DC-3"": 292.7402216172988, ""DC-4"": 278.1525466799242, ""DC-5"": 274.5332519481506}"
303,344,1470.7784851908305,1035,1035,0,0,1035,357,35,643,0,1000,954,46,0,217,171,46,20,0,17118.188561251434,1036,315160,315160,200000,200000,0,314164,8.91143070753937,4.50188154258323,4.409549169443749,-148.16126274786401,-0.0019394932494545536,0.6039348244667053,1.0748309132330205,1.070941500797235,147.96417205398149,147.95618839337558,147.95822457273033,17.815769300010288,"{""DC-1"": 347.40715375066776, ""DC-2"": 316.51749804502265, ""DC-3"": 250.6417686137585, ""DC-4"": 249.55446575977882, ""DC-5"": 306.6575990216041}"
304,345,1407.3246210362486,1044,1044,0,0,1044,383,44,617,0,1000,941,59,0,231,172,59,22,0,14273.978888810645,1044,316204,316204,200000,200000,0,315208,9.532984548373241,4.784855888835315,4.748128652458447,-148.15666673740665,-0.0034546480836146923,0.5969738364219666,1.077654013117611,1.0708049381601399,147.95653121772853,147.95820668830726,147.96268936683393,17.66063959998428,"{""DC-1"": 364.23948361941154, ""DC-2"": 294.9393235036466, ""DC-3"": 252.01460380053425, ""DC-4"": 236.0926335593842, ""DC-5"": 260.0385765532724}"
305,346,1493.5306632134134,1034,1034,0,0,1034,353,34,647,0,1000,959,41,0,224,183,41,15,0,15740.655590798095,1032,317238,317238,200000,200000,0,316240,9.299618534801542,4.733948499657387,4.565670035606207,-148.20928331123767,0.003006594474409353,0.6021595001220703,1.0651268372239993,1.0709171862334244,148.01843412532364,148.02390176935714,148.02333995907804,17.53670699999202,"{""DC-1"": 291.5113228683849, ""DC-2"": 322.6689188364867, ""DC-3"": 300.70975905185645, ""DC-4"": 269.7973921427512, ""DC-5"": 308.84327031393553}"
306,347,1291.2564149147508,1039,1039,0,0,1039,389,39,611,0,1000,913,87,0,232,145,87,22,0,18366.45799628715,1040,318277,318277,200000,200000,0,317280,8.379368828351682,4.127543168801528,4.2518256636766285,-148.34397232349102,-0.0032751542286580215,0.5957455039024353,1.077239303634717,1.0708325783793742,148.13509250053994,148.1295693911039,148.13311088268574,17.636847200017655,"{""DC-1"": 395.55216575024167, ""DC-2"": 135.19833382637978, ""DC-3"": 280.9115520655253, ""DC-4"": 225.2620520287137, ""DC-5"": 254.3323112438907}"
307,348,1459.8657016178693,1026,1026,0,0,1026,368,26,632,0,1000,947,53,0,209,156,53,18,0,17388.946239131634,1024,319303,319303,200000,200000,0,318304,9.924494927516207,5.037282439414412,4.887212508358061,-147.95751406252384,-0.0005356422561817453,0.5949915051460266,1.0719833424082026,1.0709159903926775,147.79687631130219,147.80054214596748,147.80777452886105,17.3265773000021,"{""DC-1"": 346.6637297533116, ""DC-2"": 337.44353786640204, ""DC-3"": 281.73195071916024, ""DC-4"": 228.2586542835589, ""DC-5"": 265.76782899543576}"
308,349,1483.25840403276,1032,1032,0,0,1032,364,32,636,0,1000,955,45,0,209,164,45,20,0,15822.006324376553,1032,320335,320335,200000,200000,0,319336,8.810817319755406,4.338823814493741,4.471993504453075,-148.1751168568929,0.0005353386360473295,0.5963597297668457,1.0700508816990741,1.0710162572389426,147.99392119119332,148.007272927336,148.001491162204,17.593075999990106,"{""DC-1"": 394.94768095148567, ""DC-2"": 310.10934746944685, ""DC-3"": 228.88623883654734, ""DC-4"": 261.2353151168735, ""DC-5"": 288.07982165840565}"
309,350,1416.4123324394038,1028,1028,0,0,1028,355,28,645,0,1000,942,58,0,216,158,58,16,0,15325.194896583373,1028,321363,321363,200000,200000,0,320364,8.683696680727635,4.345848610428985,4.337848056267208,-148.12210353153688,0.00015321092119309978,0.5962734222412109,1.0705534024925083,1.0708761779946576,147.97088862022073,147.97630774650128,147.96928698172366,16.714942699996755,"{""DC-1"": 337.58351563384764, ""DC-2"": 236.08993593771532, ""DC-3"": 326.665127748144, ""DC-4"": 236.6796597313796, ""DC-5"": 279.3940933883168}"
310,351,1446.3783843640852,1038,1038,0,0,1038,381,38,619,0,1000,947,53,0,223,170,53,19,0,17325.84735688132,1040,322401,322401,200000,200000,0,321404,9.12223376242014,4.452846900201761,4.669386871388325,-148.4508157289945,-0.0007596917228791146,0.5955367088317871,1.0724684522702144,1.0709094438415308,148.24490146636964,148.24870206392728,148.24688824873704,17.740554600022733,"{""DC-1"": 330.42093642199296, ""DC-2"": 339.3431762422554, ""DC-3"": 317.3860071691543, ""DC-4"": 180.01980739548802, ""DC-5"": 279.2084571351938}"
311,352,1542.775768809014,1034,1034,0,0,1034,361,34,639,0,1000,967,33,0,206,173,33,14,0,17698.401029268513,1032,323435,323435,200000,200000,0,322436,10.006781419349272,5.120435967694881,4.886345417578091,-148.3261055613673,0.001471562031521137,0.5976318120956421,1.0679175402073897,1.0707212177126906,148.18072146038676,148.16230723654576,148.16989566004554,16.75094299999182,"{""DC-1"": 334.8837459924747, ""DC-2"": 328.6090347790942, ""DC-3"": 335.3879276010213, ""DC-4"": 260.98268025577454, ""DC-5"": 282.9123801806502}"
312,353,1527.0102954461277,1028,1028,0,0,1028,365,28,635,0,1000,962,38,0,228,190,38,18,0,18011.655048066626,1028,324463,324463,200000,200000,0,323464,9.257242278830086,4.5488717466708755,4.708370539232915,-148.51359800049303,0.0003184239806540325,0.5982802510261536,1.0704160018421796,1.070985273860308,148.34178771675792,148.331758580783,148.33835293068495,16.58571579999989,"{""DC-1"": 342.28964437585546, ""DC-2"": 318.4491931744255, ""DC-3"": 271.4674550158262, ""DC-4"": 279.3107858766497, ""DC-5"": 315.49321700337066}"
313,354,1521.3631360310374,1029,1029,0,0,1029,365,29,635,0,1000,962,38,0,229,191,38,13,0,16620.045114051347,1032,325492,325492,200000,200000,0,324496,8.894441813230515,4.514008714131607,4.380433090897494,-148.61383772266004,-0.0017398884292067454,0.5948260426521301,1.0746883665059888,1.0712162402942198,148.42405517341555,148.41852678993877,148.43279483706453,17.146314299985534,"{""DC-1"": 349.1692372727923, ""DC-2"": 316.4544016466898, ""DC-3"": 268.67989229393095, ""DC-4"": 271.49492741852487, ""DC-5"": 315.56467739910124}"
314,355,1439.8300799684266,1036,1036,0,0,1036,373,36,627,0,1000,947,53,0,203,150,53,12,0,18194.53722041601,1036,326528,326528,200000,200000,0,325532,8.306932256258593,4.216627619441412,4.09030463831305,-148.75177231718675,-0.0010200722523314094,0.5932937264442444,1.072795716952173,1.0707659218532237,148.57652723098815,148.57212152076045,148.56539632730963,16.978022200026317,"{""DC-1"": 303.9057145848351, ""DC-2"": 297.2259072049469, ""DC-3"": 279.51599519523415, ""DC-4"": 276.48474644344066, ""DC-5"": 282.6977165399703}"
315,356,1512.7168364097902,1040,1040,0,0,1040,370,40,630,0,1000,961,39,0,217,178,39,14,0,14252.719005069728,1040,327568,327568,200000,200000,0,326572,9.301054738576596,4.653005121189814,4.648049639853148,-148.73454617720384,0.0013460002900011693,0.5958936810493469,1.0680908455871618,1.070625875890255,148.55146597348727,148.5563833089975,148.5648463175847,17.05042169999797,"{""DC-1"": 356.28687534148753, ""DC-2"": 319.29992151748877, ""DC-3"": 337.8893158162417, ""DC-4"": 225.21196729270085, ""DC-5"": 274.02875644187253}"
316,357,1516.0811276428547,1026,1026,0,0,1026,345,26,655,0,1000,962,38,0,200,162,38,19,0,18285.9356760103,1024,328594,328594,200000,200000,0,327596,9.454796303994954,4.802288950770162,4.652507354971021,-148.75157991051674,0.0034748330251659354,0.6024006009101868,1.0642314754077233,1.0709671285003424,148.54962868988514,148.567137748003,148.56702652573586,16.96101629998884,"{""DC-1"": 309.878535980586, ""DC-2"": 334.0926026521643, ""DC-3"": 326.10655498909586, ""DC-4"": 249.42244566451515, ""DC-5"": 296.58098835649406}"
317,358,1454.692922741723,1036,1036,0,0,1036,360,36,640,0,1000,950,50,0,201,151,50,17,0,16325.719005069728,1036,329630,329630,200000,200000,0,328632,8.95507947634546,4.569516477437554,4.38556299177376,-148.90942238472604,-0.0031662286519033396,0.5963071584701538,1.0769672092898932,1.070766136683092,148.6996557316725,148.70084079168018,148.7037928665927,17.836409700015793,"{""DC-1"": 340.3306597252558, ""DC-2"": 281.0776840236403, ""DC-3"": 320.07079116032946, ""DC-4"": 271.73090345727917, ""DC-5"": 241.48288437521947}"
318,359,1448.6165672615111,1035,1035,0,0,1035,360,35,640,0,1000,948,52,0,210,158,52,18,0,14800.437507410956,1036,330665,330665,200000,200000,0,329668,9.002980006247414,4.4762814760668395,4.526698558487027,-148.90166273080243,-3.3455897701551784e-05,0.5959292054176331,1.070997611263544,1.0708620778382054,148.7063670655475,148.7069198726227,148.71309281868363,18.740816400008043,"{""DC-1"": 317.7480045320826, ""DC-2"": 286.42728318471006, ""DC-3"": 317.8176415114327, ""DC-4"": 232.9307310141749, ""DC-5"": 293.6929070191113}"
319,360,1423.032023599597,1028,1028,0,0,1028,366,28,634,0,1000,940,60,0,211,151,60,15,0,12943.950906756458,1028,331693,331693,200000,200000,0,330696,9.272766905767908,4.573334903800534,4.699431988979592,-148.8109335992123,4.6846890212344695e-05,0.595990002155304,1.0707265549132796,1.0707633047716163,148.62198656727833,148.60956561611783,148.61872161687117,18.202362199983327,"{""DC-1"": 314.93302971388965, ""DC-2"": 333.25814395604436, ""DC-3"": 298.5307922323025, ""DC-4"": 230.98778006946725, ""DC-5"": 245.3222776278947}"
320,361,1353.7114778959788,1034,1034,0,0,1034,378,34,622,0,1000,926,74,0,225,151,74,26,0,17011.476421465482,1032,332727,332727,200000,200000,0,331728,9.021702646054038,4.4734113447425905,4.548291291030803,-148.98408072124155,0.0003024363585038457,0.597224771976471,1.0703084404731906,1.0708629819311837,148.77717026998832,148.7877624127292,148.78702512637588,16.32514440000523,"{""DC-1"": 300.3344786513408, ""DC-2"": 235.2833797275461, ""DC-3"": 371.13146158322354, ""DC-4"": 157.58611084811483, ""DC-5"": 289.3760470857536}"
321,362,1479.8552484086154,1026,1026,0,0,1026,366,26,634,0,1000,951,49,0,204,155,49,22,0,15439.695800384172,1028,333753,333753,200000,200000,0,332756,8.650756004951344,4.3964657072659135,4.254290308701853,-148.98420430342975,-0.0028222444568487093,0.5914554595947266,1.076401845432441,1.0709175917425044,148.79632620310505,148.78931054438135,148.80063721178107,15.15029429999413,"{""DC-1"": 341.95024524087796, ""DC-2"": 284.96527676553916, ""DC-3"": 278.81791012957797, ""DC-4"": 262.64551656899516, ""DC-5"": 311.47629970362607}"
