episode,episode_seed,episode_return,decision_count,normal_action_count,forced_action_count,random_action_count,policy_action_count,local_action_count,edge_action_count,cloud_action_count,drop_action_count,total_jobs,completed_jobs,dropped_jobs,unresolved_jobs,queued_jobs,started_from_waiting_jobs,waiting_timeout_drops,max_waiting_queue_length,remaining_waiting_jobs,simulation_end_time,episode_updates,global_decision_steps,global_normal_action_steps,replay_size,replay_trainable_size,replay_forced_size,masac_update_step,critic_loss,q1_loss,q2_loss,actor_loss,alpha_loss,alpha,policy_entropy,target_entropy,mean_q1,mean_q2,mean_target_q,wall_time_seconds,per_agent_returns
1,42,-1825.5233285880643,1417,1417,0,1417,0,894,417,106,0,1000,472,528,0,690,163,527,29,0,15162.875990386214,0,1417,1417,1417,1417,0,0,nan,nan,nan,nan,nan,0.10000000149011612,nan,nan,nan,nan,nan,3.0131212000269443,"{""DC-1"": -344.13924151299454, ""DC-2"": -287.976151562785, ""DC-3"": -366.5011939132224, ""DC-4"": -373.27540226645914, ""DC-5"": -453.6313393326035}"
2,43,-1974.3854607320886,1364,1364,0,1364,0,896,364,104,0,1000,441,559,0,709,150,559,27,0,14109.171329116363,0,2781,2781,2781,2781,0,0,nan,nan,nan,nan,nan,0.10000000149011612,nan,nan,nan,nan,nan,2.5674230000004172,"{""DC-1"": -358.9884244276929, ""DC-2"": -360.0822007516437, ""DC-3"": -306.74710026097733, ""DC-4"": -350.62626288708066, ""DC-5"": -597.9414724046928}"
3,44,-2001.6509353969304,1393,1393,0,1393,0,892,393,108,0,1000,441,559,0,733,174,559,25,0,13102.866539369203,0,4174,4174,4174,4174,0,0,nan,nan,nan,nan,nan,0.10000000149011612,nan,nan,nan,nan,nan,2.8863879999844357,"{""DC-1"": -343.6251869864144, ""DC-2"": -491.1052540768167, ""DC-3"": -230.66369264172795, ""DC-4"": -414.0557609126341, ""DC-5"": -522.2010407793373}"
4,45,-671.0834495389572,1315,1315,0,826,489,590,315,410,0,1000,661,339,0,443,106,337,20,0,12737.87737235395,492,5489,5489,5489,5489,0,492,6.918134986385097,3.444608131075293,3.473526854825214,-1.2079871665057915,-1.1144837727580916,0.09945271164178848,1.026317390302817,0.5323872042865287,-0.5137903828683075,-0.512039333135784,-0.523003815218988,9.625354999967385,"{""DC-1"": -29.43636078743822, ""DC-2"": -109.81201724076716, ""DC-3"": -93.73057378114903, ""DC-4"": -263.1094954749327, ""DC-5"": -174.99500225466977}"
5,46,790.8656327841567,1014,1014,0,0,1014,301,14,699,0,1000,871,129,0,187,61,126,55,0,13094.961826853749,1012,6503,6503,6503,6503,0,1504,4.467804798260037,2.222433522166942,2.24537126655164,-6.1187706347039565,0.636362721738608,0.10113318264484406,0.255569851813698,0.5324488004205726,3.6581318444156423,3.6572297569879666,3.6671907432936868,15.026290200010408,"{""DC-1"": 44.69186297023546, ""DC-2"": 256.0181318294349, ""DC-3"": 189.95618480705127, ""DC-4"": 91.72267595473623, ""DC-5"": 208.47677722269972}"
6,47,681.8760145682995,1000,1000,0,0,1000,360,0,640,0,1000,848,152,0,254,105,149,68,0,13403.850356004168,1000,7503,7503,7503,7503,0,2504,4.132921073198318,2.07772411608696,2.055196961045265,-13.375090169906617,0.35533590873330834,0.10264667123556137,0.37727143704891203,0.532834018111229,10.869657782554626,10.8694769282341,10.876738251686096,15.143852300010622,"{""DC-1"": 263.8219538803899, ""DC-2"": -132.49201497456892, ""DC-3"": 152.7912082697318, ""DC-4"": 174.68523724297037, ""DC-5"": 223.06963014977637}"
7,48,1190.640317020037,1000,1000,0,0,1000,225,0,775,0,1000,936,64,0,124,64,60,13,0,14031.438010139458,1000,8503,8503,8503,8503,0,3504,4.180281586885452,2.103113283634186,2.077168301820755,-21.314651405334473,0.45090617722272874,0.10532308369874954,0.33413171344995496,0.5330803003311158,18.843395051956175,18.842874460220337,18.84791080188751,13.739816999994218,"{""DC-1"": 344.70906134172094, ""DC-2"": 190.2111856625709, ""DC-3"": 186.013530317792, ""DC-4"": 192.42101959978052, ""DC-5"": 277.28552009817145}"
8,49,1083.9010058952038,1000,1000,0,0,1000,262,0,738,0,1000,920,80,0,167,90,77,57,0,14287.644119331277,1000,9503,9503,9503,9503,0,4504,3.924339890241623,1.964438999414444,1.9599008959531785,-29.003099437713622,0.41376972663402556,0.10841134935617447,0.3485083153247833,0.533512682557106,26.717822456359862,26.71665134048462,26.722563566207885,13.348854299983941,"{""DC-1"": 34.542496607591424, ""DC-2"": 277.5480264445421, ""DC-3"": 288.40488008940974, ""DC-4"": 199.4015633506079, ""DC-5"": 284.0040394030537}"
9,50,1217.5274906628058,1000,1000,0,0,1000,221,0,779,0,1000,942,58,0,118,63,55,49,0,13251.780199728739,1000,10503,10503,10503,10503,0,5504,4.284008123159409,2.14161381649971,2.1423943083286288,-36.69176554870605,0.5127192196249962,0.11308491975069046,0.3008686921000481,0.5336375827789307,34.524632036209105,34.524096866607664,34.52898424720764,12.853851799969561,"{""DC-1"": 337.4609741358101, ""DC-2"": 281.44808504121124, ""DC-3"": 54.685857653488014, ""DC-4"": 260.3439430965119, ""DC-5"": 283.5886307357839}"
10,51,1484.7610545832695,1000,1000,0,0,1000,191,0,809,0,1000,983,17,0,71,56,15,10,0,11905.336587157484,1000,11503,11503,11503,11503,0,6504,4.50095190000534,2.2330391812324524,2.2679127165079116,-43.67905410003662,0.5482457690238952,0.11862049996852875,0.279397229552269,0.5336860780715942,41.6966739768982,41.69845734024048,41.700683151245116,13.037500000034925,"{""DC-1"": 344.3480954030766, ""DC-2"": 300.5175533771986, ""DC-3"": 283.26061668279317, ""DC-4"": 245.31482164010401, ""DC-5"": 311.3199674800961}"
11,52,1146.6130399699914,1000,1000,0,0,1000,247,0,753,0,1000,928,72,0,155,86,69,39,0,16331.417888344771,1000,12503,12503,12503,12503,0,7504,4.811777509450913,2.3824079426527023,2.4293695614337922,-50.778041748046874,0.4560025119781494,0.12381336838006973,0.31810454922914505,0.5341742224693299,48.84306004333496,48.84295439529419,48.84342741394043,13.184759799973108,"{""DC-1"": 321.26411887606884, ""DC-2"": 142.56946199742754, ""DC-3"": 279.77240630910495, ""DC-4"": 137.0459918341734, ""DC-5"": 265.9610609532157}"
12,53,1433.7032200912636,1000,1000,0,0,1000,200,0,800,0,1000,976,24,0,90,70,20,14,0,14257.17019424311,1000,13503,13503,13503,13503,0,8504,5.903210252285004,2.90720505297184,2.9960052056312563,-58.43764492797852,0.5362269314527511,0.13046085834503174,0.2744076608121395,0.5342112699747086,56.5554885635376,56.55514421844482,56.549838123321535,15.966127899999265,"{""DC-1"": 366.8058871703009, ""DC-2"": 244.51689995431917, ""DC-3"": 291.8988099143835, ""DC-4"": 241.7089903865947, ""DC-5"": 288.7726326656645}"
13,54,1306.0436413129055,1000,1000,0,0,1000,216,0,784,0,1000,955,45,0,104,61,43,47,0,12542.970243059239,1000,14503,14503,14503,14503,0,9504,6.2737405095100405,3.0877404314279557,3.1860000834465025,-65.46401863098144,0.5463425323367119,0.13754300773143768,0.26244021651148797,0.5342358227968216,63.6952826461792,63.696368103027346,63.695310413360595,17.285014000022784,"{""DC-1"": 318.70019717024087, ""DC-2"": 126.17623461302652, ""DC-3"": 324.2481098308466, ""DC-4"": 246.91394670496635, ""DC-5"": 290.005152993827}"
14,55,1481.2073213643873,1000,1000,0,0,1000,209,0,791,0,1000,983,17,0,85,71,14,18,0,14718.300880610746,1000,15503,15503,15503,15503,0,10504,7.325368137598038,3.598055927157402,3.727312204837799,-71.4537946472168,0.5190604749917984,0.14469890296459198,0.26929239970445634,0.5342476350069046,69.83688288116456,69.8346131439209,69.83768325805664,14.909447000012733,"{""DC-1"": 342.1205404091972, ""DC-2"": 239.1966083167071, ""DC-3"": 335.18413067815214, ""DC-4"": 265.66000673085296, ""DC-5"": 299.0460352294791}"
15,56,1203.106086165846,1000,1000,0,0,1000,346,0,654,0,1000,930,70,0,175,106,69,25,0,15070.307946768218,1000,16503,16503,16503,16503,0,11504,7.995057936668396,3.9248202584981917,4.070237657308579,-76.47103382873536,0.48327717888355254,0.1518966257572174,0.2812090235352516,0.5343362333774566,74.92536479187012,74.92115939331055,74.92646170806884,14.318754100007936,"{""DC-1"": 143.55375471682632, ""DC-2"": 322.9858375328844, ""DC-3"": 167.65767953451794, ""DC-4"": 271.172921032579, ""DC-5"": 297.73589334903835}"
16,57,1170.9833168819957,1000,1000,0,0,1000,322,0,678,0,1000,926,74,0,179,110,69,37,0,13650.811703604591,1000,17503,17503,17503,17503,0,12504,8.58804436326027,4.227477764248848,4.360566611170769,-81.3765489654541,0.4764376882314682,0.15961115062236786,0.27824608954787255,0.5343264360427856,79.90848532104492,79.90904494476318,79.9162137298584,14.328247199999169,"{""DC-1"": 316.38239763018004, ""DC-2"": 280.1861494970822, ""DC-3"": 53.08148696378413, ""DC-4"": 282.4512089545042, ""DC-5"": 238.88207383644556}"
17,58,1413.6934396144343,1000,1000,0,0,1000,266,0,734,0,1000,967,33,0,138,105,33,13,0,13646.875014821911,1000,18503,18503,18503,18503,0,13504,9.22741597676277,4.5250628094673155,4.702353151798248,-86.0080573425293,0.4718340474963188,0.1678561568260193,0.273836168140173,0.5344721215963364,84.66205673980713,84.66385293579101,84.6615581893921,14.286841400025878,"{""DC-1"": 363.43073082976514, ""DC-2"": 264.1164783202545, ""DC-3"": 300.06339057447116, ""DC-4"": 230.66509513045432, ""DC-5"": 255.4177447594889}"
18,59,1468.6910982351717,1000,1000,0,0,1000,232,0,768,0,1000,977,23,0,100,81,19,11,0,12231.052219765912,1000,19503,19503,19503,19503,0,14504,10.663420781135558,5.2520007703304294,5.411420029997825,-90.36358737182617,0.4619146748185158,0.17654386162757874,0.2719040928184986,0.534409878373146,89.05450940704345,89.058794090271,89.0572879486084,14.302643099974375,"{""DC-1"": 371.5253860964634, ""DC-2"": 306.41303452689453, ""DC-3"": 282.0976913709703, ""DC-4"": 224.95894199812042, ""DC-5"": 283.6960442427244}"
19,60,1502.2544177295522,1000,1000,0,0,1000,270,0,730,0,1000,979,21,0,120,102,18,13,0,12649.328448253158,1000,20503,20503,20503,20503,0,15504,11.02594895863533,5.417594427466392,5.608354525089264,-94.50267837524414,0.4296574701666832,0.1853397935628891,0.2832546267211437,0.5344916454553604,93.2622384338379,93.25910655975342,93.26417179107666,14.611294799949974,"{""DC-1"": 353.8658569015897, ""DC-2"": 317.11893976344743, ""DC-3"": 298.698304983088, ""DC-4"": 208.6092993908174, ""DC-5"": 323.9620166906104}"
20,61,1366.0546603215068,1000,1000,0,0,1000,265,0,735,0,1000,961,39,0,142,107,35,28,0,15260.523222704625,1000,21503,21503,21503,21503,0,16504,11.788126264572144,5.812021367430687,5.976104903101921,-97.8986908569336,0.4302884356379509,0.1948988288640976,0.27555443984270095,0.5346083526611328,96.69714915466308,96.69813996887207,96.6973724822998,14.481117099989206,"{""DC-1"": 336.9278137519668, ""DC-2"": 178.52121208641222, ""DC-3"": 290.6141128353452, ""DC-4"": 258.82545084408093, ""DC-5"": 301.1660708037015}"
21,62,1523.3019471697658,1000,1000,0,0,1000,272,0,728,0,1000,983,17,0,124,108,16,11,0,12828.523222704625,1000,22503,22503,22503,22503,0,17504,11.522520140886307,5.660822393536567,5.861697745680809,-101.25774572753906,0.4444035722613335,0.20542959868907928,0.25839204105734825,0.5346006206274032,100.16415705871582,100.16336668395996,100.1644662246704,14.278542299987748,"{""DC-1"": 384.4502452303825, ""DC-2"": 311.9885036203722, ""DC-3"": 287.12334491932467, ""DC-4"": 238.69049672302955, ""DC-5"": 301.0493566766571}"
22,63,1470.7857915450543,1000,1000,0,0,1000,275,0,725,0,1000,974,26,0,138,114,24,32,0,14767.363553641313,1000,23503,23503,23503,23503,0,18504,14.181814423322677,6.979259297609329,7.202555122375489,-104.56577801513671,0.41735485434532166,0.21602295339107513,0.2668249824345112,0.5347492216825486,103.45725644683839,103.45695265960693,103.4561785736084,14.370637100015301,"{""DC-1"": 380.5564699189616, ""DC-2"": 302.5721379461903, ""DC-3"": 353.0375618729581, ""DC-4"": 143.717297141551, ""DC-5"": 290.90232466539373}"
23,64,1279.20709860902,1000,1000,0,0,1000,300,0,700,0,1000,945,55,0,156,103,53,29,0,15992.955385590543,1000,24503,24503,24503,24503,0,19504,14.259826543092728,7.057807817578316,7.202018750548363,-107.47199440002441,0.37251187247037887,0.22637660801410675,0.2877918431162834,0.5347095340490341,106.50698152160645,106.50356581115723,106.50425301361084,14.344931800034828,"{""DC-1"": 323.35666723919206, ""DC-2"": 124.49011827029595, ""DC-3"": 311.3588269754626, ""DC-4"": 241.11396609745614, ""DC-5"": 278.88752002661454}"
24,65,1429.4467031408599,1000,1000,0,0,1000,250,0,750,0,1000,971,29,0,114,88,26,12,0,12881.694713762638,1000,25503,25503,25503,25503,0,20504,14.1388762819767,6.9523048050403595,7.186571448087692,-110.16230982971192,0.344308066546917,0.23711153864860535,0.29951722380518914,0.5348884347677231,109.25363214111329,109.25223155212403,109.2575291595459,14.458202199952211,"{""DC-1"": 271.09149513506355, ""DC-2"": 273.8683409285439, ""DC-3"": 322.09587643541914, ""DC-4"": 234.16082138383737, ""DC-5"": 328.2301692579957}"
25,66,1491.9382165170632,1000,1000,0,0,1000,292,0,708,0,1000,976,24,0,124,101,23,10,0,14374.078437804083,1000,26503,26503,26503,26503,0,21504,15.246266962766647,7.518044232726097,7.728222709536553,-112.7698070678711,0.29016064754128457,0.24735450744628906,0.3304088225960731,0.5349754705429077,111.7550513458252,111.75298043823243,111.750955078125,14.798008599958848,"{""DC-1"": 348.9225026968612, ""DC-2"": 267.178213854629, ""DC-3"": 322.80659182691755, ""DC-4"": 274.9237474482298, ""DC-5"": 278.1071606904262}"
26,67,1360.9859227849804,1000,1000,0,0,1000,272,0,728,0,1000,958,42,0,113,74,39,23,0,12730.98006139658,1000,27503,27503,27503,27503,0,22504,15.900389415740968,7.830203528046608,8.070185919046402,-115.7969853515625,0.23603161707520484,0.257101833820343,0.36355648094415666,0.5348497214317322,114.81577698516845,114.82072576904297,114.8112995223999,14.413038300001062,"{""DC-1"": 338.5782853020459, ""DC-2"": 325.44009685315905, ""DC-3"": 309.8951461546939, ""DC-4"": 147.51281171364747, ""DC-5"": 239.55958276143446}"
27,68,1438.6777821585856,1000,1000,0,0,1000,241,0,759,0,1000,972,28,0,120,93,27,11,0,13778.79946869504,1000,28503,28503,28503,28503,0,23504,16.333933729410173,8.071165863275528,8.262767840981484,-118.96792631530762,0.2166646528840065,0.2675829231739044,0.3730891593694687,0.534926448225975,118.0372872467041,118.02928074645996,118.02953285217285,14.431767900008708,"{""DC-1"": 349.4145024412863, ""DC-2"": 296.2941129408871, ""DC-3"": 315.4452541656136, ""DC-4"": 185.09910972784843, ""DC-5"": 292.42480288294996}"
28,69,1444.0809371866756,1000,1000,0,0,1000,245,0,755,0,1000,973,27,0,108,84,24,8,0,14658.336587157484,1000,29503,29503,29503,29503,0,24504,17.6868324842453,8.734070753574372,8.952761723876,-121.42729333496094,0.19625445267558098,0.27876460552215576,0.3838259274959564,0.5349603198766708,120.5144722290039,120.52838416290284,120.52076862335205,14.421965399989858,"{""DC-1"": 346.06346736073056, ""DC-2"": 269.48859037230363, ""DC-3"": 273.70646159316885, ""DC-4"": 224.87387600711193, ""DC-5"": 329.9485418533607}"
29,70,1552.9072848765013,1000,1000,0,0,1000,234,0,766,0,1000,989,11,0,69,62,7,5,0,12769.300880610746,1000,30503,30503,30503,30503,0,25504,16.427881140232085,8.102730526924134,8.325150631427764,-123.54441502380371,0.1845785508900881,0.29090800881385803,0.3879744848608971,0.5349387273788452,122.69982318115234,122.69744140625,122.70120793914795,14.522351899999194,"{""DC-1"": 338.11507582146425, ""DC-2"": 352.41614354812424, ""DC-3"": 326.3352062732778, ""DC-4"": 225.41201977520726, ""DC-5"": 310.6288394584274}"
30,71,1512.4467660899318,1001,1001,0,0,1001,242,1,758,0,1000,985,15,0,107,94,13,8,0,12182.811703604591,1004,31504,31504,31504,31504,0,26508,18.165839266017137,8.961817252089778,9.204022021882562,-125.3857811399665,0.14698971735231905,0.3022741377353668,0.4141100008055508,0.5350631943261955,124.63743171843875,124.63413634433215,124.64055546156439,14.568381000019144,"{""DC-1"": 321.59438193590495, ""DC-2"": 307.0238420462674, ""DC-3"": 346.35677844643857, ""DC-4"": 261.2473263229997, ""DC-5"": 276.2244373383212}"
31,72,1468.0306550749954,1004,1004,0,0,1004,265,4,735,0,1000,975,25,0,109,86,23,12,0,13727.440022264129,1004,32508,32508,32508,32508,0,27512,18.025617700174035,8.919319769538257,9.106297931348186,-127.10503790198095,0.12383703137952018,0.31358715891838074,0.42984848810857035,0.5348941242077436,126.28402270738822,126.285925086276,126.28199426871372,14.588754800031893,"{""DC-1"": 371.11044397555656, ""DC-2"": 281.23523751928053, ""DC-3"": 285.0762740725863, ""DC-4"": 235.50798364992306, ""DC-5"": 295.10071585764905}"
32,73,1445.6888733596074,1005,1005,0,0,1005,252,5,748,0,1000,974,26,0,111,86,25,21,0,14974.802058537025,1004,33513,33513,33513,33513,0,28516,20.213307077191267,9.9429748669801,10.270332192163544,-128.8142287569692,0.10641059736569089,0.3253180682659149,0.44178560156508745,0.5350121335679316,128.06886655495936,128.07435369301604,128.06728479301788,14.856660399993416,"{""DC-1"": 317.7598916960211, ""DC-2"": 357.9993563561538, ""DC-3"": 265.93000594903486, ""DC-4"": 235.70121542367798, ""DC-5"": 268.29840393472006}"
33,74,1438.609447632399,1005,1005,0,0,1005,286,5,714,0,1000,969,31,0,109,82,27,18,0,13339.074440832017,1004,34518,34518,34518,34518,0,29520,19.071135614972665,9.407424170894927,9.663711477085888,-130.3516357695439,0.10745619354673115,0.33921101689338684,0.4378234075597558,0.5352251357528793,129.54640007019043,129.543778962823,129.53548791589014,14.641581700008828,"{""DC-1"": 290.45037477675777, ""DC-2"": 298.22617476973437, ""DC-3"": 346.52661707567603, ""DC-4"": 221.05507678438605, ""DC-5"": 282.3512042258444}"
34,75,1427.9513812965856,1005,1005,0,0,1005,248,5,752,0,1000,971,29,0,103,79,24,14,0,12276.576775677322,1004,35523,35523,35523,35523,0,30524,17.779032630749434,8.766649217719575,9.012383425853168,-131.94162576986974,0.11495504744232175,0.3560143709182739,0.42636306767919624,0.5350753634099467,131.22213083244415,131.21708236937505,131.2199894194584,15.476474400027655,"{""DC-1"": 311.7898227699422, ""DC-2"": 279.39234912395773, ""DC-3"": 352.70626703133837, ""DC-4"": 227.36866670742643, ""DC-5"": 256.6942756639207}"
35,76,1512.2274824680187,1009,1009,0,0,1009,225,9,775,0,1000,984,16,0,77,63,14,6,0,11173.995198294466,1012,36532,36532,36532,36532,0,31536,18.552222094988164,9.103856437055489,9.448365650158154,-133.23924982123697,0.10999924846346906,0.37404486536979675,0.42622769314781006,0.5352986604564275,132.55530697366467,132.55356536081186,132.55224146484858,13.99276519997511,"{""DC-1"": 370.69911835145206, ""DC-2"": 316.3545870255442, ""DC-3"": 325.36715643846526, ""DC-4"": 230.413938135521, ""DC-5"": 269.3926825170376}"
36,77,1476.3443372108568,1008,1008,0,0,1008,232,8,768,0,1000,980,20,0,99,84,15,12,0,12719.824518194044,1008,37540,37540,37540,37540,0,32544,18.01010456917778,8.835949453806121,9.174155087461548,-134.39773677644274,0.10254154395725992,0.392422080039978,0.42840522054641966,0.5352773983327169,133.68040343693323,133.67667973230755,133.6774499681261,14.195693999994546,"{""DC-1"": 374.92639564430704, ""DC-2"": 312.1686838926138, ""DC-3"": 274.02268500245236, ""DC-4"": 235.06588427221806, ""DC-5"": 280.1606883992665}"
37,78,1550.884729453371,1007,1007,0,0,1007,217,7,783,0,1000,992,8,0,54,46,8,5,0,13443.487153549542,1004,38547,38547,38547,38547,0,33548,18.613935658656267,9.082918496720819,9.531017182832695,-135.37340755386657,0.08772004691075044,0.4100576937198639,0.4390527454030466,0.5350759030575771,134.71934725088903,134.7204594707109,134.71189658480336,13.8142596000107,"{""DC-1"": 342.9724996351855, ""DC-2"": 270.8800017140051, ""DC-3"": 336.56176636683637, ""DC-4"": 267.66021051137864, ""DC-5"": 332.81025122596606}"
38,79,1300.5579709681201,1010,1010,0,0,1010,286,10,714,0,1000,948,52,0,126,76,50,46,0,12935.336587157484,1012,39557,39557,39557,39557,0,34560,18.480700273287628,8.98575423333956,9.494946073402058,-136.5728646983271,0.05549043886411361,0.4237143397331238,0.4717453086211276,0.5351983075556548,135.88449957625195,135.88419272682884,135.87829972821262,14.390707699989434,"{""DC-1"": 357.0960811857899, ""DC-2"": 317.6016820094043, ""DC-3"": 306.91931107005297, ""DC-4"": 81.47168497575205, ""DC-5"": 237.46921172712277}"
39,80,1463.902861286673,1009,1009,0,0,1009,275,9,725,0,1000,974,26,0,101,79,22,18,0,12613.041789369021,1008,40566,40566,40566,40566,0,35568,19.510621855656307,9.485148731205198,10.025473145501953,-137.28487308441646,0.04000410351381149,0.4357374310493469,0.4878848103422021,0.535153321685299,136.73621610611204,136.73169057331387,136.7239351272583,13.805664200044703,"{""DC-1"": 292.98187853330427, ""DC-2"": 308.11495736823974, ""DC-3"": 352.39956738280455, ""DC-4"": 222.67350383613413, ""DC-5"": 287.73295416619135}"
40,81,1483.4643941782151,1008,1008,0,0,1008,321,8,679,0,1000,972,28,0,127,102,25,17,0,13934.791424195433,1008,41574,41574,41574,41574,0,36576,19.44741900572701,9.492247690520589,9.955171362038643,-137.96187988160148,0.03276434007571042,0.4478335976600647,0.49516792299728546,0.5352823198551223,137.3844078154791,137.38203056274898,137.38212067740304,13.722793900000397,"{""DC-1"": 373.1470408418652, ""DC-2"": 317.773468238316, ""DC-3"": 315.53662493755394, ""DC-4"": 234.6403409465422, ""DC-5"": 242.3669192139394}"
41,82,1459.9484718362314,1021,1021,0,0,1021,283,21,717,0,1000,973,27,0,102,77,25,10,0,12818.782624064352,1020,42595,42595,42595,42595,0,37596,17.621514179659826,8.582134102372562,9.039380027266109,-138.6037155749751,0.014848134292782669,0.4547000527381897,0.5164762170291415,0.5352209986424914,138.00933255962298,138.004536856857,138.01086259729723,13.954290200024843,"{""DC-1"": 380.29536008233634, ""DC-2"": 246.69510248365125, ""DC-3"": 341.04646561651384, ""DC-4"": 248.9151253286942, ""DC-5"": 242.9964183250359}"
42,83,1509.2225516678536,1001,1001,0,0,1001,293,1,707,0,1000,979,21,0,113,95,18,9,0,15404.523222704625,1004,43596,43596,43596,43596,0,38600,18.72048803487147,9.103482622549354,9.6170053987864,-139.08442323236352,-0.00682867085769869,0.4508212208747864,0.543955938987048,0.5352578780565603,138.60142506451245,138.59595527496947,138.60847509619725,14.447311700030696,"{""DC-1"": 350.6914205473827, ""DC-2"": 293.17096232382494, ""DC-3"": 355.1601183289171, ""DC-4"": 259.7059549621797, ""DC-5"": 250.4940955055493}"
43,84,1333.5586820389246,1014,1014,0,0,1014,332,14,668,0,1000,950,50,0,121,74,47,34,0,14535.300880610746,1012,44610,44610,44610,44610,0,39612,19.014502952221353,9.281589878877632,9.732913062742105,-139.86404298322475,-0.014379289425705218,0.4418196380138397,0.5531107064763547,0.5351862455074023,139.34358329923728,139.3443006281796,139.3415386818143,13.929164000030141,"{""DC-1"": 328.86551619416514, ""DC-2"": 243.0111427964749, ""DC-3"": 356.52414660208416, ""DC-4"": 161.06720148824195, ""DC-5"": 244.09067495795816}"
44,85,1459.2438149583945,1004,1004,0,0,1004,312,4,688,0,1000,970,30,0,127,101,26,9,0,13395.811703604591,1004,45614,45614,45614,45614,0,40616,19.05604868533602,9.258121792538708,9.797926903720871,-140.4122895624533,-0.01419675340170998,0.43253588676452637,0.5521769206006214,0.5350944333342442,139.9841318320468,139.97503177293268,139.97045301156214,14.190719600010198,"{""DC-1"": 340.80700076637976, ""DC-2"": 314.99195887990976, ""DC-3"": 302.38465962682363, ""DC-4"": 248.51891579784308, ""DC-5"": 252.54127988743926}"
45,86,1477.9422866068874,1006,1006,0,0,1006,239,6,761,0,1000,978,22,0,80,60,20,8,0,15774.078437804083,1008,46620,46620,46620,46620,0,41624,19.50922063702629,9.521103091183162,9.988117547262283,-141.19059220571367,-0.0038984993815473798,0.42973414063453674,0.5400682874023914,0.5353359791731077,140.621715802995,140.61927136920747,140.60995619637626,14.754041599982884,"{""DC-1"": 418.069672604261, ""DC-2"": 250.9087748894014, ""DC-3"": 288.01806401485493, ""DC-4"": 240.12217725402908, ""DC-5"": 280.8235978443408}"
46,87,1463.00807593675,1004,1004,0,0,1004,269,4,731,0,1000,973,27,0,95,69,26,9,0,12993.377122502869,1004,47624,47624,47624,47624,0,42628,18.45353870800292,8.96265195327926,9.49088676944672,-142.1721430014804,0.014870784565921412,0.4410497546195984,0.5172425339302694,0.5350660846765298,141.60934469519384,141.61386217824017,141.6125009392362,14.330787600018084,"{""DC-1"": 387.2358442284061, ""DC-2"": 303.79616307241986, ""DC-3"": 275.87829970387185, ""DC-4"": 241.7863679014447, ""DC-5"": 254.31140103060724}"
47,88,1435.109016564038,1002,1002,0,0,1002,253,2,747,0,1000,970,30,0,92,65,27,9,0,14168.113224119123,1000,48626,48626,48626,48626,0,43628,18.686783940792083,9.13558097052574,9.551202953100205,-143.37773519897462,0.00512000645743683,0.445303350687027,0.5290075660347938,0.5352870609760284,142.86020600891112,142.8630297241211,142.8694891052246,14.292341000051238,"{""DC-1"": 361.7432148795144, ""DC-2"": 287.64226114001525, ""DC-3"": 275.9139598932259, ""DC-4"": 245.40256739178702, ""DC-5"": 264.40701325949556}"
48,89,1424.8837322052793,1014,1014,0,0,1014,294,14,706,0,1000,966,34,0,112,83,29,12,0,13193.074440832017,1016,49640,49640,49640,49640,0,44644,20.513588360914095,9.93159209954457,10.581996281550625,-144.49805276224933,-0.008027691038428094,0.43866628408432007,0.5450168330603697,0.5352008048239656,143.93973847637025,143.93663971067414,143.93807594419465,14.021227999997791,"{""DC-1"": 376.4091065300398, ""DC-2"": 280.6208415839658, ""DC-3"": 293.2158874852988, ""DC-4"": 208.3999259012851, ""DC-5"": 266.23797070468925}"
49,90,1452.586172913203,1005,1005,0,0,1005,262,5,738,0,1000,972,28,0,92,70,22,13,0,13927.440022264129,1004,50645,50645,50645,50645,0,45648,20.123907947920234,9.80284597128036,10.321061980201904,-145.2453332726224,-0.010449285730274312,0.4294085204601288,0.5479708768100853,0.5353068381666662,144.7389965437323,144.73597423963813,144.74624724977045,13.67199470003834,"{""DC-1"": 343.0655475149075, ""DC-2"": 306.3480086819461, ""DC-3"": 287.70629509636836, ""DC-4"": 220.6076194438659, ""DC-5"": 294.85870217611625}"
50,91,1406.2969227841102,1006,1006,0,0,1006,277,6,723,0,1000,964,36,0,97,66,31,9,0,12893.351492152959,1004,51651,51651,51651,51651,0,46652,19.58356328314519,9.521691716762177,10.061871570657448,-145.63158784539576,-0.011838643739057474,0.41976460814476013,0.5489388997573776,0.5350791285949874,145.1319590564743,145.13470009123662,145.13096135356037,14.373523699992802,"{""DC-1"": 369.92424949787573, ""DC-2"": 276.7959403338846, ""DC-3"": 238.8820616988239, ""DC-4"": 240.84304454816464, ""DC-5"": 279.8516267053618}"
51,92,1536.097235215447,1001,1001,0,0,1001,268,1,732,0,1000,983,17,0,89,76,13,10,0,14409.126276733456,1004,52652,52652,52652,52652,0,47656,19.089588026126542,9.261463384704285,9.82812458941661,-146.0470885318589,-0.013132197685461804,0.4094061553478241,0.550134610073025,0.5351596927025404,145.6469757870374,145.65673429937476,145.64553352751105,14.40987930004485,"{""DC-1"": 352.07046225865554, ""DC-2"": 315.6076776978037, ""DC-3"": 321.48509825325897, ""DC-4"": 206.49992935131718, ""DC-5"": 340.43406765441046}"
52,93,1567.3519893818316,1001,1001,0,0,1001,296,1,704,0,1000,986,14,0,83,70,13,8,0,13135.811703604591,1000,53653,53653,53653,53653,0,48656,20.28248500585556,9.89122985458374,10.391255172491073,-146.42605459594728,-0.008141295712906867,0.40333327651023865,0.5440912665724754,0.5350845531225205,146.01076722717286,146.02798654174805,146.01911476135254,13.75932259997353,"{""DC-1"": 370.64564987164187, ""DC-2"": 309.5669880522152, ""DC-3"": 284.85784015361946, ""DC-4"": 298.5706629750498, ""DC-5"": 303.7108483293052}"
53,94,1524.811935964332,1002,1002,0,0,1002,288,2,712,0,1000,979,21,0,93,77,16,7,0,14281.126276733456,1000,54655,54655,54655,54655,0,49656,20.13173336362839,9.784512568950653,10.347220793962478,-146.7094047241211,-0.0025503813289105893,0.40085136890411377,0.5380371089577675,0.5351277190446854,146.29799653625489,146.29440521240235,146.2975158996582,13.735128799977247,"{""DC-1"": 347.7069150339497, ""DC-2"": 325.9707801165153, ""DC-3"": 301.1813459808224, ""DC-4"": 217.23589408742544, ""DC-5"": 332.7170007456182}"
54,95,1519.896712580516,1002,1002,0,0,1002,219,2,781,0,1000,987,13,0,69,62,7,10,0,13378.308662785641,1004,55657,55657,55657,55657,0,50660,18.454794149474793,8.922097234849437,9.53269687924252,-146.67955372722975,-0.002197142160405772,0.3994370102882385,0.5375374375111553,0.535050920874949,146.24483948969745,146.24682328425556,146.24986536094391,14.571857800008729,"{""DC-1"": 341.23671248585117, ""DC-2"": 297.66101471513673, ""DC-3"": 341.04472412995426, ""DC-4"": 238.89130245217038, ""DC-5"": 301.06295879740367}"
55,96,1398.5727736679091,1009,1009,0,0,1009,302,9,698,0,1000,961,39,0,117,80,37,21,0,13995.353634001582,1008,56666,56666,56666,56666,0,51668,20.128846783959677,9.671329819966877,10.457516955477852,-147.13045195927697,0.01848877829615958,0.4098663926124573,0.5150055071072919,0.5352402118936418,146.61659825037395,146.61679882473416,146.63207512810118,14.78845440002624,"{""DC-1"": 221.98933610527433, ""DC-2"": 294.5043916607032, ""DC-3"": 324.6514905210151, ""DC-4"": 245.00864383852286, ""DC-5"": 312.41891154239397}"
56,97,1172.51469547656,1012,1012,0,0,1012,353,12,647,0,1000,923,77,0,176,102,74,20,0,14292.073934338432,1012,57678,57678,57678,57678,0,52680,20.047897689427312,9.754915876350855,10.292981839462703,-148.62178621555978,0.04372152832443476,0.43389832973480225,0.48437243811933417,0.5351234635581141,148.06758996714717,148.07103646319845,148.0650619386213,13.921356000006199,"{""DC-1"": 184.54620610005148, ""DC-2"": 287.8532130736097, ""DC-3"": 133.74200728075087, ""DC-4"": 247.63980420945407, ""DC-5"": 318.7334648126936}"
57,98,1397.2102379210928,1008,1008,0,0,1008,320,8,680,0,1000,958,42,0,118,80,38,19,0,15872.720328053358,1008,58686,58686,58686,58686,0,53688,19.803463400356353,9.496043408910433,10.307419985769288,-149.5953644343785,0.0033281752913598976,0.43585848808288574,0.531088262796402,0.5351122950041105,149.09742203969805,149.09762359800794,149.0948751691788,14.44592399999965,"{""DC-1"": 261.31400909942914, ""DC-2"": 301.10243447231255, ""DC-3"": 281.9454864421167, ""DC-4"": 226.0619614995061, ""DC-5"": 326.78634640772776}"
58,99,1493.625584784833,1007,1007,0,0,1007,279,7,721,0,1000,977,23,0,76,57,19,11,0,13272.377122502869,1008,59693,59693,59693,59693,0,54696,19.315632923254892,9.258005793842058,10.05762711332904,-150.20368603297644,-0.024195632931502863,0.42096343636512756,0.563623418292356,0.5351093278990852,149.70470575302366,149.7029995237078,149.70604449983628,14.72042089997558,"{""DC-1"": 313.76312279199885, ""DC-2"": 321.9329416885543, ""DC-3"": 297.84094501550186, ""DC-4"": 267.57033892587253, ""DC-5"": 292.51823636290436}"
59,100,1300.4708847580018,1005,1005,0,0,1005,292,5,708,0,1000,948,52,0,110,63,47,28,0,15316.523222704625,1004,60698,60698,60698,60698,0,55700,17.769266334662873,8.545165152663728,9.224101192447769,-150.51797457995167,-0.033699229939848155,0.40193304419517517,0.5733542304589929,0.5352928126713195,150.1313212573291,150.13103226741472,150.13070586003155,13.91790800000308,"{""DC-1"": 314.75627875019563, ""DC-2"": 277.50816920354646, ""DC-3"": 176.15291689452837, ""DC-4"": 269.1526057426347, ""DC-5"": 262.9009141670973}"
60,101,1373.989098157462,1004,1004,0,0,1004,307,4,693,0,1000,957,43,0,134,93,41,11,0,14047.811703604591,1004,61702,61702,61702,61702,0,56704,19.24714891796568,9.240099586101167,10.007049284370773,-150.4015381649671,-0.04044102882248427,0.3831743896007538,0.5781085721525063,0.5349475386370701,150.06557726005158,150.07569061522466,150.07235036903168,14.614360499952454,"{""DC-1"": 271.044265732105, ""DC-2"": 341.5204120783838, ""DC-3"": 266.07875429116604, ""DC-4"": 207.63957889202908, ""DC-5"": 287.7060871637791}"
61,102,1291.9201955026108,1002,1002,0,0,1002,420,2,580,0,1000,934,66,0,182,117,65,23,0,13871.184371671396,1004,62704,62704,62704,62704,0,57708,18.304818108262292,8.807079808882984,9.497738300566654,-150.33295945247332,-0.05108340955997977,0.3640294671058655,0.5868576302590123,0.5349682701298915,150.00734332263232,150.0084068328736,150.01472441228736,13.882565299980342,"{""DC-1"": 147.41483838389016, ""DC-2"": 305.26420155234814, ""DC-3"": 255.84337763371911, ""DC-4"": 251.03629555529878, ""DC-5"": 332.3614823773557}"
62,103,1587.2218092039275,1004,1004,0,0,1004,289,4,711,0,1000,988,12,0,81,73,8,8,0,13912.345596608611,1004,63708,63708,63708,63708,0,58712,18.385460524445037,8.82185784231619,9.563602643183978,-150.37720100433228,-0.045411277655604855,0.3492276966571808,0.5792666665348873,0.5351293272231205,149.9435785605138,149.94259439901526,149.94396893626666,13.787142599991057,"{""DC-1"": 394.7375971592902, ""DC-2"": 297.1980313426277, ""DC-3"": 353.94072885992193, ""DC-4"": 222.92779755377245, ""DC-5"": 318.4176542883156}"
63,104,1555.9553856399407,1005,1005,0,0,1005,309,5,691,0,1000,982,18,0,81,66,15,7,0,16343.31881285634,1004,64713,64713,64713,64713,0,59716,18.424195533254707,8.793129884151824,9.631065609920547,-150.1509760518473,-0.033756909318234905,0.3381074368953705,0.5666555361562516,0.5349275886537544,149.77167021610822,149.7785680854463,149.77666254537513,14.050111299962737,"{""DC-1"": 395.7902271640103, ""DC-2"": 284.63784544536986, ""DC-3"": 340.5539048151276, ""DC-4"": 258.40555864475004, ""DC-5"": 276.56784957068396}"
64,105,1506.4014389406004,1004,1004,0,0,1004,260,4,740,0,1000,980,20,0,83,69,14,6,0,12310.479265631679,1004,65717,65717,65717,65717,0,60720,20.005193627213103,9.66515619726295,10.340037380319192,-150.09591571458307,-0.020555993107952683,0.33118823170661926,0.5540385622664752,0.5351866895696556,149.72958240281062,149.7325700402735,149.72424336163647,13.95251690002624,"{""DC-1"": 325.26677684051634, ""DC-2"": 302.9996142579537, ""DC-3"": 344.6265847817919, ""DC-4"": 250.19168404723246, ""DC-5"": 283.3167790131051}"
65,106,1517.951891332632,1004,1004,0,0,1004,258,4,742,0,1000,982,18,0,106,90,16,8,0,11986.14515375697,1004,66721,66721,66721,66721,0,61724,19.85832594970308,9.512556866583122,10.345769060322963,-149.80798312487354,-0.013565657783273712,0.32604464888572693,0.547238704039756,0.5350424566591878,149.44851455080556,149.44237998567255,149.4374589958039,13.94509640004253,"{""DC-1"": 364.4706390501589, ""DC-2"": 304.4058536325037, ""DC-3"": 288.5640032836891, ""DC-4"": 240.62528292748962, ""DC-5"": 319.8861124387917}"
66,107,1539.9600842523994,1003,1003,0,0,1003,310,3,690,0,1000,979,21,0,95,75,20,5,0,13720.879202815824,1004,67724,67724,67724,67724,0,62728,18.339931520332854,8.838118640075168,9.501812904242026,-149.40530580923377,0.00945596120912077,0.329922080039978,0.5269175507870328,0.5352497781177916,149.05822873970428,149.05502491073304,149.05688291146936,13.89112970000133,"{""DC-1"": 311.1628467940341, ""DC-2"": 300.30349886955855, ""DC-3"": 347.82497636855464, ""DC-4"": 236.84595630455064, ""DC-5"": 343.82280591570037}"
67,108,1501.5252380964457,1000,1000,0,0,1000,297,0,703,0,1000,975,25,0,97,78,19,8,0,12044.377122502869,1000,68724,68724,68724,68724,0,63728,18.68591603088379,8.986355970144272,9.699560029029847,-148.868046875,0.011395369212608784,0.3354127109050751,0.5247867205739021,0.5351001365184784,148.5571594696045,148.56312144470215,148.55777310180665,13.713416999962647,"{""DC-1"": 320.3966139271518, ""DC-2"": 350.6861791338923, ""DC-3"": 303.5701025743424, ""DC-4"": 218.36484980019492, ""DC-5"": 308.50749266086297}"
68,109,1550.9489016402879,1001,1001,0,0,1001,324,1,676,0,1000,979,21,0,88,68,20,9,0,12777.860458242996,1000,69725,69725,69725,69725,0,64728,19.110124824523925,9.19161535358429,9.918509469985962,-148.42056314086915,0.01544621479138732,0.3433266878128052,0.5207498742341995,0.5350278685092926,148.11829864501954,148.11251245117188,148.12102825927735,13.915003700007219,"{""DC-1"": 369.263566146485, ""DC-2"": 277.7373830459939, ""DC-3"": 347.5320902065535, ""DC-4"": 268.75628672737065, ""DC-5"": 287.65957551388516}"
69,110,1486.1786438495337,1007,1007,0,0,1007,281,7,719,0,1000,974,26,0,90,68,22,6,0,12607.958258464474,1008,70732,70732,70732,70732,0,65736,18.87791421820247,9.117643591666978,9.76027058490685,-147.86876999385774,0.012710911836678399,0.3503916263580322,0.5232664770668461,0.5351919360340588,147.6552190477886,147.6612924999661,147.66382191673156,14.092133499972988,"{""DC-1"": 370.4112224931033, ""DC-2"": 256.9707063167846, ""DC-3"": 321.7790279438445, ""DC-4"": 232.5358090278229, ""DC-5"": 304.48187806797904}"
70,111,1535.5137177450847,1000,1000,0,0,1000,295,0,705,0,1000,981,19,0,107,91,16,11,0,13489.064861728668,1000,71732,71732,71732,71732,0,66736,18.119266787052155,8.779125503540039,9.340141293764114,-147.21678622436522,0.008595195699017495,0.35556432604789734,0.5269400106668473,0.5351377623081207,147.02438371276855,147.01740504455566,147.03162254333495,14.381204100034665,"{""DC-1"": 391.42516700955383, ""DC-2"": 299.92208844789025, ""DC-3"": 335.4397047407043, ""DC-4"": 238.0136145556801, ""DC-5"": 270.7131429912554}"
71,112,1544.356041217535,1022,1022,0,0,1022,303,22,697,0,1000,984,16,0,99,84,15,6,0,13910.39051896314,1020,72754,72754,72754,72754,0,67756,18.480836694848303,8.874425088658052,9.60641157136244,-146.7101501165652,0.0007961008663508384,0.3560425937175751,0.5343637728223614,0.5350936149849611,146.47660993688245,146.47371142518287,146.47174422320197,14.578442600031849,"{""DC-1"": 362.6421714460384, ""DC-2"": 326.4709417847931, ""DC-3"": 352.84335931453177, ""DC-4"": 211.85691023767632, ""DC-5"": 290.54265843449576}"
72,113,1503.9654771288215,1007,1007,0,0,1007,297,7,703,0,1000,977,23,0,96,75,21,9,0,15794.606476726352,1008,73761,73761,73761,73761,0,68764,17.824446872113242,8.529221256337468,9.295225571545343,-146.08291644141786,0.006383659355970662,0.360090970993042,0.529011162618796,0.5351608862716054,145.89919361235604,145.89794329991417,145.8967248674423,13.93296950001968,"{""DC-1"": 317.58860407030755, ""DC-2"": 318.4998497613244, ""DC-3"": 383.1914116896165, ""DC-4"": 191.60484555078432, ""DC-5"": 293.08076605678997}"
73,114,1404.051972152152,1000,1000,0,0,1000,324,0,676,0,1000,957,43,0,105,63,42,10,0,13799.142131393775,1000,74761,74761,74761,74761,0,69764,16.54316797876358,7.98293506193161,8.560232900142669,-145.75776574707032,0.007626246382016689,0.36511385440826416,0.5277140386104584,0.5351768736839294,145.60501940917968,145.59488052368164,145.6043526763916,13.853940999950282,"{""DC-1"": 320.06788763883293, ""DC-2"": 288.4969666167823, ""DC-3"": 345.442286547616, ""DC-4"": 176.77753758019443, ""DC-5"": 273.2672937687278}"
74,115,1577.5236579569835,1003,1003,0,0,1003,277,3,723,0,1000,988,12,0,83,73,10,7,0,15197.595252273852,1004,75764,75764,75764,75764,0,70768,17.817850868540457,8.50500638385218,9.312844480888778,-145.18793569618012,0.002852897293331376,0.36693906784057617,0.5323611444448569,0.5351860581403709,144.96683315261902,144.96450004729616,144.96177500082678,14.34128699998837,"{""DC-1"": 379.5636589398087, ""DC-2"": 354.9209312048537, ""DC-3"": 337.14664463085006, ""DC-4"": 202.3816895079232, ""DC-5"": 303.51073367354763}"
75,116,1484.2271729170043,1002,1002,0,0,1002,297,2,703,0,1000,974,26,0,118,96,22,11,0,14553.593432965008,1000,76766,76766,76766,76766,0,71768,17.51879530477524,8.44665229344368,9.072143019199371,-144.41282073974608,-0.006732322644209489,0.363132506608963,0.5418296399712562,0.5351394490003586,144.24186936950684,144.24318550109862,144.23828198242188,14.005054900015239,"{""DC-1"": 320.9088230736448, ""DC-2"": 303.1731032697002, ""DC-3"": 366.0826493904185, ""DC-4"": 207.6216225206556, ""DC-5"": 286.4409746625856}"
76,117,1499.998720546939,1001,1001,0,0,1001,305,1,695,0,1000,972,28,0,87,62,25,11,0,10944.377122502869,1000,77767,77767,77767,77767,0,72768,17.453312509536744,8.352406269550324,9.100906220674515,-143.94644131469727,-0.0022720937449485063,0.36154744029045105,0.5376141633987427,0.5353185081481934,143.78830000305175,143.7765330657959,143.76885638427734,14.548487300053239,"{""DC-1"": 366.78945852991853, ""DC-2"": 299.14966240753284, ""DC-3"": 346.1666159644048, ""DC-4"": 194.9631518330615, ""DC-5"": 292.92983181202175}"
77,118,1459.66358724039,1001,1001,0,0,1001,273,1,727,0,1000,973,27,0,89,67,22,13,0,14921.811703604591,1004,78768,78768,78768,78768,0,73772,17.621902759331633,8.468483444229065,9.153419318189659,-143.4917834460498,-0.001903056157789976,0.36048534512519836,0.5371565188307211,0.5352644269684871,143.28811315711275,143.28451437779157,143.29379606816872,13.912300500029232,"{""DC-1"": 323.1990883737356, ""DC-2"": 265.0030094004113, ""DC-3"": 354.76303415065473, ""DC-4"": 207.62879465379262, ""DC-5"": 309.06966066179393}"
78,119,1604.8840321133125,1004,1004,0,0,1004,313,4,687,0,1000,989,11,0,87,77,10,7,0,12090.875990386214,1004,79772,79772,79772,79772,0,74776,17.24507658557588,8.288906577811298,8.95617002984917,-142.8891176930462,-0.003222927982655476,0.35814493894577026,0.53838921091946,0.5352462728422477,142.72336877769683,142.72226629979107,142.70800372423878,14.182265900017228,"{""DC-1"": 344.79014131596665, ""DC-2"": 298.9452572364083, ""DC-3"": 371.8090609539748, ""DC-4"": 267.49489836426596, ""DC-5"": 321.8446742426958}"
79,120,1546.099782956828,1010,1010,0,0,1010,276,10,724,0,1000,983,17,0,68,55,13,7,0,12102.336587157484,1008,80782,80782,80782,80782,0,75784,15.996654014738779,7.68393798953011,8.312716078900156,-142.29575257074265,0.002716822066022793,0.3596743047237396,0.5328173701843572,0.5352912470698357,142.07734191228474,142.0785942985898,142.07989125024704,14.742452300037257,"{""DC-1"": 414.8799436399118, ""DC-2"": 355.70279214130846, ""DC-3"": 315.4742358038644, ""DC-4"": 196.10429660533657, ""DC-5"": 263.93851476640526}"
80,121,1513.3967068734023,1002,1002,0,0,1002,244,2,756,0,1000,982,18,0,61,47,14,9,0,12923.80088119594,1004,81784,81784,81784,81784,0,76788,15.857617294645879,7.624781569636675,8.232835729283641,-141.68568569350526,0.002696738850169507,0.3616883158683777,0.5326194106582627,0.5353114868540213,141.52308504324986,141.5256872443089,141.52070503690803,14.256153900001664,"{""DC-1"": 355.4312750104257, ""DC-2"": 306.0242272238429, ""DC-3"": 330.5495722057055, ""DC-4"": 219.16758763551664, ""DC-5"": 302.22404479791106}"
81,122,1541.400591101519,1004,1004,0,0,1004,266,4,734,0,1000,983,17,0,78,65,13,11,0,14683.195833419333,1004,82788,82788,82788,82788,0,77792,15.477974313188835,7.417341065596775,8.060633237380905,-141.1042496274667,0.006506038523340353,0.36605554819107056,0.5288322938984609,0.535260798921623,140.96883708452324,140.96678252809076,140.97328248346943,14.91341590002412,"{""DC-1"": 414.5631520611222, ""DC-2"": 328.0638781491809, ""DC-3"": 306.16503604412355, ""DC-4"": 206.15064128059961, ""DC-5"": 286.457883566491}"
82,123,1557.0771412556123,1000,1000,0,0,1000,276,0,724,0,1000,983,17,0,65,50,15,5,0,11598.074440832017,1000,83788,83788,83788,83788,0,78792,15.336817238807678,7.393768293380737,7.943048939466476,-140.48880639648436,0.006331501112785191,0.36983367800712585,0.5289760693311691,0.5352169424295425,140.30540658569336,140.30726669311522,140.31025276184081,13.910562200006098,"{""DC-1"": 373.0061329899575, ""DC-2"": 325.66229205410013, ""DC-3"": 352.4320125448227, ""DC-4"": 217.68341072881242, ""DC-5"": 288.29329293792046}"
83,124,1584.2095505111593,1003,1003,0,0,1003,258,3,742,0,1000,992,8,0,63,58,5,4,0,12207.17019424311,1000,84791,84791,84791,84791,0,79792,16.1683825674057,7.826907272338867,8.341475277423859,-140.11073818969726,0.005750630462542176,0.37386882305145264,0.5296120311617851,0.5354033577442169,139.94815727233888,139.94219049072265,139.94873986816407,17.46683349995874,"{""DC-1"": 369.2613318311236, ""DC-2"": 288.8502526560334, ""DC-3"": 369.3683243668985, ""DC-4"": 265.5995307504173, ""DC-5"": 291.130110906688}"
84,125,1594.0162782890407,1004,1004,0,0,1004,291,4,709,0,1000,990,10,0,78,70,8,11,0,12059.66100514965,1004,85795,85795,85795,85795,0,80796,16.702095723722085,8.053861496695484,8.648234235575474,-139.72120158890803,0.005826320375113625,0.3778887391090393,0.5293241749959163,0.5351884135924487,139.55705796199965,139.55702925298317,139.55148204484308,15.025206799968146,"{""DC-1"": 408.6531769783555, ""DC-2"": 327.6253839676725, ""DC-3"": 293.89633623128987, ""DC-4"": 262.6877272760332, ""DC-5"": 301.1536538356894}"
85,126,1509.66824396782,1005,1005,0,0,1005,292,5,708,0,1000,978,22,0,102,82,20,6,0,13473.523222704625,1008,86800,86800,86800,86800,0,81804,15.263228075844902,7.266348372139628,7.996879712456749,-139.37965762425983,-0.002337478241229075,0.3766264319419861,0.5376905233614029,0.5353157289680981,139.17700345175606,139.17274623446994,139.1778792275323,16.08672339998884,"{""DC-1"": 366.887450044717, ""DC-2"": 324.8196209052691, ""DC-3"": 298.98631960932124, ""DC-4"": 258.2146190766596, ""DC-5"": 260.76023433185384}"
86,127,1504.5873132651411,1007,1007,0,0,1007,215,7,785,0,1000,985,15,0,65,54,11,11,0,10782.165503602682,1004,87807,87807,87807,87807,0,82808,14.45731065947696,6.889803921558943,7.567506748129172,-139.05853535929523,-0.003563562520330705,0.37401071190834045,0.5389946749604556,0.5353202569294736,138.87611190066394,138.8900318069762,138.88425503309028,15.908282199990936,"{""DC-1"": 367.25387460972274, ""DC-2"": 323.3107104575848, ""DC-3"": 305.0466076988824, ""DC-4"": 208.71736253115654, ""DC-5"": 300.25875796779474}"
87,128,1549.1454899454122,1001,1001,0,0,1001,293,1,707,0,1000,982,18,0,93,77,16,5,0,11928.074440832017,1004,88808,88808,88808,88808,0,83812,15.410261526525733,7.419220644876776,7.991040885210987,-138.6962194860694,-0.004568262762933658,0.37123796343803406,0.5398741638755419,0.5352571903471928,138.5576738912271,138.5599401709568,138.55668725245502,15.47790569998324,"{""DC-1"": 336.5027381171534, ""DC-2"": 324.3983362770616, ""DC-3"": 317.31849978226705, ""DC-4"": 267.4386636292197, ""DC-5"": 303.4872521397087}"
88,129,1568.4469779205883,1003,1003,0,0,1003,261,3,739,0,1000,990,10,0,63,56,7,6,0,11297.14515375697,1000,89811,89811,89811,89811,0,84812,14.685710286140441,7.037437625169754,7.648272685527801,-138.47399325561523,-0.011132155755069107,0.36414042115211487,0.5463532386422157,0.5351675335168838,138.2659655456543,138.26032853698732,138.26824240112305,15.54438829998253,"{""DC-1"": 370.3160121714849, ""DC-2"": 320.54986767042357, ""DC-3"": 314.84008942793605, ""DC-4"": 255.3256376951033, ""DC-5"": 307.41537095564075}"
89,130,1608.260497084489,1001,1001,0,0,1001,317,1,683,0,1000,988,12,0,89,79,10,7,0,11605.377122502869,1004,90812,90812,90812,90812,0,85816,15.215462390170154,7.3263974928285975,7.889064931774519,-138.13626952760248,-0.0029580016053222355,0.3621201515197754,0.5381923974510208,0.5352629176174027,138.00892964397295,138.0113276143473,138.0152576492127,15.737204000004567,"{""DC-1"": 405.60090811326205, ""DC-2"": 351.78867102250655, ""DC-3"": 316.6309363418353, ""DC-4"": 234.48800451892944, ""DC-5"": 299.7519770879562}"
90,131,1615.0498384783023,1001,1001,0,0,1001,310,1,690,0,1000,990,10,0,67,60,7,7,0,11818.124159637076,1000,91813,91813,91813,91813,0,86816,14.3692594871521,6.9149677286148075,7.454291742563248,-137.97128161621094,-0.007232774067204446,0.3574705719947815,0.5424838864207268,0.5352442299127579,137.81012742614746,137.80679512023926,137.80440699768067,16.257539000012912,"{""DC-1"": 354.7376183525539, ""DC-2"": 332.09629107495005, ""DC-3"": 337.8180511465434, ""DC-4"": 283.44460803643216, ""DC-5"": 306.9532698678226}"
91,132,1568.0765645249053,1003,1003,0,0,1003,295,3,705,0,1000,985,15,0,77,65,12,8,0,10311.927463358752,1004,92816,92816,92816,92816,0,87820,14.06955687933234,6.786143285819734,7.283413596599701,-137.7691026360865,0.002791893499183554,0.35924941301345825,0.5326205870188565,0.5352906769965274,137.6756841044027,137.67534786391542,137.67489879349787,16.039604199992027,"{""DC-1"": 361.0232853070662, ""DC-2"": 297.86606478137764, ""DC-3"": 321.0096375612466, ""DC-4"": 255.13895544502202, ""DC-5"": 333.0386214301929}"
92,133,1573.4914280361606,1001,1001,0,0,1001,246,1,754,0,1000,992,8,0,71,65,6,6,0,9600.154527966832,1000,93817,93817,93817,93817,0,88820,14.857296790599824,7.1348385624885555,7.722458276748657,-137.6197579650879,0.002900995433330536,0.36106806993484497,0.5325338113307952,0.5353430216312408,137.49358610534668,137.49160243225097,137.4974298400879,14.926858399994671,"{""DC-1"": 363.9582024576241, ""DC-2"": 278.0629500017926, ""DC-3"": 347.84216133922433, ""DC-4"": 276.4936070491846, ""DC-5"": 307.13450718833514}"
93,134,1586.4144563780496,1001,1001,0,0,1001,252,1,748,0,1000,991,9,0,57,50,7,9,0,10240.126276733456,1000,94818,94818,94818,94818,0,89820,14.509161920070648,7.0601050906181335,7.449056820631027,-137.51070162963867,0.0004885726356878877,0.3615035116672516,0.5346680313944817,0.5351574639081955,137.3731992034912,137.37541004943847,137.36579374694824,14.850341700017452,"{""DC-1"": 335.86315704030056, ""DC-2"": 296.617799761528, ""DC-3"": 358.5898576155334, ""DC-4"": 255.48977487549652, ""DC-5"": 339.85386708519263}"
94,135,1619.4628415449383,1001,1001,0,0,1001,296,1,704,0,1000,992,8,0,74,67,7,10,0,11746.69169909108,1000,95819,95819,95819,95819,0,90820,14.030662447452546,6.862179012537003,7.168483460426331,-137.43987872314455,0.005254781344905496,0.36469313502311707,0.5300238950848579,0.5351088600158691,137.26160119628906,137.26057167053222,137.26349493408202,14.84992179996334,"{""DC-1"": 356.01657490027173, ""DC-2"": 351.1675487877108, ""DC-3"": 354.8255212288601, ""DC-4"": 246.0786262922071, ""DC-5"": 311.3745703358891}"
95,136,1575.3408166601844,1000,1000,0,0,1000,293,0,707,0,1000,987,13,0,74,65,9,9,0,9571.879202815824,1000,96819,96819,96819,96819,0,91820,14.522171085834502,7.058282716989517,7.4638883786201475,-137.23800216674806,0.013227453722152858,0.37322375178337097,0.5219123452305794,0.535168472647667,137.0843664855957,137.08776029968263,137.08909603881835,14.906803199963178,"{""DC-1"": 404.24176536514267, ""DC-2"": 316.21729710670036, ""DC-3"": 359.36381601849394, ""DC-4"": 219.02594791745952, ""DC-5"": 276.49199025238886}"
96,137,1598.227251932122,1001,1001,0,0,1001,311,1,689,0,1000,987,13,0,74,65,9,8,0,10773.329737481703,1004,97820,97820,97820,97820,0,92824,14.691962948833329,7.20281518194305,7.489147790162212,-136.8905818680843,0.010544557662159428,0.3802422881126404,0.524539435111669,0.5352522036231372,136.75686388661663,136.7538412937605,136.75538879941658,14.810457800049335,"{""DC-1"": 385.9437868606931, ""DC-2"": 298.7885624834353, ""DC-3"": 396.2317417653848, ""DC-4"": 225.24717760618236, ""DC-5"": 292.0159832164252}"
97,138,1632.8129015809623,1001,1001,0,0,1001,302,1,698,0,1000,994,6,0,65,62,3,6,0,14600.604557473573,1000,98821,98821,98821,98821,0,93824,14.488584564208985,7.046816125869751,7.441768428564072,-136.6625143432617,0.008126917497022077,0.3857754170894623,0.5268909487128258,0.5352676358222962,136.58114198303224,136.5750653076172,136.58162298583986,14.815174299990758,"{""DC-1"": 345.62492118472505, ""DC-2"": 354.0429109792855, ""DC-3"": 380.937458718521, ""DC-4"": 272.81211627312837, ""DC-5"": 279.3954944253031}"
98,139,1570.2847627558167,1002,1002,0,0,1002,276,2,724,0,1000,988,12,0,58,49,9,5,0,12190.189677127568,1000,99823,99823,99823,99823,0,94824,17.462183788299562,8.533039093494414,8.929144692420959,-136.47810614013673,0.007546193309128284,0.39142659306526184,0.5272051649689674,0.5352020670175552,136.4130638885498,136.42201025390625,136.41514604187012,14.90835620003054,"{""DC-1"": 390.5651744511584, ""DC-2"": 311.49006170568276, ""DC-3"": 337.53594416788854, ""DC-4"": 245.15777705117443, ""DC-5"": 285.53580537991235}"
99,140,1542.799081148837,1000,1000,0,0,1000,275,0,725,0,1000,983,17,0,73,62,11,14,0,13115.045861834857,1000,100823,100823,100823,100823,0,95824,15.180548989772797,7.321336119890213,7.859212871074677,-136.19821096801758,0.0025491969496943055,0.39329761266708374,0.5324183993935585,0.5350900005102157,136.1299458618164,136.1168226928711,136.12624615478515,14.695251199998893,"{""DC-1"": 388.8765386771024, ""DC-2"": 296.07424991654545, ""DC-3"": 335.1608303701092, ""DC-4"": 203.63797582750243, ""DC-5"": 319.04948635757825}"
100,141,1551.7671366536326,1001,1001,0,0,1001,312,1,688,0,1000,980,20,0,78,61,17,11,0,10536.720328053358,1004,101824,101824,101824,101824,0,96828,17.16067445040699,8.360566926429946,8.800107513053483,-136.15437022053388,-0.0005427591713234426,0.392932653427124,0.5358589134249554,0.5352850760596682,135.99639312014637,135.98948145102693,135.99542278882518,14.99897030001739,"{""DC-1"": 364.3248812997854, ""DC-2"": 332.00754234619626, ""DC-3"": 281.8794570864199, ""DC-4"": 252.364128876201, ""DC-5"": 321.191127045031}"
101,142,1619.1192865606583,1000,1000,0,0,1000,352,0,648,0,1000,985,15,0,90,81,9,9,0,10398.579452655134,1000,102824,102824,102824,102824,0,97828,16.97232797861099,8.225238098144532,8.747089890956879,-135.86952471923829,-0.0006237609246745705,0.39250537753105164,0.5360977264046669,0.5353250337839126,135.7887833709717,135.79190394592285,135.79401704406737,14.7087862000335,"{""DC-1"": 383.2950889061228, ""DC-2"": 338.5873708745406, ""DC-3"": 352.23133558891027, ""DC-4"": 242.39817583233585, ""DC-5"": 302.6073153587483}"
102,143,1566.7090088444106,1001,1001,0,0,1001,307,1,693,0,1000,981,19,0,75,58,17,8,0,12692.08556720975,1000,103825,103825,103825,103825,0,98828,17.555351096630098,8.482131865501405,9.073219229221344,-135.61030950927736,0.0013119143964722753,0.3937699496746063,0.533815708220005,0.5352402168512345,135.53805726623534,135.5426388092041,135.54024545288087,14.83186019997811,"{""DC-1"": 400.67125251808466, ""DC-2"": 328.5166902111164, ""DC-3"": 363.1223602840754, ""DC-4"": 216.95368318324313, ""DC-5"": 257.44502264789077}"
103,144,1618.8583744930277,1002,1002,0,0,1002,332,2,668,0,1000,986,14,0,73,61,12,6,0,10165.438010139458,1000,104827,104827,104827,104827,0,99828,16.59524391746521,8.103785026073457,8.491458954572678,-135.2730147705078,-0.0004919581469148397,0.3931678533554077,0.535864909529686,0.535284209728241,135.1711497192383,135.1710523223877,135.17476985168457,17.1407805000199,"{""DC-1"": 411.1819246735066, ""DC-2"": 350.9244754486858, ""DC-3"": 301.8709415877819, ""DC-4"": 227.81181936762871, ""DC-5"": 327.06921341542443}"
104,145,1541.3786193028764,1001,1001,0,0,1001,299,1,701,0,1000,980,20,0,74,58,16,6,0,10625.08556720975,1004,105828,105828,105828,105828,0,100832,17.19921556506974,8.351028866026981,8.848186697143008,-134.99630488057537,0.002305680504198598,0.3947572708129883,0.5328110458841362,0.5352487636514869,134.95600521801953,134.95685437571004,134.96441767415203,15.844130199984647,"{""DC-1"": 404.09257163526837, ""DC-2"": 317.69988268194186, ""DC-3"": 302.2773740918293, ""DC-4"": 261.18303141027525, ""DC-5"": 256.1257594835616}"
105,146,1641.564198373308,1000,1000,0,0,1000,311,0,689,0,1000,991,9,0,65,57,8,6,0,10052.955385590543,1000,106828,106828,106828,106828,0,101832,18.187052060604096,8.851829207897186,9.335222830295562,-134.7072960510254,-0.0012294095880351962,0.3939667046070099,0.5367302170991898,0.5354285354614258,134.65429670715332,134.65125944519042,134.66745565795898,14.870130399998743,"{""DC-1"": 393.90813535100625, ""DC-2"": 334.7265891562664, ""DC-3"": 365.1371165143845, ""DC-4"": 239.88768791518575, ""DC-5"": 307.90466943646584}"
106,147,1549.132530074917,1001,1001,0,0,1001,262,1,738,0,1000,986,14,0,72,61,11,7,0,11129.328448253156,1000,107829,107829,107829,107829,0,102832,16.935914196014405,8.224613607883454,8.711300565481185,-134.37376904296875,0.0019201299282722176,0.3952212929725647,0.5332309457063675,0.5352033400535583,134.29935961914063,134.29459294128418,134.2994387512207,14.976287199999206,"{""DC-1"": 361.6665518957806, ""DC-2"": 280.0015281564079, ""DC-3"": 345.90953739265495, ""DC-4"": 250.05639673842393, ""DC-5"": 311.4985158916501}"
107,148,1616.4110446867755,1001,1001,0,0,1001,308,1,692,0,1000,991,9,0,71,63,8,9,0,9811.052219765912,1000,108830,108830,108830,108830,0,103832,16.903763119220734,8.14608838558197,8.757674756765365,-134.06692764282226,-0.00597298940946348,0.3909037113189697,0.5414842368960381,0.5351244512796401,134.0381739501953,134.02331895446778,134.0282808532715,15.400060700019822,"{""DC-1"": 367.247593046932, ""DC-2"": 321.74048161448354, ""DC-3"": 360.6269843345297, ""DC-4"": 269.2608782789671, ""DC-5"": 297.53510741186403}"
108,149,1567.5439333173083,1000,1000,0,0,1000,288,0,712,0,1000,984,16,0,82,67,15,6,0,11974.336587157484,1000,109830,109830,109830,109830,0,104832,16.074435459136964,7.830223364114762,8.244212133169174,-133.83837631225586,-0.003953424457926303,0.387830913066864,0.5395543149709702,0.5352640960216523,133.76513877868652,133.75709382629395,133.76308123779296,14.709919100045227,"{""DC-1"": 425.7456465520823, ""DC-2"": 322.32665468495685, ""DC-3"": 272.44928310351173, ""DC-4"": 241.74125272208326, ""DC-5"": 305.281096254675}"
109,150,1593.0845779769645,1004,1004,0,0,1004,301,4,699,0,1000,987,13,0,66,54,12,9,0,12221.831868196261,1004,110834,110834,110834,110834,0,105836,14.658470686213429,7.111638924040167,7.5468317555241375,-133.3582395880346,-0.006878613261274058,0.38333964347839355,0.5423706604902487,0.535113142899783,133.36376241858736,133.36975169086836,133.37034154033282,14.8139824999962,"{""DC-1"": 380.56253333524745, ""DC-2"": 334.96482921725107, ""DC-3"": 345.0097798384209, ""DC-4"": 237.39815483205464, ""DC-5"": 295.1492807539911}"
110,151,1625.7450897685796,1001,1001,0,0,1001,275,1,725,0,1000,993,7,0,64,60,4,8,0,12363.125409268456,1000,111835,111835,111835,111835,0,106836,15.170975745677948,7.319528715372085,7.851447040319443,-133.31365142822267,0.00011978927394375206,0.3831263482570648,0.5350704250931739,0.5351914328336715,133.25417204284668,133.25627737426757,133.26541270446776,16.595349200011697,"{""DC-1"": 455.2412602190806, ""DC-2"": 288.73083179088286, ""DC-3"": 326.73666747457054, ""DC-4"": 222.31162109820656, ""DC-5"": 332.7247091858395}"
111,152,1538.7392564701236,1002,1002,0,0,1002,317,2,683,0,1000,979,21,0,101,88,13,9,0,10426.593432965008,1004,112837,112837,112837,112837,0,107840,14.722692925141628,7.166038699596527,7.556654220558258,-133.0515531562714,-0.00472593986924619,0.3797825574874878,0.5403059988145335,0.5352992712264042,132.9289129644751,132.92504720193932,132.9229808670591,15.393532599962782,"{""DC-1"": 355.0041983322843, ""DC-2"": 347.9344874567419, ""DC-3"": 292.9262995091279, ""DC-4"": 235.31899622233496, ""DC-5"": 307.5552749496353}"
112,153,1611.026339448033,1001,1001,0,0,1001,265,1,735,0,1000,991,9,0,59,52,7,5,0,9903.879202815824,1000,113838,113838,113838,113838,0,108840,15.140674774169922,7.388490205287933,7.752184610128403,-132.7882063293457,-0.006910687883850187,0.37473049759864807,0.5423907335996628,0.5352985936403275,132.730325881958,132.73409440612792,132.72782783508302,15.254716900002677,"{""DC-1"": 359.52032282290656, ""DC-2"": 311.58228352744334, ""DC-3"": 334.2043090031108, ""DC-4"": 236.0675902280352, ""DC-5"": 369.65183386653723}"
113,154,1618.2702481731094,1000,1000,0,0,1000,290,0,710,0,1000,992,8,0,57,51,6,11,0,11578.487153549542,1000,114838,114838,114838,114838,0,109840,14.370349648952484,6.966709384202957,7.403640244722366,-132.53209884643556,-0.008304904882330447,0.3697938919067383,0.5438359177112579,0.5353961044549942,132.51174362945557,132.51463194274902,132.5153304824829,15.364020300039556,"{""DC-1"": 374.1770732247799, ""DC-2"": 311.13001779912884, ""DC-3"": 354.6710124692686, ""DC-4"": 279.4576107315346, ""DC-5"": 298.8345339483973}"
114,155,1543.7452931661435,1000,1000,0,0,1000,294,0,706,0,1000,979,21,0,82,64,18,6,0,10633.078437804083,1000,115838,115838,115838,115838,0,110840,13.484473689079284,6.551750146865845,6.932723531007767,-132.34784539794921,-0.00184994828235358,0.36848461627960205,0.5371524773836136,0.5352316641807556,132.27445883178711,132.26318629455565,132.27444621276857,14.987681800033897,"{""DC-1"": 366.25764591008544, ""DC-2"": 342.23510821099455, ""DC-3"": 297.13157424764177, ""DC-4"": 238.75446506526004, ""DC-5"": 299.3664997321617}"
115,156,1560.3428130205739,1000,1000,0,0,1000,302,0,698,0,1000,981,19,0,74,60,14,6,0,10330.808919171148,1000,116838,116838,116838,116838,0,111840,13.329291394233703,6.507367728471756,6.8219236671924595,-131.98991885375978,-0.008242295103846118,0.3629234731197357,0.5435506213903427,0.5352757575511933,132.03499278259278,132.04098711395264,132.03556391906739,15.7186640999862,"{""DC-1"": 396.4548225354637, ""DC-2"": 332.9143046220016, ""DC-3"": 336.06259607160956, ""DC-4"": 232.7446932937324, ""DC-5"": 262.1663964977669}"
116,157,1532.6591129054264,1000,1000,0,0,1000,303,0,697,0,1000,977,23,0,65,46,19,10,0,11009.308662785641,1000,117838,117838,117838,117838,0,112840,12.321664698123932,5.990716438531876,6.330948243379593,-131.88016513061524,-0.005986658920533955,0.35914623737335205,0.5412580047845841,0.5353325169086456,131.8810597000122,131.88700062561034,131.88926162719727,16.764231299981475,"{""DC-1"": 383.25122325907455, ""DC-2"": 275.21347557356194, ""DC-3"": 335.0940817777318, ""DC-4"": 220.62202473386532, ""DC-5"": 318.4783075611921}"
117,158,1591.9590145651184,1001,1001,0,0,1001,300,1,700,0,1000,985,15,0,61,48,13,6,0,11829.831868196261,1000,118839,118839,118839,118839,0,113840,12.33325626707077,6.005860060214997,6.3273962066173555,-131.58633334350586,-0.004830744260456413,0.35632556676864624,0.5399523075819016,0.5352850099802017,131.54103955078125,131.53954217529298,131.54414567565917,16.216296300000977,"{""DC-1"": 374.16487256784944, ""DC-2"": 329.45369177530165, ""DC-3"": 356.4532310501803, ""DC-4"": 232.89387851643045, ""DC-5"": 298.9933406553567}"
118,159,1627.0519478818344,1000,1000,0,0,1000,303,0,697,0,1000,992,8,0,50,45,5,6,0,10857.682885123264,1000,119839,119839,119839,119839,0,114840,12.58680880689621,6.135406467914581,6.451402338504791,-131.43980352783203,-0.007245486187050119,0.3520072102546692,0.5423700890541077,0.5353522342443466,131.43545894622804,131.43199516296386,131.42734642791748,16.508700100006536,"{""DC-1"": 391.9455332695846, ""DC-2"": 322.885112868001, ""DC-3"": 373.0366241281306, ""DC-4"": 239.09024858056162, ""DC-5"": 300.09442903555737}"
119,160,1562.5444819245126,1001,1001,0,0,1001,297,1,703,0,1000,982,18,0,73,57,16,6,0,11476.307946768218,1004,120840,120840,120840,120840,0,115844,11.680665799346103,5.67830048828011,6.002365350248329,-131.26699285013268,-0.0034710070998611973,0.3501817584037781,0.538755719583348,0.535379184550973,131.19845274055146,131.19798252212098,131.20517894091358,16.57107270002598,"{""DC-1"": 342.2698554942735, ""DC-2"": 293.178810934618, ""DC-3"": 359.9378837660575, ""DC-4"": 264.40140462109935, ""DC-5"": 302.7565271084643}"
120,161,1574.8983774242183,1001,1001,0,0,1001,310,1,690,0,1000,983,17,0,69,55,14,8,0,12750.882106841042,1000,121841,121841,121841,121841,0,116844,11.564707784175873,5.681841714859009,5.882866067647934,-131.08692462158203,-0.0039793633823283015,0.347479909658432,0.5392391175031662,0.5353029336929321,131.07863549804688,131.0831035308838,131.0811520462036,15.476802900026087,"{""DC-1"": 371.8971790008449, ""DC-2"": 329.638380726752, ""DC-3"": 342.1165522677116, ""DC-4"": 245.15271264999475, ""DC-5"": 286.0935527789144}"
121,162,1564.2274242697836,1000,1000,0,0,1000,312,0,688,0,1000,982,18,0,77,62,15,6,0,13072.389793166743,1000,122841,122841,122841,122841,0,117844,12.408308912754059,6.030630611181259,6.377678307056427,-130.95607766723631,-0.00450626648333855,0.34510868787765503,0.5396295096874237,0.5353732140064239,130.9597984161377,130.95555618286133,130.96109384918213,15.126647199969739,"{""DC-1"": 345.68179247170116, ""DC-2"": 312.4008959578571, ""DC-3"": 329.5864574653765, ""DC-4"": 280.02682074245695, ""DC-5"": 296.53145763239144}"
122,163,1501.7638960609347,1004,1004,0,0,1004,268,4,732,0,1000,977,23,0,68,53,15,5,0,9229.592128795057,1004,123845,123845,123845,123845,0,118848,12.0142566416843,5.805835857096897,6.20842079646084,-130.64676518839195,-0.001416691932808682,0.34419602155685425,0.5367503864950393,0.5353396527795677,130.6455742353462,130.64810604688182,130.6565558976861,15.478809599997476,"{""DC-1"": 346.8681144205092, ""DC-2"": 306.9547235628206, ""DC-3"": 311.76616380427436, ""DC-4"": 245.0380368536035, ""DC-5"": 291.1368574197275}"
123,164,1608.4047645997614,1000,1000,0,0,1000,279,0,721,0,1000,991,9,0,59,53,6,7,0,11070.61888465982,1000,124845,124845,124845,124845,0,119848,12.631887722969056,6.113898895025253,6.5179888379573825,-130.36931578063965,0.004751295516034588,0.3471304178237915,0.5308251286149025,0.5352663915157319,130.35278644561768,130.35240603637695,130.3585671081543,15.231917899975087,"{""DC-1"": 393.0243809687494, ""DC-2"": 327.0163354544438, ""DC-3"": 326.46507646264564, ""DC-4"": 238.64210939345216, ""DC-5"": 323.2568623204712}"
124,165,1613.1069920045918,1000,1000,0,0,1000,282,0,718,0,1000,993,7,0,66,63,3,10,0,11469.110841835827,1000,125845,125845,125845,125845,0,120848,11.15639019870758,5.427541407823562,5.728848790168763,-130.33346994018555,0.004865187042858452,0.3495560586452484,0.5306710152626037,0.5352378344535828,130.32869051361084,130.3262102661133,130.32756112670899,15.354207700002007,"{""DC-1"": 356.8638360559014, ""DC-2"": 339.1850119800712, ""DC-3"": 336.89284131098134, ""DC-4"": 258.9126710036418, ""DC-5"": 321.25263165399423}"
125,166,1609.7323642918132,1000,1000,0,0,1000,257,0,743,0,1000,993,7,0,63,60,3,8,0,14110.726392226408,1000,126845,126845,126845,126845,0,121848,12.716026817798614,6.165318985939026,6.550707812309265,-130.2494490814209,-0.000751871363259852,0.34927400946617126,0.5359986340999603,0.5352512661218644,130.2511079940796,130.25008380126954,130.25403244781495,18.39032349997433,"{""DC-1"": 407.0726776271826, ""DC-2"": 361.0373786547545, ""DC-3"": 292.6100828965149, ""DC-4"": 225.06927606590966, ""DC-5"": 323.9429490474517}"
126,167,1591.3928321296478,1001,1001,0,0,1001,323,1,677,0,1000,985,15,0,67,55,12,6,0,9301.184371671396,1000,127846,127846,127846,127846,0,122848,11.434215881347656,5.590803221225738,5.843412664413452,-130.170857421875,-0.001554623725824058,0.34868815541267395,0.5369268800616265,0.5353911390304565,130.15664920043946,130.15885675811768,130.16182066345215,17.048673799959943,"{""DC-1"": 363.2155543581621, ""DC-2"": 291.9188491825304, ""DC-3"": 366.59493026878107, ""DC-4"": 285.58509143585434, ""DC-5"": 284.0784068843201}"
127,168,1640.060766817189,1000,1000,0,0,1000,316,0,684,0,1000,993,7,0,75,70,5,10,0,12469.592128795057,1000,128846,128846,128846,128846,0,123848,11.444781192302704,5.633223143577576,5.811558057069778,-130.22039282226564,-0.0007108945427462458,0.3483029007911682,0.5360041586756706,0.535284260392189,130.16412490844726,130.16064599609376,130.15908361053468,15.216214200016111,"{""DC-1"": 375.9627209696907, ""DC-2"": 338.5389603180681, ""DC-3"": 368.7294186449794, ""DC-4"": 260.43109731389416, ""DC-5"": 296.39856957055633}"
128,169,1610.2427369085995,1000,1000,0,0,1000,318,0,682,0,1000,988,12,0,92,82,10,8,0,12269.486186082679,1000,129846,129846,129846,129846,0,124848,11.597114932537078,5.67899922132492,5.918115721464157,-130.00649229431153,-0.003930251640733331,0.346064954996109,0.5389614655971527,0.5352462447881698,129.96922940826417,129.96769857788087,129.97319885253907,15.150719200028107,"{""DC-1"": 364.25790791827245, ""DC-2"": 323.9355470455982, ""DC-3"": 370.35254489911006, ""DC-4"": 252.28408267604755, ""DC-5"": 299.41265436957127}"
129,170,1589.4610896575668,1004,1004,0,0,1004,305,4,695,0,1000,988,12,0,87,79,8,10,0,12338.435396571283,1004,130850,130850,130850,130850,0,125852,11.816125152120552,5.760107697956116,6.056017439203909,-129.78457323963423,0.010774202332451598,0.35192880034446716,0.5251291535527582,0.5352919976787264,129.80139765036535,129.80808964763506,129.8097047843781,15.274091899977066,"{""DC-1"": 376.388024501414, ""DC-2"": 301.1897650403228, ""DC-3"": 394.46469144922384, ""DC-4"": 229.67335304816322, ""DC-5"": 287.74525561844433}"
130,171,1588.1483247076753,1001,1001,0,0,1001,244,1,756,0,1000,990,10,0,58,53,5,5,0,11476.012648753105,1000,131851,131851,131851,131851,0,126852,11.733857291221618,5.696996097564697,6.036861176013947,-129.8200936126709,0.002663928050082177,0.35355818271636963,0.5327312893867493,0.5353001738786698,129.76772131347656,129.75757988739014,129.77228968811036,15.300171900016721,"{""DC-1"": 395.84314013560436, ""DC-2"": 307.5597774035165, ""DC-3"": 354.7745721433182, ""DC-4"": 243.51078974123732, ""DC-5"": 286.4600452839993}"
131,172,1583.2460535986775,1003,1003,0,0,1003,299,3,701,0,1000,987,13,0,84,73,11,18,0,15312.10014363362,1004,132854,132854,132854,132854,0,127856,12.115142520205433,5.922761408931231,6.192381107830906,-129.61910334431317,0.0050485564543739465,0.35612380504608154,0.5306040584091172,0.5353749167634196,129.6417460042642,129.64147142965004,129.63960051821522,15.317288899968844,"{""DC-1"": 375.878121969427, ""DC-2"": 313.7534286700619, ""DC-3"": 359.8192309594001, ""DC-4"": 222.94324690550366, ""DC-5"": 310.85202509428393}"
132,173,1555.0182133907426,1005,1005,0,0,1005,289,5,711,0,1000,984,16,0,77,65,12,9,0,15297.300880610746,1004,133859,133859,133859,133859,0,128860,10.528842895629397,5.123692943755374,5.405149974196081,-129.49382254611925,0.009183149662822396,0.36118757724761963,0.5264795997228281,0.5353589041299553,129.45057941907905,129.45172448177263,129.4599915462661,15.153489700052887,"{""DC-1"": 371.4377907287928, ""DC-2"": 319.3663556066013, ""DC-3"": 329.2760539964426, ""DC-4"": 245.1466197736757, ""DC-5"": 289.7913932852292}"
133,174,1573.8986974058575,1000,1000,0,0,1000,271,0,729,0,1000,989,11,0,81,71,10,10,0,12763.720328053358,1000,134859,134859,134859,134859,0,129860,11.464093385219574,5.618523102283477,5.845570285320282,-129.4380754852295,-0.0006251965451519936,0.3610764145851135,0.5359577757120132,0.5353092547655106,129.36929245758057,129.375542137146,129.36992985534667,15.145063299976755,"{""DC-1"": 364.3726781959415, ""DC-2"": 311.9090905819366, ""DC-3"": 344.4181826027828, ""DC-4"": 252.93818944431186, ""DC-5"": 300.26055658088336}"
134,175,1607.067049765437,1000,1000,0,0,1000,254,0,746,0,1000,993,7,0,59,54,5,5,0,10538.952842930963,1000,135859,135859,135859,135859,0,130860,11.1463416223526,5.503550842285156,5.642790764331818,-129.1295537261963,0.004894160138443113,0.36416664719581604,0.5305283192992211,0.5353927417993546,129.15885963439942,129.1594249649048,129.15712335968018,15.84482709999429,"{""DC-1"": 340.84732190599243, ""DC-2"": 333.7211520346352, ""DC-3"": 389.0976296532983, ""DC-4"": 252.3703303473342, ""DC-5"": 291.0306158241761}"
135,176,1580.9482409899704,1001,1001,0,0,1001,280,1,720,0,1000,986,14,0,62,50,12,5,0,10167.875990386214,1004,136860,136860,136860,136860,0,131864,10.702535527635856,5.227482595647949,5.475052931156767,-129.12142632776997,0.005754517830548385,0.36738303303718567,0.5298430235143676,0.5353928093178814,129.11599041456245,129.11657632774566,129.11660650336884,16.978729200025555,"{""DC-1"": 386.1717549773531, ""DC-2"": 336.47190026962005, ""DC-3"": 307.6359789677505, ""DC-4"": 254.50436017788996, ""DC-5"": 296.1642465973574}"
136,177,1610.4598748659537,1001,1001,0,0,1001,288,1,712,0,1000,992,8,0,75,68,7,10,0,11550.300880610746,1000,137861,137861,137861,137861,0,132864,10.899037741661072,5.262202791929245,5.6368349509239195,-128.93861795043946,0.00858613990712911,0.37235814332962036,0.5267627418637276,0.5353577584028244,128.9634044494629,128.95918366241455,128.96822233581543,16.216030699957628,"{""DC-1"": 399.68119243726983, ""DC-2"": 348.40876389541194, ""DC-3"": 305.4883636612854, ""DC-4"": 267.29984789945263, ""DC-5"": 289.58170697253394}"
137,178,1646.3959441363106,1000,1000,0,0,1000,297,0,703,0,1000,994,6,0,55,51,4,5,0,13761.371222030479,1000,138861,138861,138861,138861,0,133864,10.982749490737914,5.364464906454086,5.618284595012665,-128.80790469360352,0.00304425203287974,0.37456268072128296,0.5323146933317184,0.5354267783164978,128.86152774047852,128.86945345306395,128.85973471832276,16.3587674999726,"{""DC-1"": 366.58249616187663, ""DC-2"": 328.16767221743396, ""DC-3"": 389.6320123004836, ""DC-4"": 251.2056802299013, ""DC-5"": 310.80808322661585}"
138,179,1615.756316914038,1001,1001,0,0,1001,289,1,711,0,1000,992,8,0,65,60,5,7,0,12360.879202815824,1000,139862,139862,139862,139862,0,134864,10.988032302856446,5.355661590099334,5.632370705366134,-128.80522967529296,-0.0002634955369867384,0.37439367175102234,0.5357899941205978,0.5354332357645035,128.77509201812745,128.76785314178466,128.77998264312745,15.725936700007878,"{""DC-1"": 391.5907510855872, ""DC-2"": 333.6147556756526, ""DC-3"": 349.8564476223946, ""DC-4"": 248.81076158344223, ""DC-5"": 291.88360094695975}"
139,180,1623.1608453075273,1002,1002,0,0,1002,309,2,691,0,1000,990,10,0,75,68,7,5,0,12268.078437804083,1004,140864,140864,140864,140864,0,135868,10.286234550742039,5.038138812994102,5.248095725874502,-128.65100273953016,0.0016599008150257734,0.3750397562980652,0.5337019793065896,0.5352922534325208,128.65356620089466,128.64978723412017,128.65879447906616,16.16292319999775,"{""DC-1"": 382.434282711911, ""DC-2"": 329.9906215936557, ""DC-3"": 351.64871190245486, ""DC-4"": 269.8903232529476, ""DC-5"": 289.19690584655876}"
140,181,1625.2027572929603,1001,1001,0,0,1001,303,1,697,0,1000,990,10,0,59,54,5,5,0,12189.879202815824,1000,141865,141865,141865,141865,0,136868,10.14801426267624,4.875000184059143,5.273014076471329,-128.63418186950685,0.0013698810851201415,0.37592852115631104,0.533939226090908,0.5353116548061371,128.63240168762206,128.6243611984253,128.62614360809326,15.898209700011648,"{""DC-1"": 362.048590856556, ""DC-2"": 312.33104772282076, ""DC-3"": 370.32493244017627, ""DC-4"": 263.7552272383865, ""DC-5"": 316.74295903502184}"
141,182,1559.745436028544,1001,1001,0,0,1001,278,1,722,0,1000,985,15,0,75,64,11,8,0,10069.165503602682,1000,142866,142866,142866,142866,0,137868,10.010830455303193,4.896203096151352,5.114627354621887,-128.74350425720215,-0.001275681100320071,0.37541574239730835,0.5365772500038147,0.5353021123409272,128.76539826202392,128.77295696258545,128.77362944030762,16.18571140000131,"{""DC-1"": 382.56319220843466, ""DC-2"": 248.3909112301875, ""DC-3"": 334.9909452802037, ""DC-4"": 271.5954341933815, ""DC-5"": 322.2049531163362}"
142,183,1639.583611228596,1000,1000,0,0,1000,343,0,657,0,1000,988,12,0,90,79,11,5,0,9577.336587157484,1000,143866,143866,143866,143866,0,138868,10.276757603645324,5.036105517148972,5.240652090549469,-128.79768685913086,0.0005436003694776445,0.3757370710372925,0.5349053723812103,0.5353870714902877,128.781422706604,128.77915254211425,128.7863988571167,15.967983399983495,"{""DC-1"": 380.4644542917881, ""DC-2"": 329.95208044657795, ""DC-3"": 359.7060877995157, ""DC-4"": 239.38734932251305, ""DC-5"": 330.07363936820053}"
143,184,1632.5428786778004,1001,1001,0,0,1001,257,1,743,0,1000,996,4,0,49,46,3,5,0,10442.154527966832,1000,144867,144867,144867,144867,0,139868,10.47198504447937,5.103257327675819,5.368727738380432,-128.75705691528321,-0.0017905235094949604,0.37449634075164795,0.5371115092039108,0.5352525837421417,128.79129139709474,128.7903788909912,128.793263381958,16.202118100016378,"{""DC-1"": 365.5486130772695, ""DC-2"": 342.26047300624384, ""DC-3"": 351.63124586400613, ""DC-4"": 284.6906088269902, ""DC-5"": 288.4119379032906}"
144,185,1597.073810549773,1001,1001,0,0,1001,311,1,689,0,1000,985,15,0,58,47,11,7,0,13373.576775677322,1004,145868,145868,145868,145868,0,140872,10.394532244518933,5.051896399710758,5.342635845283113,-128.7735480806267,-0.002685051780348028,0.3724929094314575,0.5382009091011557,0.5354448236317274,128.76617484073714,128.76415425182813,128.76529169272615,15.901241899991874,"{""DC-1"": 375.77567808545103, ""DC-2"": 326.41791093387053, ""DC-3"": 347.4205759057896, ""DC-4"": 229.37635659003422, ""DC-5"": 318.0832890346277}"
145,186,1626.5036049733556,1002,1002,0,0,1002,318,2,682,0,1000,990,10,0,75,67,8,12,0,11948.961826853749,1000,146870,146870,146870,146870,0,141872,11.243388695240021,5.5254346466064455,5.717954065084458,-128.83869091796876,-0.005610571191646159,0.3694842755794525,0.5409447974562644,0.5352355809211731,128.86788148498536,128.86564261627197,128.8699453125,15.839177199988626,"{""DC-1"": 368.0063795561355, ""DC-2"": 328.82247616941197, ""DC-3"": 372.3758508123547, ""DC-4"": 267.7652731473718, ""DC-5"": 289.53362528808344}"
146,187,1601.0540326971166,1001,1001,0,0,1001,299,1,701,0,1000,989,11,0,73,62,11,7,0,15575.860458242996,1000,147871,147871,147871,147871,0,142872,10.442099249362945,5.061044115304947,5.381055149316787,-128.87011380004884,-0.005629131633322686,0.3656391501426697,0.5410912888646126,0.5353886960744858,128.82745719909667,128.82750575256347,128.83281797790528,16.17652530001942,"{""DC-1"": 372.5028172865014, ""DC-2"": 301.472274947723, ""DC-3"": 355.16258240002065, ""DC-4"": 273.0774904532424, ""DC-5"": 298.83886760962827}"
147,188,1577.1292582137012,1000,1000,0,0,1000,304,0,696,0,1000,985,15,0,91,79,12,9,0,10404.260163935385,1000,148871,148871,148871,148871,0,143872,10.355255732536316,5.085529283285141,5.269726448774338,-128.86651217651368,-0.002533832158194855,0.36391475796699524,0.5378174186944962,0.5352432792186737,128.86723642730712,128.86918727874755,128.87095223236085,15.964696200040635,"{""DC-1"": 392.27036637132693, ""DC-2"": 275.0960173552387, ""DC-3"": 382.47262331693656, ""DC-4"": 242.08120597938998, ""DC-5"": 285.2090451908087}"
148,189,1574.7008463749414,1000,1000,0,0,1000,373,0,627,0,1000,975,25,0,103,80,23,8,0,14472.978165327691,1000,149871,149871,149871,149871,0,144872,10.158994710445404,4.928094716787339,5.230899998664856,-128.66927526855468,-0.0031615847940556704,0.3620113730430603,0.5385575098395348,0.5353818349838256,128.75123446655275,128.75141426849365,128.75341132354737,15.930623000022024,"{""DC-1"": 412.41860288855673, ""DC-2"": 289.7169392243303, ""DC-3"": 371.5750487352182, ""DC-4"": 219.4791070369007, ""DC-5"": 281.5111484899353}"
149,190,1613.3759210516318,1007,1007,0,0,1007,284,7,716,0,1000,993,7,0,77,73,4,6,0,9913.877027377326,1008,150878,150878,150878,150878,0,145880,10.712174592510102,5.26098664459728,5.451187949805033,-128.59395965697274,0.000590031153507649,0.3626716434955597,0.5347586616518951,0.5353008100674266,128.66099581642757,128.66587542730664,128.6630271729969,16.40691560000414,"{""DC-1"": 326.81974811501846, ""DC-2"": 316.08525067440996, ""DC-3"": 373.01146978987055, ""DC-4"": 263.87854301460754, ""DC-5"": 333.5809094577245}"
150,191,1604.2184427752002,1005,1005,0,0,1005,296,5,704,0,1000,988,12,0,77,67,10,6,0,10700.300880610746,1004,151883,151883,151883,151883,0,146884,10.566424984381019,5.201895509108129,5.364529457700205,-128.63026729143,0.0034722894684326247,0.36473822593688965,0.5319518342436073,0.5353529782171743,128.6101110693943,128.60811313309992,128.61506004637457,16.218533899984322,"{""DC-1"": 413.329490198985, ""DC-2"": 275.8007081540031, ""DC-3"": 308.3627248629821, ""DC-4"": 269.39339985133387, ""DC-5"": 337.3321197078946}"
151,192,1648.4176385641188,1004,1004,0,0,1004,290,4,710,0,1000,995,5,0,48,44,4,8,0,10733.995198294466,1004,152887,152887,152887,152887,0,147888,10.3092885169375,5.00129709740084,5.307991417755644,-128.7067482480965,-0.002795887540513835,0.3627949655056,0.5381410468028361,0.5353378794820185,128.70377083888567,128.69719152716527,128.70060285439055,15.986511800030712,"{""DC-1"": 422.1098976933418, ""DC-2"": 294.8333008298272, ""DC-3"": 353.64575437119765, ""DC-4"": 246.07667927370963, ""DC-5"": 331.752006396041}"
152,193,1655.9063561434652,1000,1000,0,0,1000,300,0,700,0,1000,996,4,0,42,40,2,6,0,11383.078437804083,1000,153887,153887,153887,153887,0,148888,10.220141324043274,4.992514486193657,5.227626823663711,-128.6323034515381,-0.004384852792136371,0.3605720102787018,0.5395234367251396,0.5352370368242264,128.62313143920898,128.62804193878173,128.6270816192627,16.013441300019622,"{""DC-1"": 345.8937168696996, ""DC-2"": 344.8526817213053, ""DC-3"": 381.2942333401776, ""DC-4"": 270.7394202557644, ""DC-5"": 313.12630395651763}"
153,194,1639.9090623682973,1000,1000,0,0,1000,318,0,682,0,1000,991,9,0,64,58,6,3,0,13480.308453142634,1000,154887,154887,154887,154887,0,149888,9.862547210216523,4.846011819601059,5.016535383701324,-128.56422134399415,-0.008105520619545132,0.3556212782859802,0.5433002672791482,0.535304091334343,128.61916565704345,128.6221174468994,128.627896484375,16.942187600012403,"{""DC-1"": 377.6083389539383, ""DC-2"": 378.9738523830175, ""DC-3"": 357.2391345302448, ""DC-4"": 244.75467676432913, ""DC-5"": 281.3330597367677}"
154,195,1622.88872447832,1000,1000,0,0,1000,321,0,679,0,1000,988,12,0,66,57,9,6,0,12848.142131393775,1000,155887,155887,155887,155887,0,150888,10.289195392608642,5.113583063125611,5.1756123323440555,-128.49318855285645,-0.0013607118406798692,0.35458675026893616,0.5368395925164223,0.5354540939331055,128.55771114349366,128.56150769805907,128.56235760498046,16.413951799971983,"{""DC-1"": 423.5556408574314, ""DC-2"": 295.0157364438434, ""DC-3"": 355.27753203911396, ""DC-4"": 252.79328166838343, ""DC-5"": 296.2465334695473}"
155,196,1622.7217839737302,1001,1001,0,0,1001,300,1,700,0,1000,990,10,0,62,53,9,6,0,10998.554527313578,1004,156888,156888,156888,156888,0,151892,10.19480514003936,5.043584605849596,5.151220525878359,-128.57459705854316,-0.0031607770991782507,0.3532337546348572,0.5383874543634544,0.5353895871050329,128.58090345223113,128.58005605750824,128.57284333126478,16.463435699988622,"{""DC-1"": 384.13977999164496, ""DC-2"": 328.66196463902406, ""DC-3"": 377.0333151055874, ""DC-4"": 275.12549837266323, ""DC-5"": 257.76122586480795}"
156,197,1651.4432106169534,1000,1000,0,0,1000,320,0,680,0,1000,992,8,0,59,56,3,6,0,9985.171329116363,1000,157888,157888,157888,157888,0,152892,9.081063423633575,4.437306777238846,4.643756629943848,-128.57053059387206,-0.00018623479548841716,0.35268712043762207,0.5357289656996727,0.5354407354593277,128.59006993103029,128.5884690170288,128.5855693206787,16.614401100028772,"{""DC-1"": 349.06818874793987, ""DC-2"": 322.10962929825683, ""DC-3"": 403.3679082131204, ""DC-4"": 257.4965266832203, ""DC-5"": 319.4009576744153}"
157,198,1590.5204420446794,1001,1001,0,0,1001,295,1,705,0,1000,986,14,0,44,35,9,4,0,10181.438010139458,1000,158889,158889,158889,158889,0,153892,9.336561754703522,4.557774739027023,4.778787022352218,-128.69325590515137,0.002998402698431164,0.35446083545684814,0.5325000955462456,0.5353459340333938,128.7427417831421,128.74438990020752,128.7376396484375,16.445547199982684,"{""DC-1"": 337.86955323322513, ""DC-2"": 318.7006054510274, ""DC-3"": 399.3962924162037, ""DC-4"": 266.19831788510834, ""DC-5"": 268.35567305911377}"
158,199,1644.844786534339,1001,1001,0,0,1001,294,1,706,0,1000,993,7,0,44,39,5,4,0,10266.337554408308,1000,159890,159890,159890,159890,0,154892,9.703337467193604,4.764260483622551,4.939076991677284,-128.89668769836425,-0.002600822612177581,0.353135883808136,0.5378189635276794,0.5353077832460403,128.91334201049804,128.91491982269287,128.91191334533693,16.380856700008735,"{""DC-1"": 330.9103570517831, ""DC-2"": 347.32756618747067, ""DC-3"": 382.363613579608, ""DC-4"": 257.0820367020166, ""DC-5"": 327.1612130134612}"
159,200,1638.5353432459283,1000,1000,0,0,1000,308,0,692,0,1000,992,8,0,71,64,7,5,0,11411.587026254258,1000,160890,160890,160890,160890,0,155892,9.842177876472473,4.854674159526825,4.9875037217140195,-128.9169490814209,-0.00814821208268404,0.34855684638023376,0.5433864513635636,0.5354941354990006,128.9219298248291,128.9213871459961,128.92272227478028,16.340675799991004,"{""DC-1"": 360.15834976070335, ""DC-2"": 315.5448923096391, ""DC-3"": 370.27943536890547, ""DC-4"": 280.32443403116156, ""DC-5"": 312.22823177551965}"
160,201,1562.9257590056716,1000,1000,0,0,1000,281,0,719,0,1000,984,16,0,55,41,14,7,0,11593.363553641313,1000,161890,161890,161890,161890,0,156892,8.950158071041107,4.321086905479431,4.629071155667305,-128.99241114807128,-0.00492096881614998,0.3460233509540558,0.5399705956578255,0.5352592022418976,128.96424348449708,128.96054676818846,128.95979734802245,16.343558900000062,"{""DC-1"": 355.57961586605427, ""DC-2"": 339.85130886448917, ""DC-3"": 300.96387460041717, ""DC-4"": 278.42051500395524, ""DC-5"": 288.11044467075595}"
161,202,1594.9125440603602,1001,1001,0,0,1001,301,1,699,0,1000,986,14,0,60,49,11,5,0,13296.184371671396,1000,162891,162891,162891,162891,0,157892,9.65402855682373,4.750136455178261,4.903892100572586,-129.0435196990967,0.0031778040279168635,0.3475530445575714,0.53242590457201,0.5352812786102294,129.03889195251466,129.03753717803954,129.04047515106203,16.340223099978175,"{""DC-1"": 342.49035426304994, ""DC-2"": 306.7250189156672, ""DC-3"": 376.53342163255405, ""DC-4"": 248.48015620383222, ""DC-5"": 320.68359304525495}"
162,203,1618.396723567073,1001,1001,0,0,1001,264,1,736,0,1000,992,8,0,56,50,6,3,0,11822.110841835827,1004,163892,163892,163892,163892,0,158896,9.872148147617203,4.792112411018387,5.080035730662099,-128.91702579027154,0.004042488061340593,0.3497580587863922,0.5314855748320005,0.5353360947859714,129.0025374575915,129.0031988592262,128.99992974725853,16.557814800005872,"{""DC-1"": 391.12917558054323, ""DC-2"": 309.5185627860934, ""DC-3"": 323.67063383002, ""DC-4"": 248.22443258589578, ""DC-5"": 345.85391878452026}"
163,204,1625.9981872167361,1000,1000,0,0,1000,308,0,692,0,1000,991,9,0,52,45,7,10,0,9072.955385590543,1000,164892,164892,164892,164892,0,159896,9.997743237018586,4.834463043570518,5.163280181407928,-129.11070147705078,-0.0015790239949710666,0.34870487451553345,0.536948308289051,0.5353048570156097,129.12393170928956,129.1214818496704,129.12632089233398,16.00209460000042,"{""DC-1"": 342.8646441841786, ""DC-2"": 309.16528586520724, ""DC-3"": 382.14497107756796, ""DC-4"": 259.88008242391015, ""DC-5"": 331.94320366587147}"
164,205,1658.5484291048194,1000,1000,0,0,1000,326,0,674,0,1000,993,7,0,61,56,5,5,0,9563.118886514454,1000,165892,165892,165892,165892,0,160896,9.755379521369933,4.767957266569137,4.987422270059586,-129.12266827392577,-0.002073539273813367,0.3478796184062958,0.5371388731002807,0.5352673236131668,129.2404697341919,129.23890746307373,129.2396907119751,16.518492400005925,"{""DC-1"": 377.17856358809456, ""DC-2"": 390.0054224518366, ""DC-3"": 342.2623150653334, ""DC-4"": 249.45765625743175, ""DC-5"": 299.6444717421235}"
165,206,1620.7296149627296,1000,1000,0,0,1000,323,0,677,0,1000,988,12,0,53,45,8,3,0,11469.110841835827,1000,166892,166892,166892,166892,0,161896,9.901255150318146,4.84965159702301,5.05160355424881,-129.2419910888672,0.0022545602321624755,0.3489319980144501,0.5333228036761284,0.5353599984645844,129.2824474258423,129.28158377075195,129.28082278442383,15.115702399984002,"{""DC-1"": 317.31991063761853, ""DC-2"": 344.8402775671563, ""DC-3"": 370.4279933577188, ""DC-4"": 298.2535890266662, ""DC-5"": 289.8878443735674}"
166,207,1624.4559119578353,1000,1000,0,0,1000,308,0,692,0,1000,989,11,0,52,44,8,5,0,8036.517878575754,1000,167892,167892,167892,167892,0,162896,10.015838584423065,4.943104596138,5.072733974695206,-129.19983576965333,-0.001254328225273639,0.34829702973365784,0.5366536504626274,0.5354199616909027,129.215305770874,129.2196307144165,129.221254447937,15.431114699982572,"{""DC-1"": 356.64458709357643, ""DC-2"": 329.5520642352541, ""DC-3"": 375.8462738045339, ""DC-4"": 248.7338089895964, ""DC-5"": 313.6791778348743}"
167,208,1633.1519302050672,1002,1002,0,0,1002,343,2,657,0,1000,987,13,0,81,71,10,9,0,8461.13233893178,1000,168894,168894,168894,168894,0,163896,9.867612257480621,4.887023872137069,4.980588368177414,-129.29257347106935,0.0045725900339893995,0.3507764935493469,0.5309827324748039,0.5352853677272796,129.2747009277344,129.28039967346191,129.27667486572267,14.902981200022623,"{""DC-1"": 393.1558256311414, ""DC-2"": 298.6702541560728, ""DC-3"": 344.7938269465939, ""DC-4"": 249.81375097402898, ""DC-5"": 346.7182724972303}"
168,209,1569.635182454864,1001,1001,0,0,1001,246,1,754,0,1000,991,9,0,65,61,4,6,0,9404.831189789726,1000,169895,169895,169895,169895,0,164896,9.80243832397461,4.784357438921928,5.0180808882713315,-129.26056745910645,0.001412375632673502,0.35132357478141785,0.5339024762511253,0.5351941999197006,129.34189938354493,129.3511199493408,129.34359407043456,14.113541500002611,"{""DC-1"": 295.89397365942864, ""DC-2"": 315.22946543302237, ""DC-3"": 345.4937440819129, ""DC-4"": 281.49866958485904, ""DC-5"": 331.519329695641}"
169,210,1634.8486299431463,1000,1000,0,0,1000,320,0,680,0,1000,990,10,0,67,62,5,8,0,11365.879202815824,1000,170895,170895,170895,170895,0,165896,10.015949793338775,4.882683606386185,5.133266173362732,-129.41391427612305,-0.0051789697017520665,0.34867018461227417,0.5404634323120118,0.5354058529138566,129.47025569915772,129.47024272918702,129.46186248779296,14.391103899979498,"{""DC-1"": 404.1470873862592, ""DC-2"": 338.61508206397133, ""DC-3"": 310.3706007222476, ""DC-4"": 225.07847784825262, ""DC-5"": 356.63738192241607}"
170,211,1585.2473611280197,1005,1005,0,0,1005,283,5,717,0,1000,989,11,0,65,58,7,9,0,10511.454312067748,1008,171900,171900,171900,171900,0,166904,10.15637526862205,4.973703663737055,5.182671603229311,-129.46481859116327,-0.0033238072625993353,0.34706616401672363,0.5384185851684639,0.5352850546912541,129.51403664785718,129.51062393188477,129.51802392232986,14.510439199977554,"{""DC-1"": 371.16715218865306, ""DC-2"": 316.20148420305816, ""DC-3"": 333.85718172796743, ""DC-4"": 262.01812300933955, ""DC-5"": 302.00341999900206}"
171,212,1649.4021733601396,1000,1000,0,0,1000,295,0,705,0,1000,994,6,0,52,49,3,7,0,9449.130330550814,1000,172900,172900,172900,172900,0,167904,9.14784359407425,4.539890822410584,4.607952779054641,-129.55214794921875,0.0028660721024498345,0.3485192656517029,0.5326824039816856,0.5353589518070221,129.523225151062,129.51925079345702,129.51993556213378,14.08993570000166,"{""DC-1"": 342.5826635208763, ""DC-2"": 336.7092969997025, ""DC-3"": 392.38799804168735, ""DC-4"": 237.22897311117956, ""DC-5"": 340.49324168669204}"
172,213,1616.6900329402326,1001,1001,0,0,1001,273,1,727,0,1000,995,5,0,48,45,3,5,0,11691.942624064352,1000,173901,173901,173901,173901,0,168904,10.014196026802063,4.964825826406479,5.04937018930912,-129.53248136901854,-0.002353378152474761,0.346870481967926,0.5377852115035057,0.5354408762454986,129.5043565979004,129.51942770385742,129.51644482421875,14.558686999953352,"{""DC-1"": 333.87272450858427, ""DC-2"": 286.1185245781434, ""DC-3"": 366.33507631357344, ""DC-4"": 281.61187122739966, ""DC-5"": 348.7518363125322}"
173,214,1666.0861232660423,1000,1000,0,0,1000,309,0,691,0,1000,994,6,0,36,31,5,4,0,10131.300880610746,1000,174901,174901,174901,174901,0,169904,10.26669924545288,5.150921580195427,5.11577767944336,-129.5339521331787,-0.005265272397082299,0.3443848490715027,0.5402896382808685,0.5353252394199371,129.60640306854248,129.6014770126343,129.6060704498291,14.26051260001259,"{""DC-1"": 389.9074655529258, ""DC-2"": 340.62216632812397, ""DC-3"": 376.83250200918064, ""DC-4"": 267.39998750693564, ""DC-5"": 291.32400186887617}"
174,215,1626.4077068026113,1004,1004,0,0,1004,308,4,692,0,1000,991,9,0,51,44,7,4,0,9821.126276733456,1004,175905,175905,175905,175905,0,170908,9.82871381885027,4.902012849234015,4.926700977215254,-129.5473196781964,-0.0017137997125115884,0.34313908219337463,0.5369852517705515,0.535272984153246,129.61330738295598,129.61189289776928,129.6139419221308,14.229373099980876,"{""DC-1"": 372.1275364033437, ""DC-2"": 338.6521465870547, ""DC-3"": 353.5015696452391, ""DC-4"": 261.5137328561495, ""DC-5"": 300.61272131082535}"
175,216,1611.803274842399,1000,1000,0,0,1000,327,0,673,0,1000,985,15,0,47,36,11,7,0,12711.300880610746,1000,176905,176905,176905,176905,0,171908,10.622846054553985,5.251815449714661,5.371030613422394,-129.77119779968262,-0.0074208322726190094,0.3395140767097473,0.5422785958647728,0.5353343015909195,129.78581100463867,129.78548928833007,129.7807569961548,14.56647790002171,"{""DC-1"": 377.8449750380693, ""DC-2"": 342.3271667589759, ""DC-3"": 370.1696207431725, ""DC-4"": 235.9826366206867, ""DC-5"": 285.4788756814943}"
176,217,1631.7528917513903,1000,1000,0,0,1000,309,0,691,0,1000,990,10,0,62,54,8,5,0,11488.977250344446,1000,177905,177905,177905,177905,0,172908,10.34757701921463,5.151651270389557,5.195925754547119,-129.83966203308105,-0.0018286665473133325,0.3386213183403015,0.5369340869188308,0.5352179528474807,129.79206298828126,129.79061120605468,129.79895238494873,14.443504999973811,"{""DC-1"": 369.8542123665071, ""DC-2"": 318.835334977028, ""DC-3"": 371.7572872293553, ""DC-4"": 267.1768904833383, ""DC-5"": 304.1291666951603}"
177,218,1581.474505857094,1002,1002,0,0,1002,313,2,687,0,1000,984,16,0,67,55,12,8,0,13888.811703604591,1000,178907,178907,178907,178907,0,173908,9.535658979415894,4.726000261306763,4.809658706903457,-129.69287162780762,-0.002110837817192078,0.3376854956150055,0.5373331487178803,0.5354206578731537,129.78609630584717,129.7893672027588,129.7896463317871,14.843103600025643,"{""DC-1"": 369.8946442577817, ""DC-2"": 343.06378772846426, ""DC-3"": 347.9116359975177, ""DC-4"": 252.58066137906243, ""DC-5"": 268.0237764942683}"
178,219,1517.3689133514522,1000,1000,0,0,1000,347,0,653,0,1000,970,30,0,75,48,27,13,0,12670.300880610746,1000,179907,179907,179907,179907,0,174908,10.167971906900405,5.087011843562126,5.080960050106048,-129.68691178894042,-0.0026572511196136473,0.3362536132335663,0.5378360857367516,0.5352578202486038,129.7306082382202,129.73760708618164,129.73916542053223,14.481035200005863,"{""DC-1"": 392.28930966616105, ""DC-2"": 362.4728253099882, ""DC-3"": 209.36503865323692, ""DC-4"": 261.75768297891796, ""DC-5"": 291.48405674314984}"
179,220,1531.3055934007875,1000,1000,0,0,1000,349,0,651,0,1000,971,29,0,98,72,26,6,0,10517.154527966832,1000,180907,180907,180907,180907,0,175908,10.251726227760315,5.130194286108017,5.121531939983368,-129.72094612121583,-0.004137303905328736,0.33366236090660095,0.5392929971218109,0.5353515980243683,129.79398012542725,129.7881668395996,129.7908299560547,14.733454999979585,"{""DC-1"": 381.89067546319666, ""DC-2"": 260.22294998007624, ""DC-3"": 311.68188709175087, ""DC-4"": 264.1878832185983, ""DC-5"": 313.3221976471654}"
180,221,1622.5130424694291,1000,1000,0,0,1000,281,0,719,0,1000,993,7,0,73,67,6,6,0,11021.110841835827,1000,181907,181907,181907,181907,0,176908,10.00574686384201,5.022138674497604,4.983608173966408,-129.68365202331543,-0.0038184738266281784,0.33185088634490967,0.5388181740641594,0.5353841872215271,129.76432070159913,129.77660334777832,129.77365991973878,13.842863400001079,"{""DC-1"": 375.5492289720332, ""DC-2"": 347.1232045697489, ""DC-3"": 300.8228158402789, ""DC-4"": 270.3157749361043, ""DC-5"": 328.70201815126273}"
181,222,1626.9208083500216,1001,1001,0,0,1001,321,1,679,0,1000,990,10,0,49,44,5,8,0,9247.952842930963,1004,182908,182908,182908,182908,0,177912,9.739020572715546,4.854103370966665,4.8849171845324015,-129.72474206871246,-0.0017186443611749438,0.33106115460395813,0.5369314868967846,0.5352962790019958,129.7553586769864,129.74993005121846,129.75486323747978,14.673548299993854,"{""DC-1"": 377.33960547371026, ""DC-2"": 372.97699866221905, ""DC-3"": 320.4752433293088, ""DC-4"": 248.9823191610382, ""DC-5"": 307.14664172374313}"
182,223,1594.0935793774768,1000,1000,0,0,1000,296,0,704,0,1000,986,14,0,78,66,12,4,0,9586.041789369021,1000,183908,183908,183908,183908,0,178912,10.223879051208495,5.042439768791199,5.181439274787903,-129.7196594390869,-0.008074617038248107,0.32679781317710876,0.542709808588028,0.5353397578001022,129.80683992767334,129.80945811462402,129.80732520294188,14.555054500000551,"{""DC-1"": 371.35409652026766, ""DC-2"": 293.365416545824, ""DC-3"": 334.85495855260876, ""DC-4"": 255.7176227020747, ""DC-5"": 338.8014850567019}"
183,224,1604.5860912318083,1000,1000,0,0,1000,306,0,694,0,1000,987,13,0,68,56,12,6,0,11465.124159637076,1000,184908,184908,184908,184908,0,179912,10.366124737262727,5.116615736246109,5.249508989810944,-129.603958984375,-0.005741595385130495,0.3240603506565094,0.5404984514117241,0.5353619261980057,129.65293846893312,129.647325881958,129.65119157409669,14.516264800040517,"{""DC-1"": 306.8208914784093, ""DC-2"": 334.9733293606729, ""DC-3"": 361.90908250569845, ""DC-4"": 269.5973235668704, ""DC-5"": 331.28546432015736}"
184,225,1551.3603846531744,1001,1001,0,0,1001,223,1,777,0,1000,990,10,0,63,55,8,4,0,11379.739635736485,1000,185909,185909,185909,185909,0,180912,10.022327124595643,4.952696282148361,5.069630834579468,-129.6089246520996,-0.0025009684120304884,0.3227504789829254,0.5376423535943031,0.5353665186166763,129.64599215698243,129.64675791168213,129.64951638031005,14.370365699985996,"{""DC-1"": 345.13693323448285, ""DC-2"": 338.1438867461461, ""DC-3"": 308.41773914818805, ""DC-4"": 271.40730150517504, ""DC-5"": 288.2545240191821}"
185,226,1630.0154674672442,1000,1000,0,0,1000,288,0,712,0,1000,993,7,0,64,59,5,9,0,11388.310096133253,1000,186909,186909,186909,186909,0,181912,9.879393706321716,4.915939215302467,4.963454504489898,-129.68941383361818,-0.002470195689704269,0.32159125804901123,0.5375800041556358,0.5353927505016327,129.69061267852783,129.6839910507202,129.6894606399536,14.571070600009989,"{""DC-1"": 369.3619542022584, ""DC-2"": 352.09743649549847, ""DC-3"": 355.7601090690672, ""DC-4"": 254.4808224219087, ""DC-5"": 298.3151452785114}"
186,227,1622.5105616565595,1001,1001,0,0,1001,295,1,705,0,1000,990,10,0,44,39,5,6,0,10474.791424195433,1000,187910,187910,187910,187910,0,182912,9.940984572887421,4.869987447977066,5.070997143030167,-129.76249708557128,-0.0038632864081300797,0.31990280747413635,0.5386755702495575,0.5352246688604355,129.83221517944335,129.82331296539306,129.821278755188,13.865117300010752,"{""DC-1"": 407.92343904743785, ""DC-2"": 319.6939950338911, ""DC-3"": 347.8758879647304, ""DC-4"": 232.95186424469014, ""DC-5"": 314.0653753658098}"
187,228,1598.4362722857477,1000,1000,0,0,1000,267,0,733,0,1000,991,9,0,42,37,5,5,0,9856.970243059239,1000,188910,188910,188910,188910,0,183912,9.822363424777985,4.876009708404541,4.946353729009628,-129.68608786010742,0.0003808434838429093,0.319845050573349,0.535085612654686,0.5353493369817733,129.76538108825685,129.76945532226563,129.76605112457275,14.43971289996989,"{""DC-1"": 366.77361885589215, ""DC-2"": 310.61541995487005, ""DC-3"": 339.72798580871734, ""DC-4"": 271.91788719600305, ""DC-5"": 309.4013604702658}"
188,229,1656.3545172336135,1001,1001,0,0,1001,329,1,671,0,1000,991,9,0,56,47,9,7,0,10529.110841835827,1000,189911,189911,189911,189911,0,184912,9.25545266199112,4.570485062122345,4.6849675949811935,-129.7374359893799,0.001864242355339229,0.3207315504550934,0.5336797990202904,0.5352897182703018,129.80807080841063,129.80370569610596,129.80262275695802,14.71145509998314,"{""DC-1"": 389.4609505830503, ""DC-2"": 336.82596976984047, ""DC-3"": 336.42212523203915, ""DC-4"": 257.73328915822253, ""DC-5"": 335.9121824904594}"
189,230,1620.0590509684487,1000,1000,0,0,1000,264,0,736,0,1000,995,5,0,63,59,4,7,0,11507.811703604591,1000,190911,190911,190911,190911,0,185912,10.2146443567276,5.054831832528114,5.159812544822693,-129.63859664916993,-0.006106268743053079,0.3178517818450928,0.5407104986906052,0.5353103833198547,129.66698663330078,129.67071964263917,129.67967556762696,13.710684399993625,"{""DC-1"": 314.66320714197536, ""DC-2"": 349.2416787193177, ""DC-3"": 363.1856935699322, ""DC-4"": 267.3714107096394, ""DC-5"": 325.5970608275851}"
190,231,1656.116575284018,1001,1001,0,0,1001,306,1,694,0,1000,995,5,0,50,47,3,5,0,10459.154527966832,1004,191912,191912,191912,191912,0,186916,9.968549201687969,4.96622328050583,5.002325914770483,-129.44440600026653,-5.749448511445249e-05,0.31763675808906555,0.5356266988344877,0.5353704047393039,129.45859864223524,129.46246652489165,129.46616320970998,14.2726832999615,"{""DC-1"": 366.6102906286178, ""DC-2"": 362.7458481046955, ""DC-3"": 366.10955492100464, ""DC-4"": 275.3112369351258, ""DC-5"": 285.3396446945742}"
191,232,1656.765796109251,1000,1000,0,0,1000,288,0,712,0,1000,997,3,0,52,50,2,5,0,13310.126276733456,1000,192912,192912,192912,192912,0,187916,9.87046850824356,4.85071666932106,5.019751833677292,-129.28507501220705,-0.001040177594870329,0.31722378730773926,0.5362717429995537,0.5353596246242524,129.38350287628174,129.38562768554686,129.38962664031982,13.85982840001816,"{""DC-1"": 352.9871991418015, ""DC-2"": 343.8536284851888, ""DC-3"": 373.4452847828224, ""DC-4"": 283.6458377913466, ""DC-5"": 302.8338459080918}"
192,233,1588.9645315390499,1000,1000,0,0,1000,315,0,685,0,1000,984,16,0,54,42,12,8,0,12850.802058537025,1000,193912,193912,193912,193912,0,188916,9.67144129037857,4.7346799075603485,4.936761399269104,-129.18830514526368,0.0015254274283070118,0.3178403377532959,0.5340989532470704,0.5353344842195511,129.20657662200927,129.199123046875,129.20666466522218,14.46433500002604,"{""DC-1"": 394.6086053123149, ""DC-2"": 329.0377204165635, ""DC-3"": 331.15164822583455, ""DC-4"": 236.79800429693438, ""DC-5"": 297.368553287401}"
193,234,1574.4023419204411,1001,1001,0,0,1001,317,1,683,0,1000,980,20,0,60,42,18,12,0,11800.608502264866,1000,194913,194913,194913,194913,0,189916,9.994279945373535,4.974581504344941,5.019698436975479,-129.00569850158692,0.008299713046988472,0.32174643874168396,0.5281288818120956,0.5354420423507691,129.0857131729126,129.0885481109619,129.08690225219726,14.382175699982326,"{""DC-1"": 413.6369621537243, ""DC-2"": 339.2437228250127, ""DC-3"": 258.53332631715045, ""DC-4"": 262.6842376870062, ""DC-5"": 300.3040929375472}"
194,235,1598.769142254632,1000,1000,0,0,1000,337,0,663,0,1000,984,16,0,93,78,15,5,0,11340.923703577195,1000,195913,195913,195913,195913,0,190916,9.708606631278991,4.77531400847435,4.933292608737945,-128.9374412689209,0.0031397347087040546,0.32357800006866455,0.5325078136920929,0.5352495553493499,129.0395120239258,129.03959005737303,129.04533519744874,13.799275600002147,"{""DC-1"": 304.443210582399, ""DC-2"": 315.41177791432995, ""DC-3"": 364.4130460972249, ""DC-4"": 290.60551557696334, ""DC-5"": 323.8955920837129}"
195,236,1566.34162610495,1001,1001,0,0,1001,310,1,690,0,1000,982,18,0,89,73,16,5,0,11087.377122502869,1000,196914,196914,196914,196914,0,191916,9.776118165969848,4.778359043240547,4.9977591021060945,-128.9067154083252,0.0013255212511867284,0.3242110311985016,0.5342182126045227,0.5353044216632843,128.97234030914308,128.97538131713867,128.97474799346924,14.178583899978548,"{""DC-1"": 348.4942246176075, ""DC-2"": 351.8088475582649, ""DC-3"": 278.2879331470395, ""DC-4"": 239.39906410717154, ""DC-5"": 348.3515566748666}"
196,237,1585.7171606302143,1000,1000,0,0,1000,308,0,692,0,1000,984,16,0,68,56,12,5,0,9835.22299513363,1000,197914,197914,197914,197914,0,192916,9.734304278850555,4.744179054737091,4.990125192284584,-128.8487191619873,0.0016981841747183352,0.32481056451797485,0.5340141393542289,0.5353675385713578,128.9397195739746,128.94350129699708,128.93803393554688,14.531784899998456,"{""DC-1"": 385.0716155023065, ""DC-2"": 273.0916788568493, ""DC-3"": 354.04477029627236, ""DC-4"": 271.41406640732527, ""DC-5"": 302.0950295674608}"
197,238,1571.8618436473857,1000,1000,0,0,1000,280,0,720,0,1000,986,14,0,75,64,11,10,0,10193.002549743596,1000,198914,198914,198914,198914,0,193916,10.041502253055572,4.9126380386352535,5.1288642289638515,-128.80386410522462,0.0024284115144982935,0.3262260854244232,0.5331144983768463,0.5353094652891159,128.85983094024658,128.85729942321777,128.8552738494873,15.115170699951705,"{""DC-1"": 322.56231330430836, ""DC-2"": 336.7538025837602, ""DC-3"": 314.9129723691131, ""DC-4"": 272.3972638968646, ""DC-5"": 325.23549149333985}"
