episode,episode_seed,episode_return,decision_count,normal_action_count,forced_action_count,random_action_count,policy_action_count,local_action_count,edge_action_count,cloud_action_count,drop_action_count,total_jobs,completed_jobs,dropped_jobs,unresolved_jobs,queued_jobs,started_from_waiting_jobs,waiting_timeout_drops,max_waiting_queue_length,remaining_waiting_jobs,simulation_end_time,episode_updates,global_decision_steps,global_normal_action_steps,replay_size,replay_trainable_size,replay_forced_size,masac_update_step,critic_loss,q1_loss,q2_loss,actor_loss,alpha_loss,alpha,policy_entropy,target_entropy,mean_q1,mean_q2,mean_target_q,wall_time_seconds,per_agent_returns
1,42,-1560.625420716243,1417,1417,0,1417,0,894,417,106,0,1000,472,528,0,690,163,527,29,0,15162.875990386214,0,1417,1417,1417,1417,0,0,nan,nan,nan,nan,nan,0.10000000149011612,nan,nan,nan,nan,nan,3.4577449000207707,"{""DC-1"": -304.7365365349461, ""DC-2"": -253.59119923600332, ""DC-3"": -286.686378392642, ""DC-4"": -313.4224791649541, ""DC-5"": -402.1888273876988}"
2,43,-1745.4033602898653,1364,1364,0,1364,0,896,364,104,0,1000,441,559,0,709,150,559,27,0,14109.171329116363,0,2781,2781,2781,2781,0,0,nan,nan,nan,nan,nan,0.10000000149011612,nan,nan,nan,nan,nan,3.062002599996049,"{""DC-1"": -318.51300939163497, ""DC-2"": -329.22118227444645, ""DC-3"": -254.38324403860446, ""DC-4"": -320.8503586557639, ""DC-5"": -522.4355659294167}"
3,44,-1756.7625112661406,1393,1393,0,1393,0,892,393,108,0,1000,441,559,0,733,174,559,25,0,13102.866539369203,0,4174,4174,4174,4174,0,0,nan,nan,nan,nan,nan,0.10000000149011612,nan,nan,nan,nan,nan,2.861381899972912,"{""DC-1"": -303.61303355673573, ""DC-2"": -428.6305105594779, ""DC-3"": -243.9244696168247, ""DC-4"": -357.5500800425935, ""DC-5"": -423.0444174905101}"
4,45,-782.6992264343645,1397,1397,0,826,571,656,397,344,0,1000,612,388,0,502,117,385,21,0,16234.17019424311,286,5571,5571,5571,5571,0,286,7.642259017570869,3.8190027808809615,3.8232562441925904,-0.2773274537631786,-2.684527194192568,0.09910251200199127,1.7138533803758087,0.5324691375652393,-0.73793525275341,-0.7341393117588974,-0.7578179255857335,7.337357599986717,"{""DC-1"": -92.65504374827418, ""DC-2"": -159.5102747325755, ""DC-3"": -91.69191240928323, ""DC-4"": -278.20874647119643, ""DC-5"": -160.6332490730348}"
5,46,1203.035715233057,1077,1077,0,0,1077,226,77,774,0,1000,939,61,0,96,37,59,10,0,8503.879202815824,540,6648,6648,6648,6648,0,826,5.565054546462165,2.782825135080903,2.7822294151341476,-2.638402776806443,0.4896281102327285,0.09960749745368958,0.320231487436427,0.5326602386103736,0.6610257327418636,0.6619474824448979,0.6739777545323941,9.858873299963307,"{""DC-1"": 243.75122793422585, ""DC-2"": 288.5480838793744, ""DC-3"": 243.53833387882878, ""DC-4"": 219.1867757204907, ""DC-5"": 208.01129382013715}"
6,47,993.3981832673717,1014,1014,0,0,1014,243,14,757,0,1000,906,94,0,157,68,89,48,0,14212.811703604591,506,7662,7662,7662,7662,0,1332,4.548548938257421,2.273830653179304,2.2747182855492993,-5.371755193815872,0.3107455396664001,0.1000622883439064,0.3987498242157721,0.5330976587039209,3.512257709804731,3.5131057891921094,3.523698245112604,8.909767900011502,"{""DC-1"": 253.08066802477694, ""DC-2"": 80.7023636060563, ""DC-3"": 207.1609547743225, ""DC-4"": 177.02760676456492, ""DC-5"": 275.4265900976511}"
7,48,938.404755754344,1005,1005,0,0,1005,236,5,764,0,1000,897,103,0,163,62,101,56,0,12593.217122502869,502,8667,8667,8667,8667,0,1834,4.322984344930763,2.16165556731927,2.1613287840231483,-8.479703316175605,0.3716746960206336,0.1007719561457634,0.3717997540753201,0.5333382964609154,6.6306711392573625,6.630974467532093,6.638656216313639,9.023479000024963,"{""DC-1"": 345.85381953829994, ""DC-2"": 75.0998381684579, ""DC-3"": 230.49906561232834, ""DC-4"": 21.562454881993194, ""DC-5"": 265.38957755326345}"
8,49,1323.3055517432697,1001,1001,0,0,1001,152,1,848,0,1000,964,36,0,82,50,32,15,0,15006.39051896314,502,9668,9668,9668,9668,0,2336,4.133696682899597,2.068406949480216,2.0652897391186293,-11.601102722593513,0.5798439429813173,0.10210690647363663,0.2806317350303984,0.5336596920670741,9.839821126831481,9.840345903221829,9.847770027905346,9.206953099987004,"{""DC-1"": 304.607507408949, ""DC-2"": 221.96983120940678, ""DC-3"": 255.88918449396368, ""DC-4"": 221.79330499577267, ""DC-5"": 319.0457236351787}"
9,50,1479.681854983856,1000,1000,0,0,1000,113,0,887,0,1000,991,9,0,47,41,6,9,0,13815.915992574297,500,10668,10668,10668,10668,0,2836,3.9147779235839844,1.950190241098404,1.9645876750946045,-14.645046863555908,0.6604624562263489,0.10385371744632721,0.24325872623920441,0.5337122013568878,13.012972414016724,13.013485084533691,13.017635095596313,8.814373600005638,"{""DC-1"": 369.60953941319076, ""DC-2"": 265.9194119284206, ""DC-3"": 309.51763365009595, ""DC-4"": 251.5182525283615, ""DC-5"": 283.1170174637874}"
10,51,1451.3717476341862,1001,1001,0,0,1001,159,1,841,0,1000,981,19,0,77,60,17,13,0,12881.694713762638,500,11669,11669,11669,11669,0,3336,3.6968954968452454,1.8437886316776275,1.8531068649291993,-17.630289367675783,0.6288872311115264,0.10571584850549698,0.25518793606758117,0.5339786508083344,16.127479598999024,16.127189922332764,16.131477994918825,8.953847200027667,"{""DC-1"": 364.31402427593684, ""DC-2"": 295.87651327982223, ""DC-3"": 302.19596044266973, ""DC-4"": 206.43018349049674, ""DC-5"": 282.55506614526047}"
11,52,1394.9305545079687,1001,1001,0,0,1001,205,1,795,0,1000,969,31,0,102,74,28,15,0,14526.078437804083,500,12670,12670,12670,12670,0,3836,3.52467533826828,1.7609259986877441,1.7637493493556977,-20.720170989990233,0.5842625288963318,0.10762622207403183,0.27333455020189285,0.5342343816757202,19.29637663269043,19.29715489578247,19.299971782684327,8.687827799993102,"{""DC-1"": 366.54295445146147, ""DC-2"": 302.6348286625214, ""DC-3"": 247.71440882500502, ""DC-4"": 195.83688088139107, ""DC-5"": 282.2014816875888}"
12,53,1315.0855762740773,1000,1000,0,0,1000,178,0,822,0,1000,961,39,0,98,63,35,32,0,13683.140280234617,500,13670,13670,13670,13670,0,4336,3.5460291018486023,1.7737422645092011,1.7722868375778198,-23.77401277923584,0.6494121723175049,0.1099376529455185,0.24141177898645402,0.5341979641914367,22.45832063293457,22.458273082733154,22.46175330734253,8.869316300028004,"{""DC-1"": 361.33254759444367, ""DC-2"": 285.4688244778485, ""DC-3"": 158.84567931143445, ""DC-4"": 230.8441001162332, ""DC-5"": 278.59442477411636}"
13,54,1249.322886275268,1000,1000,0,0,1000,195,0,805,0,1000,950,50,0,116,68,48,48,0,13047.17019424311,500,14670,14670,14670,14670,0,4836,3.662494731426239,1.82615141248703,1.8363433191776275,-26.909340454101564,0.6073923046588898,0.11225465685129166,0.25821700966358185,0.5344126539230347,25.648858478546142,25.649272659301758,25.651276149749755,9.258547100005671,"{""DC-1"": 342.91743680464793, ""DC-2"": 109.0540315562475, ""DC-3"": 272.6001394193971, ""DC-4"": 241.5471039963543, ""DC-5"": 283.20417449862293}"
14,55,1330.2748802531064,1000,1000,0,0,1000,174,0,826,0,1000,965,35,0,95,63,32,21,0,13796.189677127568,500,15670,15670,15670,15670,0,5336,3.6903556652069094,1.8475589110851287,1.842796752691269,-29.945961318969726,0.6242264583110809,0.11479738354682922,0.24745519888401032,0.5342668282985688,28.776513412475587,28.777419178009033,28.78450952911377,9.38641259999713,"{""DC-1"": 351.6172096435716, ""DC-2"": 258.7822209674924, ""DC-3"": 215.01760531167514, ""DC-4"": 206.7840954047359, ""DC-5"": 298.0737489256323}"
15,56,1347.3978496581744,1000,1000,0,0,1000,177,0,823,0,1000,967,33,0,93,61,32,35,0,12363.300880610746,500,16670,16670,16670,16670,0,5836,3.9019573907852174,1.9482627296447754,1.9536946570873261,-32.96369390106201,0.611136649608612,0.11742573231458664,0.25089236271381377,0.534575457572937,31.85799566268921,31.859350662231446,31.859103637695313,9.209916200023144,"{""DC-1"": 310.32287439533764, ""DC-2"": 313.0576596294567, ""DC-3"": 294.0001610003094, ""DC-4"": 115.11177737117126, ""DC-5"": 314.90537726190087}"
16,57,1318.0706471320445,1000,1000,0,0,1000,215,0,785,0,1000,960,40,0,117,82,35,19,0,15182.154527966832,500,17670,17670,17670,17670,0,6336,4.027995464324952,2.0086049251556397,2.019390528678894,-35.84898513793945,0.588209990143776,0.12011841684579849,0.2581284194588661,0.5343027052879333,34.79628546905518,34.79849388122559,34.79790158843994,9.156734299962409,"{""DC-1"": 312.62041696626335, ""DC-2"": 218.24337361944737, ""DC-3"": 253.09127777103748, ""DC-4"": 267.45881398671906, ""DC-5"": 266.65676478857944}"
17,58,1482.5443842955299,1000,1000,0,0,1000,171,0,829,0,1000,986,14,0,75,62,13,10,0,13888.044291483942,500,18670,18670,18670,18670,0,6836,4.446625961780548,2.216843482375145,2.2297824826240538,-38.60169776916504,0.5574474589824676,0.1228167787194252,0.2699190862774849,0.5343504984378815,37.57733516693115,37.577193603515624,37.583457611083986,10.821608599973843,"{""DC-1"": 332.7420497277881, ""DC-2"": 291.97057290168215, ""DC-3"": 306.04624609084317, ""DC-4"": 256.93195056012576, ""DC-5"": 294.8535650150904}"
18,59,1469.2482843005341,1000,1000,0,0,1000,183,0,817,0,1000,984,16,0,80,68,12,19,0,12728.485559825363,500,19670,19670,19670,19670,0,7336,4.357078637599945,2.1712294545173645,2.185849178791046,-41.2968815612793,0.5501648885011673,0.1256384402513504,0.2707559581398964,0.5344900398254394,40.31040000152588,40.31285732269287,40.3166887588501,10.083611299982294,"{""DC-1"": 313.3778076041751, ""DC-2"": 331.5983384720097, ""DC-3"": 310.59997775665494, ""DC-4"": 222.8101716726707, ""DC-5"": 290.8619887950255}"
19,60,1458.8623653184727,1000,1000,0,0,1000,177,0,823,0,1000,981,19,0,81,65,16,15,0,14575.078437804083,500,20670,20670,20670,20670,0,7836,4.714322417736054,2.352503341913223,2.361819084882736,-43.94540544128418,0.5696192597150802,0.12870372831821442,0.25826653802394867,0.5344621548652649,43.0019768447876,43.00518862915039,43.004261650085446,9.504247299977578,"{""DC-1"": 363.133122848924, ""DC-2"": 334.8454252033623, ""DC-3"": 239.65741165466721, ""DC-4"": 204.4164401508322, ""DC-5"": 316.80996546068815}"
20,61,1472.8750498831766,1000,1000,0,0,1000,169,0,831,0,1000,986,14,0,65,55,10,11,0,11346.740419159521,500,21670,21670,21670,21670,0,8336,5.044917689800262,2.5194930992126463,2.525424586892128,-46.40468058776855,0.5535471692085266,0.1318284124135971,0.2632039339542389,0.5348100225925445,45.517542320251465,45.517512924194335,45.5178401260376,9.88402810000116,"{""DC-1"": 334.528184039718, ""DC-2"": 302.6605974597271, ""DC-3"": 258.9996317554195, ""DC-4"": 264.5193108146728, ""DC-5"": 312.16732581363846}"
21,62,1575.7224963184399,1000,1000,0,0,1000,185,0,815,0,1000,997,3,0,68,66,2,8,0,10616.25737235395,500,22670,22670,22670,22670,0,8836,5.124904745817185,2.5511791297197344,2.5737256183624266,-49.01246955871582,0.5317039661407471,0.13496914505958557,0.27085106939077375,0.5347619886398316,48.13901580047607,48.137444763183595,48.142991905212405,9.833036400028504,"{""DC-1"": 375.08826757069255, ""DC-2"": 323.8927540388872, ""DC-3"": 332.94076342554195, ""DC-4"": 244.5860663739079, ""DC-5"": 299.21464490941133}"
22,63,1536.1756336987803,1000,1000,0,0,1000,163,0,837,0,1000,994,6,0,68,64,4,9,0,13066.154527966832,500,23670,23670,23670,23670,0,9336,5.408174666643142,2.703639766216278,2.7045348905324937,-51.472052597045895,0.49958700335025785,0.13808496296405792,0.28383395773172376,0.5346961891651154,50.62737595367432,50.62769680786133,50.62875621032715,9.695830700045917,"{""DC-1"": 366.3989169198065, ""DC-2"": 286.5205002457669, ""DC-3"": 345.47830046234037, ""DC-4"": 235.8413695485012, ""DC-5"": 301.93654652236563}"
23,64,1486.718431136458,1000,1000,0,0,1000,160,0,840,0,1000,990,10,0,86,78,8,9,0,12674.13061925722,500,24670,24670,24670,24670,0,9836,6.161710076093674,3.0756656757593155,3.0860444222688677,-53.727202728271486,0.4897287631034851,0.14130347967147827,0.2861357224583626,0.5349793372154236,52.91305990600586,52.913272300720216,52.91407149505615,10.010291600017808,"{""DC-1"": 340.46611621046935, ""DC-2"": 290.40803399975744, ""DC-3"": 321.46061122884674, ""DC-4"": 258.9342063969957, ""DC-5"": 275.4494633003894}"
24,65,1514.4515732007408,1000,1000,0,0,1000,174,0,826,0,1000,992,8,0,89,84,5,9,0,12681.438010139458,500,25670,25670,25670,25670,0,10336,6.0328597881793975,3.003316140770912,3.029543642282486,-56.028737014770506,0.46258310544490816,0.14451849460601807,0.297272102355957,0.5349862904548645,55.24983883666992,55.248473617553714,55.24658020782471,9.114023000001907,"{""DC-1"": 324.4168197746877, ""DC-2"": 328.1736221797829, ""DC-3"": 306.87415324728755, ""DC-4"": 231.7739175197858, ""DC-5"": 323.2130604791973}"
25,66,1415.5522803645983,1000,1000,0,0,1000,205,0,795,0,1000,976,24,0,111,88,23,19,0,13836.154527966832,500,26670,26670,26670,26670,0,10836,6.136643369436264,3.072436902523041,3.0642064651250838,-58.34472589111328,0.44825235533714297,0.14783257246017456,0.3016290594339371,0.5349310431480407,57.58964559173584,57.59379763031006,57.584555519104,11.340289400017355,"{""DC-1"": 311.3765289414478, ""DC-2"": 291.39231503790074, ""DC-3"": 246.4810436984389, ""DC-4"": 264.6706862348085, ""DC-5"": 301.6317064520016}"
26,67,1476.5940756536768,1000,1000,0,0,1000,204,0,796,0,1000,985,15,0,98,86,12,8,0,12680.041598728776,500,27670,27670,27670,27670,0,11336,6.300671132564545,3.148074885845184,3.152596228480339,-60.42561276245117,0.4436895588636398,0.1512686312198639,0.30171038329601285,0.5349930322170258,59.72898131561279,59.72906925964355,59.72491913604736,11.96618300001137,"{""DC-1"": 309.5271905990055, ""DC-2"": 317.03754061272696, ""DC-3"": 278.4437567781874, ""DC-4"": 303.27808132036176, ""DC-5"": 268.307506343397}"
27,68,1543.72389406807,1000,1000,0,0,1000,175,0,825,0,1000,994,6,0,62,57,5,5,0,13168.090228102697,500,28670,28670,28670,28670,0,11836,6.7106732218265535,3.3488986357450483,3.361774589300156,-62.54629661560059,0.46151391518116,0.155025452375412,0.28916001969575883,0.5350123782157898,61.86483857727051,61.86757378387451,61.86228539276123,10.762160499987658,"{""DC-1"": 354.8132205374147, ""DC-2"": 294.7112415489597, ""DC-3"": 335.5831719338526, ""DC-4"": 243.99866821167635, ""DC-5"": 314.61759183616635}"
28,69,1506.1702608000787,1000,1000,0,0,1000,170,0,830,0,1000,991,9,0,86,80,6,8,0,12877.875014821911,500,29670,29670,29670,29670,0,12336,7.134054602861404,3.5563759788274765,3.577678634524345,-64.52500105285644,0.4637317409515381,0.15895339846611023,0.28452252107858655,0.5349216320514679,63.862715957641605,63.862396263122555,63.86327530670166,9.98790230002487,"{""DC-1"": 326.6139917578052, ""DC-2"": 267.5541832294389, ""DC-3"": 339.1583815089405, ""DC-4"": 251.12451853586956, ""DC-5"": 321.7191857680244}"
29,70,1537.5387534789672,1000,1000,0,0,1000,206,0,794,0,1000,991,9,0,98,93,5,9,0,11254.530421570631,500,30670,30670,30670,30670,0,12836,7.1251855390071865,3.5561112174987795,3.5690743260383604,-66.63623706054688,0.4725222764015198,0.16309109330177307,0.27622846150398256,0.53485515666008,66.00238346862793,66.0057733001709,66.00316593933105,9.893860900017899,"{""DC-1"": 326.3457481514695, ""DC-2"": 343.8344464137829, ""DC-3"": 320.03936923464073, ""DC-4"": 240.09514091331982, ""DC-5"": 307.22404876575337}"
30,71,1503.8201671447937,1000,1000,0,0,1000,168,0,832,0,1000,990,10,0,63,55,8,15,0,15085.078437804083,500,31670,31670,31670,31670,0,13336,8.09240286207199,4.03028033041954,4.062122537732124,-68.56891458129883,0.4616540491580963,0.16727685928344727,0.27855181074142454,0.5349830586910248,67.9860548248291,67.98694761657715,67.98431225585938,9.976585600001272,"{""DC-1"": 344.7256603953586, ""DC-2"": 277.7338669505537, ""DC-3"": 340.9729741731088, ""DC-4"": 255.38270223963332, ""DC-5"": 285.00496338613897}"
31,72,1303.4416741042148,1000,1000,0,0,1000,259,0,741,0,1000,951,49,0,143,96,47,16,0,15979.074369961245,500,32670,32670,32670,32670,0,13836,8.42342452430725,4.197025276660919,4.226399229645729,-70.66943450927734,0.32753779929876325,0.17046576738357544,0.3507873587608337,0.5350748438835145,70.0166155090332,70.01946516418457,70.01876043701172,9.906159900012426,"{""DC-1"": 344.70885281230943, ""DC-2"": 200.39953190013753, ""DC-3"": 242.34651817241303, ""DC-4"": 243.2098703678684, ""DC-5"": 272.77690085148794}"
32,73,1067.4750596143308,1000,1000,0,0,1000,323,0,677,0,1000,911,89,0,202,114,88,31,0,13618.311181596187,500,33670,33670,33670,33670,0,14336,8.72597390127182,4.354468118548393,4.371505809187889,-72.85128341674805,0.3725265374183655,0.17429308593273163,0.32320538330078125,0.5349316568374634,72.18785823059082,72.19324360656738,72.1940433807373,9.901057900045998,"{""DC-1"": 278.0151273235313, ""DC-2"": 331.81125122735136, ""DC-3"": -20.430925198622205, ""DC-4"": 253.65922708853316, ""DC-5"": 224.4203791735383}"
33,74,1417.504954634139,1001,1001,0,0,1001,198,1,802,0,1000,975,25,0,106,85,21,9,0,14625.126276733456,500,34671,34671,34671,34671,0,14836,9.270495865106582,4.630567542910576,4.639928357362747,-74.82216473388672,0.40651951253414154,0.1786799430847168,0.3009894542694092,0.5351416070461273,74.22789530944824,74.22704145812989,74.22194998168945,9.803741100011393,"{""DC-1"": 321.6595080954747, ""DC-2"": 270.8282039119636, ""DC-3"": 295.30674605792416, ""DC-4"": 236.40302514029167, ""DC-5"": 293.3074714284853}"
34,75,1423.4448487220643,1002,1002,0,0,1002,216,2,784,0,1000,973,27,0,86,64,22,16,0,14640.300880610746,502,35673,35673,35673,35673,0,15338,9.209129312361378,4.606109390814466,4.60301992855224,-76.68697390613328,0.40032291412353516,0.1832091510295868,0.3009418266940402,0.535079978139277,76.09474388821667,76.09392650953802,76.09775138946168,9.871490699995775,"{""DC-1"": 338.98168577933495, ""DC-2"": 213.16193606138913, ""DC-3"": 320.58309537935986, ""DC-4"": 233.7344962839808, ""DC-5"": 316.98363521799934}"
35,76,1550.4745266457433,1004,1004,0,0,1004,194,4,806,0,1000,992,8,0,89,83,6,12,0,11754.300880610746,502,36677,36677,36677,36677,0,15840,11.232056120477349,5.587767852492542,5.644288317259564,-78.49338680434512,0.41524966233280075,0.18807385861873627,0.2886954546568403,0.5352719784732833,77.89498319283899,77.89788677018002,77.90035849643418,9.844208499998786,"{""DC-1"": 346.61988416576554, ""DC-2"": 305.65249661126006, ""DC-3"": 352.0877432231075, ""DC-4"": 219.9889578990833, ""DC-5"": 326.12544474652776}"
36,77,1472.7657248762089,1001,1001,0,0,1001,195,1,805,0,1000,981,19,0,79,65,14,14,0,12280.074440832017,500,37678,37678,37678,37678,0,16340,10.44071519613266,5.20092714881897,5.239788057208061,-80.25257678222657,0.37982328760623935,0.19268499314785004,0.3059950661659241,0.535037436246872,79.68372834777833,79.68375657653809,79.68654711914063,10.211037300003227,"{""DC-1"": 360.7146400361443, ""DC-2"": 325.61932706198036, ""DC-3"": 224.1072608419352, ""DC-4"": 240.16640707894533, ""DC-5"": 322.1580898572055}"
37,78,1496.474090598261,1002,1002,0,0,1002,195,2,805,0,1000,986,14,0,85,71,14,6,0,13819.438010139458,502,38680,38680,38680,38680,0,16842,11.194498857179012,5.561879346926374,5.632619511558715,-81.91376437608939,0.37239946514011857,0.19742392003536224,0.3074810202140732,0.5352070628409367,81.38542757376257,81.38575284129595,81.37972248882886,9.87389260000782,"{""DC-1"": 301.6412714908435, ""DC-2"": 258.071818074622, ""DC-3"": 332.52838794206684, ""DC-4"": 260.98523136182985, ""DC-5"": 343.2473817289002}"
38,79,1522.3746933664042,1004,1004,0,0,1004,170,4,830,0,1000,993,7,0,77,72,5,9,0,14840.329737481703,502,39684,39684,39684,39684,0,17344,10.49649549551694,5.206503110459126,5.289992359411194,-83.37320545090147,0.3524257875533693,0.20214849710464478,0.3161535435226334,0.5350459277392383,82.86246238191764,82.8645243093787,82.87303343997058,10.307459799980279,"{""DC-1"": 347.1448470829768, ""DC-2"": 322.53625960315077, ""DC-3"": 326.45937412093906, ""DC-4"": 258.8710205268061, ""DC-5"": 267.3631920325314}"
39,80,1529.6324403136312,1002,1002,0,0,1002,189,2,811,0,1000,992,8,0,84,80,4,10,0,12629.831189789726,500,40686,40686,40686,40686,0,17844,12.388076819419862,6.171467554092407,6.2166092674732205,-85.01634362792969,0.3361136430501938,0.2068978101015091,0.3236180318593979,0.5354062995910644,84.45460778808594,84.45989970397949,84.45026745605469,11.04223840002669,"{""DC-1"": 311.4392209480131, ""DC-2"": 320.19834211282557, ""DC-3"": 347.93546809861067, ""DC-4"": 238.70184240050827, ""DC-5"": 311.3575667536748}"
40,81,1520.097652475055,1005,1005,0,0,1005,206,5,794,0,1000,987,13,0,79,69,10,5,0,14488.811703604591,502,41691,41691,41691,41691,0,18346,11.151348073406524,5.533239414136248,5.61810868669791,-86.45913787477045,0.32553123204831586,0.2117553949356079,0.3271484211146594,0.5353058873419743,85.95539944105414,85.95313373884832,85.95074807885159,10.052599999995437,"{""DC-1"": 359.3139322947402, ""DC-2"": 319.17590095740184, ""DC-3"": 279.2572674916563, ""DC-4"": 266.0622769243621, ""DC-5"": 296.2882748068955}"
41,82,1513.3799110746563,1007,1007,0,0,1007,189,7,811,0,1000,988,12,0,78,68,10,6,0,13825.154527966832,504,42698,42698,42698,42698,0,18850,11.181027844075173,5.5670255199074745,5.614002337058385,-87.83585278950041,0.3008692595102484,0.2165181040763855,0.3398949221249611,0.5350025402648109,87.3610273996989,87.36402843112037,87.35589769151476,9.63880189997144,"{""DC-1"": 345.31449488442865, ""DC-2"": 291.5297712975234, ""DC-3"": 332.7392174539668, ""DC-4"": 226.20524304348302, ""DC-5"": 317.59118439525514}"
42,83,1504.2443338758007,1011,1011,0,0,1011,177,11,823,0,1000,990,10,0,70,63,7,9,0,14054.590192797808,506,43709,43709,43709,43709,0,19356,12.227713062593589,6.0802023628719235,6.147510696187792,-89.29460834608719,0.2833489372207242,0.2213471233844757,0.3487278901541186,0.5353387523545579,88.82589478926225,88.82651718803073,88.82358373106705,9.946250099979807,"{""DC-1"": 319.78742323265465, ""DC-2"": 324.4717386587333, ""DC-3"": 328.583032577296, ""DC-4"": 247.35850923938068, ""DC-5"": 284.0436301677369}"
43,84,1521.7625700539086,1013,1013,0,0,1013,200,13,800,0,1000,990,10,0,77,70,7,10,0,13166.389793166743,506,44722,44722,44722,44722,0,19862,12.62427362316682,6.276176505173619,6.348097100323839,-90.65892194664997,0.2843574265481926,0.2264660894870758,0.3454926573476301,0.5353864000248815,90.2121393859622,90.21335211290202,90.20851518231419,10.34182910004165,"{""DC-1"": 313.7898145999308, ""DC-2"": 302.3340844842625, ""DC-3"": 328.5606008444298, ""DC-4"": 260.509575298049, ""DC-5"": 316.56849482723703}"
44,85,1544.4010437450504,1015,1015,0,0,1015,207,15,793,0,1000,992,8,0,89,85,4,8,0,13145.438010139458,508,45737,45737,45737,45737,0,20370,13.122990809557006,6.531494683520061,6.591496105503849,-92.18070169884389,0.2577186227431448,0.2314450889825821,0.3601556280701179,0.5350337392232549,91.72217071713425,91.72110455430399,91.71597489785022,10.305830499972217,"{""DC-1"": 345.2132219817005, ""DC-2"": 339.3078466982179, ""DC-3"": 306.29323723073753, ""DC-4"": 246.8527254294551, ""DC-5"": 306.73401240494}"
45,86,1514.2056073764993,1021,1021,0,0,1021,170,21,830,0,1000,991,9,0,68,61,7,9,0,13222.154527966832,510,46758,46758,46758,46758,0,20880,13.291081814438689,6.5936543082489685,6.6974275529384615,-93.68417151955997,0.2397154974879003,0.23645369708538055,0.37008151856123234,0.5351779867621029,93.24646081363454,93.23901542214786,93.23724796070772,10.57368889998179,"{""DC-1"": 396.03118034204556, ""DC-2"": 287.4630637315792, ""DC-3"": 272.4295006367352, ""DC-4"": 245.99280932897008, ""DC-5"": 312.28905333716784}"
46,87,1531.2335527381354,1020,1020,0,0,1020,184,20,816,0,1000,993,7,0,68,62,6,7,0,16173.469086266523,510,47778,47778,47778,47778,0,21390,13.749728145552616,6.8470603032439366,6.90266783471201,-95.07025041767196,0.21233656710269405,0.2412545084953308,0.3869227338070963,0.5352372407913208,94.65212532492245,94.6583874870749,94.65567534203623,10.432016199978534,"{""DC-1"": 372.1034052295046, ""DC-2"": 305.6859196301324, ""DC-3"": 308.5693014125112, ""DC-4"": 265.3158328769343, ""DC-5"": 279.55909358905274}"
47,88,1468.7084227001726,1016,1016,0,0,1016,189,16,811,0,1000,983,17,0,85,71,14,10,0,13253.952842930963,508,48794,48794,48794,48794,0,21898,15.165304688018137,7.531091888002523,7.634212781594494,-96.31795414601724,0.20177726641180008,0.24616846442222595,0.39233877022904673,0.535274836726076,95.85712279672698,95.86445425439068,95.85635017034576,10.212784699979238,"{""DC-1"": 332.9972370714425, ""DC-2"": 241.31836932191365, ""DC-3"": 334.2313070509181, ""DC-4"": 255.94580730613555, ""DC-5"": 304.21570194976323}"
48,89,1483.4279238502586,1018,1018,0,0,1018,207,18,793,0,1000,982,18,0,92,79,13,10,0,12206.958258464474,510,49812,49812,49812,49812,0,22408,14.463997295791028,7.1788804521747664,7.285116844901852,-97.50488867666208,0.18960503018369862,0.2511601150035858,0.3989771422217874,0.5351158214550392,97.03684096990847,97.03497016757143,97.02273381551107,10.381414000003133,"{""DC-1"": 392.78766067955826, ""DC-2"": 270.9772581989798, ""DC-3"": 274.8673109655253, ""DC-4"": 251.05681037464765, ""DC-5"": 293.73888363154754}"
49,90,1487.1578686413222,1017,1017,0,0,1017,199,17,801,0,1000,984,16,0,74,64,10,11,0,14351.39051896314,508,50829,50829,50829,50829,0,22916,15.485106006382019,7.678687592191021,7.806418383098024,-98.58746010487474,0.1682219067038455,0.25597643852233887,0.4126478596700458,0.5353800006738798,98.20910926878922,98.21324388999639,98.20354889696978,10.391228699998464,"{""DC-1"": 297.25402169633566, ""DC-2"": 314.77106798693734, ""DC-3"": 343.10193171453597, ""DC-4"": 226.67140615214475, ""DC-5"": 305.35944109137114}"
50,91,1472.625779132104,1020,1020,0,0,1020,182,20,818,0,1000,985,15,0,85,75,10,10,0,14777.630992402339,510,51849,51849,51849,51849,0,23426,14.044372540829228,6.971485681042951,7.07288683793124,-99.73347817215264,0.17484040564181758,0.2613474428653717,0.4057971657491198,0.535020468749252,99.33084864896887,99.33227242862478,99.33197025972254,11.332376100006513,"{""DC-1"": 368.94399913320825, ""DC-2"": 266.57678394508736, ""DC-3"": 296.9317753477639, ""DC-4"": 271.763207729459, ""DC-5"": 268.41001297658573}"
51,92,1508.4332234825445,1019,1019,0,0,1019,205,19,795,0,1000,987,13,0,87,78,9,11,0,13207.218886514453,510,52868,52868,52868,52868,0,23936,14.465420311572505,7.169839431491552,7.295580845954372,-100.8097515629787,0.1608033521940895,0.2667505145072937,0.4141774728017695,0.535135407073825,100.4087251999799,100.40621801638136,100.3979175193637,10.416533700015862,"{""DC-1"": 350.2346051670223, ""DC-2"": 283.17101755783324, ""DC-3"": 319.7177942235178, ""DC-4"": 226.36373723659446, ""DC-5"": 328.9460692975763}"
52,93,1507.181755756008,1022,1022,0,0,1022,199,22,801,0,1000,989,11,0,73,63,10,8,0,15986.184371671396,510,53890,53890,53890,53890,0,24446,14.462818545453688,7.193337313918507,7.269481234456979,-101.88501975863588,0.1028130101953067,0.2705428898334503,0.4570071484528336,0.5351373730921278,101.50174164117551,101.49976950252757,101.49832771151674,11.115133900020737,"{""DC-1"": 327.19853039462515, ""DC-2"": 302.3800956429701, ""DC-3"": 269.800478094891, ""DC-4"": 294.2290859945727, ""DC-5"": 313.57356562894796}"
53,94,1503.470337246501,1020,1020,0,0,1020,193,20,807,0,1000,987,13,0,84,76,8,8,0,15039.044291483942,510,54910,54910,54910,54910,0,24956,15.741465192682602,7.796887497808419,7.944577721637838,-102.74609775917203,0.11964059268653977,0.27539288997650146,0.44326658506019445,0.5353763414364235,102.38164096907073,102.38274331186332,102.384513166839,11.475128499965649,"{""DC-1"": 347.07641857781834, ""DC-2"": 314.60831911440886, ""DC-3"": 279.2018589234026, ""DC-4"": 225.94413962511854, ""DC-5"": 336.63960100575304}"
54,95,1459.3644977406327,1051,1051,0,0,1051,169,51,831,0,1000,985,15,0,76,67,9,7,0,13721.118886514454,526,55961,55961,55961,55961,0,25482,16.264314896253577,8.066197214697704,8.198117694473991,-103.76552343912451,0.10850006891520758,0.2803816795349121,0.45050353559704337,0.5352492375518886,103.43463919461907,103.44043709932625,103.43320103924538,10.569884299999103,"{""DC-1"": 308.8476650891161, ""DC-2"": 280.5854410896756, ""DC-3"": 319.34629716471323, ""DC-4"": 242.2501636578567, ""DC-5"": 308.33493073927093}"
55,96,1518.703388388524,1025,1025,0,0,1025,187,25,813,0,1000,990,10,0,86,78,8,8,0,12788.915992574297,512,56986,56986,56986,56986,0,25994,15.596336466725916,7.699998112395406,7.896338345832191,-104.77793368697166,0.08919267098826822,0.28473207354545593,0.46474763203877956,0.5353396486025304,104.43038986623287,104.42883969843388,104.4329719543457,10.973867500026245,"{""DC-1"": 352.593800903806, ""DC-2"": 307.0867515810814, ""DC-3"": 311.4785441760377, ""DC-4"": 233.62944693755517, ""DC-5"": 313.9148447900441}"
56,97,1466.190340104862,1021,1021,0,0,1021,214,21,786,0,1000,980,20,0,98,81,17,9,0,13510.47593817921,510,58007,58007,58007,58007,0,26504,15.842729330764097,7.864906952077267,7.9778223603379494,-105.76605616550819,0.05937715697777914,0.28797057271003723,0.4876557444824892,0.5351736166897942,105.44672085631127,105.44993678074258,105.45072009516697,10.462794399994891,"{""DC-1"": 314.7031093957619, ""DC-2"": 286.56926805389816, ""DC-3"": 316.17512497741154, ""DC-4"": 234.18116918499894, ""DC-5"": 314.5616684927927}"
57,98,1489.165501150505,1024,1024,0,0,1024,233,24,767,0,1000,982,18,0,103,88,15,14,0,12554.126276733456,512,59031,59031,59031,59031,0,27016,16.785557243507355,8.324258469045162,8.461298775626346,-106.70777824521065,0.0618449080739083,0.2916698753833771,0.4854967154096812,0.5353519276250154,106.39498329162598,106.39903050661087,106.39370861649513,12.2717977000284,"{""DC-1"": 289.4878918821762, ""DC-2"": 310.1423163732906, ""DC-3"": 346.60937743992775, ""DC-4"": 231.23702380853393, ""DC-5"": 311.68889164657725}"
58,99,1472.187141964346,1042,1042,0,0,1042,219,42,781,0,1000,983,17,0,106,93,13,15,0,14814.892478263271,522,60073,60073,60073,60073,0,27538,16.472677223298742,8.1585907376589,8.314086448872226,-107.66817965452698,0.05797681787276063,0.29569870233535767,0.4880658428102618,0.535393276433835,107.34824600804355,107.35141558300033,107.34201353811213,11.434411000052933,"{""DC-1"": 277.5547092093544, ""DC-2"": 334.8895426305395, ""DC-3"": 328.59031759080295, ""DC-4"": 247.01767722990834, ""DC-5"": 284.1348953037416}"
59,100,1407.8272824755609,1046,1046,0,0,1046,207,46,793,0,1000,974,26,0,106,85,21,10,0,15195.100657265995,522,61119,61119,61119,61119,0,28060,16.810767051360617,8.320114908775608,8.490652138702714,-108.50254558694773,0.04142550263246985,0.29882383346557617,0.5011965707800854,0.5353179060179611,108.21552734082687,108.21298944173645,108.21273241006551,11.143873499997426,"{""DC-1"": 282.7740372158426, ""DC-2"": 283.9215655741721, ""DC-3"": 306.37208785971177, ""DC-4"": 259.1825388117523, ""DC-5"": 275.577053014084}"
60,101,1533.4546019173508,1035,1035,0,0,1035,211,35,789,0,1000,989,11,0,89,81,8,7,0,11762.074440832017,518,62154,62154,62154,62154,0,28578,14.847078789615264,7.350578301546657,7.496500433987172,-109.43667658507594,0.054884181060364405,0.30325689911842346,0.48976089698927744,0.5353939330715931,109.14620073237474,109.14918166053802,109.14206723540906,11.741803599987179,"{""DC-1"": 349.75235607144214, ""DC-2"": 356.6128942172692, ""DC-3"": 289.82971408702963, ""DC-4"": 233.6441068708846, ""DC-5"": 303.61553067072555}"
61,102,1481.4677060412562,1018,1018,0,0,1018,245,18,755,0,1000,979,21,0,111,92,19,14,0,11724.25737235395,510,63172,63172,63172,63172,0,29088,18.24651317175697,9.048254735329571,9.19825846190546,-110.1530715343999,0.012179039260737745,0.3045504689216614,0.5246834625216091,0.5352756385709725,109.86504335590438,109.87210814532112,109.86054035261566,10.427175700024236,"{""DC-1"": 322.73067139302793, ""DC-2"": 302.5663658636461, ""DC-3"": 299.1377129174452, ""DC-4"": 230.15224885543162, ""DC-5"": 326.8807070117078}"
62,103,1467.5329683067703,1039,1039,0,0,1039,231,39,769,0,1000,976,24,0,106,85,21,7,0,13652.17019424311,518,64211,64211,64211,64211,0,29606,16.541703353057038,8.194769707655814,8.346933681762357,-110.88921712632344,0.03159435854552307,0.3075524866580963,0.5087814311493317,0.535345141261701,110.603437107042,110.6028609699264,110.59776267858085,10.763681199983694,"{""DC-1"": 371.44816278642907, ""DC-2"": 303.679224856039, ""DC-3"": 295.96757947532154, ""DC-4"": 197.5775767949742, ""DC-5"": 298.86042439400677}"
63,104,1501.5605469006064,1014,1014,0,0,1014,204,14,796,0,1000,986,14,0,83,72,11,8,0,12391.958258464474,508,65225,65225,65225,65225,0,30114,16.6683036332994,8.26476916178005,8.403534439370388,-111.61797570055865,0.011684383786334766,0.3090430498123169,0.5251506432069568,0.5353004397369745,111.34393840699684,111.34244579405296,111.33475281122162,9.776575400028378,"{""DC-1"": 356.77711232369774, ""DC-2"": 325.6061006645236, ""DC-3"": 289.55497551909457, ""DC-4"": 245.51123329326134, ""DC-5"": 284.11112510003}"
64,105,1464.7310407776195,1052,1052,0,0,1052,207,52,793,0,1000,981,19,0,93,80,13,7,0,15114.555476571326,526,66277,66277,66277,66277,0,30640,16.30695093040684,8.076682952193707,8.230267995890555,-112.35779171207558,0.013787982316099873,0.3107451796531677,0.5236899015341422,0.5354273573074051,112.10894833408834,112.10864205596111,112.11361341875316,10.818705899990164,"{""DC-1"": 323.20821345033266, ""DC-2"": 325.27894012603883, ""DC-3"": 302.3910206742014, ""DC-4"": 235.40477039180843, ""DC-5"": 278.44809613523836}"
65,106,1517.2199928503949,1026,1026,0,0,1026,206,26,794,0,1000,988,12,0,85,76,9,10,0,12624.928737879152,512,67303,67303,67303,67303,0,31152,15.930854320526123,7.926948662148789,8.003905636258423,-112.94951251149178,0.014492742325273866,0.31208282709121704,0.5231273546814919,0.5353163524996489,112.68283481895924,112.68460799753666,112.69243995845318,10.126484099950176,"{""DC-1"": 366.09341933733424, ""DC-2"": 321.6488550662958, ""DC-3"": 290.68710676327566, ""DC-4"": 220.8654734492339, ""DC-5"": 317.9251382342568}"
66,107,1504.3593693552568,1038,1038,0,0,1038,202,38,798,0,1000,986,14,0,82,69,13,9,0,15899.479265631679,520,68341,68341,68341,68341,0,31672,17.403287689043925,8.61759648323059,8.785691239512884,-113.70038179250864,0.0141273363153092,0.31384795904159546,0.5231229756887142,0.5352839811490132,113.46457972893349,113.47186609414908,113.46183091677152,10.799389599997085,"{""DC-1"": 339.16697079088664, ""DC-2"": 284.6054447464196, ""DC-3"": 329.63612657650134, ""DC-4"": 230.52735611918735, ""DC-5"": 320.4234711222617}"
67,108,1522.4602362091782,1037,1037,0,0,1037,232,37,768,0,1000,988,12,0,100,93,7,18,0,13071.451403482195,518,69378,69378,69378,69378,0,32190,18.1769450276975,9.000357100171932,9.176587962736034,-114.39977638509743,-0.011680860352849869,0.31241971254348755,0.5454502669540612,0.535464723137815,114.16780748698702,114.17548890279527,114.17171599045683,10.353465099993628,"{""DC-1"": 326.71080657361796, ""DC-2"": 349.1506901385483, ""DC-3"": 289.1500027483122, ""DC-4"": 255.2173560655411, ""DC-5"": 302.231380683159}"
68,109,1491.3434019409517,1033,1033,0,0,1033,227,33,773,0,1000,982,18,0,96,79,17,9,0,14761.958258464474,516,70411,70411,70411,70411,0,32706,17.71343202461568,8.774683399255885,8.938748629287232,-115.1328458859939,-0.007819600216502886,0.3114107847213745,0.5417096301797748,0.5351892275403637,114.88292352543321,114.8866370740787,114.88205191146496,10.298698799975682,"{""DC-1"": 359.0065207216842, ""DC-2"": 293.32417572243753, ""DC-3"": 285.1574773634041, ""DC-4"": 263.75711648082284, ""DC-5"": 290.09811165260305}"
69,110,1502.2077098636753,1033,1033,0,0,1033,210,33,790,0,1000,983,17,0,72,59,13,9,0,14745.074440832017,518,71444,71444,71444,71444,0,33224,16.30031708768896,8.06260694016821,8.237710118063628,-115.884039978263,-0.0017004128236280446,0.3112056255340576,0.5368836947849819,0.5353322185604729,115.63448569397208,115.64394061998051,115.6276297992721,10.416066800011322,"{""DC-1"": 375.3572847286664, ""DC-2"": 273.23897467284564, ""DC-3"": 307.28106713779994, ""DC-4"": 230.3351127976196, ""DC-5"": 315.99527052674466}"
70,111,1486.9506148336384,1028,1028,0,0,1028,223,28,777,0,1000,981,19,0,78,62,16,9,0,14187.17019424311,514,72472,72472,72472,72472,0,33738,16.63528976783678,8.22716048904894,8.408129293167173,-116.44492669606487,0.0014653477893874108,0.31123965978622437,0.5342030686395177,0.5351519893115596,116.1843868656381,116.19324675979317,116.18771147078577,10.507240999955684,"{""DC-1"": 364.6840748725433, ""DC-2"": 307.1460293761704, ""DC-3"": 309.8613639851518, ""DC-4"": 243.51195663694332, ""DC-5"": 261.74718996282945}"
71,112,1538.903101910579,1036,1036,0,0,1036,199,36,801,0,1000,992,8,0,77,70,7,10,0,12479.56434650511,518,73508,73508,73508,73508,0,34256,16.45687055173528,8.168540859774733,8.288329699554959,-117.0434154377941,0.004916113207087957,0.31192708015441895,0.5313403428061129,0.5353987081170543,116.81159176329388,116.81526877797248,116.80651527021843,10.641451599949505,"{""DC-1"": 369.76066146968344, ""DC-2"": 324.7630552656563, ""DC-3"": 315.4093120347022, ""DC-4"": 243.1975809540681, ""DC-5"": 285.77249218647114}"
72,113,1484.6517963939,1035,1035,0,0,1035,186,35,814,0,1000,985,15,0,70,57,13,5,0,11317.118250066253,516,74543,74543,74543,74543,0,34772,17.612183715945992,8.70767009443091,8.904513600491738,-117.74089689032976,-0.00494521956930529,0.3111678659915924,0.5394708405631458,0.5354775719402373,117.47574973291205,117.4723774074584,117.4681616199109,11.469438100000843,"{""DC-1"": 329.6381375818913, ""DC-2"": 305.9823042739995, ""DC-3"": 293.7077957801291, ""DC-4"": 260.30012786129436, ""DC-5"": 295.0234308965864}"
73,114,1419.0200536944585,1107,1107,0,0,1107,243,107,757,0,1000,971,29,0,108,80,28,15,0,16006.059833616866,554,75650,75650,75650,75650,0,35326,17.836802591916026,8.791727276915678,9.045075330493253,-118.62062838447653,-0.03154296137809431,0.3060778081417084,0.5621387946691754,0.5352249560803712,118.35863251118023,118.3573210678376,118.34450869784028,11.5193446999765,"{""DC-1"": 367.7121875882363, ""DC-2"": 249.14558020795806, ""DC-3"": 264.27985040176566, ""DC-4"": 231.35061472378885, ""DC-5"": 306.53182077270924}"
74,115,1367.0432796486941,1139,1139,0,0,1139,252,139,748,0,1000,965,35,0,128,95,33,24,0,14260.94554286227,570,76789,76789,76789,76789,0,35896,17.640656199371605,8.781837814732603,8.85881843002219,-119.62151358085767,-0.015473984080579197,0.30333277583122253,0.5482931866980436,0.5353402993135284,119.36132694712856,119.3664958886933,119.37597741913378,11.444973799982108,"{""DC-1"": 365.66781770757336, ""DC-2"": 214.1698203832417, ""DC-3"": 283.13636273420474, ""DC-4"": 227.91031624054096, ""DC-5"": 276.1589625831353}"
75,116,1381.2587021284296,1135,1135,0,0,1135,249,135,751,0,1000,964,36,0,106,73,33,32,0,13451.534713762638,568,77924,77924,77924,77924,0,36464,18.177242029300878,8.982620068629023,9.194621975363141,-120.46481199667487,-0.008883893552964265,0.3015912175178528,0.5432607147475363,0.5354944885196821,120.1840870548302,120.18991272886035,120.1857170319893,11.464383299986366,"{""DC-1"": 345.47448475747603, ""DC-2"": 191.466132519401, ""DC-3"": 338.3934904420178, ""DC-4"": 210.41797547218425, ""DC-5"": 295.5066189373503}"
76,117,1434.165356140921,1033,1033,0,0,1033,235,33,765,0,1000,972,28,0,94,69,25,16,0,15517.811703604591,516,78957,78957,78957,78957,0,36980,18.790485166302023,9.281363641799883,9.509121489617252,-121.25273357066074,0.014548044606624531,0.30407634377479553,0.5232628648595292,0.5355427121931269,121.00995936134989,121.00592573298964,121.00096062357112,10.411874200042803,"{""DC-1"": 373.1150423831873, ""DC-2"": 262.2240931858064, ""DC-3"": 275.93999851288874, ""DC-4"": 223.89672101341193, ""DC-5"": 298.9895010456274}"
77,118,1484.2708839311076,1048,1048,0,0,1048,246,48,754,0,1000,982,18,0,117,104,13,9,0,15496.882928779825,524,80005,80005,80005,80005,0,37504,18.664132517712716,9.234064445468306,9.430068097496761,-121.81020145561858,0.015326564941370418,0.3067595362663269,0.5226313478619088,0.5355728573471535,121.54676002036524,121.55314921604769,121.54768638028443,10.785008999984711,"{""DC-1"": 337.8951032121517, ""DC-2"": 248.95916795882835, ""DC-3"": 316.85398044590863, ""DC-4"": 264.8743740770748, ""DC-5"": 315.68825823714377}"
78,119,1438.1146993784746,1033,1033,0,0,1033,253,33,747,0,1000,973,27,0,116,90,26,18,0,15103.336587157484,516,81038,81038,81038,81038,0,38020,19.566682138184245,9.627781413553297,9.93890074565429,-122.35007808005163,0.00750121735704182,0.3078679144382477,0.529332042202469,0.5355868443500164,122.1150288249171,122.11429060706797,122.10843608176062,11.116238599992357,"{""DC-1"": 331.53101068808445, ""DC-2"": 269.54068441464756, ""DC-3"": 272.9867556356299, ""DC-4"": 257.65565481241504, ""DC-5"": 306.40059382769834}"
79,120,1337.9182793572759,1040,1040,0,0,1040,273,40,727,0,1000,955,45,0,124,83,41,20,0,13323.995198294466,520,82078,82078,82078,82078,0,38540,17.982864176768523,8.903888287452551,9.07897586593261,-123.04237356919509,0.008742387251606068,0.30971047282218933,0.527940478347815,0.5355088662642699,122.7767863053542,122.77641468048095,122.77816066741943,10.589363700011745,"{""DC-1"": 396.5735121820551, ""DC-2"": 346.42889758784696, ""DC-3"": 110.2188795935457, ""DC-4"": 213.20977659157725, ""DC-5"": 271.4872134022506}"
80,121,1479.4198184920995,1041,1041,0,0,1041,252,41,748,0,1000,977,23,0,106,87,19,8,0,13564.952842930963,520,83119,83119,83119,83119,0,39060,19.497095643557035,9.609320217829485,9.887775407158411,-123.58593617952786,-0.004404465490593933,0.3090221583843231,0.5392937539861753,0.5355802368659239,123.35939039083628,123.35826602348915,123.35286596738375,10.348027900035959,"{""DC-1"": 374.09174920064265, ""DC-2"": 273.1822627896194, ""DC-3"": 267.33028203515516, ""DC-4"": 243.3520899675069, ""DC-5"": 321.46343449917504}"
81,122,1540.6030718816733,1031,1031,0,0,1031,224,31,776,0,1000,988,12,0,83,75,8,9,0,15133.787788282838,516,84150,84150,84150,84150,0,39576,18.283532905486204,9.054631404405416,9.228901485371034,-123.90449810767359,-0.008993906197282521,0.3072536289691925,0.5431602451690408,0.5354943340138871,123.62258730747904,123.6174847654594,123.62531209546466,10.185773400007747,"{""DC-1"": 414.77884957864137, ""DC-2"": 323.1934158097522, ""DC-3"": 327.5953655978936, ""DC-4"": 185.1600007685908, ""DC-5"": 289.8754401267948}"
82,123,1495.9246367721744,1057,1057,0,0,1057,242,57,758,0,1000,982,18,0,113,97,16,12,0,11053.045026602955,528,85207,85207,85207,85207,0,40104,20.945504034107383,10.379591232222138,10.565912819044156,-124.02017850586863,0.0022144252787146606,0.30772101879119873,0.5336322153382229,0.5355383187080874,123.8218172824744,123.82661349845655,123.81403722185077,11.126794299983885,"{""DC-1"": 380.86178852357614, ""DC-2"": 317.0671900140108, ""DC-3"": 301.9163683409427, ""DC-4"": 194.32601521421148, ""DC-5"": 301.7532746794356}"
83,124,1415.5982653765163,1034,1034,0,0,1034,310,34,690,0,1000,965,35,0,130,98,32,17,0,13305.41934116641,518,86241,86241,86241,86241,0,40622,20.5644458863726,10.177425673799625,10.387020192551336,-124.2937656535145,-0.008959069168446836,0.3062048554420471,0.5432948513841077,0.535776124727772,124.15646522846001,124.1604098021754,124.13999052305479,10.422334700007923,"{""DC-1"": 330.69476856357346, ""DC-2"": 263.9104779680526, ""DC-3"": 267.5093574005465, ""DC-4"": 256.8360097222386, ""DC-5"": 296.64765172210696}"
84,125,1477.957976567497,1065,1065,0,0,1065,268,65,732,0,1000,980,20,0,123,104,19,21,0,12023.138921196765,532,87306,87306,87306,87306,0,41154,18.010774517866004,8.907740315100304,9.103034206350943,-124.76823583043607,-0.014155914642869081,0.30374765396118164,0.5479595534559479,0.5357672372706851,124.56789597532803,124.5743935807307,124.57559767701572,10.692614100000355,"{""DC-1"": 324.0917693558169, ""DC-2"": 324.1713489837915, ""DC-3"": 265.17789921515845, ""DC-4"": 261.65366853896285, ""DC-5"": 302.86329047376677}"
85,126,1487.4525846059496,1040,1040,0,0,1040,267,40,733,0,1000,979,21,0,110,91,19,10,0,14886.759668436705,520,88346,88346,88346,88346,0,41674,18.460220655111165,9.082563425485905,9.377657225269537,-124.91655522860013,-0.02226517891439681,0.3002665340900421,0.554008468412436,0.5356432781769679,124.75902472275953,124.76347242502065,124.75567427415115,10.376759700011462,"{""DC-1"": 359.0281452720289, ""DC-2"": 298.3871330461514, ""DC-3"": 281.110640293596, ""DC-4"": 246.81060346541386, ""DC-5"": 302.1160625287611}"
86,127,1429.9072142595994,1062,1062,0,0,1062,278,62,722,0,1000,970,30,0,136,110,26,15,0,13674.043761132523,532,89408,89408,89408,89408,0,42206,18.649762804346874,9.2011941545888,9.448568646845064,-125.29822451369206,-0.023041969530207377,0.2962234318256378,0.5550159294354288,0.5356508468774924,125.0914864360838,125.09085702537594,125.08849171229771,10.773709700035397,"{""DC-1"": 326.9161421495825, ""DC-2"": 317.173144408899, ""DC-3"": 272.1116038098038, ""DC-4"": 204.1373550168301, ""DC-5"": 309.568968874485}"
87,128,1496.0039094323452,1041,1041,0,0,1041,271,41,729,0,1000,981,19,0,145,128,17,9,0,12004.927463358752,520,90449,90449,90449,90449,0,42726,18.18660732278457,8.913613594266085,9.272993729893978,-125.61618112417368,-0.014736706192175356,0.2940097153186798,0.5477631660608145,0.535607935832097,125.36476996495173,125.36767019125132,125.36085115579458,10.392009100003634,"{""DC-1"": 333.1196146460897, ""DC-2"": 323.9234942565696, ""DC-3"": 278.1770284958098, ""DC-4"": 264.09325376728566, ""DC-5"": 296.69051826658995}"
88,129,1504.5438193120124,1074,1074,0,0,1074,260,74,740,0,1000,982,18,0,116,101,15,13,0,14650.300880610746,536,91523,91523,91523,91523,0,43262,20.156952990079994,9.982362856838241,10.174590154370264,-125.85214409899356,-0.005147074961708163,0.2929377853870392,0.5399487275463432,0.5356920432688584,125.66370310712216,125.66237315846912,125.66409656183043,10.745499500015285,"{""DC-1"": 345.1266334334971, ""DC-2"": 309.73947405932915, ""DC-3"": 308.38857474728957, ""DC-4"": 237.4237596170089, ""DC-5"": 303.86537745488744}"
89,130,1334.1361884931737,1043,1043,0,0,1043,332,43,668,0,1000,947,53,0,162,111,51,18,0,15024.606476726352,522,92566,92566,92566,92566,0,43784,20.150421896656812,9.957520781577319,10.19290112101712,-126.1049373816713,-0.0025253699533998165,0.29297229647636414,0.5374758916111285,0.5356061291877338,125.89989661439625,125.90726563026165,125.90151853305626,10.433598799980246,"{""DC-1"": 360.8115737029952, ""DC-2"": 342.5559297798216, ""DC-3"": 118.68496671225968, ""DC-4"": 209.92409519263728, ""DC-5"": 302.15962310546064}"
90,131,1372.3857285305523,1031,1031,0,0,1031,261,31,739,0,1000,966,34,0,159,128,31,24,0,14225.377122502869,516,93597,93597,93597,93597,0,44300,19.372906910356626,9.545350789792778,9.82755609538204,-126.22170109711877,0.01538103146572388,0.2952072322368622,0.5231373758279076,0.5356381949066191,126.05426242739655,126.05229883415754,126.04701303881268,10.273332299955655,"{""DC-1"": 318.4116197077924, ""DC-2"": 292.43815374114155, ""DC-3"": 188.7605454827706, ""DC-4"": 257.64123862958786, ""DC-5"": 315.13417096926145}"
91,132,1392.1621030203833,1024,1024,0,0,1024,304,24,696,0,1000,964,36,0,166,133,33,15,0,14110.17019424311,512,94621,94621,94621,94621,0,44812,18.912909475155175,9.308919821865857,9.603989574825391,-126.2573393881321,0.012940180937221157,0.29723498225212097,0.5250517860986292,0.5355372228659689,126.1612659394741,126.1579255759716,126.15572199225426,11.313998800003901,"{""DC-1"": 305.67807167840857, ""DC-2"": 279.0637650510986, ""DC-3"": 217.38516903785003, ""DC-4"": 244.11702593193158, ""DC-5"": 345.91807132109466}"
92,133,1535.1615228646262,1049,1049,0,0,1049,277,49,723,0,1000,986,14,0,114,102,12,8,0,14690.002026107164,524,95670,95670,95670,95670,0,45336,18.8548634989571,9.310509835490743,9.544353657323896,-126.5377507682975,0.020827706494432597,0.30058667063713074,0.5184663505727098,0.5357456484823736,126.37653404701757,126.3692341870024,126.36742047317155,11.342508000030648,"{""DC-1"": 339.55884365417785, ""DC-2"": 282.5583162454518, ""DC-3"": 332.7042360751133, ""DC-4"": 262.0735831242709, ""DC-5"": 318.2665437656143}"
93,134,1451.6008568338243,1030,1030,0,0,1030,293,30,707,0,1000,969,31,0,118,89,29,14,0,12141.876132933932,516,96700,96700,96700,96700,0,45852,19.444503274998922,9.6174697242966,9.82703347469485,-126.64629476384599,-0.005816663981797968,0.2998959720134735,0.540311425115711,0.5355082124240639,126.56583141356475,126.56617160176121,126.56642241071361,10.7625979000004,"{""DC-1"": 328.9613736674609, ""DC-2"": 299.4077801680732, ""DC-3"": 278.91082154957974, ""DC-4"": 207.1616419124109, ""DC-5"": 337.1592395363009}"
94,135,1535.560307097557,1049,1049,0,0,1049,274,49,726,0,1000,985,15,0,110,96,14,6,0,12330.978165327691,524,97749,97749,97749,97749,0,46376,18.232588333937958,8.951237599585802,9.281350751869551,-126.82597388929993,0.023317437275056904,0.30326640605926514,0.5162934151314597,0.5355870275552036,126.66546445948477,126.66716584358507,126.64990362502236,11.038012099976186,"{""DC-1"": 327.5359894374238, ""DC-2"": 316.7081215577677, ""DC-3"": 322.5069769387455, ""DC-4"": 237.5164898176252, ""DC-5"": 331.2927293459965}"
95,136,1520.6100070841112,1022,1022,0,0,1022,244,22,756,0,1000,985,15,0,96,85,11,7,0,12870.126276733456,510,98771,98771,98771,98771,0,46886,17.93598500373317,8.82495824986813,9.11102683988272,-126.96612824084713,0.01640047013357866,0.30596044659614563,0.5219046969039768,0.535785702864329,126.82412906721527,126.82998892092237,126.81258200851141,10.757991700025741,"{""DC-1"": 370.8668953386792, ""DC-2"": 310.69538994880764, ""DC-3"": 332.2678027298947, ""DC-4"": 243.23701716192912, ""DC-5"": 263.5429019048013}"
96,137,1475.8337208598455,1025,1025,0,0,1025,288,25,712,0,1000,975,25,0,150,128,22,10,0,12094.377122502869,514,99796,99796,99796,99796,0,47400,18.452638712838468,9.102066337134588,9.350572346945217,-126.93477948259287,-0.004886242848230301,0.30536946654319763,0.5395654679968199,0.5356511601214279,126.82011036557446,126.82129027964076,126.82523878817429,11.792770900006872,"{""DC-1"": 348.34973247244926, ""DC-2"": 287.2016470180173, ""DC-3"": 317.9018188711758, ""DC-4"": 224.90529421293516, ""DC-5"": 297.47522828526854}"
97,138,1476.408489505761,1042,1042,0,0,1042,284,42,716,0,1000,976,24,0,119,98,21,10,0,13374.16452796683,520,100838,100838,100838,100838,0,47920,18.93099157168315,9.37443429506742,9.556557258734337,-127.07385984567496,-0.03179563449767347,0.3011637032032013,0.562018286723357,0.5353853450371668,126.97921343583327,126.98574799757738,126.96735847179707,10.860750599997118,"{""DC-1"": 308.44996691413036, ""DC-2"": 306.46056167894403, ""DC-3"": 328.4057369148323, ""DC-4"": 259.93623193016845, ""DC-5"": 273.15599206768815}"
98,139,1529.1983857386676,1041,1041,0,0,1041,243,41,757,0,1000,986,14,0,105,94,11,6,0,13718.523222704625,520,101879,101879,101879,101879,0,48440,17.400272821004574,8.578561448592406,8.821711412530679,-127.16740021338829,-0.005233878420236019,0.29982584714889526,0.5402912099774068,0.5356138619092795,127.09717898735633,127.08246118105374,127.07814542330229,10.385554899985436,"{""DC-1"": 369.3865809583828, ""DC-2"": 304.7342101919702, ""DC-3"": 331.85243085130713, ""DC-4"": 230.21959139248395, ""DC-5"": 293.00557234452396}"
99,140,1428.712908551995,1030,1030,0,0,1030,266,30,734,0,1000,968,32,0,117,91,26,19,0,14751.417888344771,516,102909,102909,102909,102909,0,48956,17.235159367091896,8.557461399209592,8.67769799583642,-127.19189308225647,-0.01703030660986727,0.2974594831466675,0.5496704678895862,0.5356258227843647,127.0280410707459,127.03373997710472,127.04641914367676,11.025657700025477,"{""DC-1"": 385.85570369075145, ""DC-2"": 250.95804723877933, ""DC-3"": 267.64310156936534, ""DC-4"": 191.1530082540764, ""DC-5"": 333.10304779902333}"
100,141,1471.7798495224918,1053,1053,0,0,1053,253,53,747,0,1000,978,22,0,127,108,19,14,0,14289.720328053358,526,103962,103962,103962,103962,0,49482,17.329899297467655,8.600160574958352,8.729738701205743,-127.01462699977164,-0.023183074937389716,0.29418718814849854,0.5545989358833081,0.5356914670748403,126.90303444227791,126.91109481057286,126.90187967684786,11.050888099998701,"{""DC-1"": 297.1048819657505, ""DC-2"": 302.33244367237404, ""DC-3"": 305.7628339957267, ""DC-4"": 258.555361722899, ""DC-5"": 308.02432816574304}"
101,142,1516.4499989648439,1062,1062,0,0,1062,232,62,768,0,1000,985,15,0,92,82,10,11,0,14433.98006139658,532,105024,105024,105024,105024,0,50014,18.153918523537484,8.932341534840432,9.221576977269093,-127.1448885982198,-0.017454716649179563,0.29118022322654724,0.5502318388089201,0.5356652915925908,127.0477122830269,127.05545902969246,127.03499732340188,11.171609499957412,"{""DC-1"": 364.03142669925325, ""DC-2"": 286.97074493669015, ""DC-3"": 310.8511434046409, ""DC-4"": 225.162366398606, ""DC-5"": 329.43431752565306}"
102,143,1513.1628544155385,1051,1051,0,0,1051,301,51,699,0,1000,978,22,0,129,110,19,7,0,13712.018118518057,524,106075,106075,106075,106075,0,50538,18.388216702537683,9.124929423550613,9.263287228254871,-127.09291184403514,-0.03532646619003863,0.2864660918712616,0.563944841500457,0.535598938701717,127.05468212739201,127.05864491353508,127.05366949998695,10.927051000006031,"{""DC-1"": 374.01313694118784, ""DC-2"": 318.6146523831133, ""DC-3"": 321.7496394340128, ""DC-4"": 213.80008234020863, ""DC-5"": 284.98534331701603}"
103,144,1574.1767947349817,1044,1044,0,0,1044,248,44,752,0,1000,993,7,0,100,95,5,7,0,13833.166745079005,522,107119,107119,107119,107119,0,51060,18.033872541339917,8.899552542587806,9.134319955818498,-127.09295592910942,-0.020260210210543084,0.2840673327445984,0.551631269555439,0.5355979126531959,127.03933930671079,127.0369653957557,127.03489354743812,11.639966000046115,"{""DC-1"": 385.0897681335696, ""DC-2"": 322.365047647452, ""DC-3"": 296.7725244563192, ""DC-4"": 242.50034315575073, ""DC-5"": 327.4491113418897}"
104,145,1533.2587550064766,1060,1060,0,0,1060,236,60,764,0,1000,988,12,0,89,81,8,5,0,11469.110841835827,530,108179,108179,108179,108179,0,51590,16.846652608547572,8.331589452050768,8.515063181913124,-127.05491402104215,-0.031111809207161643,0.27960628271102905,0.5605659985317374,0.535727589085417,127.06259624553176,127.06163507137659,127.05053235899727,11.271209900034592,"{""DC-1"": 376.1989548269825, ""DC-2"": 313.1340347447353, ""DC-3"": 320.15323024238694, ""DC-4"": 246.7716678811706, ""DC-5"": 277.00086731120155}"
105,146,1525.7479716701484,1054,1054,0,0,1054,237,54,763,0,1000,986,14,0,108,95,13,6,0,11258.902058537025,528,109233,109233,109233,109233,0,52118,18.3184145530968,9.027309067547321,9.291105524382807,-127.02113978068034,-0.02388494433200156,0.2767977714538574,0.5542042998201919,0.535683694888245,127.04932650652799,127.05102975440748,127.04052367354885,11.181079100002535,"{""DC-1"": 370.143874137964, ""DC-2"": 283.38997921499697, ""DC-3"": 338.61645683980817, ""DC-4"": 219.58370238248114, ""DC-5"": 314.01395909489804}"
106,147,1537.914607480064,1064,1064,0,0,1064,261,64,739,0,1000,987,13,0,99,89,10,6,0,15058.824518194044,532,110297,110297,110297,110297,0,52650,17.599301747809676,8.712106795911502,8.887195007917576,-127.06920491842399,-0.0025826129726225274,0.2764925956726074,0.5376652539672708,0.5356245679514748,126.97897519563374,126.9854758126395,126.98708534240723,10.971567000029609,"{""DC-1"": 359.06891053834534, ""DC-2"": 293.78235641869907, ""DC-3"": 336.5789194299254, ""DC-4"": 253.6258182621078, ""DC-5"": 294.8586028309864}"
107,148,1525.557088405372,1044,1044,0,0,1044,236,44,764,0,1000,987,13,0,94,82,12,6,0,12611.879202815824,522,111341,111341,111341,111341,0,53172,17.784101066004727,8.778558075428009,9.005543082381573,-127.11622903173453,-0.01997512508847419,0.2739453911781311,0.5513048770327221,0.5357935611315614,127.01851086963639,127.0199379318062,127.0190973683792,10.94506719999481,"{""DC-1"": 340.61775345587347, ""DC-2"": 306.76340467825526, ""DC-3"": 319.7212885787522, ""DC-4"": 263.2384954121269, ""DC-5"": 295.21614628036633}"
108,149,1551.3360259204333,1060,1060,0,0,1060,270,60,730,0,1000,986,14,0,106,93,13,7,0,14176.154527966832,530,112401,112401,112401,112401,0,53702,18.236529364675846,9.051874256808803,9.184655138231673,-126.96176121549786,0.000546855848493441,0.2736424505710602,0.5354626152875288,0.5356962413158057,126.89891931785728,126.89633622079525,126.90586056979197,10.780524500005413,"{""DC-1"": 391.6104564780225, ""DC-2"": 327.6960539116677, ""DC-3"": 292.1632900708182, ""DC-4"": 252.33000155851056, ""DC-5"": 287.5362239014155}"
109,150,1587.3213405338563,1040,1040,0,0,1040,272,40,728,0,1000,991,9,0,94,86,8,6,0,12441.831868196261,520,113441,113441,113441,113441,0,54222,16.902234767492,8.35859817312314,8.543636687902303,-126.87473270709698,-0.002606984632662856,0.27355748414993286,0.5375576857190866,0.5356363534927369,126.82718808100773,126.8264457996075,126.81687406393198,10.655119500006549,"{""DC-1"": 363.24540443827954, ""DC-2"": 341.9715276938633, ""DC-3"": 310.49878892533366, ""DC-4"": 266.4271885017161, ""DC-5"": 305.178430974665}"
110,151,1480.5551347047535,1035,1035,0,0,1035,273,35,727,0,1000,975,25,0,130,107,23,7,0,14138.154527966832,518,114476,114476,114476,114476,0,54740,16.058767507435274,7.965832206733438,8.09293529563889,-126.81689694673398,0.00662439239919761,0.2744581699371338,0.5306198401340647,0.5356592660244828,126.75178602947692,126.74500463183783,126.74968466151175,10.30578430002788,"{""DC-1"": 393.2983735883108, ""DC-2"": 280.77778959808217, ""DC-3"": 256.74741716013796, ""DC-4"": 218.73221798185878, ""DC-5"": 330.9993363763651}"
111,152,1525.025857832282,1058,1058,0,0,1058,279,58,721,0,1000,983,17,0,112,103,9,6,0,14176.593432965008,528,115534,115534,115534,115534,0,55268,16.003869319052406,7.896736414369308,8.107132943290653,-126.72461099335642,0.005944091389237931,0.27519306540489197,0.5311431980720072,0.5354863603909811,126.65052834424105,126.64374683842514,126.64852191462661,10.547202899993863,"{""DC-1"": 335.3380315920036, ""DC-2"": 340.6512735651048, ""DC-3"": 328.10711220406097, ""DC-4"": 212.1680021473128, ""DC-5"": 308.7614383237998}"
112,153,1549.5817485605464,1036,1036,0,0,1036,239,36,761,0,1000,988,12,0,100,90,10,6,0,11786.041789369021,518,116570,116570,116570,116570,0,55786,15.695582022998323,7.769054925809956,7.9265271747434465,-126.79206088150791,0.013300338490330344,0.2768736779689789,0.5251160209933763,0.5354983491326851,126.75790963485895,126.76654572652573,126.7556483589084,10.412244100007229,"{""DC-1"": 345.55141094242805, ""DC-2"": 287.2192139522092, ""DC-3"": 329.62901514899625, ""DC-4"": 226.92775313192308, ""DC-5"": 360.2543553849912}"
113,154,1540.1198873403575,1052,1052,0,0,1052,269,52,731,0,1000,986,14,0,102,90,12,7,0,12620.958886514454,526,117622,117622,117622,117622,0,56312,17.61256695836216,8.732021414508385,8.880545524816549,-126.71430110568782,0.01803406276085021,0.27933070063591003,0.5212360152500211,0.5353227293989957,126.65129148824133,126.65116669107299,126.65094189952082,10.628923000011127,"{""DC-1"": 360.4331091062663, ""DC-2"": 336.3268578609242, ""DC-3"": 281.56466494675635, ""DC-4"": 270.61377167049073, ""DC-5"": 291.1814837559186}"
114,155,1523.9331699362772,1031,1031,0,0,1031,241,31,759,0,1000,984,16,0,96,83,13,7,0,12304.310096133253,516,118653,118653,118653,118653,0,56828,17.156281744786934,8.506314975346706,8.649966764357663,-126.8434778553571,0.0007727287832445415,0.2795090079307556,0.5350333037533501,0.5355398756589076,126.78586914003357,126.78228566073632,126.77956995113875,10.69474090001313,"{""DC-1"": 352.07578677182573, ""DC-2"": 339.04593799894405, ""DC-3"": 327.15714088715356, ""DC-4"": 226.9630481743054, ""DC-5"": 278.69125610404853}"
115,156,1549.7469517227426,1050,1050,0,0,1050,246,50,754,0,1000,989,11,0,96,90,6,6,0,12385.575019671425,524,119703,119703,119703,119703,0,57352,16.528317158913794,8.20324796961464,8.325069205679057,-126.68061881028969,0.017204350676344893,0.28209996223449707,0.5222374605768509,0.5357960159996994,126.63336801892929,126.63598810443442,126.62852708073973,10.99881820002338,"{""DC-1"": 379.02332749559565, ""DC-2"": 337.08135936262175, ""DC-3"": 315.69413070887407, ""DC-4"": 262.3992166858495, ""DC-5"": 255.54891746980292}"
116,157,1510.7845344779514,1053,1053,0,0,1053,281,53,719,0,1000,980,20,0,121,105,16,6,0,15123.93180854245,528,120756,120756,120756,120756,0,57880,16.01191100207242,7.90254981161067,8.109361265870659,-126.66401230205189,-0.006592493336718304,0.2809945046901703,0.5407316442014594,0.5354935892603614,126.72640531713313,126.73346269491947,126.73631103111036,10.84871450002538,"{""DC-1"": 369.89433017461994, ""DC-2"": 317.3372641875002, ""DC-3"": 303.8561321725716, ""DC-4"": 213.95697490216318, ""DC-5"": 305.7398330410983}"
117,158,1556.7712092981383,1040,1040,0,0,1040,272,40,728,0,1000,986,14,0,106,94,12,5,0,12352.790893147385,520,121796,121796,121796,121796,0,58400,17.52569104524759,8.726464534722842,8.799226503418042,-126.62000934894269,0.0036336936020793823,0.2817721664905548,0.5326403027543655,0.5354925474295249,126.60340339954082,126.61274120624249,126.6027930186345,10.820844900037628,"{""DC-1"": 360.76209562539964, ""DC-2"": 323.88509304381074, ""DC-3"": 324.00707961124346, ""DC-4"": 246.36999344456274, ""DC-5"": 301.746947573121}"
118,159,1493.967303072244,1075,1075,0,0,1075,232,75,768,0,1000,983,17,0,98,82,16,9,0,14756.018118518057,536,122871,122871,122871,122871,0,58936,17.04282770761803,8.411612473761858,8.631215192711176,-126.58890704254605,3.108818348107943e-05,0.2815250754356384,0.5356359173780056,0.5355886518955231,126.53531656692277,126.53424438078012,126.52624170104069,11.062611999979708,"{""DC-1"": 362.89029138926935, ""DC-2"": 282.8970163511671, ""DC-3"": 319.1185666539635, ""DC-4"": 234.31096185237257, ""DC-5"": 294.75046682547105}"
119,160,1519.0094821464734,1040,1040,0,0,1040,261,40,739,0,1000,983,17,0,119,104,15,6,0,12430.184371671396,520,123911,123911,123911,123911,0,59456,16.59377710865094,8.24596455853719,8.347812573497112,-126.41455292334923,-0.0006335465497194001,0.28109097480773926,0.5365350962831423,0.5357289080436413,126.47607988210825,126.47307949066162,126.46506878779485,10.803075000003446,"{""DC-1"": 308.5585674644217, ""DC-2"": 312.6214832500741, ""DC-3"": 341.4998641275486, ""DC-4"": 255.53592379402818, ""DC-5"": 300.7936435104015}"
120,161,1514.0479156217393,1049,1049,0,0,1049,247,49,753,0,1000,983,17,0,88,73,15,7,0,15267.090228102697,526,124960,124960,124960,124960,0,59982,16.540255160386117,8.201888930661596,8.338366294088473,-126.35819038420122,-0.00014146142586102503,0.2813166081905365,0.5356349177913521,0.5356597705485703,126.39265101037552,126.40902099319284,126.39594985323714,10.99865210003918,"{""DC-1"": 340.47392208466687, ""DC-2"": 342.08225140168435, ""DC-3"": 327.89729819876163, ""DC-4"": 237.10210072157673, ""DC-5"": 266.4923432150497}"
121,162,1565.5848886925921,1035,1035,0,0,1035,240,35,760,0,1000,992,8,0,86,81,5,5,0,15525.438010139458,516,125995,125995,125995,125995,0,60498,16.9141681674839,8.391925646584163,8.522242513275886,-126.26123283445374,0.0068845540526965565,0.2824501395225525,0.5299753810084143,0.5356799858485082,126.26833228177803,126.27140760791394,126.26619491281436,10.538326200039592,"{""DC-1"": 339.8026464636933, ""DC-2"": 347.74748264706955, ""DC-3"": 307.1368629641764, ""DC-4"": 269.6487260954167, ""DC-5"": 301.2491705222356}"
122,163,1477.844874422242,1032,1032,0,0,1032,300,32,700,0,1000,974,26,0,122,104,18,10,0,12814.42649519378,516,127027,127027,127027,127027,0,61014,16.887261415174766,8.381156883498495,8.506104509035746,-126.1409990769024,0.004670723727651576,0.2831687927246094,0.5319213817516962,0.535501722448556,126.09040587077769,126.08596531180449,126.08129820712777,11.02786659996491,"{""DC-1"": 307.3744796489981, ""DC-2"": 310.03916249500253, ""DC-3"": 328.63450915692965, ""DC-4"": 235.34012248917176, ""DC-5"": 296.45660063214115}"
123,164,1543.4284056912786,1038,1038,0,0,1038,252,38,748,0,1000,986,14,0,99,86,13,10,0,12474.184371671396,520,128065,128065,128065,128065,0,61534,15.749047038646845,7.832316063688352,7.916730981377455,-126.09681692857009,0.006345408234315423,0.2837908864021301,0.530732824596075,0.5354976676977597,126.01992564568152,126.02160417116605,126.01754515721248,10.683605599973816,"{""DC-1"": 374.1077609283027, ""DC-2"": 335.61290561928746, ""DC-3"": 273.5980503361846, ""DC-4"": 241.00503565149833, ""DC-5"": 319.1046531560067}"
124,165,1553.2255637272297,1070,1070,0,0,1070,250,70,750,0,1000,989,11,0,89,82,7,8,0,11689.93854269923,534,129135,129135,129135,129135,0,62068,16.324756064665007,8.105598670936256,8.219157400872376,-125.99481284037958,0.01663238249548226,0.2864827811717987,0.5222994028852227,0.535600500383627,125.91707233900435,125.91526085785712,125.91012761833963,10.449695500021335,"{""DC-1"": 358.34302791574294, ""DC-2"": 315.23289042416513, ""DC-3"": 323.46756265506565, ""DC-4"": 240.6065590879788, ""DC-5"": 315.5755236442765}"
125,166,1545.8590731212234,1040,1040,0,0,1040,245,40,755,0,1000,987,13,0,102,93,9,6,0,12889.118886514454,520,130175,130175,130175,130175,0,62588,15.401374467519613,7.587940125052746,7.813434337423398,-125.84193549522986,0.0021196428489369842,0.2871973514556885,0.5338865124262296,0.5355653029221755,125.81941912724422,125.82425785064697,125.82527543581449,10.469928900012746,"{""DC-1"": 419.7309863262002, ""DC-2"": 336.9202385894798, ""DC-3"": 262.5554427267841, ""DC-4"": 213.37468849758326, ""DC-5"": 313.2777169811756}"
126,167,1570.4313733270742,1047,1047,0,0,1047,254,47,746,0,1000,992,8,0,86,81,5,7,0,10851.802058537025,524,131222,131222,131222,131222,0,63112,17.42876941056652,8.720361969853176,8.70840741295851,-125.7781118436624,0.002789465602103422,0.2871900498867035,0.5334040405413577,0.5355852687631855,125.82770130652507,125.82336465093016,125.81567244493324,10.731349999958184,"{""DC-1"": 357.6482632092811, ""DC-2"": 321.1537064361488, ""DC-3"": 336.1002339753033, ""DC-4"": 266.4601199773184, ""DC-5"": 289.06904972902265}"
127,168,1526.2704474861675,1057,1057,0,0,1057,249,57,751,0,1000,985,15,0,95,81,14,6,0,14469.471155602447,528,132279,132279,132279,132279,0,63640,16.02064388448542,7.960044625582117,8.060599268385857,-125.5649690917044,-0.0037063928470932738,0.28671005368232727,0.5386543377782359,0.5354700350400173,125.57898603786121,125.58712546030681,125.58094242847326,9.691922099969815,"{""DC-1"": 365.8237654459919, ""DC-2"": 331.7124814050174, ""DC-3"": 296.2380454343266, ""DC-4"": 245.72465626402933, ""DC-5"": 286.77149893680286}"
128,169,1524.1564964566446,1042,1042,0,0,1042,259,42,741,0,1000,985,15,0,96,83,13,9,0,13309.39051896314,522,133321,133321,133321,133321,0,64162,15.913426915347804,7.900714562770507,8.01271231398272,-125.61864032964597,-0.0069982593185964155,0.2860589325428009,0.5407127460529064,0.535591030486242,125.61585853839743,125.61200201100317,125.5988198203602,11.391930000041611,"{""DC-1"": 350.7236817764127, ""DC-2"": 303.37792097445816, ""DC-3"": 335.81277270019604, ""DC-4"": 244.5161825677938, ""DC-5"": 289.72593843778486}"
129,170,1477.7527412609143,1066,1066,0,0,1066,247,66,753,0,1000,979,21,0,109,92,17,7,0,13384.08556720975,532,134387,134387,134387,134387,0,64694,15.939132346246476,7.908758463716149,8.03037388409887,-125.42076945484132,-0.00808758273041506,0.2844739854335785,0.5423367956751272,0.5356001403546871,125.43352752341363,125.43913018076043,125.43728748120759,10.725815000012517,"{""DC-1"": 365.4376203673488, ""DC-2"": 292.23779050674756, ""DC-3"": 352.69576214432345, ""DC-4"": 202.2987006455749, ""DC-5"": 265.08286759692015}"
130,171,1527.916469970455,1042,1042,0,0,1042,321,42,679,0,1000,977,23,0,119,101,18,8,0,16098.811703604591,522,135429,135429,135429,135429,0,65216,16.758642472526578,8.326528794007283,8.432113701813066,-125.4787904293601,0.00625095092352494,0.28539392352104187,0.5308030248830145,0.5356215234003762,125.49832727717258,125.49262344243427,125.48218629917423,10.405561799998395,"{""DC-1"": 395.1071172750373, ""DC-2"": 319.85968494001384, ""DC-3"": 316.8105051002987, ""DC-4"": 228.41348980525407, ""DC-5"": 267.7256728498509}"
131,172,1511.7366269795225,1054,1054,0,0,1054,280,54,720,0,1000,980,20,0,110,92,18,10,0,15541.471155602447,526,136483,136483,136483,136483,0,65742,16.203270630238173,8.066347421122142,8.136923229739693,-125.43188380832454,-0.001752190798266079,0.2851814329624176,0.5367937055150819,0.5355219786611347,125.38086887548178,125.38343779125141,125.38127696106189,10.555136299983133,"{""DC-1"": 384.08055680191273, ""DC-2"": 322.73599820108814, ""DC-3"": 278.1063704713382, ""DC-4"": 232.68654311419294, ""DC-5"": 294.1271583909911}"
132,173,1545.2704022872542,1063,1063,0,0,1063,249,63,751,0,1000,988,12,0,86,78,8,9,0,12840.154527966832,532,137546,137546,137546,137546,0,66274,17.044431956638967,8.483877327209129,8.560554632791003,-125.37094950855226,-0.014814715937508228,0.2828865349292755,0.5476724111047903,0.5357950966160997,125.37839747550792,125.3745857898454,125.37195443748531,10.391548399988096,"{""DC-1"": 369.49934713840776, ""DC-2"": 331.6704747545484, ""DC-3"": 322.84752783128636, ""DC-4"": 248.38651839469762, ""DC-5"": 272.86653416831535}"
133,174,1538.4821519068125,1049,1049,0,0,1049,264,49,736,0,1000,986,14,0,99,86,13,10,0,16202.08556720975,524,138595,138595,138595,138595,0,66798,15.258441955533646,7.555584411357195,7.702857520516592,-125.31290036849393,-0.001151019687771456,0.2826918959617615,0.5364185304359625,0.5355022950026825,125.26454560083288,125.25960361684551,125.25748874576948,10.410271200002171,"{""DC-1"": 368.33805915394953, ""DC-2"": 313.95058735185694, ""DC-3"": 314.82072987610076, ""DC-4"": 240.85119535763494, ""DC-5"": 300.52158016727}"
134,175,1574.089418747076,1033,1033,0,0,1033,262,33,738,0,1000,990,10,0,96,88,8,8,0,13844.377122502869,518,139628,139628,139628,139628,0,67316,17.677998115197113,8.748801088931478,8.929197002791991,-125.13231384984314,-0.0058648194937920015,0.28158828616142273,0.5406655610528232,0.5358472935941688,125.1112889764852,125.11733301818141,125.10940248349459,10.209536799986381,"{""DC-1"": 357.76755132413484, ""DC-2"": 339.6539950646149, ""DC-3"": 337.9913898248248, ""DC-4"": 235.65635641832617, ""DC-5"": 303.02012611517574}"
135,176,1544.030539005225,1046,1046,0,0,1046,259,46,741,0,1000,986,14,0,88,76,12,7,0,11046.621896669421,522,140674,140674,140674,140674,0,67838,14.810368191236737,7.343487913124406,7.466880211199837,-124.9170351576531,0.011483724330733905,0.2834927439689636,0.5266148930993574,0.535869769894757,124.94520131838276,124.9484512066019,124.94342207634585,10.273081100021955,"{""DC-1"": 389.8689588478535, ""DC-2"": 326.0622710570538, ""DC-3"": 313.7439894091841, ""DC-4"": 231.07582990349957, ""DC-5"": 283.2794897876341}"
136,177,1549.788136766646,1081,1081,0,0,1081,235,81,765,0,1000,990,10,0,102,93,9,7,0,12479.438010139458,540,141755,141755,141755,141755,0,68378,15.474090386320043,7.685922854697263,7.788167487912708,-124.69164041589808,0.013840293278055334,0.2856665551662445,0.5247044171448108,0.535694898057867,124.72452567771629,124.72606976826985,124.7202597865352,10.821465999993961,"{""DC-1"": 375.2453027715641, ""DC-2"": 342.59251658455946, ""DC-3"": 282.4776782768831, ""DC-4"": 259.3782061615167, ""DC-5"": 290.0944329721236}"
137,178,1546.988798133829,1036,1036,0,0,1036,256,36,744,0,1000,987,13,0,95,84,11,8,0,14581.592128795057,518,142791,142791,142791,142791,0,68896,17.3861734356199,8.608421345014829,8.777752126275802,-124.91621781868363,-0.00258647815169745,0.2853538393974304,0.5376072157764067,0.5355631308666067,124.78802295817371,124.78520788833441,124.7776963370187,10.20543600001838,"{""DC-1"": 367.8238485260337, ""DC-2"": 324.47292073867254, ""DC-3"": 321.54978692681505, ""DC-4"": 229.19982577671385, ""DC-5"": 303.94241616559475}"
138,179,1570.5793563048442,1033,1033,0,0,1033,291,33,709,0,1000,987,13,0,105,95,10,6,0,12561.952842930963,518,143824,143824,143824,143824,0,69414,14.369313848064673,7.110558602340433,7.2587552489461125,-124.62971526039154,0.013877176109730162,0.2872963845729828,0.5246641312556838,0.535605531171482,124.68844326122387,124.6932881918653,124.68857362371614,10.207731499976944,"{""DC-1"": 371.1391677002589, ""DC-2"": 359.43709843418327, ""DC-3"": 294.1527907426492, ""DC-4"": 248.36717265024043, ""DC-5"": 297.48312677751125}"
139,180,1594.2732308417294,1041,1041,0,0,1041,273,41,727,0,1000,991,9,0,82,76,6,6,0,13481.154527966832,520,144865,144865,144865,144865,0,69934,13.93498240846854,6.939628433264219,6.995353982311029,-124.68640911395732,0.0004890330735808954,0.2874545753002167,0.5353228457845174,0.5357151863666682,124.68402010110708,124.68294189159687,124.67077382894662,10.339638000004925,"{""DC-1"": 371.81085267113144, ""DC-2"": 357.328594445818, ""DC-3"": 318.9022959128125, ""DC-4"": 255.96672026435706, ""DC-5"": 290.26476754761154}"
140,181,1548.5774244948295,1037,1037,0,0,1037,246,37,754,0,1000,988,12,0,83,76,7,8,0,13075.041789369021,518,145902,145902,145902,145902,0,70452,15.735156097007074,7.818960359888187,7.916195724921797,-124.59271349225726,-0.0005771294218203967,0.2874516546726227,0.5361601204025239,0.5356507701763316,124.63368454863206,124.63330674631715,124.63657311399011,10.253849300032016,"{""DC-1"": 350.6608411033661, ""DC-2"": 297.0081820292487, ""DC-3"": 340.3523578606644, ""DC-4"": 236.36451096834844, ""DC-5"": 324.19153253320377}"
141,182,1497.1335633397364,1039,1039,0,0,1039,232,39,768,0,1000,982,18,0,99,85,14,6,0,14283.438010139458,520,146941,146941,146941,146941,0,70972,15.392167321993755,7.647245231958536,7.744922085220997,-124.49927098200871,-0.028309231337446433,0.2831057906150818,0.5584900141908572,0.5356790464658003,124.50174466646635,124.50214296487661,124.50202525212215,10.316531399963424,"{""DC-1"": 371.21253355059866, ""DC-2"": 269.9141043622883, ""DC-3"": 321.5938355969107, ""DC-4"": 238.4613565768833, ""DC-5"": 295.95173325305575}"
142,183,1588.6576177671523,1022,1022,0,0,1022,235,22,765,0,1000,994,6,0,72,69,3,9,0,13368.130330550814,510,147963,147963,147963,147963,0,71482,15.140631412057315,7.550278783312031,7.590352629212772,-124.25439806171492,0.012983432291623425,0.2848910689353943,0.5251799453707302,0.535812237215977,124.27752494064032,124.27818503286325,124.28122172636144,10.050111199961975,"{""DC-1"": 379.4868525909388, ""DC-2"": 325.3599409624361, ""DC-3"": 320.54327556792725, ""DC-4"": 238.91923459875244, ""DC-5"": 324.3483140470971}"
143,184,1550.7052246971107,1032,1032,0,0,1032,245,32,755,0,1000,989,11,0,103,93,10,11,0,13490.154527966832,516,148995,148995,148995,148995,0,71998,16.734401503274608,8.32166531381681,8.412736238204232,-124.23429749363153,-0.00627999265710715,0.2843410074710846,0.540802502585936,0.5357020134611647,124.24506904542908,124.23553268669187,124.2361846007118,10.253093899984378,"{""DC-1"": 361.3717026490536, ""DC-2"": 338.506461399877, ""DC-3"": 304.6571763618566, ""DC-4"": 253.14974859984386, ""DC-5"": 293.02013568647925}"
144,185,1536.7663447138941,1039,1039,0,0,1039,238,39,762,0,1000,988,12,0,85,77,8,6,0,11207.720328053358,520,150034,150034,150034,150034,0,72518,14.623233651197873,7.254041493168244,7.36919221006907,-124.16428965055026,0.0029541747411713005,0.28455039858818054,0.5333856504697067,0.5356232970952988,124.17303990584153,124.17139109097994,124.15447974571815,10.263580200029537,"{""DC-1"": 354.3383655272972, ""DC-2"": 336.2361689470167, ""DC-3"": 290.3370303515758, ""DC-4"": 236.21407566104182, ""DC-5"": 319.6407042269631}"
145,186,1582.6023108723655,1050,1050,0,0,1050,253,50,747,0,1000,992,8,0,69,62,7,5,0,13239.126276733456,526,151084,151084,151084,151084,0,73044,15.382655052177807,7.665093799734297,7.717561270120933,-123.98393533800945,-0.015439558104955425,0.28221991658210754,0.5481325110328514,0.5355874281872361,124.04440950168856,124.04673507458357,124.04679644334452,10.353532499982975,"{""DC-1"": 378.7790406553143, ""DC-2"": 318.4030055733486, ""DC-3"": 341.5952421696424, ""DC-4"": 250.95627645858764, ""DC-5"": 292.8687460154742}"
146,187,1508.2596715724005,1055,1055,0,0,1055,260,55,740,0,1000,981,19,0,86,67,19,6,0,12793.125409268456,526,152139,152139,152139,152139,0,73570,17.063117165529228,8.47992547156693,8.583191672432106,-123.91792581652507,-0.0034799966996556905,0.2816087603569031,0.5385973364001444,0.5357579119758461,123.8839674684938,123.88601818012194,123.8723184998951,10.421157900011167,"{""DC-1"": 358.1632606239854, ""DC-2"": 332.5732667090066, ""DC-3"": 283.977062889018, ""DC-4"": 229.16939805162485, ""DC-5"": 304.37668329876664}"
147,188,1604.908192309329,1038,1038,0,0,1038,261,38,739,0,1000,994,6,0,75,71,4,8,0,11638.621852517268,520,153177,153177,153177,153177,0,74090,15.370118132921366,7.64091366323141,7.729204465792729,-123.74780602088342,-0.013848509904570304,0.28000444173812866,0.5462631901869407,0.5356646223710133,123.77788960383488,123.778896683913,123.77408426724948,10.295190199976787,"{""DC-1"": 393.8210861217213, ""DC-2"": 319.8244286665569, ""DC-3"": 352.7592931036383, ""DC-4"": 260.081380735229, ""DC-5"": 278.4220036821834}"
148,189,1573.438763953358,1022,1022,0,0,1022,264,22,736,0,1000,989,11,0,80,71,9,8,0,14275.052219765912,510,154199,154199,154199,154199,0,74600,15.862130043553371,7.862817520721286,7.9993125328830645,-123.78466515634574,-0.009206220783366291,0.2785494029521942,0.5430883899623272,0.5356756696514055,123.76110525692211,123.75915415146771,123.75130558387906,10.194408300041687,"{""DC-1"": 404.6563793920208, ""DC-2"": 323.9572341970051, ""DC-3"": 334.8157319216615, ""DC-4"": 242.70742582670775, ""DC-5"": 267.3019926159633}"
149,190,1448.2376392179103,1057,1057,0,0,1057,288,57,712,0,1000,970,30,0,129,101,28,15,0,13544.041789369021,530,155256,155256,155256,155256,0,75130,15.44187568268686,7.724502189879147,7.717373536667734,-123.71460859190744,-0.004538766957186865,0.2777014374732971,0.5393159415362017,0.5357021457744094,123.79639741429743,123.80535795103829,123.8062066707971,10.407361299963668,"{""DC-1"": 334.0864404400498, ""DC-2"": 221.7289387462957, ""DC-3"": 345.1909877295572, ""DC-4"": 256.49776597540307, ""DC-5"": 290.7335063266044}"
150,191,1558.8349418039297,1045,1045,0,0,1045,266,45,734,0,1000,987,13,0,96,85,11,8,0,12637.300880610746,522,156301,156301,156301,156301,0,75652,16.238030187014875,8.123584727217867,8.1144454698453,-123.77165657715778,0.005126320083011869,0.27860209345817566,0.5313384571751415,0.5353813465984388,123.80611429908723,123.80122419335376,123.80386991245079,10.30735239997739,"{""DC-1"": 408.29688720962713, ""DC-2"": 295.75414464345397, ""DC-3"": 281.0422021785549, ""DC-4"": 246.36730631581415, ""DC-5"": 327.3744014564807}"
151,192,1560.8920523592794,1051,1051,0,0,1051,254,51,746,0,1000,988,12,0,85,74,11,7,0,14262.523222704625,526,157352,157352,157352,157352,0,76178,16.173642736424057,8.125195292465587,8.048447462542429,-123.8309480790403,-0.0022853750535446315,0.278351753950119,0.537833690983261,0.5358004209659852,123.86010752340687,123.86397123155486,123.85155880133915,11.014151200011838,"{""DC-1"": 374.2216542764622, ""DC-2"": 342.2379461445612, ""DC-3"": 300.73173234557646, ""DC-4"": 239.34086090500747, ""DC-5"": 304.3598586876711}"
152,193,1509.621472081437,1040,1040,0,0,1040,293,40,707,0,1000,978,22,0,104,85,19,9,0,14575.336587157484,520,158392,158392,158392,158392,0,76698,14.313181181137379,7.152412502353008,7.1607686040493155,-123.98383709834172,0.013136404812729988,0.28029125928878784,0.5250817610667302,0.5354250804736064,124.01802686544565,124.02295504349928,124.01357044806848,10.230631400016136,"{""DC-1"": 358.5669874580524, ""DC-2"": 224.54607965972434, ""DC-3"": 356.5251552965877, ""DC-4"": 270.12709474217036, ""DC-5"": 299.8561549249023}"
153,194,1531.4812261890256,1059,1059,0,0,1059,263,59,737,0,1000,984,16,0,86,72,14,5,0,13371.889202815826,528,159451,159451,159451,159451,0,77226,14.84979197382927,7.396862839659055,7.452929082919251,-123.96302503528017,-0.0017743207475480933,0.2799327075481415,0.5369846724876852,0.5356555883631562,123.98509607893048,123.9944977760315,123.9831695990129,10.392758300004061,"{""DC-1"": 374.2467565951776, ""DC-2"": 333.7316135476419, ""DC-3"": 298.3528290625846, ""DC-4"": 247.73560439674543, ""DC-5"": 277.41442258687727}"
154,195,1529.6471259324733,1043,1043,0,0,1043,279,43,721,0,1000,981,19,0,95,79,16,6,0,15986.719103510986,522,160494,160494,160494,160494,0,77748,14.433103700250502,7.232921904531018,7.20018178521445,-123.93546564094865,0.012135132362216826,0.2816064655780792,0.5262748836557527,0.5357437451223761,123.9257601449316,123.93166139390733,123.93370819091797,10.396246999967843,"{""DC-1"": 409.20495689205177, ""DC-2"": 318.1588969171312, ""DC-3"": 293.0864702934265, ""DC-4"": 237.31237784506223, ""DC-5"": 271.88442398480123}"
155,196,1542.6562435331327,1039,1039,0,0,1039,265,39,735,0,1000,985,15,0,102,88,14,7,0,13422.80088119594,520,161533,161533,161533,161533,0,78268,14.308603543501635,7.201039439210525,7.107564093287174,-123.90338422335111,0.011300180851517676,0.2832042872905731,0.5268732726573944,0.5358157169360381,123.878354542072,123.87985200148363,123.88294803912822,10.345291700039525,"{""DC-1"": 382.85074155432943, ""DC-2"": 315.04519793548326, ""DC-3"": 325.6702777049679, ""DC-4"": 253.90834291777225, ""DC-5"": 265.18168342057965}"
156,197,1570.255775042686,1050,1050,0,0,1050,297,50,703,0,1000,986,14,0,84,74,10,6,0,13301.08438553148,524,162583,162583,162583,162583,0,78792,15.32925988290146,7.688731842368614,7.640528041215343,-123.74677131012196,-0.023395908213547565,0.28057652711868286,0.553737209725926,0.5356670358708797,123.85209281571949,123.85694531448014,123.85464214004634,10.377050900016911,"{""DC-1"": 330.73306677329487, ""DC-2"": 315.3619624271102, ""DC-3"": 360.5639937806727, ""DC-4"": 252.28619777154188, ""DC-5"": 311.31055429006534}"
157,198,1552.2350849452798,1050,1050,0,0,1050,295,50,705,0,1000,985,15,0,93,82,11,8,0,13151.09737235395,526,163633,163633,163633,163633,0,79318,16.28951135243753,8.156447089217009,8.1330642718326,-123.69147050516688,-0.006153834187832905,0.2791607081890106,0.5412204177207367,0.5358252362153376,123.7216124298908,123.71819765214231,123.72581560258176,10.64649339998141,"{""DC-1"": 336.20641989304147, ""DC-2"": 316.49860975836623, ""DC-3"": 363.08141053329217, ""DC-4"": 263.59218322349216, ""DC-5"": 272.85646153708865}"
158,199,1436.9362854357958,1034,1034,0,0,1034,251,34,749,0,1000,972,28,0,103,77,26,11,0,11737.044291483942,516,164667,164667,164667,164667,0,79834,14.510959321214248,7.249093593091004,7.261865718651188,-123.69605793324551,0.026062869819696965,0.28293073177337646,0.5148449630238289,0.5356763254764468,123.74628101023593,123.75046919297802,123.74684827641923,10.198877100017853,"{""DC-1"": 338.72789928837295, ""DC-2"": 296.4392883772604, ""DC-3"": 251.21077121231335, ""DC-4"": 230.9055697593579, ""DC-5"": 319.6527567984916}"
159,200,1571.8763102268474,1041,1041,0,0,1041,254,41,746,0,1000,990,10,0,69,59,10,6,0,13913.882106841042,522,165708,165708,165708,165708,0,80356,15.727988993071047,7.846798985853963,7.881189977985689,-123.47756078142773,-0.014023902443312537,0.28080761432647705,0.5472068474895653,0.5357174782003936,123.53876338973356,123.53620327478167,123.5394102951576,10.48204169998644,"{""DC-1"": 354.5015090186061, ""DC-2"": 298.5641388509444, ""DC-3"": 342.61928399885466, ""DC-4"": 271.57876669720076, ""DC-5"": 304.61261166124166}"
160,201,1571.8296351540203,1073,1073,0,0,1073,273,73,727,0,1000,990,10,0,84,76,8,13,0,13579.377122502869,536,166781,166781,166781,166781,0,80892,15.893800254188367,7.972216684871645,7.921583533731859,-123.44102147799819,-0.009495716300487185,0.27931204438209534,0.5430709640703985,0.5355424091442308,123.57365537045607,123.58495559977062,123.57907374937143,10.662420199951157,"{""DC-1"": 359.084555841111, ""DC-2"": 339.49103218022736, ""DC-3"": 288.5845543322706, ""DC-4"": 281.60739807946317, ""DC-5"": 303.0620947209487}"
161,202,1498.203860905798,1034,1034,0,0,1034,277,34,723,0,1000,978,22,0,90,72,18,15,0,11582.113224119123,516,167815,167815,167815,167815,0,81408,13.970764499302058,7.010886299517727,6.959878157737643,-123.48351166599481,-0.010465830209838269,0.2781773507595062,0.5436362901399302,0.5355303784211477,123.53339544192765,123.53130392325942,123.52184446467909,10.348457999993116,"{""DC-1"": 351.21950193975414, ""DC-2"": 283.51300997054665, ""DC-3"": 335.4088561713464, ""DC-4"": 215.6798766203485, ""DC-5"": 312.3826162038027}"
162,203,1589.8926730553292,1054,1054,0,0,1054,283,54,717,0,1000,989,11,0,85,76,9,5,0,13148.915992574297,528,168869,168869,168869,168869,0,81936,14.397403617699942,7.24869955805215,7.148704043843529,-123.34530159921357,-0.03096842828690018,0.2743604779243469,0.5597293512387709,0.5356523462317206,123.38752152703024,123.3874027078802,123.37592029571533,10.946773300005589,"{""DC-1"": 399.03891286063424, ""DC-2"": 349.04511437323384, ""DC-3"": 298.3190487354465, ""DC-4"": 214.29264372063494, ""DC-5"": 329.19695336538035}"
163,204,1559.1692447140124,1071,1071,0,0,1071,278,71,722,0,1000,986,14,0,83,71,12,6,0,12241.113224119123,536,169940,169940,169940,169940,0,82472,15.608756095615785,7.853089157325118,7.755666959196774,-123.20860660609914,-0.020159987953435907,0.27189454436302185,0.5510814351154797,0.5357531767282913,123.27095161267181,123.27628003305463,123.27667415675832,11.981407799990848,"{""DC-1"": 338.45433294450714, ""DC-2"": 321.86908428841895, ""DC-3"": 329.8466497612296, ""DC-4"": 243.9923114677594, ""DC-5"": 325.0068662520968}"
164,205,1549.8029076317612,1035,1035,0,0,1035,282,35,718,0,1000,984,16,0,98,84,14,7,0,15255.720328053358,516,170975,170975,170975,170975,0,82988,14.082714297050654,7.068088022313376,7.014626247245212,-123.09523915135583,-0.005230455320010814,0.27140823006629944,0.5396308314430621,0.5356623997059904,123.25535240469053,123.25990029268486,123.2540424553923,11.545857499993872,"{""DC-1"": 375.51325599915634, ""DC-2"": 366.97999177559325, ""DC-3"": 314.6987644954689, ""DC-4"": 235.71810089235, ""DC-5"": 256.89279446919306}"
165,206,1545.3505807341228,1059,1059,0,0,1059,232,59,768,0,1000,990,10,0,66,60,6,6,0,13725.502842930962,530,172034,172034,172034,172034,0,83518,15.009424643246632,7.51286578335852,7.4965589050976735,-122.93706610337743,-0.006629898782186913,0.2704445421695709,0.5409224828459182,0.5356752526085332,123.05382647244436,123.05052717676702,123.0454100698795,11.794084400054999,"{""DC-1"": 321.55969642749636, ""DC-2"": 349.78324776444225, ""DC-3"": 314.5929938817436, ""DC-4"": 275.23593677675575, ""DC-5"": 284.1787058836841}"
166,207,1555.646832853636,1068,1068,0,0,1068,297,68,703,0,1000,985,15,0,109,96,13,6,0,13070.97556943616,534,173102,173102,173102,173102,0,84052,15.87452442235268,7.989325656426534,7.8851987141348445,-122.93701140443038,-0.030095182800463187,0.2668505311012268,0.5583843766303545,0.5355934706073575,123.05607160646817,123.05573286992333,123.05576933099982,10.901527400012128,"{""DC-1"": 348.80860916907596, ""DC-2"": 338.4095292329208, ""DC-3"": 338.02030930230296, ""DC-4"": 235.22513296480471, ""DC-5"": 295.18325218453174}"
167,208,1545.6553004388038,1052,1052,0,0,1052,247,52,753,0,1000,987,13,0,75,65,10,5,0,12781.720328053358,526,174154,174154,174154,174154,0,84578,15.684258053058,7.8794294559457,7.8048286061776455,-122.79679203396061,-0.00957909877458056,0.2656206786632538,0.543282229070881,0.535848565427976,122.87324284600668,122.86850578975314,122.86247333193006,10.433257700002287,"{""DC-1"": 368.29224681919095, ""DC-2"": 315.61597106506184, ""DC-3"": 290.58018640910245, ""DC-4"": 245.4207025225, ""DC-5"": 325.7461936229492}"
168,209,1505.1372387800236,1059,1059,0,0,1059,233,59,767,0,1000,986,14,0,91,81,10,17,0,14645.12729322902,530,175213,175213,175213,175213,0,85108,13.904095509367169,6.985384583473206,6.918710944787511,-122.60910143582326,-0.014540624817973882,0.26359400153160095,0.5470316930761877,0.5356143170932554,122.74710834431198,122.74426184600254,122.73711542093528,10.55620920000365,"{""DC-1"": 322.4510769733357, ""DC-2"": 279.29274970152284, ""DC-3"": 307.36114180886636, ""DC-4"": 273.7530246807707, ""DC-5"": 322.2792456155281}"
169,210,1546.0583049150143,1056,1056,0,0,1056,273,56,727,0,1000,984,16,0,99,87,12,6,0,15791.831189789726,528,176269,176269,176269,176269,0,85636,14.957795717951024,7.485929915399263,7.471865796230056,-122.57609113057454,0.01841878633907375,0.2655909061431885,0.5215665367290829,0.535537108101628,122.58546622594197,122.58248329162598,122.58771225900361,10.577777000027709,"{""DC-1"": 375.12195155310496, ""DC-2"": 316.1353790952112, ""DC-3"": 284.7944402422046, ""DC-4"": 221.37988645008613, ""DC-5"": 348.62664757440615}"
170,211,1539.2582327331113,1042,1042,0,0,1042,276,42,724,0,1000,984,16,0,94,82,12,7,0,12132.576775677322,520,177311,177311,177311,177311,0,86156,15.236482852238876,7.660483906360773,7.5759989289137035,-122.38441989605244,-0.0020107114060710254,0.2655961215496063,0.5372615723655774,0.5357905087562708,122.48820563096267,122.49777017740102,122.48694132291354,10.429565799946431,"{""DC-1"": 348.4799278936777, ""DC-2"": 331.6209038659615, ""DC-3"": 343.0178132066574, ""DC-4"": 233.09535817045034, ""DC-5"": 283.0442295963651}"
171,212,1572.8895034850188,1071,1071,0,0,1071,282,71,718,0,1000,987,13,0,92,82,10,6,0,13395.93180854245,536,178382,178382,178382,178382,0,86692,13.516293227672577,6.78861620510692,6.727677070827626,-122.1784936705632,-0.013490443324684095,0.26409217715263367,0.5456978981174639,0.5355574493087939,122.31296102324528,122.3060985679057,122.2963041049331,10.609290299995337,"{""DC-1"": 368.1802601491125, ""DC-2"": 324.1718442812222, ""DC-3"": 344.3348667899059, ""DC-4"": 203.91091375112433, ""DC-5"": 332.2916185136532}"
172,213,1531.7790041257044,1072,1072,0,0,1072,272,72,728,0,1000,986,14,0,87,75,12,16,0,12763.184371671396,536,179454,179454,179454,179454,0,87228,14.299638519536204,7.148697748557845,7.150940789215601,-122.23594642753032,-0.004077665665909759,0.26366397738456726,0.5387972491001015,0.5357642787605968,122.26696217949711,122.2714835209633,122.27276020619406,10.416264100000262,"{""DC-1"": 333.8221048227724, ""DC-2"": 269.6639396001601, ""DC-3"": 351.08826353732525, ""DC-4"": 245.01566593289522, ""DC-5"": 332.1890302325508}"
173,214,1582.3515520195656,1031,1031,0,0,1031,307,31,693,0,1000,986,14,0,98,85,13,6,0,12923.189677127568,516,180485,180485,180485,180485,0,87744,12.388698254906855,6.223384797342064,6.16531343145888,-122.0771054112634,0.005966309450797794,0.264510840177536,0.531069761445356,0.5356101694033127,122.14539158251858,122.14778914932133,122.14496452863827,10.190964000008535,"{""DC-1"": 384.94823187185017, ""DC-2"": 325.01249010213843, ""DC-3"": 346.5133768372656, ""DC-4"": 259.66438104282673, ""DC-5"": 266.2130721654847}"
174,215,1501.1086042049772,1074,1074,0,0,1074,267,74,733,0,1000,980,20,0,104,86,18,25,0,14337.052219765912,536,181559,181559,181559,181559,0,88280,14.879110678363203,7.392076025925466,7.487034607956659,-121.77755472553311,-0.018176170906969415,0.26211974024772644,0.5494631438780186,0.535697100322638,121.92334327413074,121.9217746506876,121.92073429164601,10.531799399992451,"{""DC-1"": 360.7551402128376, ""DC-2"": 273.7164366707189, ""DC-3"": 322.1975851372554, ""DC-4"": 256.90894906685054, ""DC-5"": 287.53049311731655}"
175,216,1538.3216263862678,1043,1043,0,0,1043,268,43,732,0,1000,984,16,0,97,85,12,10,0,15620.157241981999,522,182602,182602,182602,182602,0,88802,13.499553019973053,6.757560159511493,6.741992873478667,-121.69843415008194,0.009398680287359774,0.2630234360694885,0.5290819874668486,0.5357905560069613,121.80715259829701,121.8082661537375,121.80389942154574,10.504091900016647,"{""DC-1"": 379.90758176307594, ""DC-2"": 318.9814457359797, ""DC-3"": 331.54108103830254, ""DC-4"": 252.51320900189828, ""DC-5"": 255.37830884701233}"
176,217,1549.935897210823,1050,1050,0,0,1050,254,50,746,0,1000,989,11,0,76,67,9,20,0,14039.10014363362,526,183652,183652,183652,183652,0,89328,12.510561671093843,6.262585019884001,6.247976641011329,-121.60630209455019,0.006173768815559692,0.2641614079475403,0.5306816776442437,0.5356909993030272,121.68585387835485,121.69387274912555,121.69550075458483,10.660865599988028,"{""DC-1"": 371.0784277270755, ""DC-2"": 282.12203242445105, ""DC-3"": 345.26889111945263, ""DC-4"": 268.9058708090342, ""DC-5"": 282.5606751308095}"
177,218,1563.099570264908,1072,1072,0,0,1072,262,72,738,0,1000,988,12,0,77,69,8,9,0,14796.377122502869,536,184724,184724,184724,184724,0,89864,13.76130742101527,6.878766332989309,6.88254106155972,-121.48060118262447,-0.0059856087553189765,0.2631549835205078,0.5405789655980779,0.5358419347165236,121.62269476990201,121.6237352570491,121.62325131715234,11.23410950001562,"{""DC-1"": 372.8863226496464, ""DC-2"": 343.7356812652638, ""DC-3"": 350.9281348507241, ""DC-4"": 235.13143186992198, ""DC-5"": 260.4179996293508}"
178,219,1587.9426732354013,1048,1048,0,0,1048,254,48,746,0,1000,993,7,0,70,66,4,5,0,14861.118886514454,524,185772,185772,185772,185772,0,90388,13.249642767068995,6.635915228201233,6.613727540460252,-121.2995310484908,-0.0033319959672921486,0.2628922164440155,0.5380763104398743,0.535571446628061,121.50817748790479,121.50767653953028,121.50283695541265,10.68386059999466,"{""DC-1"": 374.03185294171993, ""DC-2"": 311.7028989462227, ""DC-3"": 342.1721328817603, ""DC-4"": 264.5056977327578, ""DC-5"": 295.53009073294106}"
179,220,1578.7707921930912,1076,1076,0,0,1076,274,76,726,0,1000,989,11,0,84,75,9,5,0,14374.22299513363,538,186848,186848,186848,186848,0,90926,13.381643667540143,6.653130382410213,6.728513303742533,-121.26838701099268,0.005247836568147,0.2635849416255951,0.53157256515939,0.5355962244551421,121.32856987311494,121.33208142248671,121.32662684500882,11.048212699999567,"{""DC-1"": 372.75901942705633, ""DC-2"": 349.27887875539676, ""DC-3"": 299.3020829771459, ""DC-4"": 242.19513366388168, ""DC-5"": 315.235677369611}"
180,221,1555.001143364283,1079,1079,0,0,1079,249,79,751,0,1000,989,11,0,77,67,10,7,0,13978.039514548274,538,187927,187927,187927,187927,0,91464,13.678750982071831,6.891090170158329,6.787660760507265,-121.07296764274513,-0.007415041398450899,0.2624751627445221,0.5414420246634785,0.5358255270688507,121.22306378446103,121.2256790217857,121.22995721185961,10.993912399979308,"{""DC-1"": 392.70533483759783, ""DC-2"": 319.9738977908973, ""DC-3"": 291.9632622363759, ""DC-4"": 240.0747417142709, ""DC-5"": 310.28390678514046}"
181,222,1519.402927899861,1076,1076,0,0,1076,288,76,712,0,1000,980,20,0,95,80,15,12,0,10840.81457850226,538,189003,189003,189003,189003,0,92002,13.509807081470703,6.751806599943168,6.75800046623861,-120.87908895839989,-0.010491994251133563,0.26143303513526917,0.5434633077963578,0.5355906041138234,120.99618016920125,121.00354186841547,120.9995394993892,11.19226720003644,"{""DC-1"": 369.56705604159635, ""DC-2"": 327.5807658896823, ""DC-3"": 286.7949770275866, ""DC-4"": 244.46154064429268, ""DC-5"": 290.9985882967032}"
182,223,1599.346055443526,1050,1050,0,0,1050,272,50,728,0,1000,992,8,0,71,64,7,7,0,10959.555476571326,526,190053,190053,190053,190053,0,92528,13.820011299372625,6.9289124193300315,6.891098867577745,-120.68582426005896,-0.011784211778482103,0.2598992586135864,0.5446445702826569,0.5357761611956607,120.87991303998707,120.88255450752752,120.88362108527934,10.865638999966905,"{""DC-1"": 395.56146319168397, ""DC-2"": 301.2180934621421, ""DC-3"": 330.5293657823866, ""DC-4"": 246.23288923068495, ""DC-5"": 325.8042437766282}"
183,224,1560.3485482237857,1061,1061,0,0,1061,238,61,762,0,1000,991,9,0,76,68,8,5,0,11584.608502264866,530,191114,191114,191114,191114,0,93058,12.295740360583899,6.147444715589847,6.148295669735603,-120.7777719461693,0.004843978483651606,0.2605631947517395,0.5321054852233743,0.5357183427180884,120.87459172662699,120.87135791418687,120.87518846044,10.920381000032648,"{""DC-1"": 328.8759071196644, ""DC-2"": 318.1500308732918, ""DC-3"": 350.5387066884092, ""DC-4"": 236.00455165254067, ""DC-5"": 326.779351889881}"
184,225,1617.3439095192493,1040,1040,0,0,1040,269,40,731,0,1000,994,6,0,42,38,4,7,0,11329.450880610748,520,192154,192154,192154,192154,0,93578,13.491838407974976,6.677816790342331,6.814021656604914,-120.5630364051232,-0.0016523252626379522,0.2603842616081238,0.5371392242037333,0.5358366647591958,120.68096922360934,120.68899762080265,120.67783387991098,10.7053709999891,"{""DC-1"": 371.51340884339766, ""DC-2"": 340.71231518915414, ""DC-3"": 345.3729028237247, ""DC-4"": 274.35371023915513, ""DC-5"": 285.39157242381805}"
185,226,1567.476603850709,1040,1040,0,0,1040,255,40,745,0,1000,990,10,0,88,80,8,7,0,11116.802058537025,520,193194,193194,193194,193194,0,94098,13.496823990803499,6.724889663091073,6.771934334360636,-120.53772380535419,0.0022151473443955184,0.2605501413345337,0.5343567872276673,0.5358529670880391,120.67027953221248,120.66339952028714,120.66154849712666,10.644494000007398,"{""DC-1"": 360.3187076013533, ""DC-2"": 327.89788571427323, ""DC-3"": 327.9437547654316, ""DC-4"": 253.26303409020701, ""DC-5"": 298.0532216794429}"
186,227,1549.9267627595887,1053,1053,0,0,1053,254,53,746,0,1000,986,14,0,61,52,9,9,0,14469.40320631647,526,194247,194247,194247,194247,0,94624,12.690924739203073,6.351710894261929,6.339213848114014,-120.42413086401646,-0.000766532327413219,0.2604542672634125,0.5363506105916128,0.5358284190580419,120.57006764865193,120.5661103426277,120.56157372478296,10.817886899982113,"{""DC-1"": 398.4182385880006, ""DC-2"": 309.75317265673266, ""DC-3"": 338.8110173303305, ""DC-4"": 191.43066555125975, ""DC-5"": 311.51366863326524}"
187,228,1558.5524918236817,1071,1071,0,0,1071,263,71,737,0,1000,989,11,0,79,72,7,5,0,11958.438010139458,536,195318,195318,195318,195318,0,95160,13.016374410533194,6.5214492107060416,6.494925211169827,-120.24230165623906,-0.00458250782337846,0.25998079776763916,0.5391990487922483,0.5357501044202206,120.36203664808131,120.36657811634576,120.36806851002707,10.963206399988849,"{""DC-1"": 365.6861863978511, ""DC-2"": 310.7372419833426, ""DC-3"": 306.8924374121401, ""DC-4"": 263.8140493709283, ""DC-5"": 311.4225766594199}"
188,229,1599.4904322358575,1036,1036,0,0,1036,276,36,724,0,1000,990,10,0,61,52,9,6,0,12683.41934116641,518,196354,196354,196354,196354,0,95678,11.894470586279644,5.974234236483408,5.920236359461854,-120.13610736743824,-0.006926058002290923,0.2588959038257599,0.5409977209383917,0.5357717277920845,120.34125280196142,120.34486671948525,120.33670524096397,10.635713499970734,"{""DC-1"": 390.01488288813596, ""DC-2"": 305.7781060030065, ""DC-3"": 308.89336237406997, ""DC-4"": 273.86016442265833, ""DC-5"": 320.94391654798596}"
189,230,1591.5775875320253,1050,1050,0,0,1050,294,50,706,0,1000,990,10,0,95,86,9,6,0,9525.876132933932,526,197404,197404,197404,197404,0,96204,13.652646359835288,6.8238746571450175,6.828771734645612,-120.21844694188339,-0.015903738605304703,0.25744864344596863,0.5474987542221301,0.5358280587105697,120.29146032007021,120.28950168334033,120.28450609794588,10.63019080000231,"{""DC-1"": 362.59175804769455, ""DC-2"": 351.6300492803342, ""DC-3"": 325.8192726934611, ""DC-4"": 244.74383732166856, ""DC-5"": 306.79267018886736}"
190,231,1516.7939832958461,1063,1063,0,0,1063,249,63,751,0,1000,984,16,0,83,68,15,7,0,12625.31881285634,530,198467,198467,198467,198467,0,96734,12.637773050002332,6.3194580354780525,6.318314962567023,-120.06862824637935,-0.00435227877021117,0.2569252550601959,0.5388279016287821,0.535713880466965,120.13936514224646,120.13892057886663,120.13473810159935,10.838633400038816,"{""DC-1"": 333.92937077323137, ""DC-2"": 314.4777764860565, ""DC-3"": 308.91466627406896, ""DC-4"": 269.90243448148885, ""DC-5"": 289.56973528100207}"
191,232,1557.938206408243,1034,1034,0,0,1034,222,34,778,0,1000,993,7,0,78,72,6,7,0,14228.811703604591,518,199501,199501,199501,199501,0,97252,11.869082017294689,5.911279593195234,5.9578024639125955,-119.7844742292603,0.009237892490642642,0.2576274275779724,0.5292134829239495,0.5357141363574731,119.94363404793168,119.95400701986777,119.94445158615996,10.636163399962243,"{""DC-1"": 341.2768788201054, ""DC-2"": 302.62206055563144, ""DC-3"": 340.57323278739545, ""DC-4"": 288.5017509610317, ""DC-5"": 284.9642832840797}"
192,233,1541.4604622499076,1044,1044,0,0,1044,265,44,735,0,1000,983,17,0,71,57,14,10,0,13844.045026602955,522,200545,200545,200000,200000,0,97774,11.592168606560806,5.822897902622077,5.76927072038139,-119.82747819688585,0.025077082739493512,0.2603880763053894,0.517061165123607,0.5356217255080796,119.83747225063514,119.83290519568199,119.84305920363386,10.600409500009846,"{""DC-1"": 368.58950309452945, ""DC-2"": 329.03242869824635, ""DC-3"": 334.88044061947954, ""DC-4"": 247.9148952320205, ""DC-5"": 261.0431946056316}"
193,234,1594.6542976782034,1030,1030,0,0,1030,266,30,734,0,1000,991,9,0,69,62,7,4,0,13439.882106841042,514,201575,201575,200000,200000,0,98288,13.298358271557998,6.628290029815199,6.670068215767233,-119.10292914127098,0.011655120180869033,0.26173797249794006,0.5274837854307449,0.5358089878865253,119.21000834661699,119.2100207406723,119.20824589710755,10.288225800031796,"{""DC-1"": 412.48697535471706, ""DC-2"": 294.4644028847163, ""DC-3"": 345.25697666104264, ""DC-4"": 250.9325724399038, ""DC-5"": 291.51337033782437}"
194,235,1569.669784095904,1077,1077,0,0,1077,227,77,773,0,1000,993,7,0,71,65,6,8,0,12415.811703604591,540,202652,202652,200000,200000,0,98828,11.683136396054868,5.868275294701259,5.814861099808304,-118.48640111287435,0.01464872089628544,0.2635287642478943,0.5245431106399607,0.5358622603946261,118.61086305688929,118.6077500378644,118.60126695986148,11.125899700040463,"{""DC-1"": 338.412925424023, ""DC-2"": 281.47392595622824, ""DC-3"": 357.931641178179, ""DC-4"": 271.85388460958745, ""DC-5"": 319.99740692788646}"
195,236,1607.4915979045934,1066,1066,0,0,1066,261,66,739,0,1000,994,6,0,60,56,4,3,0,9842.79946869504,532,203718,203718,200000,200000,0,99360,12.867254788714243,6.400286823959279,6.466967987162726,-118.53640850325276,-0.0031735433626191734,0.2632238566875458,0.5380915619600984,0.5356306359732061,118.68512023122688,118.68034470350223,118.69104293593787,10.619127499987371,"{""DC-1"": 377.11603544973127, ""DC-2"": 329.5669960122662, ""DC-3"": 313.22994974692074, ""DC-4"": 239.85325420462473, ""DC-5"": 347.7253624910503}"
196,237,1550.4882749592373,1035,1035,0,0,1035,260,35,740,0,1000,987,13,0,83,74,9,6,0,11454.10014363362,518,204753,204753,200000,200000,0,99878,11.269222000851133,5.6162990043982575,5.652923024529196,-118.15205141752384,0.00798573489858262,0.26399728655815125,0.5298795482596835,0.535937357593227,118.35712768672516,118.3634644880258,118.35567215142564,10.194567800033838,"{""DC-1"": 364.24713864592695, ""DC-2"": 312.9596701043703, ""DC-3"": 319.7377355089205, ""DC-4"": 265.79842483283676, ""DC-5"": 287.7453058671828}"
197,238,1569.3494243666512,1044,1044,0,0,1044,217,44,783,0,1000,993,7,0,48,43,5,6,0,12901.17019424311,522,205797,205797,200000,200000,0,100400,12.165821122026992,6.12707162428633,6.038749463028378,-118.28540240759138,-0.01044530057173465,0.26273849606513977,0.5438739094469283,0.5358600735207627,118.49109515193778,118.48298189009743,118.48418999449046,10.794780399999581,"{""DC-1"": 329.80882669289633, ""DC-2"": 333.94404265011997, ""DC-3"": 311.2732656745958, ""DC-4"": 267.1755522386522, ""DC-5"": 327.1477371103875}"
198,239,1587.89936186218,1035,1035,0,0,1035,272,35,728,0,1000,990,10,0,76,68,8,4,0,10229.64376353892,518,206832,206832,200000,200000,0,100918,12.151118439597052,6.088968528743877,6.062149895894481,-117.97947289308526,0.027843992671709953,0.26627084612846375,0.5145563639729179,0.5356905082938294,118.22357581296943,118.22401928993726,118.22687070986478,10.8055117999902,"{""DC-1"": 372.1523630445919, ""DC-2"": 328.10971675696857, ""DC-3"": 349.9608941785286, ""DC-4"": 236.5650160897641, ""DC-5"": 301.1113717923263}"
199,240,1573.8039662304584,1055,1055,0,0,1055,251,55,749,0,1000,990,10,0,54,46,8,5,0,11975.044291483942,526,207887,207887,200000,200000,0,101444,11.962406174311619,5.984314916478364,5.978091252394049,-117.80962656115398,0.01321016952037783,0.268028199672699,0.5259472370827606,0.5358669893823196,118.03080653781673,118.03085833357314,118.03141571451049,10.767366500047501,"{""DC-1"": 361.8836025111486, ""DC-2"": 316.6486423241472, ""DC-3"": 321.91264656906736, ""DC-4"": 257.7550709072084, ""DC-5"": 315.604003918886}"
200,241,1602.156427151747,1063,1063,0,0,1063,258,63,742,0,1000,993,7,0,62,57,5,5,0,13322.93180854245,532,208950,208950,200000,200000,0,101976,11.748047448190531,5.911164170817325,5.836883256982143,-117.62979877443242,0.008772922840837697,0.2692319452762604,0.5290978667431308,0.5358055556627145,117.86626861686993,117.86661416247375,117.8603045671506,11.08033039997099,"{""DC-1"": 367.652042415989, ""DC-2"": 345.6577754348267, ""DC-3"": 364.8647549608324, ""DC-4"": 229.4412837050758, ""DC-5"": 294.54057063502546}"
201,242,1553.4778644655257,1075,1075,0,0,1075,230,75,770,0,1000,989,11,0,68,57,11,7,0,11665.14515375697,538,210025,210025,200000,200000,0,102514,10.914218139471174,5.445748424219819,5.468469748266568,-117.69922515982589,0.0017474469829170678,0.2695766091346741,0.5344540318370309,0.535831294095206,117.85307165947103,117.84855761049405,117.84678227307629,11.158998799975961,"{""DC-1"": 367.62763968766535, ""DC-2"": 308.0675916840702, ""DC-3"": 372.44641003442956, ""DC-4"": 180.24378925755943, ""DC-5"": 325.0924338017996}"
202,243,1608.2523548560694,1051,1051,0,0,1051,259,51,741,0,1000,993,7,0,73,67,6,4,0,10438.17019424311,526,211076,211076,200000,200000,0,103040,10.970936104371974,5.517339277403436,5.453596807251412,-117.67092973832395,0.001727432226797587,0.26964032649993896,0.5347055805273382,0.5358638360019873,117.89081453098544,117.88393312171385,117.88071518524518,10.86756039998727,"{""DC-1"": 379.51037968130834, ""DC-2"": 314.9650857526871, ""DC-3"": 339.5508312532752, ""DC-4"": 256.2800859925894, ""DC-5"": 317.9459721762091}"
203,244,1624.8667040420207,1081,1081,0,0,1081,304,81,696,0,1000,991,9,0,67,59,8,2,0,12029.892478263271,540,212157,212157,200000,200000,0,103580,10.992088094464055,5.443890154803241,5.54819793679096,-117.58045719288013,-0.013828761838548989,0.26769086718559265,0.5465497831503551,0.5359090467294058,117.83473449989602,117.83243812278465,117.84056098372848,11.17685349995736,"{""DC-1"": 366.00118895647387, ""DC-2"": 322.9617420354918, ""DC-3"": 391.15355661299014, ""DC-4"": 238.15586653079023, ""DC-5"": 306.59434990627483}"
204,245,1562.6741231626816,1046,1046,0,0,1046,264,46,736,0,1000,987,13,0,70,59,11,10,0,13955.052219765912,522,213203,213203,200000,200000,0,104102,10.626819271694197,5.341577323460488,5.285241972669331,-117.52118323315149,-0.002233239542871314,0.26750656962394714,0.5375235704169876,0.5360373589727614,117.68211296052311,117.69194434154993,117.6911366634442,10.627854199963622,"{""DC-1"": 363.7054468761271, ""DC-2"": 321.72458164577023, ""DC-3"": 363.33933368801615, ""DC-4"": 227.8695040508042, ""DC-5"": 286.0352569019657}"
205,246,1629.6689552998776,1050,1050,0,0,1050,254,50,746,0,1000,996,4,0,41,38,3,4,0,12319.650275420026,526,214253,214253,200000,200000,0,104628,11.759034921914452,5.945065400219689,5.813969541638523,-117.52823775258808,-0.02013569699862384,0.2650472819805145,0.5513532142448788,0.536114914788946,117.68439519903959,117.6767772921138,117.66514268302193,10.949121799960267,"{""DC-1"": 416.33971102806635, ""DC-2"": 325.0224867985403, ""DC-3"": 357.1437205235436, ""DC-4"": 232.6973594473317, ""DC-5"": 298.46567750239683}"
206,247,1589.5541771508185,1046,1046,0,0,1046,271,46,729,0,1000,990,10,0,83,73,10,6,0,12511.041789369021,522,215299,215299,200000,200000,0,105150,11.177826117738453,5.6430674211275536,5.53475867217528,-117.11800013282746,-0.006145499564593094,0.26396968960762024,0.5408666929751064,0.5358765474681196,117.37944409308305,117.3839173591,117.3823717197696,10.899176400038414,"{""DC-1"": 399.11965749896626, ""DC-2"": 297.2409008503815, ""DC-3"": 361.7205342902217, ""DC-4"": 252.00300972412745, ""DC-5"": 279.47007478712214}"
207,248,1608.9236450899693,1049,1049,0,0,1049,275,49,725,0,1000,992,8,0,60,54,6,5,0,11815.310096133253,526,216348,216348,200000,200000,0,105676,12.29727959904834,6.164098407832388,6.1331811463424915,-117.18735750727781,0.01005969509772758,0.2653815746307373,0.5279729710785608,0.5357202153242133,117.37797569594002,117.37742521916958,117.37172665614139,10.737033000041265,"{""DC-1"": 430.23574768537236, ""DC-2"": 265.9428320982034, ""DC-3"": 356.17807956424696, ""DC-4"": 240.8872100068274, ""DC-5"": 315.6797757353199}"
208,249,1543.9998322929848,1041,1041,0,0,1041,232,41,768,0,1000,988,12,0,58,48,10,8,0,10819.42649519378,520,217389,217389,200000,200000,0,106196,10.667664600335634,5.375701965047763,5.2919626180942245,-117.28283339280348,-0.0030719477414655,0.2648554742336273,0.5383397788955615,0.5358758486234225,117.47318163651687,117.47223798311674,117.46537086780255,10.696739299979527,"{""DC-1"": 396.1615048309464, ""DC-2"": 263.796923846831, ""DC-3"": 341.80237958308004, ""DC-4"": 237.01168576119468, ""DC-5"": 305.22733827093276}"
209,250,1564.37135374292,1046,1046,0,0,1046,258,46,742,0,1000,989,11,0,65,55,10,4,0,11845.090228102697,522,218435,218435,200000,200000,0,106718,11.705983838359058,5.888026406025064,5.8179573772967546,-117.05617724889997,-0.023580895824236545,0.2620404064655304,0.5537139950355807,0.5358979599229221,117.2912983803,117.29020078520209,117.28172322708072,10.722998399985954,"{""DC-1"": 359.29465802148826, ""DC-2"": 308.6200001041756, ""DC-3"": 309.2035135180329, ""DC-4"": 267.1137880738034, ""DC-5"": 320.1393940254201}"
210,251,1579.5020564903855,1032,1032,0,0,1032,228,32,772,0,1000,994,6,0,48,44,4,4,0,11219.41320631647,516,219467,219467,200000,200000,0,107234,12.206781338351641,6.139050362877144,6.067731025145036,-117.12964996811031,0.005991894492785655,0.2627425789833069,0.5310668133256972,0.5358366231585658,117.27696656811145,117.28263989529869,117.29437091738679,10.62857649999205,"{""DC-1"": 363.48859721628685, ""DC-2"": 289.22214973854227, ""DC-3"": 337.2650335629994, ""DC-4"": 263.05213527926117, ""DC-5"": 326.47414069329767}"
211,252,1556.049353455823,1041,1041,0,0,1041,262,41,738,0,1000,984,16,0,66,52,14,5,0,11121.576775677322,522,220508,220508,200000,200000,0,107756,12.253151426826857,6.195021411239873,6.058130029517572,-117.0226127946057,0.009462832655201012,0.26387742161750793,0.5289610735072944,0.5359025275570223,117.20212744935719,117.20172629228497,117.20020485655101,10.707835100009106,"{""DC-1"": 373.95122395522117, ""DC-2"": 308.3199520140525, ""DC-3"": 326.29925097616496, ""DC-4"": 237.48286053737434, ""DC-5"": 309.99606597301107}"
212,253,1538.100879911063,1059,1059,0,0,1059,249,59,751,0,1000,983,17,0,44,33,11,6,0,12290.958258464474,528,221567,221567,200000,200000,0,108284,10.247705487139298,5.128073658229726,5.119631823490966,-117.02622535011984,-0.014883469536223194,0.2622072696685791,0.5469482923773202,0.53586972233924,117.24173108014193,117.2432454138091,117.24079390728113,11.304475300014019,"{""DC-1"": 404.18588709344766, ""DC-2"": 305.8283639553731, ""DC-3"": 335.6922768082002, ""DC-4"": 219.67946806003172, ""DC-5"": 272.7148839940104}"
213,254,1646.8559102878269,1037,1037,0,0,1037,270,37,730,0,1000,997,3,0,45,44,1,3,0,12745.090228102697,520,222604,222604,200000,200000,0,108804,11.913656219152303,6.006856153103022,5.906800078887206,-117.03562636742225,-0.015551803923713473,0.2603001594543457,0.5473862590698095,0.5358893286723357,117.23021420698899,117.24292166783259,117.24464083451491,12.00678280001739,"{""DC-1"": 351.5155016331692, ""DC-2"": 334.7144613393881, ""DC-3"": 370.83300928134673, ""DC-4"": 272.6524790775072, ""DC-5"": 317.14045895641556}"
214,255,1588.406129445474,1037,1037,0,0,1037,261,37,739,0,1000,990,10,0,44,36,8,5,0,13808.377122502869,518,223641,223641,200000,200000,0,109322,11.615387889869424,5.845519660292445,5.769868230267381,-116.74132496601827,-0.015974678136911745,0.2582448422908783,0.5479417511164912,0.5358976751681,117.08790679695984,117.08071447247244,117.08533795920118,10.90659119997872,"{""DC-1"": 373.7924254167011, ""DC-2"": 297.68023449252826, ""DC-3"": 332.24165904345915, ""DC-4"": 269.1967887839883, ""DC-5"": 315.4950217087986}"
215,256,1580.2426642264825,1036,1036,0,0,1036,256,36,744,0,1000,989,11,0,57,49,8,4,0,10416.438010139458,518,224677,224677,200000,200000,0,109840,12.096226381058859,6.0371652512476714,6.059061092069251,-116.99002387440802,-0.019784341103300223,0.2560421824455261,0.5505637353911823,0.5359085961658522,117.18880349236565,117.18599867360473,117.18393652779716,10.404827999998815,"{""DC-1"": 401.3792201286956, ""DC-2"": 302.7659501394676, ""DC-3"": 321.5629471265187, ""DC-4"": 223.78241241866974, ""DC-5"": 330.7521344131306}"
216,257,1620.429982714937,1038,1038,0,0,1038,251,38,749,0,1000,996,4,0,55,52,3,7,0,11663.117919937335,518,225715,225715,200000,200000,0,110358,12.278150287374107,6.1539387933075655,6.1242114673710235,-117.03036560883393,-0.023015970468492353,0.2536703944206238,0.5528770193860337,0.5359721729193875,117.26392321789126,117.26457011101328,117.26598012033116,10.218038099992555,"{""DC-1"": 389.09697057458675, ""DC-2"": 344.25953473321556, ""DC-3"": 319.96637788359726, ""DC-4"": 247.39034738086713, ""DC-5"": 319.71675214266736}"
217,258,1609.21970639039,1074,1074,0,0,1074,273,74,727,0,1000,993,7,0,52,48,4,11,0,13104.184371671396,538,226789,226789,200000,200000,0,110896,10.732734088117748,5.3535933166631535,5.379140792282984,-116.96663107038874,-0.00893738802754386,0.25273236632347107,0.5427440800409777,0.536072097746413,117.20155697507043,117.1962778027616,117.20016998517912,10.554450399999041,"{""DC-1"": 403.9534986540403, ""DC-2"": 341.2774280483307, ""DC-3"": 297.7844094898126, ""DC-4"": 228.04663605195893, ""DC-5"": 338.1577341462481}"
218,259,1545.5098535948252,1032,1032,0,0,1032,241,32,759,0,1000,988,12,0,77,66,11,6,0,14991.480328439913,516,227821,227821,200000,200000,0,111412,11.891332108845083,5.985901744097703,5.90543037560559,-116.85917971115704,-0.0158427136574778,0.2510033845901489,0.5470504526251047,0.5356824125430381,117.10990629270096,117.10730586680332,117.10089696839799,10.306733199977316,"{""DC-1"": 351.9715136362241, ""DC-2"": 305.29269276031965, ""DC-3"": 348.6129936799327, ""DC-4"": 264.4267850881423, ""DC-5"": 275.20586843020845}"
219,260,1601.1127734750808,1020,1020,0,0,1020,238,20,762,0,1000,995,5,0,57,52,5,4,0,13413.012648753105,510,228841,228841,200000,200000,0,111922,11.566434173490487,5.8369769299731535,5.729457246088514,-116.90965788598155,-0.013457215187486772,0.24958065152168274,0.5457976742118013,0.5360112297768687,117.13583649280025,117.12456292545095,117.13279570037244,10.460499200038612,"{""DC-1"": 394.0873679428166, ""DC-2"": 331.29105679358696, ""DC-3"": 304.36669960226527, ""DC-4"": 274.6318559641554, ""DC-5"": 296.7357931722557}"
220,261,1583.4947425005957,1048,1048,0,0,1048,225,48,775,0,1000,993,7,0,46,40,6,6,0,16156.811205570153,524,229889,229889,200000,200000,0,112446,12.156868145211053,6.0614084785676186,6.095459639343597,-116.73901827280758,0.006753892851069228,0.2502625286579132,0.5309753455506027,0.5359394491173839,116.94591488728996,116.95299937706868,116.94819572681689,10.406518000003416,"{""DC-1"": 382.54746705382604, ""DC-2"": 326.5156620371142, ""DC-3"": 295.38393720170495, ""DC-4"": 257.1868397539397, ""DC-5"": 321.86083645401015}"
221,262,1554.0974950531795,1043,1043,0,0,1043,288,43,712,0,1000,983,17,0,72,60,12,5,0,11037.39051896314,522,230932,230932,200000,200000,0,112968,11.688706764772935,5.814467126153895,5.874239610986234,-116.80651039912783,-0.019009972017943518,0.24816732108592987,0.5498553532750213,0.5358871121059432,116.96841847211465,116.96269228997359,116.95882483003697,10.308508799993433,"{""DC-1"": 355.99467826003206, ""DC-2"": 275.625581098609, ""DC-3"": 357.47479823758897, ""DC-4"": 249.67846496218786, ""DC-5"": 315.3239724947613}"
222,263,1613.363943120192,1038,1038,0,0,1038,261,38,739,0,1000,994,6,0,50,48,2,4,0,12478.716356157891,518,231970,231970,200000,200000,0,113486,11.172547701703076,5.567835895481257,5.60471181243543,-116.60077198868092,0.003295988485425653,0.24858933687210083,0.5335695149815681,0.5359777311100463,116.859321402767,116.85776035205738,116.85498370903339,10.27965119999135,"{""DC-1"": 391.3673390772587, ""DC-2"": 336.7407030440509, ""DC-3"": 353.17490966061666, ""DC-4"": 244.0870198182684, ""DC-5"": 287.9939715199983}"
223,264,1662.0786178929513,1038,1038,0,0,1038,268,38,732,0,1000,999,1,0,47,46,1,6,0,12949.958258464474,520,233008,233008,200000,200000,0,114006,11.433929923406014,5.741163709759713,5.692766193243173,-116.57367773789626,0.0031815548785603964,0.24883872270584106,0.5338802490096826,0.5361021374280636,116.84603736584003,116.84729621593769,116.85523257622351,10.27155429997947,"{""DC-1"": 416.4143079468123, ""DC-2"": 338.8620836387293, ""DC-3"": 346.73041317362805, ""DC-4"": 235.53455759662282, ""DC-5"": 324.53725553715856}"
224,265,1598.8295719793496,1058,1058,0,0,1058,251,58,749,0,1000,993,7,0,54,50,4,3,0,13402.371222030479,528,234066,234066,200000,200000,0,114534,11.84897612757755,5.952504016684763,5.89647210750616,-116.71063200632732,-0.0366536182048025,0.24480299651622772,0.5621372119269588,0.5358535076181093,116.88862446582678,116.89335129477762,116.8895978494124,10.502334400021937,"{""DC-1"": 374.5636970221193, ""DC-2"": 318.49774481682846, ""DC-3"": 330.23331382856685, ""DC-4"": 266.41222070612093, ""DC-5"": 309.1225956057134}"
225,266,1593.4412050940327,1042,1042,0,0,1042,226,42,774,0,1000,996,4,0,44,41,3,4,0,16262.371222030479,522,235108,235108,200000,200000,0,115056,13.244998396584814,6.59395709850779,6.651041301045838,-116.67808325171927,-0.00358391515518114,0.24467632174491882,0.5384605576023744,0.5361207323969552,116.85722557155566,116.85422637179437,116.84526789873496,10.422517500002868,"{""DC-1"": 355.7968125294452, ""DC-2"": 322.9866734754737, ""DC-3"": 313.7111993520213, ""DC-4"": 262.39282067211485, ""DC-5"": 338.55369906497765}"
226,267,1644.817326560811,1039,1039,0,0,1039,279,39,721,0,1000,997,3,0,48,46,2,3,0,9561.831868196261,518,236147,236147,200000,200000,0,115574,11.420887365304365,5.723612785799623,5.69727458548822,-116.61536563593448,-0.030154845544270108,0.24157647788524628,0.5572921774101994,0.5359972989236986,116.84453160053975,116.85759994330093,116.84379356708305,10.368385199981276,"{""DC-1"": 415.83090610352997, ""DC-2"": 339.58418944335955, ""DC-3"": 330.7788936511607, ""DC-4"": 284.6744110061377, ""DC-5"": 273.9489263566232}"
227,268,1590.96444833372,1033,1033,0,0,1033,267,33,733,0,1000,989,11,0,55,46,9,5,0,14728.882106841042,518,237180,237180,200000,200000,0,116092,11.371382843113313,5.661855927535465,5.709526886811128,-116.6485798957265,-0.021083695504771235,0.23958031833171844,0.5506302244874962,0.5357926458005279,116.84705071467691,116.8324083011583,116.82894449712687,10.249482300016098,"{""DC-1"": 392.02699288489265, ""DC-2"": 324.07638504273837, ""DC-3"": 324.55016006581053, ""DC-4"": 258.246050665605, ""DC-5"": 292.0648596746737}"
228,269,1547.1100268345888,1037,1037,0,0,1037,247,37,753,0,1000,985,15,0,72,59,13,5,0,9938.300880610746,518,238217,238217,200000,200000,0,116610,11.102898299463927,5.518188910364644,5.584709424309749,-116.68312679570614,-5.598932065961444e-05,0.23921266198158264,0.5363307523911524,0.5359515078279503,116.92418271510297,116.92170039291088,116.9183709428117,10.30875530000776,"{""DC-1"": 329.7655131678557, ""DC-2"": 333.28795424792065, ""DC-3"": 313.41023124133727, ""DC-4"": 227.82327558601025, ""DC-5"": 342.82305259146597}"
229,270,1615.6968166279223,1052,1052,0,0,1052,250,52,750,0,1000,996,4,0,47,43,4,5,0,11794.300880610746,526,239269,239269,200000,200000,0,117136,12.75214476186513,6.323608780768434,6.428536007612831,-116.68299865722656,-0.027102188532994953,0.23694667220115662,0.5543305412671412,0.5358277620471475,116.8720963336669,116.88017715338066,116.88185865162896,10.329442300018854,"{""DC-1"": 382.41002227800067, ""DC-2"": 301.50231337238375, ""DC-3"": 351.7520696710471, ""DC-4"": 271.8576519797249, ""DC-5"": 308.1747593267654}"
230,271,1605.0196812691167,1025,1025,0,0,1025,264,25,736,0,1000,991,9,0,54,47,7,7,0,13664.313243429518,512,240294,240294,200000,200000,0,117648,11.801193225663155,5.833021212369204,5.968172040535137,-116.71219432353973,-0.01538309153602313,0.23505325615406036,0.5469599917996675,0.535797955468297,116.9320650845766,116.93325661122799,116.92762318253517,10.248408099985681,"{""DC-1"": 389.85098457361136, ""DC-2"": 327.727237969063, ""DC-3"": 328.0317499622379, ""DC-4"": 235.6062924666026, ""DC-5"": 323.80341629760153}"
231,272,1583.7102348931403,1024,1024,0,0,1024,220,24,780,0,1000,995,5,0,51,49,2,4,0,10855.110841835827,512,241318,241318,200000,200000,0,118160,12.067069731187075,6.031442972598597,6.035626757657155,-116.71285536885262,-0.011605049914578558,0.23405875265598297,0.5437224331544712,0.5358333182521164,116.91236634552479,116.91750273108482,116.91753639280796,10.073147099989,"{""DC-1"": 387.1462573636953, ""DC-2"": 316.8121865309497, ""DC-3"": 334.19747618972616, ""DC-4"": 251.3576636559272, ""DC-5"": 294.19665115284255}"
232,273,1622.3396854792413,1045,1045,0,0,1045,239,45,761,0,1000,998,2,0,45,44,1,2,0,10118.438010139458,522,242363,242363,200000,200000,0,118682,11.706299790477388,5.81070848237509,5.895591300109337,-116.65391090363835,-0.012797769836160815,0.23271116614341736,0.5448107660045112,0.5359118683584805,116.9346080648488,116.94414686882632,116.93405882152105,10.372158600017428,"{""DC-1"": 338.10010217632123, ""DC-2"": 363.23166350235954, ""DC-3"": 337.85234739245885, ""DC-4"": 268.8373229687071, ""DC-5"": 314.3182494393972}"
233,274,1649.7420189941352,1034,1034,0,0,1034,272,34,728,0,1000,996,4,0,42,38,4,3,0,12343.90845056526,518,243397,243397,200000,200000,0,119200,12.032147128149349,5.95194411461878,6.080202977399568,-116.76210652355061,-0.021064132061862462,0.23057867586612701,0.5503133526179781,0.5358684449582487,117.0142895319287,117.0128325532302,117.0131596892957,10.264183299965225,"{""DC-1"": 384.4242016152166, ""DC-2"": 319.133792070089, ""DC-3"": 373.57410842146885, ""DC-4"": 253.8985193846414, ""DC-5"": 318.71139750271834}"
234,275,1604.0670122220452,1035,1035,0,0,1035,286,35,714,0,1000,990,10,0,58,48,10,5,0,13106.371222030479,518,244432,244432,200000,200000,0,119718,11.425403975611948,5.680343383757764,5.745060638341204,-116.70037809394042,-0.013300707873000141,0.22937418520450592,0.5450649313254706,0.5359601024034861,116.91354118258796,116.91395805977486,116.91214220496218,10.271896899968851,"{""DC-1"": 361.23731598496846, ""DC-2"": 342.0396592023941, ""DC-3"": 347.23928406787184, ""DC-4"": 252.83835704704148, ""DC-5"": 300.71239591976865}"
235,276,1624.3220782417263,1022,1022,0,0,1022,290,22,710,0,1000,992,8,0,50,45,5,5,0,12966.739635736485,510,245454,245454,200000,200000,0,120228,11.507182850557214,5.758164143094829,5.74901872101952,-116.61416979023055,-0.04236388035465543,0.22565637528896332,0.5644214657007479,0.5358359432687947,116.898246346268,116.90554155835919,116.9090684628954,10.160333100007847,"{""DC-1"": 353.3897115676141, ""DC-2"": 372.6950837330524, ""DC-3"": 347.61482005489825, ""DC-4"": 251.69111313612657, ""DC-5"": 298.9313497500351}"
236,277,1569.729042095726,1021,1021,0,0,1021,220,21,780,0,1000,991,9,0,42,36,6,4,0,15793.154527966832,510,246475,246475,200000,200000,0,120738,10.756815204433366,5.398580948278016,5.3582342690112545,-116.86022922291475,-0.012859300885112116,0.22433942556381226,0.5445679245041866,0.5357899207694857,117.03999590406231,117.02571794098499,117.03062491323433,10.004383799969219,"{""DC-1"": 383.61687423143786, ""DC-2"": 297.2860465806868, ""DC-3"": 335.0668112706214, ""DC-4"": 262.2110229225432, ""DC-5"": 291.5482870904364}"
237,278,1617.256716329522,1049,1049,0,0,1049,281,49,719,0,1000,992,8,0,57,51,6,11,0,11098.892478263271,526,247524,247524,200000,200000,0,121264,11.420632364632059,5.694864423329386,5.725767946061979,-116.76529684900784,0.0075284002168181955,0.224849134683609,0.5311141543288648,0.5360773790471908,117.00300728685502,117.0015658824616,117.00602004192628,10.556378000008408,"{""DC-1"": 355.18416867601036, ""DC-2"": 337.2046267708884, ""DC-3"": 349.85429796797996, ""DC-4"": 218.52090718991403, ""DC-5"": 356.49271572473}"
238,279,1566.963424484885,1039,1039,0,0,1039,261,39,739,0,1000,987,13,0,61,54,7,5,0,12506.720328053358,518,248563,248563,200000,200000,0,121782,12.580192564997434,6.303990808693138,6.276201805322787,-116.97399378006983,-0.016822875358710878,0.2236015349626541,0.547129614012582,0.5358947635157228,117.06969226557315,117.07092584146035,117.06732210137208,10.276625200000126,"{""DC-1"": 385.1405133054125, ""DC-2"": 311.57156231658155, ""DC-3"": 357.20923992449434, ""DC-4"": 219.39118680246693, ""DC-5"": 293.65092213592925}"
239,280,1502.1321258776877,1045,1045,0,0,1045,227,45,773,0,1000,983,17,0,66,52,14,7,0,11918.566186082677,524,249608,249608,200000,200000,0,122306,13.333193412263885,6.672128107484061,6.66106528703493,-116.85779891851294,-0.028049452523594254,0.22126372158527374,0.5546856324636299,0.5360561070096401,116.99119260656924,116.99515453367742,116.9892406463623,10.320592200034298,"{""DC-1"": 349.24766302932824, ""DC-2"": 339.0178467131174, ""DC-3"": 294.8798866507397, ""DC-4"": 219.1124094770655, ""DC-5"": 299.87432000743866}"
240,281,1598.1399798351829,1025,1025,0,0,1025,264,25,736,0,1000,991,9,0,54,49,5,4,0,13614.074440832017,512,250633,250633,200000,200000,0,122818,12.99766916083172,6.482221529819071,6.5154476158786565,-116.6889286339283,-0.019499406565955724,0.21964387595653534,0.5487924502231181,0.5360232635866851,116.94785770773888,116.9461778998375,116.94552665948868,10.230836600007024,"{""DC-1"": 372.21641979532137, ""DC-2"": 335.88944441554645, ""DC-3"": 352.0326802719325, ""DC-4"": 247.57427016821487, ""DC-5"": 290.427165184168}"
241,282,1568.5796761337672,1018,1018,0,0,1018,262,18,738,0,1000,986,14,0,49,39,10,4,0,10395.31881285634,508,251651,251651,200000,200000,0,123326,12.264385804416627,6.102433498215488,6.16195227663348,-116.70170671357883,-9.855168402253644e-06,0.2196279615163803,0.5360707320331588,0.5360702757290968,116.95217362351305,116.9448147721178,116.94610947135865,9.98986580001656,"{""DC-1"": 376.33083750185375, ""DC-2"": 311.13645865912207, ""DC-3"": 312.06821424235267, ""DC-4"": 245.81019479838002, ""DC-5"": 323.2339709320593}"
242,283,1613.9974898982503,1038,1038,0,0,1038,259,38,741,0,1000,994,6,0,54,50,4,6,0,11695.876132933932,520,252689,252689,200000,200000,0,123846,11.306230985201323,5.642359120112199,5.663871818322402,-116.81652623690091,-0.023147926712408663,0.2177245020866394,0.5514164178417279,0.536031152193363,117.05752620697021,117.05797315744253,117.0587005175077,10.258566299977247,"{""DC-1"": 403.8152727882648, ""DC-2"": 347.0864754940986, ""DC-3"": 319.8441689338175, ""DC-4"": 256.8435635468287, ""DC-5"": 286.40800913524106}"
243,284,1613.403734391979,1032,1032,0,0,1032,257,32,743,0,1000,995,5,0,56,54,2,4,0,10521.43649519378,516,253721,253721,200000,200000,0,124362,12.613963442717411,6.296945886787518,6.3170175760291345,-116.88659951853198,-0.03138946612408861,0.21529975533485413,0.5564852937940479,0.5359608371590459,117.0942053240399,117.09771864543589,117.08961247288903,10.160723100008909,"{""DC-1"": 329.9259719431493, ""DC-2"": 358.70445974769785, ""DC-3"": 299.9824136294019, ""DC-4"": 278.6594982627716, ""DC-5"": 346.131390808959}"
244,285,1600.9202787749398,1027,1027,0,0,1027,282,27,718,0,1000,989,11,0,83,73,10,4,0,13184.802058537025,514,254748,254748,200000,200000,0,124876,13.126289164045906,6.576020576378714,6.550268600423048,-116.88010237281888,-0.03366581031124937,0.2125682383775711,0.5578476054891074,0.5358504928967368,117.09927816428099,117.09753242819225,117.09145944498856,10.265262100030668,"{""DC-1"": 362.2300590845439, ""DC-2"": 319.79353519943555, ""DC-3"": 353.8176550961348, ""DC-4"": 255.88520660496312, ""DC-5"": 309.1938227898622}"
245,286,1637.7838355453844,1023,1023,0,0,1023,303,23,697,0,1000,991,9,0,58,51,7,5,0,11852.918103007045,510,255771,255771,200000,200000,0,125386,11.768011669551624,5.885166908946692,5.882844732321945,-116.99402995390051,-0.009403012817104657,0.2119869440793991,0.541916668064454,0.536008652752521,117.17852503458658,117.18285649617513,117.18170940922757,10.032375200011302,"{""DC-1"": 367.1969077832842, ""DC-2"": 342.61064554791875, ""DC-3"": 324.4780345652998, ""DC-4"": 234.41862418986247, ""DC-5"": 369.07962345902075}"
246,287,1611.4056554971546,1022,1022,0,0,1022,272,22,728,0,1000,993,7,0,48,43,5,5,0,13016.915992574297,512,256793,256793,200000,200000,0,125898,11.239608299918473,5.573675097897649,5.665933232754469,-116.84740772843361,0.0047219679017871385,0.2122189849615097,0.5329575372161344,0.5359085088130087,117.07526433467865,117.08765657246113,117.07765185832977,10.187192999990657,"{""DC-1"": 362.6173089927492, ""DC-2"": 312.42800698326744, ""DC-3"": 321.4858036860674, ""DC-4"": 280.1701241000815, ""DC-5"": 334.70441173498995}"
247,288,1601.5258922439123,1027,1027,0,0,1027,260,27,740,0,1000,991,9,0,49,45,4,3,0,13318.860458242996,514,257820,257820,200000,200000,0,126412,13.085469061298593,6.534256256739917,6.5512127792788855,-116.94017483009902,-0.02827668875992182,0.20998743176460266,0.5543746187529212,0.5360470678555826,117.17556894799614,117.17518578614707,117.170178053444,10.131771099986508,"{""DC-1"": 396.889511881182, ""DC-2"": 298.43138162481716, ""DC-3"": 325.4074726094512, ""DC-4"": 251.83198054991774, ""DC-5"": 328.9655455785452}"
248,289,1590.9654811573757,1044,1044,0,0,1044,251,44,749,0,1000,992,8,0,45,39,6,3,0,12009.440022264129,522,258864,258864,200000,200000,0,126934,12.399632617431582,6.2393334074038656,6.160299200664535,-117.10364687397106,-0.013244493987582538,0.20919550955295563,0.5443674093005301,0.5359520491969083,117.28951089500924,117.28723699927787,117.29143429167883,10.394839100015815,"{""DC-1"": 344.25747769376943, ""DC-2"": 323.1048136679784, ""DC-3"": 340.2473085998996, ""DC-4"": 288.7858947405311, ""DC-5"": 294.5699864551972}"
249,290,1619.5318262642454,1043,1043,0,0,1043,242,43,758,0,1000,996,4,0,46,42,4,3,0,13708.438010139458,520,259907,259907,200000,200000,0,127454,13.257165368245198,6.611509288962071,6.6456560923503,-116.99537086486816,-0.009757917678843323,0.20845769345760345,0.5420719707241425,0.5358751264902262,117.19365381094126,117.20225787529579,117.20072021484376,10.333674299996346,"{""DC-1"": 376.4657513792087, ""DC-2"": 329.08851447951594, ""DC-3"": 329.59445653109213, ""DC-4"": 260.81843037956077, ""DC-5"": 323.5646734948677}"
250,291,1619.1445294027446,1031,1031,0,0,1031,267,31,733,0,1000,993,7,0,61,57,4,4,0,11799.012648753105,516,260938,260938,200000,200000,0,127970,12.157566215640815,6.054331565781157,6.10323469490968,-116.99259694417317,-0.01247955924405377,0.20731569826602936,0.544142502569413,0.5359856909097627,117.25626436869304,117.2623835127483,117.26981497180554,10.112083600019105,"{""DC-1"": 386.8687497133497, ""DC-2"": 323.5349995443466, ""DC-3"": 315.4332413352422, ""DC-4"": 269.5636439952285, ""DC-5"": 323.74389481458}"
251,292,1628.902371946407,1023,1023,0,0,1023,282,23,718,0,1000,992,8,0,39,34,5,3,0,11456.176587157484,512,261961,261961,200000,200000,0,128482,11.41353771602735,5.686949759954587,5.7265879842452705,-117.12183529138565,0.017340690434139105,0.20860852301120758,0.5249804700724781,0.5359340857248753,117.25648571550846,117.25541298091412,117.24800069630146,10.167105700005777,"{""DC-1"": 423.1194440714181, ""DC-2"": 346.7761112719844, ""DC-3"": 319.0621000905488, ""DC-4"": 262.71286279399646, ""DC-5"": 277.23185371845807}"
252,293,1582.8026199540627,1015,1015,0,0,1015,288,15,712,0,1000,984,16,0,52,42,10,5,0,12263.311181596187,508,262976,262976,200000,200000,0,128990,11.056999120655961,5.516863000674511,5.540136164098274,-117.02066833015502,-0.0014670226781621693,0.20859076082706451,0.5367929612792383,0.5357522143153693,117.26982567254014,117.27010428060697,117.25891647939606,10.020653600047808,"{""DC-1"": 380.53797190617075, ""DC-2"": 349.43781669975976, ""DC-3"": 348.6725903699923, ""DC-4"": 209.49261991381803, ""DC-5"": 294.66162106432284}"
253,294,1561.6521151648642,1031,1031,0,0,1031,260,31,740,0,1000,987,13,0,63,54,9,6,0,9201.051116406356,514,264007,264007,200000,200000,0,129504,11.987032535938901,6.00945619200918,5.977576313547587,-117.13047083991975,-0.03343881526055967,0.20605060458183289,0.5567095782970176,0.5357304776688958,117.37047579872933,117.37320519235811,117.37366718633629,10.096886300016195,"{""DC-1"": 384.99407985292146, ""DC-2"": 307.7742972541717, ""DC-3"": 324.5324426952504, ""DC-4"": 241.84482206109587, ""DC-5"": 302.5064733014258}"
254,295,1637.4394941891055,1033,1033,0,0,1033,303,33,697,0,1000,991,9,0,52,45,7,4,0,11402.377122502869,518,265040,265040,200000,200000,0,130022,12.267334874992665,6.1315737424209775,6.135761138555166,-117.18026138364579,-0.0318530909896875,0.20370149612426758,0.5560120357970013,0.5358656055678732,117.3901335962951,117.39442708961752,117.38991997324823,10.250241399975494,"{""DC-1"": 387.07488544180495, ""DC-2"": 395.94309893842126, ""DC-3"": 319.3355102800068, ""DC-4"": 237.41458256400824, ""DC-5"": 297.6714169648638}"
255,296,1581.8712437734798,1020,1020,0,0,1020,257,20,743,0,1000,990,10,0,72,64,8,4,0,13332.045026602955,510,266060,266060,200000,200000,0,130532,12.23350513121661,6.096919268019059,6.136585850575391,-117.20388135723039,-0.00567837468549317,0.20319099724292755,0.5396205935992446,0.5359346060191884,117.41783755433326,117.4150666479971,117.40899402394014,10.116926799993962,"{""DC-1"": 390.0953120354942, ""DC-2"": 307.6233326324896, ""DC-3"": 358.1348689299474, ""DC-4"": 243.84745065944335, ""DC-5"": 282.17027951610504}"
256,297,1552.0279757541928,1028,1028,0,0,1028,263,28,737,0,1000,985,15,0,60,51,9,3,0,9616.154527966832,514,267088,267088,200000,200000,0,131046,11.216522728422737,5.585793931660485,5.630728804183841,-117.35504512564218,-0.011309892537094043,0.2022305428981781,0.5430071519738505,0.5357776214640428,117.51579970422885,117.5147856626993,117.51013508659392,10.16211099998327,"{""DC-1"": 332.9039100809849, ""DC-2"": 361.1581219598225, ""DC-3"": 337.82408117251134, ""DC-4"": 229.10092813802126, ""DC-5"": 291.0409344028533}"
257,298,1624.6174906602628,1021,1021,0,0,1021,313,21,687,0,1000,990,10,0,58,52,6,3,0,12910.074440832017,510,268109,268109,200000,200000,0,131556,12.1060652737524,6.04665923352335,6.059406036255407,-117.20472762163948,-0.02052963509534796,0.20105531811714172,0.5485588434864493,0.5359375659157248,117.42889781278723,117.43321316288967,117.41876573749617,10.153345300001092,"{""DC-1"": 367.3442646943086, ""DC-2"": 332.8665629732556, ""DC-3"": 403.4980741811464, ""DC-4"": 239.8770193754667, ""DC-5"": 281.0315694360863}"
258,299,1587.9333792823943,1030,1030,0,0,1030,259,30,741,0,1000,991,9,0,61,54,7,5,0,11440.10014363362,514,269139,269139,200000,200000,0,132070,12.092595416748106,6.015661322884986,6.076934120534459,-117.1982120261582,-0.026517102878961116,0.19902336597442627,0.5525417712875841,0.5359766337194332,117.38784239357084,117.38056971034187,117.38362272982468,10.190200600016396,"{""DC-1"": 356.24031022747965, ""DC-2"": 325.1462473881027, ""DC-3"": 344.9277797453076, ""DC-4"": 270.4954040890902, ""DC-5"": 291.1236378324138}"
259,300,1592.637894379698,1035,1035,0,0,1035,277,35,723,0,1000,989,11,0,51,45,6,4,0,12715.184371671396,518,270174,270174,200000,200000,0,132588,11.009589900841585,5.494170128378629,5.51541976970135,-117.28366433515512,-0.004016219231059135,0.1988108605146408,0.5381227493516266,0.5358207347770455,117.44308750049488,117.44940189965443,117.44805600376203,10.204180400003679,"{""DC-1"": 395.18214718445074, ""DC-2"": 299.12576736003064, ""DC-3"": 352.6514717514882, ""DC-4"": 256.49391369896216, ""DC-5"": 289.18459438476583}"
260,301,1610.773039404551,1044,1044,0,0,1044,282,44,718,0,1000,991,9,0,54,46,8,3,0,11169.110841835827,522,271218,271218,200000,200000,0,133110,12.175265781724134,6.063245919015673,6.112019893081709,-117.24298627714545,-0.010494503647560018,0.19791316986083984,0.5426241467738974,0.5358448683987176,117.42399889481935,117.42247880372965,117.42259679626231,10.415120200021192,"{""DC-1"": 389.71521509154877, ""DC-2"": 324.5572954573602, ""DC-3"": 310.07333602995595, ""DC-4"": 276.67094796986305, ""DC-5"": 309.75624485582296}"
261,302,1577.8524084297546,1028,1028,0,0,1028,238,28,762,0,1000,990,10,0,30,24,6,6,0,10647.811703604591,514,272246,272246,200000,200000,0,133624,11.874959685923061,5.965051513701561,5.909908165727608,-117.2379802006228,-0.024008362548577994,0.1961337774991989,0.5508012554756863,0.5358677749967761,117.44312400669439,117.44749162725901,117.44108814580895,10.111225300002843,"{""DC-1"": 357.20185786720003, ""DC-2"": 331.29229305763926, ""DC-3"": 339.1428559200881, ""DC-4"": 227.56316658117439, ""DC-5"": 322.65223500365266}"
262,303,1609.9229009254248,1049,1049,0,0,1049,261,49,739,0,1000,992,8,0,38,34,4,6,0,8924.923703577195,524,273295,273295,200000,200000,0,134148,11.837001975256069,5.9911829315069065,5.8458190271417605,-117.31248829382976,-0.025868242427010003,0.1942628026008606,0.551554039461922,0.5358943256713052,117.53489401140286,117.53396622461217,117.52986886119115,10.283265800040681,"{""DC-1"": 373.47561576548196, ""DC-2"": 331.0146886905289, ""DC-3"": 345.12133844205044, ""DC-4"": 225.57305527296165, ""DC-5"": 334.73820275440227}"
263,304,1628.9057274917031,1027,1027,0,0,1027,284,27,716,0,1000,993,7,0,64,58,6,5,0,9180.523222704625,514,274322,274322,200000,200000,0,134662,11.600212210811065,5.800700426565534,5.799511802335657,-117.34458558197615,0.002791382729325893,0.19457830488681793,0.5344594621936635,0.5361311628196954,117.49128559869551,117.48891588500501,117.50333621251444,10.26464179996401,"{""DC-1"": 378.8857624352402, ""DC-2"": 344.1544854273228, ""DC-3"": 326.7090821357306, ""DC-4"": 290.77827434133667, ""DC-5"": 288.3781231520732}"
264,305,1629.7422074674614,1019,1019,0,0,1019,267,19,733,0,1000,996,4,0,28,25,3,4,0,14992.045026602955,510,275341,275341,200000,200000,0,135172,12.802254410818511,6.407982668689653,6.394271679953033,-117.19356171851065,-0.02131914997144657,0.19289496541023254,0.5490390287894829,0.5358979152698143,117.46178856643976,117.45329337026558,117.46138555489334,10.168264099978842,"{""DC-1"": 360.72567739021764, ""DC-2"": 330.49811162788285, ""DC-3"": 348.2578044131327, ""DC-4"": 303.20820438712883, ""DC-5"": 287.05240964909933}"
265,306,1580.7900193741984,1022,1022,0,0,1022,273,22,727,0,1000,988,12,0,60,48,12,5,0,12146.42649519378,510,276363,276363,200000,200000,0,135682,12.128602835243823,6.091316422527911,6.037286406872319,-117.19385555491728,-0.009205336127357156,0.19211184978485107,0.5417465394618465,0.5359649969082253,117.45211343204274,117.44754294601141,117.45275283514285,10.10765670001274,"{""DC-1"": 334.30841600984934, ""DC-2"": 336.75087317261205, ""DC-3"": 345.380546388023, ""DC-4"": 252.21319869083698, ""DC-5"": 312.13698511287726}"
266,307,1584.5739188308487,1021,1021,0,0,1021,266,21,734,0,1000,988,12,0,51,43,8,4,0,11322.958258464474,512,277384,277384,200000,200000,0,136194,12.268560608383268,6.1226576352491975,6.14590300549753,-117.11118668317795,0.01163900123174244,0.19302983582019806,0.5285513114649802,0.5357796668540686,117.3509402424097,117.35599452257156,117.35552868247032,10.158934800012503,"{""DC-1"": 385.67978019317064, ""DC-2"": 330.47280983233543, ""DC-3"": 330.98786255849404, ""DC-4"": 254.16400443645404, ""DC-5"": 283.26946181039546}"
267,308,1641.730259987086,1023,1023,0,0,1023,307,23,693,0,1000,991,9,0,56,49,7,3,0,12607.790893147385,510,278407,278407,200000,200000,0,136704,13.423987443306867,6.687984779535555,6.736002654889051,-117.19005138920802,-0.03911766630652196,0.1907428652048111,0.5591500844441208,0.5357864361183317,117.37316936418122,117.37121933581783,117.37351002412684,10.249108799966052,"{""DC-1"": 403.66326123450096, ""DC-2"": 301.27089452677285, ""DC-3"": 362.95400727801746, ""DC-4"": 250.7445217366901, ""DC-5"": 323.0975752111044}"
268,309,1596.2776312104395,1027,1027,0,0,1027,245,27,755,0,1000,992,8,0,38,33,5,5,0,13387.17019424311,514,279434,279434,200000,200000,0,137218,11.205724787619328,5.592500954054673,5.613223835651977,-117.19873777159457,0.008373912345936907,0.19088269770145416,0.5312462081473162,0.5358296577104799,117.3461755092042,117.34748452925032,117.33610074529388,10.301277499995194,"{""DC-1"": 388.3932547840267, ""DC-2"": 309.307487784947, ""DC-3"": 350.64950765388875, ""DC-4"": 260.03812784376487, ""DC-5"": 287.8892531438134}"
269,310,1621.4101397612167,1020,1020,0,0,1020,300,20,700,0,1000,991,9,0,57,50,7,5,0,12021.22299513363,510,280454,280454,200000,200000,0,137728,12.098312683198966,6.101461359566334,5.996851291843489,-117.10180837593826,-0.02032383397111998,0.18958906829357147,0.5480524350615109,0.535716409776725,117.33282831229415,117.32736494774912,117.32903756534353,10.223424999974668,"{""DC-1"": 344.62553934711525, ""DC-2"": 327.043654618173, ""DC-3"": 372.02393747845815, ""DC-4"": 273.1055633087708, ""DC-5"": 304.6114450086983}"
270,311,1578.9903430932316,1042,1042,0,0,1042,309,42,691,0,1000,984,16,0,75,63,12,4,0,11339.012648753105,522,281496,281496,200000,200000,0,138250,13.355556392121589,6.629993018291006,6.725563413567013,-117.02152284351801,-0.0140161472676015,0.1888364851474762,0.544014064516601,0.5358396599575934,117.23745999391052,117.23817516926148,117.23432346504767,10.360098499979358,"{""DC-1"": 392.1771267333431, ""DC-2"": 350.40403272445894, ""DC-3"": 308.2354720118903, ""DC-4"": 236.6871367576695, ""DC-5"": 291.48657486587086}"
271,312,1552.4806511349611,1055,1055,0,0,1055,245,55,755,0,1000,988,12,0,72,61,11,5,0,10174.052219765912,526,282551,282551,200000,200000,0,138776,10.934613243708592,5.466087825171394,5.4685254405206605,-117.0735334099019,-0.011335135639393737,0.18788887560367584,0.543043181130188,0.5360703064914892,117.26324304791004,117.26093605534659,117.26646350817082,10.45943129999796,"{""DC-1"": 363.28463174685237, ""DC-2"": 276.9165643738935, ""DC-3"": 358.7361896943828, ""DC-4"": 285.97783632931043, ""DC-5"": 267.56542899052306}"
272,313,1581.629768720569,1038,1038,0,0,1038,262,38,738,0,1000,990,10,0,51,42,9,6,0,10405.955385590543,520,283589,283589,200000,200000,0,139296,11.01318633052019,5.505903484500371,5.507282856106758,-117.03071523813101,0.005170583740199128,0.18826790153980255,0.5328823083868394,0.5359580376973518,117.25682236598088,117.25443263420692,117.25379530099723,10.4376396999578,"{""DC-1"": 326.6855330206398, ""DC-2"": 328.467737463386, ""DC-3"": 371.04612716983786, ""DC-4"": 268.4367558111643, ""DC-5"": 286.99361525553996}"
273,314,1596.7459116680118,1016,1016,0,0,1016,258,16,742,0,1000,991,9,0,43,36,7,4,0,11190.720328053358,508,284605,284605,200000,200000,0,139804,12.842353781846565,6.452302658417094,6.39005114947717,-116.97288137721264,0.014892491405668456,0.18922419846057892,0.5269351842131201,0.5358269829449691,117.19150370500219,117.19780767245555,117.20029242207684,10.199655900010839,"{""DC-1"": 389.2909391438537, ""DC-2"": 301.46561674907264, ""DC-3"": 321.3499231187335, ""DC-4"": 263.65055691675667, ""DC-5"": 320.9888757395936}"
274,315,1608.1882550072453,1025,1025,0,0,1025,263,25,737,0,1000,994,6,0,53,49,4,6,0,13550.074440832017,512,285630,285630,200000,200000,0,140316,12.675113840494305,6.365070975152776,6.310042900266126,-117.09821113944054,0.004957527600709,0.18955563008785248,0.5328759438125417,0.5359963572118431,117.26095275580883,117.26301893591881,117.26029865443707,10.211103099980392,"{""DC-1"": 372.3456613070621, ""DC-2"": 281.0996974418752, ""DC-3"": 350.2379881951771, ""DC-4"": 279.046369282674, ""DC-5"": 325.4585387804566}"
275,316,1595.4861351548177,1029,1029,0,0,1029,299,29,701,0,1000,988,12,0,75,66,9,8,0,12999.377122502869,514,286659,286659,200000,200000,0,140830,11.572319589700216,5.775898217691058,5.796421379894598,-116.92357029896301,-0.02798303638690003,0.18778260052204132,0.5529202756250878,0.5359141307118338,117.21208683711545,117.21244794199903,117.21595600885176,10.261709500045981,"{""DC-1"": 383.0416395594888, ""DC-2"": 351.8347850511135, ""DC-3"": 347.7721175692682, ""DC-4"": 258.07387587999983, ""DC-5"": 254.76371709494822}"
276,317,1604.2167608051689,1032,1032,0,0,1032,250,32,750,0,1000,994,6,0,62,60,2,6,0,10720.12729322902,516,287691,287691,200000,200000,0,141346,12.714443725670955,6.375103863865831,6.339339890452319,-116.95999674834022,-0.0366636931177864,0.1852865070104599,0.5578874708839165,0.5359062584795693,117.18732552934986,117.19284978763078,117.18958592969318,10.130182099994272,"{""DC-1"": 370.3819507587132, ""DC-2"": 316.1441498448662, ""DC-3"": 373.48179244566273, ""DC-4"": 233.00756009137675, ""DC-5"": 311.2013076645483}"
277,318,1646.926595146382,1032,1032,0,0,1032,282,32,718,0,1000,996,4,0,51,50,1,4,0,9221.31881285634,516,288723,288723,200000,200000,0,141862,12.249288413875787,6.1077241484046905,6.141564260388529,-117.01664393816807,-0.023933296775907394,0.18404847383499146,0.5499386018098786,0.5359936405059903,117.20930010773415,117.21538502301357,117.21894803897355,10.28754939994542,"{""DC-1"": 382.4860599897556, ""DC-2"": 368.19375302347146, ""DC-3"": 330.76853415127005, ""DC-4"": 262.68825707412645, ""DC-5"": 302.789990907758}"
278,319,1610.516626219975,1022,1022,0,0,1022,294,22,706,0,1000,991,9,0,60,54,6,6,0,12223.08556720975,512,289745,289745,200000,200000,0,142374,12.493051068391651,6.259645998245105,6.233405006350949,-116.99081221222878,-0.0203390320575636,0.18255479633808136,0.5482882406795397,0.5358843684662133,117.21406435966492,117.21124057471752,117.22240194678307,10.217008600011468,"{""DC-1"": 362.2813773307331, ""DC-2"": 345.1887226354957, ""DC-3"": 322.58792708383027, ""DC-4"": 279.32622754885836, ""DC-5"": 301.13237162105906}"
279,320,1606.971279445169,1019,1019,0,0,1019,261,19,739,0,1000,991,9,0,54,49,5,4,0,12578.918103007045,510,290764,290764,200000,200000,0,142884,14.614915950158062,7.306388469303355,7.308527496048049,-116.92999177820542,-0.011329452572938273,0.18209487199783325,0.5420396145652322,0.5356965665723763,117.17705000335096,117.17767292097503,117.17115880928787,10.147905899968464,"{""DC-1"": 412.07366529231484, ""DC-2"": 328.8666401390691, ""DC-3"": 288.1507295095777, ""DC-4"": 255.94019861009383, ""DC-5"": 321.9400458941122}"
280,321,1569.3553770945507,1016,1016,0,0,1016,227,16,773,0,1000,990,10,0,46,39,7,4,0,9878.523222704625,508,291780,291780,200000,200000,0,143392,13.139939840384356,6.54816160497703,6.5917782736575505,-116.98983380175012,-0.008757217468209857,0.18141363561153412,0.5412972569465637,0.5359190120471744,117.17198885519673,117.1706842137134,117.17452466769481,10.114411199989263,"{""DC-1"": 391.482499539335, ""DC-2"": 325.3399628899078, ""DC-3"": 328.1142061056343, ""DC-4"": 241.55181475961317, ""DC-5"": 282.8668938000616}"
281,322,1619.3174167163677,1023,1023,0,0,1023,285,23,715,0,1000,990,10,0,63,56,7,4,0,13514.952842930963,510,292803,292803,200000,200000,0,143902,11.86163653532664,5.96148107028475,5.900155437460133,-116.83922543993184,-0.00879258672323297,0.18093916773796082,0.5409212911830229,0.5359575774155411,117.12047368965897,117.1325008467132,117.12976549933938,10.297396500012837,"{""DC-1"": 400.24202413529446, ""DC-2"": 344.43189677394514, ""DC-3"": 352.1610048162743, ""DC-4"": 236.26962119144122, ""DC-5"": 286.21286979941294}"
282,323,1653.640408123716,1041,1041,0,0,1041,297,41,703,0,1000,997,3,0,39,37,2,3,0,10768.923703577195,522,293844,293844,200000,200000,0,144424,11.773978535242922,5.8379823533511255,5.935996190341497,-116.97118564766485,-0.01846347037181829,0.17976093292236328,0.5467891890655532,0.5358396334666402,117.25815186189966,117.26217293282578,117.2638879242528,10.634942900040187,"{""DC-1"": 367.3924237067341, ""DC-2"": 333.116400873418, ""DC-3"": 337.986085335633, ""DC-4"": 289.7066913021845, ""DC-5"": 325.43880690574804}"
283,324,1586.3999814361216,1030,1030,0,0,1030,249,30,751,0,1000,991,9,0,59,52,7,3,0,13121.720328053358,514,294874,294874,200000,200000,0,144938,12.05650023263716,6.015125922423857,6.041374285629288,-117.09757330631004,-0.020957348864627023,0.1785309910774231,0.5480510243413977,0.5359327890529707,117.31210794708608,117.32063565087226,117.31576192239844,10.465164099994581,"{""DC-1"": 376.76365321596603, ""DC-2"": 319.2462094365428, ""DC-3"": 331.0555334240124, ""DC-4"": 252.96955746091803, ""DC-5"": 306.3650278986819}"
284,325,1573.7982135673728,1011,1011,0,0,1011,271,11,729,0,1000,986,14,0,63,50,13,4,0,14869.952842930963,506,295885,295885,200000,200000,0,145444,11.134993911731856,5.56457792440422,5.570415993217423,-117.12279591918463,-0.025110774572290804,0.17702056467533112,0.5504811640549083,0.5358190131281676,117.340596421434,117.33889221673897,117.3344017601767,10.353021799994167,"{""DC-1"": 389.5741793753906, ""DC-2"": 283.5304118673957, ""DC-3"": 321.6771391605306, ""DC-4"": 273.29887638195936, ""DC-5"": 305.7176067820968}"
285,326,1610.437149857121,1037,1037,0,0,1037,278,37,722,0,1000,992,8,0,45,40,5,4,0,12784.184371671396,518,296922,296922,200000,200000,0,145962,12.922040948076138,6.5278489785304865,6.394191986115283,-117.03641845820954,-0.024953238822476628,0.17508064210414886,0.5506996075158874,0.5359662577912614,117.3829407415795,117.38757758711296,117.3874134962163,10.602368799969554,"{""DC-1"": 406.3326193267866, ""DC-2"": 318.44274976298965, ""DC-3"": 348.52533357173536, ""DC-4"": 259.2521367013104, ""DC-5"": 277.8843104942988}"
286,327,1568.2654437481212,1046,1046,0,0,1046,258,46,742,0,1000,989,11,0,64,56,8,5,0,10399.523222704625,524,297968,297968,200000,200000,0,146486,12.512765939454086,6.306323128802176,6.20644281065191,-117.13400178283226,-0.05408667859564471,0.1722855269908905,0.5662077101132342,0.5357918762068712,117.40262803230577,117.40120367967445,117.40646467136062,10.893016399990302,"{""DC-1"": 368.48776904203925, ""DC-2"": 293.5460966604714, ""DC-3"": 350.5573308547106, ""DC-4"": 260.26979803646134, ""DC-5"": 295.4044491544388}"
287,328,1634.7083320669583,1034,1034,0,0,1034,280,34,720,0,1000,995,5,0,29,28,1,3,0,12762.608502264866,516,299002,299002,200000,200000,0,147002,11.54109615965407,5.73268461550853,5.808411541604256,-117.11626907466918,-0.0446761930379439,0.16977621614933014,0.561561197273491,0.5359062298323757,117.36094139158264,117.35866070532984,117.35313474669937,10.515218999993522,"{""DC-1"": 403.7714042511581, ""DC-2"": 357.6288198773752, ""DC-3"": 334.2701469778039, ""DC-4"": 281.88343120203484, ""DC-5"": 257.1545297585877}"
288,329,1602.0773310025684,1015,1015,0,0,1015,254,15,746,0,1000,993,7,0,42,37,5,6,0,10314.474285572547,508,300017,300017,200000,200000,0,147510,11.115600581713549,5.553349735229973,5.562250830526427,-117.13384090633843,-0.0082936925010565,0.16938990354537964,0.5403868980764404,0.5359316106856339,117.39498115899994,117.38695931622362,117.38981616403174,10.419476400013082,"{""DC-1"": 371.7027104664086, ""DC-2"": 316.20823457510056, ""DC-3"": 348.28833273518177, ""DC-4"": 292.6155578050835, ""DC-5"": 273.2624954207963}"
289,330,1599.3681187237185,1026,1026,0,0,1026,273,26,727,0,1000,989,11,0,56,47,9,6,0,10872.310096133253,512,301043,301043,200000,200000,0,148022,10.525578092318028,5.292262700619176,5.233315393095836,-117.23201942443848,-0.016808381919872772,0.1683560013771057,0.5457042125053704,0.5359727677423507,117.47331619262695,117.47719843685627,117.48051069676876,10.283966300019529,"{""DC-1"": 407.7581295115456, ""DC-2"": 296.7428041184052, ""DC-3"": 372.78578089078934, ""DC-4"": 243.7164814811068, ""DC-5"": 278.36492272187155}"
290,331,1599.8439389204239,1034,1034,0,0,1034,260,34,740,0,1000,993,7,0,41,36,5,5,0,10438.126276733456,518,302077,302077,200000,200000,0,148540,11.512047153642278,5.7310039175523295,5.7810433147956966,-117.27772931426648,-0.006580785596491517,0.1679806411266327,0.5395422305149461,0.5358012120696108,117.5146732403965,117.50816158162121,117.51844490080727,10.828590299992356,"{""DC-1"": 356.9569024451087, ""DC-2"": 318.65870396518153, ""DC-3"": 358.46557267110876, ""DC-4"": 282.81977357649805, ""DC-5"": 282.94298626252777}"
291,332,1597.1470759265956,1022,1022,0,0,1022,231,22,769,0,1000,995,5,0,48,45,3,4,0,12926.958258464474,510,303099,303099,200000,200000,0,149050,12.216623152471056,6.153209594885508,6.063413571142683,-117.27111232981963,0.002730881683893648,0.16813448071479797,0.5342792978473738,0.5358810179373797,117.51866504444796,117.52482263901655,117.51567285575119,10.491106900037266,"{""DC-1"": 375.7016613824569, ""DC-2"": 364.14778542851934, ""DC-3"": 341.31100350783885, ""DC-4"": 245.97397357015552, ""DC-5"": 270.01265203762586}"
292,333,1631.111231788126,1026,1026,0,0,1026,284,26,716,0,1000,993,7,0,54,50,4,4,0,11435.078437804083,514,304125,304125,200000,200000,0,149564,13.159150054018784,6.587293710690064,6.571856332196336,-117.35496936605135,-0.022637213169006406,0.1668664813041687,0.5487403518263004,0.5358790906022959,117.58678658926998,117.58072607433749,117.58307387949428,10.416998600005172,"{""DC-1"": 393.74857857097294, ""DC-2"": 326.9906682253433, ""DC-3"": 345.6982951094494, ""DC-4"": 228.59795364378164, ""DC-5"": 336.07573623857866}"
293,334,1644.365237528655,1018,1018,0,0,1018,272,18,728,0,1000,998,2,0,53,51,2,3,0,12170.044291483942,508,305143,305143,200000,200000,0,150072,12.558585531129612,6.292133548362988,6.266452020782185,-117.36012298103392,0.009615095840092368,0.16747479140758514,0.5303386483840117,0.5357402891624631,117.6269106827383,117.62578009057232,117.63180082426297,10.490841299993917,"{""DC-1"": 385.68243018916246, ""DC-2"": 363.15746687723356, ""DC-3"": 349.2537728806101, ""DC-4"": 260.05522674173096, ""DC-5"": 286.2163408399191}"
294,335,1638.1230396947678,1022,1022,0,0,1022,258,22,742,0,1000,996,4,0,30,27,3,3,0,8768.074440832017,512,306165,306165,200000,200000,0,150584,12.226717428304255,6.104976572562009,6.121740837581456,-117.4821235537529,-0.006185959038703004,0.1673147976398468,0.5390810939716175,0.5358395765069872,117.7248493283987,117.71409559249878,117.7211557328701,10.512201500008814,"{""DC-1"": 413.74938337516016, ""DC-2"": 300.29075798192616, ""DC-3"": 350.422762192834, ""DC-4"": 276.2764578149162, ""DC-5"": 297.3836783299283}"
295,336,1651.9620860575099,1022,1022,0,0,1022,286,22,714,0,1000,997,3,0,47,45,2,4,0,11332.694713762638,510,307187,307187,200000,200000,0,151094,12.113763282813277,6.07147108222924,6.042292178612129,-117.43456663243911,-0.009223997496141523,0.16667777299880981,0.5410076964135263,0.5359187310817195,117.6163511538038,117.60845001819087,117.6177853752585,10.436652200005483,"{""DC-1"": 383.2092747648987, ""DC-2"": 344.2059529283182, ""DC-3"": 361.4667019317397, ""DC-4"": 262.9915945563679, ""DC-5"": 300.088561876185}"
296,337,1612.6411148934237,1027,1027,0,0,1027,274,27,726,0,1000,991,9,0,53,46,7,4,0,12756.923703577195,514,308214,308214,200000,200000,0,151608,12.388315996771192,6.1959188021574505,6.192397169565877,-117.44742964213924,-0.017615338664226494,0.1657588630914688,0.5461703316246953,0.5359988272885868,117.67141276853094,117.6817435179239,117.6757770196937,10.699236300017219,"{""DC-1"": 432.46342687578425, ""DC-2"": 276.60245253731296, ""DC-3"": 356.3095571718929, ""DC-4"": 231.06794433709993, ""DC-5"": 316.19773397133497}"
297,338,1571.3169570011994,1042,1042,0,0,1042,259,42,741,0,1000,987,13,0,61,49,12,9,0,11157.41934116641,522,309256,309256,200000,200000,0,152130,13.358982689992677,6.699479033435441,6.6595036684324915,-117.45959610043815,-0.0247732509031064,0.16429218649864197,0.5498580377677391,0.5360041824793907,117.67393600346942,117.67077828184398,117.66812813419035,10.740629699954297,"{""DC-1"": 389.17730089527277, ""DC-2"": 284.9861497475057, ""DC-3"": 331.0447341463161, ""DC-4"": 281.64649517060553, ""DC-5"": 284.4622770414986}"
298,339,1610.2265447644952,1012,1012,0,0,1012,257,12,743,0,1000,994,6,0,52,49,3,5,0,11721.300880610746,506,310268,310268,200000,200000,0,152636,13.498643447759124,6.782010096806311,6.71663330925312,-117.4825003401564,0.0036437021229754796,0.16440872848033905,0.5341313978428898,0.5359892710866664,117.75058925764363,117.74757386761692,117.74807893051931,10.343659200007096,"{""DC-1"": 372.1452839131812, ""DC-2"": 328.16809351049807, ""DC-3"": 333.09384720404285, ""DC-4"": 288.77941752180527, ""DC-5"": 288.0399026149669}"
299,340,1601.8208463262922,1018,1018,0,0,1018,270,18,730,0,1000,991,9,0,55,48,7,5,0,8810.720328053358,508,311286,311286,200000,200000,0,153144,12.398046187528475,6.1716383352993045,6.226407875226238,-117.33461449089951,0.0024991936167687414,0.16467097401618958,0.5341834929280393,0.5357058433097178,117.65508500046617,117.64623822189691,117.64303791616845,10.336455399985425,"{""DC-1"": 330.1320441775583, ""DC-2"": 362.08615815921513, ""DC-3"": 365.7651183512379, ""DC-4"": 282.29815595422906, ""DC-5"": 261.5393696840514}"
300,341,1610.6181467440113,1021,1021,0,0,1021,238,21,762,0,1000,996,4,0,39,37,2,4,0,12500.720328053358,510,312307,312307,200000,200000,0,153654,12.204612946977802,6.058684120692459,6.145928767849417,-117.53802783442478,0.029110032875163883,0.1660420000553131,0.5198413110246846,0.5358836676560196,117.71976972093769,117.72210486916934,117.71710731655944,10.47768269997323,"{""DC-1"": 354.32065354048564, ""DC-2"": 324.02468380091074, ""DC-3"": 360.0853161493018, ""DC-4"": 286.4825675546133, ""DC-5"": 285.70492569869805}"
301,342,1554.247353303063,1022,1022,0,0,1022,276,22,724,0,1000,981,19,0,71,54,17,8,0,12788.012648753105,512,313329,313329,200000,200000,0,154166,12.325237990822643,6.190511546796188,6.134726433549076,-117.36251121759415,0.005423879705631407,0.16651029884815216,0.5326295266859233,0.535827147308737,117.61911967396736,117.62895929813385,117.62525872886181,10.761546800029464,"{""DC-1"": 403.36491832323634, ""DC-2"": 296.49054865539824, ""DC-3"": 281.2479048137495, ""DC-4"": 257.824039204386, ""DC-5"": 315.3199423062919}"
302,343,1602.8684355744354,1016,1016,0,0,1016,237,16,763,0,1000,995,5,0,41,38,3,4,0,8950.759668436705,508,314345,314345,200000,200000,0,154674,11.791369304412932,5.847509270577919,5.943860012949921,-117.34790811013049,-0.0034505211231188747,0.16618376970291138,0.5379992512267405,0.5359073654403836,117.62292232663613,117.61536927110566,117.62361930486725,10.49613370001316,"{""DC-1"": 370.70716414323675, ""DC-2"": 340.0345609113599, ""DC-3"": 322.4482558064773, ""DC-4"": 278.36586696194485, ""DC-5"": 291.31258775141623}"
303,344,1596.158150402364,1021,1021,0,0,1021,278,21,722,0,1000,990,10,0,56,50,6,4,0,11590.10014363362,510,315366,315366,200000,200000,0,155184,12.630104441268772,6.292225597886478,6.337878887326109,-117.32656381644455,-0.018228121673432636,0.16547971963882446,0.5459914530024809,0.5360303444020889,117.53269548603133,117.52893103805243,117.53808275110582,10.54832499998156,"{""DC-1"": 367.93827775203647, ""DC-2"": 358.2742615532218, ""DC-3"": 317.0164383257741, ""DC-4"": 229.35208263025902, ""DC-5"": 323.57709014107184}"
304,345,1591.7866661105224,1025,1025,0,0,1025,314,25,686,0,1000,985,15,0,62,50,12,5,0,12598.942624064352,512,316391,316391,200000,200000,0,155696,11.696795698720962,5.843003250192851,5.853792442474514,-117.40400257706642,0.01156957951025106,0.16591475903987885,0.5297986241057515,0.5359176993370056,117.63418610394001,117.6314944922924,117.6295986622572,10.511987999954727,"{""DC-1"": 420.59050669016654, ""DC-2"": 317.99569649369494, ""DC-3"": 333.6784104970634, ""DC-4"": 261.85253839207434, ""DC-5"": 257.6695140375224}"
305,346,1632.52847697809,1024,1024,0,0,1024,277,24,723,0,1000,994,6,0,50,46,4,5,0,9909.154527966832,512,317415,317415,200000,200000,0,156208,11.999548140447587,6.004353581229225,5.995194607647136,-117.39063966274261,0.020933339512339444,0.16690248250961304,0.5241348351119086,0.5358645224478096,117.61839731037617,117.62615722417831,117.62482923269272,10.565638299973216,"{""DC-1"": 358.43263668424834, ""DC-2"": 336.91512453340766, ""DC-3"": 356.15230391006116, ""DC-4"": 267.9080537427599, ""DC-5"": 313.1203581076112}"
306,347,1661.6485520121391,1016,1016,0,0,1016,281,16,719,0,1000,996,4,0,28,26,2,3,0,8810.720328053358,508,318431,318431,200000,200000,0,156716,13.693112682639144,6.895821625088144,6.797291077497437,-117.3358101732149,0.001431744641030398,0.1670432686805725,0.5352520388881052,0.5359925024622069,117.55545201639491,117.56477887611689,117.56426255534015,10.48612920002779,"{""DC-1"": 443.6923799609303, ""DC-2"": 301.64695357933067, ""DC-3"": 350.51621603460103, ""DC-4"": 264.7877272025323, ""DC-5"": 301.0052752347446}"
307,348,1667.1112450563342,1032,1032,0,0,1032,295,32,705,0,1000,997,3,0,31,29,2,3,0,9434.17019424311,516,319463,319463,200000,200000,0,157232,13.24024358876916,6.582005375115446,6.658238256393477,-117.34515845128732,0.004411026905832249,0.1674472689628601,0.5332596194605494,0.535772440969482,117.56666038572327,117.56414417887844,117.55552711782529,10.633906800008845,"{""DC-1"": 379.6415258520585, ""DC-2"": 372.1527998609245, ""DC-3"": 343.8219074662552, ""DC-4"": 266.7045130617012, ""DC-5"": 304.7904988153949}"
308,349,1609.1285156133627,1018,1018,0,0,1018,256,18,744,0,1000,993,7,0,52,47,5,4,0,10190.328448253158,510,320481,320481,200000,200000,0,157742,12.428584037575067,6.256329986628364,6.1722540659063005,-117.41157564649394,-0.005113211250407439,0.16716556251049042,0.5387684884024602,0.5359455442896076,117.61706773346546,117.63008421355603,117.62963690664255,10.536463399999775,"{""DC-1"": 397.66825336440655, ""DC-2"": 306.0463890672653, ""DC-3"": 299.57590816274126, ""DC-4"": 284.93596967305746, ""DC-5"": 320.9019953458917}"
309,350,1581.6309767732525,1013,1013,0,0,1013,269,13,731,0,1000,989,11,0,62,54,8,6,0,11469.110841835827,506,321494,321494,200000,200000,0,158248,12.039949860968608,6.036916498138971,6.003033362594047,-117.49708523957625,0.03372652616477001,0.16867026686668396,0.517218507914675,0.535882711174931,117.70774284935752,117.70703554718862,117.7057614383019,10.357507899985649,"{""DC-1"": 336.4821922473975, ""DC-2"": 297.05062991122963, ""DC-3"": 387.2089264658512, ""DC-4"": 250.746410790078, ""DC-5"": 310.14281735869713}"
310,351,1624.0277085780542,1026,1026,0,0,1026,287,26,713,0,1000,993,7,0,73,67,6,5,0,10269.606476726352,514,322520,322520,200000,200000,0,158762,12.274572201276104,6.198805825719574,6.075766363032597,-117.46080931429734,-0.004315420849328491,0.1687745302915573,0.5377884478188675,0.5356966751094921,117.77440772446214,117.7714063592458,117.76616509879146,10.733516699983738,"{""DC-1"": 376.2652819900287, ""DC-2"": 352.1613802039711, ""DC-3"": 338.02290116116666, ""DC-4"": 261.35661074329107, ""DC-5"": 296.22153447959647}"
311,352,1635.1303855260815,1017,1017,0,0,1017,290,17,710,0,1000,994,6,0,66,61,5,5,0,9737.523222704625,508,323537,323537,200000,200000,0,159270,12.357684520755226,6.1235077791795955,6.234176705906711,-117.5768365334338,0.046800654313681044,0.17099273204803467,0.5097495707001273,0.5358607468642588,117.79003475219245,117.78607796496294,117.78565115440549,10.501982799964026,"{""DC-1"": 355.2201957366603, ""DC-2"": 345.85772856554723, ""DC-3"": 366.5917680621133, ""DC-4"": 276.15303336540785, ""DC-5"": 291.3076597963525}"
312,353,1645.3950977952488,1022,1022,0,0,1022,265,22,735,0,1000,996,4,0,33,33,0,3,0,15932.052219765912,510,324559,324559,200000,200000,0,159780,12.712172268418705,6.371450644147163,6.340721588041268,-117.60752464743221,-0.03314420613368937,0.16930575668811798,0.5547095280067593,0.5357988998001697,117.85750250722847,117.86302861232383,117.86273552389706,10.423471799993422,"{""DC-1"": 384.35906279909386, ""DC-2"": 342.9489601690258, ""DC-3"": 330.7442764224633, ""DC-4"": 246.34291244123477, ""DC-5"": 340.9998859634309}"
313,354,1639.814682324641,1030,1030,0,0,1030,294,30,706,0,1000,994,6,0,40,37,3,3,0,11683.300880610746,516,325589,325589,200000,200000,0,160296,13.160827955996343,6.554679322843404,6.606148630149605,-117.47854824214019,-0.025639464995686628,0.16798743605613708,0.5502014257187067,0.5359146229980528,117.73127462697583,117.72334197879762,117.73419504387434,10.530716899957042,"{""DC-1"": 390.4556008582443, ""DC-2"": 322.0690055629615, ""DC-3"": 342.81189397247107, ""DC-4"": 281.37473899572694, ""DC-5"": 303.1034429352367}"
314,355,1620.575984646752,1026,1026,0,0,1026,319,26,681,0,1000,989,11,0,61,55,6,5,0,8896.608502264866,512,326615,326615,200000,200000,0,160808,12.481502908747643,6.2206989612895995,6.260803917888552,-117.44790488481522,0.01653122328207246,0.16866856813430786,0.5272963676834479,0.5361490694340318,117.66373462975025,117.67478074133396,117.66925501823425,10.818119300005492,"{""DC-1"": 350.01428069530533, ""DC-2"": 322.95662045515775, ""DC-3"": 353.7812202237519, ""DC-4"": 271.1939193586379, ""DC-5"": 322.62994391389975}"
315,356,1614.489889375011,1033,1033,0,0,1033,283,33,717,0,1000,991,9,0,55,49,6,4,0,9490.04528075787,518,327648,327648,200000,200000,0,161326,12.406499641742485,6.246451197213648,6.160048469843551,-117.53688361561896,0.019059878714655934,0.1698511391878128,0.5248998378234481,0.5360843444883133,117.79351137963961,117.78788268335998,117.78661068065746,10.571500599966384,"{""DC-1"": 385.0579233553178, ""DC-2"": 304.51497832597147, ""DC-3"": 357.08767906596, ""DC-4"": 262.4468111293993, ""DC-5"": 305.3824974983616}"
316,357,1624.9099291188945,1021,1021,0,0,1021,307,21,693,0,1000,989,11,0,71,62,9,3,0,12523.958258464474,510,328669,328669,200000,200000,0,161836,13.597383202291002,6.814348093668619,6.783035116803412,-117.4880573945887,-0.017949052651723228,0.168966144323349,0.5460612110063141,0.5359459372127757,117.76525747261795,117.76329312792011,117.7628153632669,10.180612800002564,"{""DC-1"": 372.7512646675002, ""DC-2"": 337.2282488007608, ""DC-3"": 368.5661267081076, ""DC-4"": 246.24311949429614, ""DC-5"": 300.1211694482296}"
317,358,1618.5336340665335,1042,1042,0,0,1042,259,42,741,0,1000,994,6,0,42,39,3,4,0,11494.958258464474,520,329711,329711,200000,200000,0,162356,13.711068627467522,6.938259654090955,6.772808959621649,-117.41073127159706,-0.042390939267352226,0.16668403148651123,0.5597982936180554,0.5357725941217862,117.70830739828257,117.71201736743633,117.72560844421386,10.20185200002743,"{""DC-1"": 350.27303715141005, ""DC-2"": 322.1594080680579, ""DC-3"": 359.0273473235769, ""DC-4"": 292.7103360958367, ""DC-5"": 294.3635054276524}"
318,359,1615.7791886090336,1016,1016,0,0,1016,324,16,676,0,1000,986,14,0,67,56,11,6,0,10368.339312186941,508,330727,330727,200000,200000,0,162864,13.018044845795067,6.5129504743523485,6.505094374962679,-117.46274053017925,-0.017087027718364373,0.1656161993741989,0.5455725536806377,0.5358567230814085,117.77352423179806,117.77331400293065,117.77164282010297,10.04033409996191,"{""DC-1"": 393.46756913408575, ""DC-2"": 324.32785068282544, ""DC-3"": 363.0390885731337, ""DC-4"": 260.204727401024, ""DC-5"": 274.73995281796533}"
319,360,1558.250355093222,1025,1025,0,0,1025,308,25,692,0,1000,981,19,0,84,70,14,6,0,11693.802058537025,514,331752,331752,200000,200000,0,163378,13.252292024486259,6.620409096493331,6.631882880448368,-117.53024158403568,0.006564384828238288,0.16612917184829712,0.5319200068828197,0.5358992297825647,117.76440054155046,117.77394365243875,117.77451337821752,10.238735699967947,"{""DC-1"": 373.13311859434026, ""DC-2"": 358.62513720580966, ""DC-3"": 298.2508600128732, ""DC-4"": 231.92765047148197, ""DC-5"": 296.31358880871915}"
320,361,1658.359988289132,1020,1020,0,0,1020,265,20,735,0,1000,998,2,0,39,39,0,3,0,10775.810703142048,510,332772,332772,200000,200000,0,163888,13.10384482495925,6.556405216338588,6.547439673601413,-117.55508623310163,0.0026438653980400046,0.1663166880607605,0.5344870258780087,0.5358894703434963,117.8339890573539,117.83512532851276,117.83651872522691,10.144661999947857,"{""DC-1"": 383.88692766525014, ""DC-2"": 318.14223045209695, ""DC-3"": 414.6132220213673, ""DC-4"": 242.84370806241046, ""DC-5"": 298.87390008800844}"
321,362,1588.6864411499012,1016,1016,0,0,1016,299,16,701,0,1000,985,15,0,83,68,15,5,0,16421.59019279781,508,333788,333788,200000,200000,0,164396,12.417184928270775,6.2160178603619105,6.201167060634282,-117.5310947087806,0.012433019993775414,0.16692616045475006,0.5291721596727221,0.5359607000989238,117.78756177706981,117.79410219567967,117.78823580704336,10.03176339995116,"{""DC-1"": 375.6452999833409, ""DC-2"": 322.37014555943495, ""DC-3"": 294.4911084301047, ""DC-4"": 265.5857862979587, ""DC-5"": 330.5941008790622}"
322,363,1593.9912205947048,1023,1023,0,0,1023,294,23,706,0,1000,987,13,0,44,34,10,5,0,12700.720328053358,510,334811,334811,200000,200000,0,164906,12.287518619088566,6.150492674696679,6.137025939717012,-117.5456724877451,-0.0012069864098128735,0.1667241007089615,0.5368843945802427,0.5359189634229623,117.76334364647958,117.75989981258617,117.76148280723422,10.264080499997362,"{""DC-1"": 360.68810908267574, ""DC-2"": 324.4537708622662, ""DC-3"": 339.60078831058996, ""DC-4"": 272.49255279933806, ""DC-5"": 296.7559995398367}"
323,364,1630.3134238172875,1018,1018,0,0,1018,309,18,691,0,1000,990,10,0,66,57,9,7,0,12712.045026602955,510,335829,335829,200000,200000,0,165416,11.739954117232678,5.841693257818035,5.898260850298638,-117.60150104597503,-0.007663986923209592,0.16649098694324493,0.5397226132598578,0.5357905780567842,117.84721084295535,117.85147272745768,117.85322961246266,10.16489170002751,"{""DC-1"": 368.27016506107077, ""DC-2"": 354.0896086411403, ""DC-3"": 351.5606244571116, ""DC-4"": 250.52342974231902, ""DC-5"": 305.86959591564505}"
324,365,1623.1740059684766,1013,1013,0,0,1013,293,13,707,0,1000,992,8,0,75,69,6,5,0,12878.17019424311,506,336842,336842,200000,200000,0,165922,11.976344922785703,5.9963823384918244,5.979962582880329,-117.60216287002262,-0.005623183332810642,0.16614609956741333,0.5389781258558567,0.5357723349167895,117.86232021769045,117.86649904514961,117.86908439967944,10.141437500016764,"{""DC-1"": 350.4074573069297, ""DC-2"": 334.9499420957028, ""DC-3"": 375.18975190312796, ""DC-4"": 251.19145482926342, ""DC-5"": 311.43539983345335}"
325,366,1598.089821528017,1012,1012,0,0,1012,269,12,731,0,1000,991,9,0,56,50,6,6,0,11469.110841835827,506,337854,337854,200000,200000,0,166428,12.462497204659956,6.253524671194581,6.208972522156983,-117.63387940900598,0.017424842616977545,0.16691647469997406,0.5261740229817718,0.535882635785657,117.8832303525902,117.88335908731453,117.88048205168352,9.95800430001691,"{""DC-1"": 351.682475875194, ""DC-2"": 359.45998915892204, ""DC-3"": 339.2199492050319, ""DC-4"": 260.90561496144846, ""DC-5"": 286.8217923274202}"
326,367,1589.3020538840312,1027,1027,0,0,1027,283,27,717,0,1000,986,14,0,64,52,12,10,0,13870.154527966832,514,338881,338881,200000,200000,0,166942,11.913042268864375,5.952851509305754,5.960190762573643,-117.79741745885708,0.00911140655881294,0.1675216555595398,0.5310315322783207,0.5359547326073109,117.94668317861594,117.94498160098777,117.95305580109473,10.168327799998224,"{""DC-1"": 384.531886511124, ""DC-2"": 280.6321405126044, ""DC-3"": 328.4246758845971, ""DC-4"": 243.58373009601738, ""DC-5"": 352.12962087968924}"
327,368,1625.3309762427891,1016,1016,0,0,1016,296,16,704,0,1000,990,10,0,57,47,10,8,0,13248.345596608611,508,339897,339897,200000,200000,0,167450,12.829056896562651,6.3828116195408375,6.4462452291503665,-117.66449929785541,0.006436913078064172,0.16797992587089539,0.5322654087712445,0.5359759966688832,117.90431794594592,117.90587594940907,117.90985900398314,10.044998699973803,"{""DC-1"": 399.16753631700607, ""DC-2"": 330.4996134209474, ""DC-3"": 324.9441039080937, ""DC-4"": 229.4596287922902, ""DC-5"": 341.26009380445214}"
328,369,1561.2850175110655,1022,1022,0,0,1022,323,22,677,0,1000,978,22,0,77,58,19,10,0,12011.608502264866,510,340919,340919,200000,200000,0,167960,12.250058187222947,6.123317277665231,6.126740979914572,-117.80795811671837,0.010558019344713173,0.16853134334087372,0.5300300560745539,0.5358661469291238,118.0525193158318,118.05421404371074,118.05663393806009,10.423075900005642,"{""DC-1"": 395.0655285219261, ""DC-2"": 326.3844528203777, ""DC-3"": 349.04256492846935, ""DC-4"": 213.73573039820326, ""DC-5"": 277.0567408420897}"
329,370,1644.8268849640222,1026,1026,0,0,1026,288,26,712,0,1000,997,3,0,76,74,2,5,0,12242.39051896314,514,341945,341945,200000,200000,0,168474,12.738630704842652,6.342228598631774,6.396402121054059,-117.77738204540445,0.02779419183303468,0.1702427864074707,0.5199608457227626,0.5358293845031976,118.00980081817983,118.0106848334524,118.0114148062027,10.111425299954135,"{""DC-1"": 370.52302973018845, ""DC-2"": 322.0880793200092, ""DC-3"": 358.8951745125776, ""DC-4"": 285.46765849321923, ""DC-5"": 307.85294290802904}"
330,371,1562.5956038402362,1016,1016,0,0,1016,280,16,720,0,1000,983,17,0,67,53,14,8,0,10334.126276733456,508,342961,342961,200000,200000,0,168982,13.614252743289226,6.776703741137437,6.837549003559773,-117.64969475813739,0.0025467271714903943,0.1701270192861557,0.5348264315700907,0.5357496001589017,117.97715136009877,117.9760042776273,117.98243348429523,10.33897069998784,"{""DC-1"": 387.65091854421337, ""DC-2"": 310.7659060918765, ""DC-3"": 338.7775722600664, ""DC-4"": 212.3272634656968, ""DC-5"": 313.0739434783837}"
331,372,1569.532690551205,1015,1015,0,0,1015,328,15,672,0,1000,981,19,0,105,88,17,9,0,11951.041789369021,508,343976,343976,200000,200000,0,169490,12.593031093830199,6.310540377155063,6.282490663641081,-117.82342255960299,-0.01244719146831533,0.16964216530323029,0.5425888459513507,0.5358942352880643,118.05011002848468,118.04583252133347,118.05125539884793,10.40270060003968,"{""DC-1"": 373.6948597351529, ""DC-2"": 338.18885186824343, ""DC-3"": 374.2230795512728, ""DC-4"": 189.39995696485073, ""DC-5"": 294.0259424316843}"
332,373,1557.4674422086882,1019,1019,0,0,1019,304,19,696,0,1000,982,18,0,82,66,16,14,0,11829.074440832017,508,344995,344995,200000,200000,0,169998,12.804803727649329,6.370750572268419,6.43405315772755,-117.77514351071335,0.0021259938770039812,0.1698148399591446,0.534408911475985,0.5358525007728516,118.01481104272557,118.01004571989765,118.00807852256955,10.244603700004518,"{""DC-1"": 382.54835129909793, ""DC-2"": 298.8928910382008, ""DC-3"": 323.8398723908952, ""DC-4"": 268.41217220752867, ""DC-5"": 283.7741552729673}"
333,374,1619.7366014340341,1041,1041,0,0,1041,311,41,689,0,1000,988,12,0,66,56,10,4,0,12931.802058537025,522,346036,346036,200000,200000,0,170520,13.554256856213128,6.729252729379354,6.825004138252288,-117.89173707925497,-0.03678044632890786,0.16765259206295013,0.5568813763815781,0.5358438729326387,118.14870660423776,118.14674751603283,118.15152920251604,10.520244000013918,"{""DC-1"": 430.1545411504815, ""DC-2"": 330.09555464487505, ""DC-3"": 323.02609530806336, ""DC-4"": 256.0128558685827, ""DC-5"": 280.447554462031}"
334,375,1544.8994144110022,1008,1008,0,0,1008,343,8,657,0,1000,974,26,0,97,71,26,18,0,12464.593432965008,504,347044,347044,200000,200000,0,171024,13.03454466755428,6.5277425985014625,6.5068020901036645,-117.91835312616257,0.02819738610618053,0.16912733018398285,0.5198399756872465,0.5357544452898086,118.14589698730953,118.14148760598803,118.14204574766613,10.511350599990692,"{""DC-1"": 328.4116432295816, ""DC-2"": 338.9419166393608, ""DC-3"": 327.59632037771803, ""DC-4"": 231.7010051861456, ""DC-5"": 318.2485289781956}"
335,376,1603.0077142524513,1026,1026,0,0,1026,270,26,730,0,1000,992,8,0,72,65,7,8,0,11347.310096133253,512,348070,348070,200000,200000,0,171536,13.705293447710574,6.853268773062155,6.852024724241346,-117.81685361266136,-0.005588053494648193,0.1689126342535019,0.5390030852286145,0.535779967205599,118.09818182885647,118.09926860034466,118.10255631804466,10.498853700002655,"{""DC-1"": 376.4697187640757, ""DC-2"": 340.50541191071886, ""DC-3"": 282.9706425003146, ""DC-4"": 267.3682523372255, ""DC-5"": 335.69368874011576}"
336,377,1563.3488614118817,1014,1014,0,0,1014,288,14,712,0,1000,982,18,0,62,45,17,9,0,12706.300880610746,508,349084,349084,200000,200000,0,172044,12.014495280314618,6.0209295407054935,5.993565760259553,-117.79821212648407,-0.018295059594743715,0.16787752509117126,0.5460052849270227,0.535860767280023,118.02687747084249,118.0240258644885,118.02907786031408,10.4594030000153,"{""DC-1"": 363.69330079777797, ""DC-2"": 317.7706055114922, ""DC-3"": 315.9791275303657, ""DC-4"": 251.91265028587185, ""DC-5"": 313.9931772863751}"
337,378,1563.9267848778688,1015,1015,0,0,1015,324,15,676,0,1000,977,23,0,87,65,22,11,0,12145.310096133253,506,350099,350099,200000,200000,0,172550,12.692271163812268,6.353856533412405,6.338414647833632,-117.91623962161098,-0.002404575561920527,0.16767673194408417,0.5373035302982029,0.535779569931181,118.10067979714616,118.09822509222822,118.104824804977,10.474708200024907,"{""DC-1"": 414.58202222241914, ""DC-2"": 292.7973655179586, ""DC-3"": 385.72307099859086, ""DC-4"": 175.61415384222695, ""DC-5"": 295.21017229667257}"
338,379,1580.9470606182642,1017,1017,0,0,1017,321,17,679,0,1000,982,18,0,75,59,16,8,0,12088.811703604591,510,351116,351116,200000,200000,0,173060,12.765534890866746,6.352690582181893,6.412844306814904,-117.83803639131433,0.003935541305691004,0.16779379546642303,0.5337850386021183,0.5358348633728776,118.05858827478745,118.06063404457242,118.05898018631281,10.467182499996852,"{""DC-1"": 429.0172451505375, ""DC-2"": 268.71789818930426, ""DC-3"": 350.4411777764917, ""DC-4"": 253.6789480547314, ""DC-5"": 279.0917914472002}"
339,380,1527.2193860423376,1018,1018,0,0,1018,343,18,657,0,1000,972,28,0,116,90,26,13,0,11469.110841835827,508,352134,352134,200000,200000,0,173568,11.85532486720348,5.917579236697025,5.937745631679776,-117.6595969012403,0.01937095762237789,0.16916455328464508,0.524921555922726,0.5358100951187253,117.96978412838433,117.97425077843853,117.97498075229915,10.453850799996872,"{""DC-1"": 398.0969439224162, ""DC-2"": 304.0664070735291, ""DC-3"": 318.9591488660861, ""DC-4"": 211.43334890031022, ""DC-5"": 294.6635372799972}"
340,381,1656.0784205390103,1007,1007,0,0,1007,290,7,710,0,1000,994,6,0,47,44,3,4,0,12764.978165327691,504,353141,353141,200000,200000,0,174072,12.392027284417834,6.195579623655667,6.196447671169326,-117.75304927523175,0.01817369869621914,0.17015744745731354,0.5259660257706567,0.5359260797027557,118.02093336317274,118.02161601233104,118.01443174150255,10.38372480001999,"{""DC-1"": 424.7715687594421, ""DC-2"": 330.7184190974751, ""DC-3"": 330.688034588621, ""DC-4"": 245.8739296610323, ""DC-5"": 324.0264684324393}"
341,382,1589.4950005163387,1018,1018,0,0,1018,259,18,741,0,1000,990,10,0,45,38,7,4,0,12859.171329116363,508,354159,354159,200000,200000,0,174580,11.795349006577739,5.868200590760689,5.927148416286379,-117.93991848802942,0.01441648970248075,0.1712397038936615,0.5272972034657095,0.5358989747959798,118.11144586998647,118.1140273086668,118.10934631467804,10.135853899992071,"{""DC-1"": 346.11675588397486, ""DC-2"": 306.1512367078637, ""DC-3"": 330.65166211845076, ""DC-4"": 283.3796793467664, ""DC-5"": 323.19566645928273}"
342,383,1618.547834790987,1013,1013,0,0,1013,280,13,720,0,1000,991,9,0,49,43,6,4,0,10541.875990386214,508,355172,355172,200000,200000,0,175088,12.975349926573085,6.445332698465332,6.530017189857528,-117.88385427279735,-0.0010745700102255452,0.17112958431243896,0.5366607693236644,0.5359877972152289,118.16051547733818,118.1514415440597,118.16160187007874,10.310194800025783,"{""DC-1"": 363.08207903118364, ""DC-2"": 357.36779192959443, ""DC-3"": 366.180123169691, ""DC-4"": 248.84332217046665, ""DC-5"": 283.07451849005054}"
343,384,1568.0019989549419,1017,1017,0,0,1017,290,17,710,0,1000,982,18,0,67,50,17,12,0,13336.260657265995,508,356189,356189,200000,200000,0,175596,12.41775306519561,6.183867684499485,6.233885335875309,-117.74395448579563,0.007173490976386769,0.17137938737869263,0.5320825831392618,0.5357880432774701,118.08944619546725,118.09281667574184,118.09476256182813,10.485643499996513,"{""DC-1"": 381.6142665619917, ""DC-2"": 296.9266212461088, ""DC-3"": 316.23845626959195, ""DC-4"": 268.59819259282347, ""DC-5"": 304.6244622844266}"
344,385,1602.4390520935724,1023,1023,0,0,1023,322,23,678,0,1000,985,15,0,81,70,11,20,0,11676.044291483942,512,357212,357212,200000,200000,0,176108,12.646739549469203,6.265711196232587,6.381028360920027,-117.81346118450165,0.024521592013115878,0.17307642102241516,0.5217674880987033,0.5360922620166093,118.05879545211792,118.06147810816765,118.06624692678452,10.509605500032194,"{""DC-1"": 409.0685876436305, ""DC-2"": 292.32369163706045, ""DC-3"": 331.425273866906, ""DC-4"": 243.48889961863188, ""DC-5"": 326.13259932734434}"
345,386,1643.2043908037335,1015,1015,0,0,1015,293,15,707,0,1000,993,7,0,38,33,5,3,0,10312.810703142048,506,358227,358227,200000,200000,0,176614,12.805066688258657,6.3754017543886965,6.429664916436192,-117.78225424544142,0.04181946890259331,0.1753607988357544,0.5117885207705818,0.5357985103083223,118.06827745701484,118.0741831210291,118.07123797872792,10.483345699962229,"{""DC-1"": 363.93876089534547, ""DC-2"": 355.03256253352026, ""DC-3"": 340.75124286145956, ""DC-4"": 271.8770939014887, ""DC-5"": 311.60473061191783}"
346,387,1613.8627649562318,1014,1014,0,0,1014,298,14,702,0,1000,990,10,0,80,74,6,5,0,13225.113224119123,508,359241,359241,200000,200000,0,177122,13.218417018417298,6.534119391535211,6.684297637207302,-117.75069400456947,0.03956405200819507,0.17740218341350555,0.5131208000220652,0.5356499465901082,118.03690243518258,118.03499169237031,118.03774217920979,10.537026799982414,"{""DC-1"": 383.32828499250235, ""DC-2"": 333.06888171716315, ""DC-3"": 306.2271173650548, ""DC-4"": 277.0324665021205, ""DC-5"": 314.20601437939143}"
347,388,1539.1201093168117,1013,1013,0,0,1013,335,13,665,0,1000,974,26,0,115,92,23,6,0,12707.311181596187,506,360254,360254,200000,200000,0,177628,11.880396295913123,5.939702970001537,5.940693346879228,-117.82886770497198,0.00838873636809439,0.1779971420764923,0.5310548658191923,0.5358366685893696,118.05872278628142,118.06280822150792,118.05717824099092,10.510930299991742,"{""DC-1"": 334.9559445414447, ""DC-2"": 311.0373559838693, ""DC-3"": 370.61177608717264, ""DC-4"": 190.06871320739134, ""DC-5"": 332.4463194969351}"
348,389,1590.4911864841356,1016,1016,0,0,1016,267,16,733,0,1000,988,12,0,67,59,8,7,0,11769.39051896314,508,361270,361270,200000,200000,0,178136,13.202677414173216,6.58726460844513,6.615412816757292,-117.82808934609722,-0.01058348160655069,0.1774478405714035,0.5416917049978661,0.5358306643531079,118.0935940479669,118.09721982760692,118.0958073983981,10.502730600012,"{""DC-1"": 395.6486144894747, ""DC-2"": 257.2443009644462, ""DC-3"": 375.79434748571043, ""DC-4"": 228.8904100185367, ""DC-5"": 332.91351352596723}"
349,390,1625.40752744924,1017,1017,0,0,1017,311,17,689,0,1000,988,12,0,55,45,10,6,0,10102.336587157484,508,362287,362287,200000,200000,0,178644,11.970575368310524,5.943361891536262,6.027213484048843,-117.85271225576325,0.03878471490516379,0.17960293591022491,0.513458920980063,0.535779117599247,118.12352115901436,118.12458945447065,118.12531316561962,10.493518400005996,"{""DC-1"": 410.7535771027596, ""DC-2"": 362.65557326036753, ""DC-3"": 304.96291482257936, ""DC-4"": 235.9452330965274, ""DC-5"": 311.0902291670045}"
350,391,1622.307464435052,1025,1025,0,0,1025,325,25,675,0,1000,987,13,0,66,56,10,7,0,12488.044291483942,514,363312,363312,200000,200000,0,179158,11.95124184064828,5.937721418267558,6.013520420989174,-117.6838931666274,0.004373620947322841,0.17986667156219482,0.5332076274699274,0.5357835513144615,117.97595842710265,117.97129844042114,117.97156671605686,10.81690889998572,"{""DC-1"": 433.52609092484926, ""DC-2"": 307.48988511929014, ""DC-3"": 317.19891558496613, ""DC-4"": 279.06354123923893, ""DC-5"": 285.0290315667078}"
351,392,1668.0946455640808,1013,1013,0,0,1013,297,13,703,0,1000,996,4,0,50,48,2,4,0,11983.923703577195,506,364325,364325,200000,200000,0,179664,12.201592275276486,6.086087910554155,6.115504360481684,-117.74086809723745,0.012380698097597351,0.18038754165172577,0.5288082138587363,0.5358908918535286,117.99751725027213,117.99453298093773,117.99006912171134,10.406662299996242,"{""DC-1"": 374.0350422584257, ""DC-2"": 349.94619375926464, ""DC-3"": 351.98136700720363, ""DC-4"": 266.25452925339573, ""DC-5"": 325.8775132857932}"
352,393,1591.352867579666,1017,1017,0,0,1017,267,17,733,0,1000,987,13,0,47,37,10,4,0,15715.811703604591,508,365342,365342,200000,200000,0,180172,11.827355838197423,5.910541027549684,5.916814805719796,-117.7720250107172,-0.00430153591345673,0.18034179508686066,0.5384233392129733,0.5359130044152417,118.0399768108458,118.03473504134051,118.03520451943706,10.386258199985605,"{""DC-1"": 354.01201896181135, ""DC-2"": 315.10553501651395, ""DC-3"": 344.31925544138795, ""DC-4"": 257.06653326980444, ""DC-5"": 320.84952489014944}"
353,394,1630.1396005302943,1016,1016,0,0,1016,344,16,656,0,1000,985,15,0,50,36,14,12,0,11276.608502264866,508,366358,366358,200000,200000,0,180680,10.771227402949897,5.397493348112256,5.373734060938903,-117.80023550799513,0.004230213009635001,0.1805712729692459,0.5333919730477445,0.5358878130049217,118.0398358322504,118.03287306357556,118.03245449817086,10.58336580003379,"{""DC-1"": 351.0168569547873, ""DC-2"": 321.982301894449, ""DC-3"": 328.6285202654558, ""DC-4"": 300.0706036589497, ""DC-5"": 328.4413177566528}"
354,395,1619.1091671469958,1033,1033,0,0,1033,291,33,709,0,1000,991,9,0,55,48,7,7,0,11101.078437804083,516,367391,367391,200000,200000,0,181196,13.183843736038652,6.615144253932228,6.568699533163115,-117.79341557229212,-0.0388928906389245,0.17827901244163513,0.558437740964483,0.5357432711956113,118.1205647047176,118.11391899936883,118.12344793571059,10.578114100033417,"{""DC-1"": 365.9994349585711, ""DC-2"": 333.42777121884615, ""DC-3"": 357.6521029793262, ""DC-4"": 258.6980357364175, ""DC-5"": 303.3318222538358}"
355,396,1606.4870113238162,1019,1019,0,0,1019,262,19,738,0,1000,991,9,0,48,40,8,7,0,10596.08556720975,510,368410,368410,200000,200000,0,181706,11.657678287637,5.793551733447056,5.8641265104798705,-117.79611232981962,-0.007665552624373459,0.1777057647705078,0.5402492428527159,0.5359003602289686,118.02152250701306,118.02609978470147,118.0228717878753,10.48420490004355,"{""DC-1"": 327.4024474822331, ""DC-2"": 362.0996975089795, ""DC-3"": 320.3189348416382, ""DC-4"": 280.2217272998054, ""DC-5"": 316.44420419116096}"
356,397,1625.3564883182057,1017,1017,0,0,1017,281,17,719,0,1000,992,8,0,63,55,8,7,0,13910.113224119123,508,369427,369427,200000,200000,0,182214,12.505513447945512,6.184047339234765,6.32146614508366,-117.8630740548682,-0.00056698713011629,0.1777433156967163,0.5361800977564234,0.535865885535563,118.11642299862359,118.1067063639483,118.11545206805853,10.628662600007374,"{""DC-1"": 391.15557482962527, ""DC-2"": 293.2135035298682, ""DC-3"": 328.67062512791387, ""DC-4"": 291.17058249694537, ""DC-5"": 321.1462023338532}"
357,398,1641.821750517319,1038,1038,0,0,1038,321,38,679,0,1000,990,10,0,56,49,7,3,0,11785.371222030479,520,370465,370465,200000,200000,0,182734,12.343630827848727,6.188354917672965,6.155275903986051,-117.73421516418458,-0.011286487894204373,0.17700350284576416,0.5425484109383363,0.5359531026620131,118.0534254367535,118.05030519045316,118.06052191807673,10.77825249999296,"{""DC-1"": 408.5941730058508, ""DC-2"": 369.94866426800945, ""DC-3"": 340.8545395620309, ""DC-4"": 214.83390992355993, ""DC-5"": 307.5904637578695}"
358,399,1495.2117975799372,1015,1015,0,0,1015,282,15,718,0,1000,974,26,0,69,46,23,11,0,9389.595252273852,508,371480,371480,200000,200000,0,183242,11.680828239504747,5.848320288451638,5.8325079803861035,-117.75689039455624,0.023796661307771257,0.1784631907939911,0.5221364917013589,0.5358539770437977,118.05815704225556,118.05830589054138,118.06253340112882,10.478214100003242,"{""DC-1"": 370.40073800580217, ""DC-2"": 271.19117886282595, ""DC-3"": 275.4657583053953, ""DC-4"": 236.39553182734838, ""DC-5"": 341.7585905785662}"
359,400,1676.4270451433592,1027,1027,0,0,1027,298,27,702,0,1000,997,3,0,43,41,2,4,0,10212.811703604591,512,372507,372507,200000,200000,0,183754,12.731372973416,6.339050899725407,6.392322081141174,-117.6654923260212,-0.0006246669954634854,0.17836758494377136,0.5363506558351219,0.5358302688691765,118.00956511497498,118.00479793548584,118.00876326858997,10.614503399992827,"{""DC-1"": 418.5729636669245, ""DC-2"": 348.5957347047361, ""DC-3"": 355.8313797555984, ""DC-4"": 246.6432892097306, ""DC-5"": 306.78367780636916}"
360,401,1602.211417594834,1023,1023,0,0,1023,294,23,706,0,1000,987,13,0,49,37,12,7,0,10151.523222704625,512,373530,373530,200000,200000,0,184266,13.082561406306922,6.506863936316222,6.575697472319007,-117.67261502146721,0.004873547388342558,0.17874035239219666,0.5329187553143129,0.5358303533867002,117.97250483930111,117.97065131366253,117.97216515243053,10.185477399965748,"{""DC-1"": 392.1111524976822, ""DC-2"": 351.1684987859911, ""DC-3"": 319.2717044304045, ""DC-4"": 254.00249879792722, ""DC-5"": 285.65756308282783}"
361,402,1617.8857472655873,1013,1013,0,0,1013,290,13,710,0,1000,991,9,0,65,57,8,5,0,10217.705569436159,506,374543,374543,200000,200000,0,184772,11.93210060653008,5.904067722705042,6.028032895133429,-117.7346693800372,-0.00026777491945287454,0.17878498136997223,0.5359326722358055,0.5358791353674274,117.97556865827839,117.9708047798971,117.9835961383322,9.755509299982805,"{""DC-1"": 352.8767872283606, ""DC-2"": 349.2889672429452, ""DC-3"": 342.6602816563797, ""DC-4"": 243.3950278098262, ""DC-5"": 329.66468332807545}"
362,403,1464.5476708718388,1017,1017,0,0,1017,335,17,665,0,1000,965,35,0,100,66,34,29,0,12555.118886514454,510,375560,375560,200000,200000,0,185282,13.410247322624805,6.707860258046319,6.702387041437859,-117.67603741814108,0.01425214010089928,0.17972268164157867,0.5276247774853425,0.5358124302882774,117.98275828642004,117.98418188656078,117.99405065798292,9.737330999982078,"{""DC-1"": 340.76032684613597, ""DC-2"": 329.5820670376702, ""DC-3"": 182.32096259242388, ""DC-4"": 308.4932744238647, ""DC-5"": 303.39103997174226}"
363,404,1604.8932193238213,1028,1028,0,0,1028,304,28,696,0,1000,986,14,0,54,42,12,5,0,10502.300880610746,514,376588,376588,200000,200000,0,185796,10.958721463782314,5.464612398861911,5.494109055643416,-117.61163588349457,-0.041709145005603944,0.17718450725078583,0.5603514714927524,0.5359608783796139,117.93776385236806,117.93906548051055,117.94428542615839,9.919320199987851,"{""DC-1"": 358.09437768147563, ""DC-2"": 352.05440759209046, ""DC-3"": 317.72692815887234, ""DC-4"": 259.18967295036725, ""DC-5"": 317.8278329410171}"
364,405,1628.2143915051931,1021,1021,0,0,1021,318,21,682,0,1000,988,12,0,64,55,9,4,0,13871.895596608612,510,377609,377609,200000,200000,0,186306,11.889953128496806,5.907015700433768,5.982937431335449,-117.86898600260416,0.0030933145780627632,0.1772959679365158,0.5338748552051245,0.5357953270276388,118.15685999253216,118.1544438380821,118.15058234719669,10.670422500057612,"{""DC-1"": 354.7632568060965, ""DC-2"": 309.13689338902657, ""DC-3"": 381.09555993331014, ""DC-4"": 258.2223308177273, ""DC-5"": 324.9963505590313}"
365,406,1657.2802206271513,1016,1016,0,0,1016,316,16,684,0,1000,994,6,0,70,67,3,4,0,8885.75358921901,508,378625,378625,200000,200000,0,186814,10.88798075445055,5.310575436654053,5.57740530137002,-117.86532980250561,-0.010093388442815406,0.1764974147081375,0.5418638102416917,0.5357822489550733,118.14074071748989,118.13486022648848,118.14505293237882,9.067799500015099,"{""DC-1"": 418.2171029211009, ""DC-2"": 317.3517320183565, ""DC-3"": 350.60453933332434, ""DC-4"": 262.61427359998703, ""DC-5"": 308.49257275438464}"
366,407,1639.860312547988,1026,1026,0,0,1026,282,26,718,0,1000,994,6,0,32,31,1,3,0,9941.875990386214,512,379651,379651,200000,200000,0,187326,10.457365379668772,5.2006445752922446,5.256720858626068,-117.77521896362305,-0.0030611516449425835,0.17648974061012268,0.5369452851591632,0.5355083709582686,118.03922715783119,118.04667948186398,118.03847485780716,8.981370699999388,"{""DC-1"": 382.3495202494551, ""DC-2"": 369.09317513921366, ""DC-3"": 338.46792362322344, ""DC-4"": 255.57642591777724, ""DC-5"": 294.3732676183188}"
367,408,1625.5560186046775,1022,1022,0,0,1022,299,22,701,0,1000,988,12,0,36,30,6,3,0,11490.110841835827,512,380673,380673,200000,200000,0,187838,11.620962520129979,5.760595154482871,5.860367321176454,-117.78593799471855,-0.03438536783687596,0.1745307743549347,0.5555481490446255,0.5357387738768011,118.0474851578474,118.04643760621548,118.05311396718025,8.938682400039397,"{""DC-1"": 382.8251886870498, ""DC-2"": 340.6027190885325, ""DC-3"": 352.8176813697677, ""DC-4"": 252.87223168301642, ""DC-5"": 296.4381977763126}"
368,409,1676.086558437606,1017,1017,0,0,1017,308,17,692,0,1000,997,3,0,53,50,3,6,0,8979.074440832017,508,381690,381690,200000,200000,0,188346,12.577158130998686,6.239428831132378,6.337729278511889,-117.73121045330377,0.012527620946020475,0.17508967220783234,0.5285384405081667,0.5356293315962544,118.04472224918877,118.04477970994364,118.04844545379399,8.568835999991279,"{""DC-1"": 368.1084418867667, ""DC-2"": 371.38119780396346, ""DC-3"": 381.2014837034203, ""DC-4"": 262.0735374745659, ""DC-5"": 293.3218975688901}"
369,410,1603.6092466372088,1022,1022,0,0,1022,334,22,666,0,1000,985,15,0,71,59,12,8,0,13145.17019424311,512,382712,382712,200000,200000,0,188858,10.984679903369397,5.453294811537489,5.531385108362883,-117.82781285047531,-0.01534794794224581,0.1742982566356659,0.5447218974586576,0.5360488998703659,118.05283898115158,118.05538046360016,118.05853007733822,8.85643370001344,"{""DC-1"": 337.55613973409845, ""DC-2"": 340.52217364770723, ""DC-3"": 313.166516440022, ""DC-4"": 290.809508805793, ""DC-5"": 321.55490800958813}"
370,411,1573.8518129678796,1011,1011,0,0,1011,294,11,706,0,1000,982,18,0,52,40,12,8,0,11483.958258464474,504,383723,383723,200000,200000,0,189362,11.969388316075007,5.972001606036747,5.997386686622151,-117.81252673315623,-0.0047534659305321315,0.1737125664949417,0.5387368573555871,0.5357534014989459,118.10331129649329,118.10821463569762,118.10865835159544,8.440102400025353,"{""DC-1"": 324.7552790206514, ""DC-2"": 339.57627295090487, ""DC-3"": 347.4739053889649, ""DC-4"": 262.7822842375018, ""DC-5"": 299.2640713698554}"
371,412,1611.147125490886,1009,1009,0,0,1009,310,9,690,0,1000,986,14,0,53,41,12,6,0,12039.915992574297,506,384732,384732,200000,200000,0,189868,13.008567193280095,6.404737603994226,6.603829589757052,-117.8378165927329,0.014720198725950224,0.17475515604019165,0.527301724366991,0.535848445807521,118.04717800457016,118.05331521920064,118.0595252749477,8.836260600015521,"{""DC-1"": 354.5874269889043, ""DC-2"": 356.735988695319, ""DC-3"": 367.00528631210665, ""DC-4"": 241.22694569603306, ""DC-5"": 291.5914777985225}"
