job_id,cpu_request,gpu_request,duration,arrive_time
354904__sample_000000,28.0,0.2,333.0,0.8092265477818693
297678__sample_000001,8.0,0.2,1312.0,0.9058212385931314
256887__sample_000002,8.0,1.0,1069.0,2.3054610172468184
180192__sample_000003,4.0,0.5,198.0,2.7724341672459385
62536__sample_000004,2.0,1.0,718.0,3.0084521237992377
381157__sample_000005,46.0,0.2,622.0,3.0186900777288743
131728__sample_000006,8.0,1.0,33.0,3.597979846429818
346481__sample_000007,13.0,1.0,2830.0,3.801768598037956
183130__sample_000008,4.0,0.5,1584.0,4.308910369071266
175049__sample_000009,4.0,0.5,705.0,4.758499343404999
360916__sample_000010,13.0,1.0,320.0,5.205949014412727
381244__sample_000011,112.0,0.8,489.0,5.505425045691805
442562__sample_000012,56.0,0.4,12.0,5.591546408437937
646__sample_000013,4.0,0.1,1119.0,5.6939750361031045
299839__sample_000014,8.0,1.0,2009.0,5.7861869376559625
200534__sample_000015,8.0,1.0,121.0,5.791249349335385
135820__sample_000016,8.0,1.0,4465.0,6.009658299416718
456512__sample_000017,96.0,0.8,380.0,6.309681443660352
384061__sample_000018,184.0,0.8,1236.0,6.790489250079301
458516__sample_000019,84.0,0.8,267.0,6.828243068238679
76829__sample_000020,2.0,1.0,4236.0,7.024659116398851
145186__sample_000021,8.0,1.0,20.0,7.026669210912679
312823__sample_000022,12.0,1.0,1506.0,7.051650165605141
52135__sample_000023,2.0,1.0,164.0,7.065584307122324
110934__sample_000024,8.0,1.0,24.0,7.3887653069804795
102913__sample_000025,4.0,1.0,978.0,7.409898800110968
50947__sample_000026,2.0,0.2,607.0,7.7249931300322405
237832__sample_000027,20.0,1.0,389.0,7.796788580904227
318429__sample_000028,4.0,0.8,103.0,8.322134635037274
235224__sample_000029,8.0,1.0,78.0,8.741496900231049
261946__sample_000030,8.0,1.0,2410.0,9.53300974231748
106699__sample_000031,4.0,1.0,1439.0,10.071038641976312
82883__sample_000032,2.0,1.0,1344.0,10.748036514369055
93820__sample_000033,2.0,1.0,109.0,11.237329034471577
78395__sample_000034,2.0,1.0,566.0,11.532867104901438
58028__sample_000035,2.0,1.0,1811.0,11.579527569507018
46037__sample_000036,2.0,0.2,691.0,11.658790707420396
197620__sample_000037,8.0,1.0,40.0,11.718585747615942
264025__sample_000038,8.0,0.2,626.0,11.94990965352412
302195__sample_000039,8.0,1.0,1852.0,12.125013001422747
305341__sample_000040,8.0,1.0,1854.0,12.62951495495216
407691__sample_000041,112.0,0.8,298.0,13.392182830202852
319289__sample_000042,4.0,0.8,689.0,13.52192243558388
402328__sample_000043,13.0,1.0,3578.0,13.698404844514139
216095__sample_000044,8.0,1.0,9.0,14.58801116436829
396201__sample_000045,112.0,0.8,1296.0,14.66883465710191
389923__sample_000046,112.0,0.8,354.0,15.061859080599358
466441__sample_000047,8.0,1.0,40.0,15.125659542836866
199170__sample_000048,8.0,1.0,737.0,15.411661439215814
310968__sample_000049,4.0,1.0,912.0,15.484790080970537
165642__sample_000050,4.0,0.3,980.0,16.022757419207966
316484__sample_000051,4.0,1.0,4571.0,16.228843711480124
143690__sample_000052,8.0,1.0,19.0,16.280272059988878
116236__sample_000053,8.0,1.0,3965.0,16.34379171345875
99931__sample_000054,4.0,1.0,1784.0,16.514021868933753
88871__sample_000055,2.0,1.0,53.0,17.328959511465143
371922__sample_000056,28.0,0.2,259.0,17.695989853933828
46373__sample_000057,2.0,0.2,160.0,17.8634987559425
46843__sample_000058,2.0,0.2,603.0,17.96651514596445
81019__sample_000059,2.0,1.0,529.0,18.165736007387036
90170__sample_000060,2.0,1.0,156.0,18.510675781455443
321112__sample_000061,20.0,1.0,1844.0,18.893712360686013
404345__sample_000062,14.0,1.0,290.0,18.991828160089465
171513__sample_000063,4.0,0.5,389.0,19.31110678858272
389288__sample_000064,112.0,0.8,995.0,19.5791885711637
162788__sample_000065,16.0,1.0,128.0,20.378420020891355
37723__sample_000066,4.0,1.0,61.0,21.047159568236808
315134__sample_000067,4.0,1.0,1778.0,21.436583697005975
135316__sample_000068,8.0,1.0,14.0,21.75787461160574
166945__sample_000069,4.0,0.3,1247.0,21.837940249578814
113683__sample_000070,8.0,1.0,349.0,22.30558452264501
176848__sample_000071,4.0,0.5,109.0,22.44502264925038
182280__sample_000072,4.0,0.5,204.0,22.524468824479122
440005__sample_000073,14.0,1.0,155.0,22.64566115453189
130397__sample_000074,8.0,1.0,12.0,23.097535048267712
107352__sample_000075,8.0,1.0,1129.0,23.13776310807847
1226__sample_000076,4.0,0.1,790.0,23.290037577638024
160523__sample_000077,8.0,1.0,36.0,23.459532079016828
60615__sample_000078,2.0,1.0,187.0,23.468861431788106
87714__sample_000079,2.0,1.0,30.0,23.52332147579744
244403__sample_000080,8.0,1.0,1802.0,23.961565460688238
280917__sample_000081,8.0,1.0,1370.0,24.405685738583262
304882__sample_000082,8.0,1.0,1991.0,24.492160147055376
231815__sample_000083,4.0,1.0,2719.0,25.011815086110733
159102__sample_000084,8.0,1.0,71.0,25.381179606431438
250777__sample_000085,20.0,1.0,1932.0,25.516461076764703
282849__sample_000086,8.0,1.0,1232.0,25.86144606944221
134432__sample_000087,8.0,1.0,4109.0,26.67464880506474
53725__sample_000088,2.0,1.0,101.0,26.828218811989977
466270__sample_000089,8.0,1.0,929.0,26.896311182688194
317142__sample_000090,4.0,0.8,151.0,27.60734955030234
100664__sample_000091,4.0,1.0,1857.0,27.83877343534585
155628__sample_000092,8.0,1.0,30.0,27.86658040422886
156968__sample_000093,8.0,1.0,94.0,28.079137584603856
70159__sample_000094,2.0,1.0,1276.0,28.252714993315056
348609__sample_000095,104.0,0.8,2697.0,28.736487779476768
384472__sample_000096,112.0,0.8,432.0,28.925613481082497
128369__sample_000097,8.0,1.0,406.0,28.999284256505188
99133__sample_000098,4.0,1.0,1649.0,29.28076270596923
165423__sample_000099,4.0,0.3,103.0,29.476298538829976
253351__sample_000100,4.0,1.0,1745.0,29.542630205028118
123360__sample_000101,8.0,1.0,3139.0,29.755740890316
106930__sample_000102,4.0,1.0,912.0,30.186582393700277
291157__sample_000103,8.0,1.0,1087.0,30.19382914645054
343526__sample_000104,112.0,0.8,1643.0,30.442967903223934
257908__sample_000105,8.0,1.0,958.0,30.55050414304855
77413__sample_000106,2.0,1.0,112.0,30.6370691442966
352363__sample_000107,184.0,0.8,31.0,30.76170603410647
181061__sample_000108,4.0,0.5,152.0,30.866352232205447
285081__sample_000109,8.0,1.0,997.0,31.312656124101473
118366__sample_000110,8.0,1.0,416.0,31.392982319428544
276751__sample_000111,8.0,1.0,760.0,31.72325229571041
308539__sample_000112,8.0,0.2,1964.0,31.747947796175758
28772__sample_000113,80.0,0.8,3590.0,32.50396207383145
354425__sample_000114,112.0,0.8,278.0,32.747386848601046
156617__sample_000115,8.0,1.0,2910.0,33.05404250936002
444600__sample_000116,10.0,1.0,1017.0,33.142511985647666
314678__sample_000117,4.0,1.0,1694.0,33.27531012991465
15393__sample_000118,48.0,1.0,2884.0,33.33863943363168
402335__sample_000119,184.0,0.8,421.0,34.01268004076492
413523__sample_000120,48.0,1.0,500.0,34.18008870901441
33595__sample_000121,8.0,1.0,1347.0,34.428954741701034
412564__sample_000122,48.0,1.0,2161.0,34.760275282864406
382753__sample_000123,56.0,0.4,3623.0,34.876223458565015
81664__sample_000124,2.0,1.0,31.0,35.19455565697944
148534__sample_000125,8.0,1.0,30.0,35.47630280290296
165347__sample_000126,4.0,0.3,2826.0,35.78205716643572
96901__sample_000127,2.0,1.0,605.0,35.95001608957772
95399__sample_000128,2.0,1.0,132.0,36.07071228279134
261708__sample_000129,8.0,1.0,1116.0,36.13349588298023
169385__sample_000130,4.0,0.5,184.0,36.568704996567874
63214__sample_000131,2.0,1.0,103.0,36.80305170006243
63264__sample_000132,2.0,1.0,208.0,36.9499568579779
59664__sample_000133,2.0,1.0,203.0,37.67053948209413
105800__sample_000134,4.0,1.0,955.0,37.68279471807649
145592__sample_000135,8.0,1.0,16.0,38.15736145401618
388139__sample_000136,184.0,0.8,995.0,39.66362639864635
217744__sample_000137,8.0,1.0,56.0,40.20859022324013
121550__sample_000138,8.0,1.0,3669.0,40.624348140712264
191074__sample_000139,12.0,1.0,3180.0,40.741571599398675
288741__sample_000140,8.0,0.2,3795.0,40.8073398375158
46942__sample_000141,2.0,0.2,27.0,41.1392052221256
352397__sample_000142,184.0,0.8,40.0,41.230013381184214
192006__sample_000143,120.0,0.8,3061.0,41.278421608231056
179269__sample_000144,4.0,0.5,87.0,41.66448153441497
1062__sample_000145,4.0,0.1,277.0,41.75817077081991
346034__sample_000146,184.0,0.8,2101.0,42.37281017299722
137822__sample_000147,8.0,1.0,13.0,42.83194600592534
190700__sample_000148,15.0,1.0,953.0,43.302323830944324
139693__sample_000149,8.0,1.0,29.0,43.67145489646114
137694__sample_000150,8.0,1.0,84.0,44.203363857240774
47805__sample_000151,2.0,0.2,221.0,44.61301217993561
46967__sample_000152,2.0,0.2,505.0,44.84365941316205
90337__sample_000153,2.0,1.0,29.0,44.931340696744364
457567__sample_000154,8.0,0.4,1713.0,45.47912218443162
463369__sample_000155,16.0,1.0,12.0,45.93821249454289
62__sample_000156,4.0,0.1,867.0,46.098293936178436
282228__sample_000157,8.0,0.2,587.0,46.10825962434308
186186__sample_000158,4.0,0.5,1899.0,46.36266317576828
218342__sample_000159,8.0,1.0,7.0,46.37564361548277
292101__sample_000160,8.0,1.0,1782.0,47.02751377264787
146808__sample_000161,8.0,1.0,31.0,47.84264180401363
322878__sample_000162,4.0,1.0,4473.0,47.89516474897094
61486__sample_000163,2.0,1.0,186.0,48.17721831647882
220075__sample_000164,8.0,1.0,8.0,48.20142011768041
446281__sample_000165,8.0,1.0,1688.0,48.52830655897525
386423__sample_000166,14.0,1.0,490.0,48.63496125319114
490__sample_000167,4.0,0.1,838.0,48.920641572841475
445172__sample_000168,56.0,0.4,152.0,49.03729452352194
60086__sample_000169,2.0,1.0,95.0,49.076623969676604
404896__sample_000170,14.0,1.0,2320.0,49.206889251957485
275017__sample_000171,8.0,1.0,1445.0,49.2367748268871
65700__sample_000172,2.0,1.0,107.0,49.451801624967324
276359__sample_000173,8.0,1.0,1098.0,49.462255041313746
77426__sample_000174,2.0,1.0,187.0,49.64958903490731
226472__sample_000175,8.0,1.0,22.0,50.19328798913158
48974__sample_000176,2.0,0.2,167.0,50.64813223072158
111741__sample_000177,8.0,1.0,30.0,51.18406154759589
99365__sample_000178,4.0,1.0,1700.0,51.821979626696105
112071__sample_000179,8.0,1.0,21.0,51.849580676747614
224118__sample_000180,8.0,1.0,10.0,51.884036453357595
286919__sample_000181,8.0,0.2,1707.0,52.08758667165585
462659__sample_000182,8.0,1.0,1075.0,52.64860126491931
404153__sample_000183,28.0,0.2,4332.0,53.56439889478003
256661__sample_000184,8.0,0.2,624.0,53.576240442706684
51017__sample_000185,2.0,0.2,170.0,53.686166896072535
301186__sample_000186,8.0,1.0,2168.0,53.74601506469326
219306__sample_000187,8.0,1.0,113.0,54.09862683971485
171275__sample_000188,4.0,0.5,216.0,54.354174318790335
151354__sample_000189,8.0,1.0,14.0,54.386100854453744
387148__sample_000190,13.0,1.0,1709.0,54.55128153349033
399179__sample_000191,104.0,0.8,1521.0,54.84042705915681
261184__sample_000192,8.0,1.0,741.0,55.21783130532139
106626__sample_000193,4.0,1.0,1722.0,55.22289542888586
99716__sample_000194,4.0,1.0,1683.0,55.775783655176255
210270__sample_000195,8.0,1.0,2919.0,55.98635872086595
200911__sample_000196,8.0,1.0,399.0,56.4040662213417
407925__sample_000197,14.0,1.0,739.0,56.8165505210137
446558__sample_000198,8.0,1.0,1730.0,56.8691853077531
109952__sample_000199,8.0,1.0,29.0,56.898367114878674
128041__sample_000200,8.0,1.0,3652.0,57.21776053125393
318851__sample_000201,4.0,0.8,691.0,57.26028771634093
455151__sample_000202,8.0,1.0,4447.0,57.7344635532716
264360__sample_000203,8.0,1.0,1386.0,58.05829329296284
39254__sample_000204,4.0,1.0,62.0,58.51930718484026
141111__sample_000205,8.0,1.0,15.0,58.60812355483999
242364__sample_000206,4.0,1.0,2167.0,58.703291580129566
253088__sample_000207,4.0,1.0,1787.0,58.98138437478289
120120__sample_000208,8.0,1.0,77.0,58.989372123524156
183127__sample_000209,4.0,0.5,314.0,59.31348256372445
179288__sample_000210,4.0,0.5,142.0,59.76512431035311
195390__sample_000211,4.0,1.0,2900.0,59.89923008687216
38199__sample_000212,4.0,1.0,134.0,60.261143657141595
422125__sample_000213,184.0,0.8,378.0,60.309118754152635
167809__sample_000214,4.0,0.3,1582.0,60.40636678577588
258530__sample_000215,8.0,1.0,1516.0,61.3217311414933
94552__sample_000216,2.0,1.0,33.0,62.394835648447526
730__sample_000217,4.0,0.1,306.0,62.574505774733495
252621__sample_000218,4.0,1.0,1982.0,63.255054940757134
34802__sample_000219,8.0,1.0,1450.0,63.439973523556276
259856__sample_000220,16.0,0.2,1852.0,63.5261559271933
464709__sample_000221,60.0,0.8,1583.0,63.603773974610725
312105__sample_000222,4.0,1.0,79.0,64.26682984952234
401239__sample_000223,184.0,0.8,1262.0,64.31415019629507
247448__sample_000224,8.0,1.0,2021.0,64.53080665901047
221373__sample_000225,8.0,1.0,8.0,64.73352206443799
309435__sample_000226,8.0,1.0,2585.0,65.06992697606606
262310__sample_000227,8.0,0.2,1037.0,65.24283551127397
455420__sample_000228,56.0,0.4,285.0,65.32229718599235
61028__sample_000229,2.0,1.0,162.0,65.36869786937473
372153__sample_000230,112.0,0.8,3404.0,65.61113314365856
159651__sample_000231,8.0,1.0,50.0,65.92847507276572
316006__sample_000232,4.0,1.0,3852.0,66.13918941880792
199890__sample_000233,8.0,1.0,152.0,66.47437752560909
45163__sample_000234,2.0,0.2,397.0,66.51252584961846
313226__sample_000235,4.0,1.0,2361.0,67.0477916789949
244300__sample_000236,8.0,1.0,1804.0,67.2660968006811
279937__sample_000237,8.0,1.0,1025.0,67.30000704098624
137081__sample_000238,8.0,1.0,39.0,67.45494646669715
341655__sample_000239,184.0,0.8,625.0,67.92069332600963
125925__sample_000240,8.0,1.0,21.0,68.49031818349887
75702__sample_000241,2.0,1.0,3953.0,68.56717019087026
215206__sample_000242,8.0,1.0,10.0,68.87773239658026
309261__sample_000243,8.0,1.0,1911.0,68.90406842760713
54658__sample_000244,2.0,1.0,418.0,68.91259878831414
396487__sample_000245,112.0,0.8,1266.0,69.11807070746666
66213__sample_000246,2.0,1.0,499.0,69.41479029457317
15137__sample_000247,48.0,1.0,4269.0,69.81193789352707
196499__sample_000248,8.0,1.0,109.0,69.91589867644424
256754__sample_000249,8.0,1.0,1362.0,69.9175353749429
175893__sample_000250,4.0,0.5,28.0,70.0807859625723
259229__sample_000251,16.0,0.2,2450.0,70.0847811018229
293359__sample_000252,8.0,1.0,1307.0,70.10890456227133
45849__sample_000253,2.0,0.2,181.0,70.20779155716784
11723__sample_000254,4.0,1.0,2017.0,70.35148688011567
384619__sample_000255,184.0,0.8,2303.0,70.43342874290543
52300__sample_000256,2.0,1.0,408.0,70.65141663526995
356039__sample_000257,112.0,0.8,1370.0,70.6656517771026
110049__sample_000258,8.0,1.0,3097.0,70.70469236806599
289036__sample_000259,8.0,1.0,1006.0,71.00176513733005
43815__sample_000260,4.0,0.3,157.0,71.04009397683087
269921__sample_000261,8.0,1.0,466.0,71.29535072741372
67521__sample_000262,2.0,1.0,105.0,71.30940989554195
383495__sample_000263,184.0,0.8,284.0,71.44021133071122
228339__sample_000264,8.0,1.0,8.0,71.4890355146306
221013__sample_000265,8.0,1.0,16.0,71.51806682173823
41509__sample_000266,4.0,0.3,220.0,71.72734013831821
440822__sample_000267,8.0,1.0,1734.0,72.38628103033996
204427__sample_000268,8.0,1.0,1121.0,72.40036728803055
356563__sample_000269,112.0,0.8,821.0,72.53721991569921
180303__sample_000270,4.0,0.5,775.0,72.84457285928305
152866__sample_000271,8.0,1.0,2891.0,72.9998668678722
35387__sample_000272,4.0,1.0,1047.0,73.41048107196502
180979__sample_000273,4.0,0.5,77.0,73.4599856946185
138690__sample_000274,8.0,1.0,997.0,74.26218121071703
120782__sample_000275,8.0,1.0,15.0,74.38378058110386
45302__sample_000276,2.0,0.2,200.0,74.48825470814893
434680__sample_000277,12.0,1.0,281.0,75.00732792315146
410870__sample_000278,16.0,1.0,2720.0,75.21477995050209
444067__sample_000279,15.0,1.0,3284.0,75.39642716443335
423420__sample_000280,12.0,1.0,645.0,75.72097781598825
259844__sample_000281,8.0,1.0,2458.0,75.9377543096901
21668__sample_000282,4.0,1.0,2286.0,75.9820924836312
319941__sample_000283,4.0,0.8,118.0,76.26245855526601
334674__sample_000284,12.0,1.0,4511.0,76.298272869027
63850__sample_000285,2.0,1.0,646.0,76.70806384680766
356616__sample_000286,56.0,0.4,142.0,77.85285656861211
64188__sample_000287,2.0,1.0,108.0,77.97131435481376
295829__sample_000288,8.0,0.2,1864.0,78.11840121453127
358211__sample_000289,14.0,1.0,377.0,78.13028778362519
297587__sample_000290,8.0,1.0,1088.0,78.133744873791
389959__sample_000291,28.0,0.2,4316.0,78.76965227394116
164728__sample_000292,4.0,0.3,1016.0,78.80407271817249
289001__sample_000293,8.0,0.2,625.0,78.95162054300413
460546__sample_000294,8.0,1.0,1383.0,79.37395008780067
393070__sample_000295,112.0,0.8,2337.0,79.92422531780294
162132__sample_000296,8.0,1.0,1374.0,80.10740410264934
108756__sample_000297,8.0,1.0,52.0,80.31552510783648
186907__sample_000298,4.0,0.5,455.0,80.59245146373209
285648__sample_000299,8.0,1.0,730.0,81.40596370479403
41379__sample_000300,4.0,0.3,13.0,81.63671070755079
6226__sample_000301,4.0,0.5,492.0,81.84165787517536
21635__sample_000302,4.0,1.0,2003.0,81.84531807280014
50715__sample_000303,2.0,0.2,37.0,81.86642167952986
140397__sample_000304,8.0,1.0,13.0,82.08161890927212
152360__sample_000305,8.0,1.0,473.0,82.76977774097583
282887__sample_000306,16.0,0.2,2242.0,83.27354977864414
404160__sample_000307,184.0,0.8,1139.0,84.28606839952751
382207__sample_000308,28.0,0.2,303.0,84.47367458449312
176864__sample_000309,4.0,0.5,50.0,84.86138540831139
273238__sample_000310,8.0,0.2,1021.0,85.32015707605376
151915__sample_000311,8.0,1.0,41.0,85.58121058681064
182630__sample_000312,4.0,0.5,308.0,85.68461637454925
247055__sample_000313,8.0,1.0,1812.0,85.84332577053397
325572__sample_000314,12.0,1.0,901.0,86.33116186892316
284531__sample_000315,8.0,1.0,2330.0,86.41981254418911
1567__sample_000316,4.0,0.1,512.0,87.06322449063983
86569__sample_000317,2.0,1.0,34.0,87.12850281341746
383080__sample_000318,104.0,0.8,612.0,87.47459328596055
309561__sample_000319,8.0,0.4,2192.0,87.72353450118693
66323__sample_000320,2.0,1.0,104.0,88.06970785314014
301590__sample_000321,8.0,1.0,2250.0,88.2134811529578
243160__sample_000322,8.0,1.0,1997.0,88.88791107381529
12206__sample_000323,4.0,1.0,1650.0,89.13815015468857
429351__sample_000324,12.0,1.0,717.0,89.22317338212119
364305__sample_000325,112.0,0.8,1805.0,89.47751562192619
333450__sample_000326,12.0,1.0,4175.0,89.56201949014815
232683__sample_000327,4.0,1.0,48.0,89.648924361509
425153__sample_000328,12.0,1.0,25.0,89.77646353657067
423211__sample_000329,28.0,0.2,300.0,90.25482740385692
94194__sample_000330,2.0,1.0,1704.0,90.42826318057611
415877__sample_000331,92.0,0.4,3090.0,90.71226450578689
373876__sample_000332,46.0,0.2,796.0,90.836646340703
100734__sample_000333,4.0,1.0,2149.0,90.91314364487243
276117__sample_000334,8.0,1.0,1347.0,91.68642568554637
423336__sample_000335,12.0,1.0,2075.0,91.91774672796669
152971__sample_000336,8.0,1.0,28.0,92.59708760657227
101160__sample_000337,4.0,1.0,938.0,92.65394233919345
347893__sample_000338,26.0,0.2,1037.0,92.69366025520739
243035__sample_000339,8.0,1.0,1786.0,93.17783848604876
205125__sample_000340,64.0,1.0,997.0,93.46341465812155
250396__sample_000341,20.0,1.0,1712.0,93.51504112129183
76215__sample_000342,2.0,1.0,3142.0,93.59349962301884
418171__sample_000343,12.0,1.0,1856.0,93.99669040864768
227055__sample_000344,8.0,1.0,9.0,94.14791433601373
406831__sample_000345,52.0,0.4,1565.0,94.42548980247551
67487__sample_000346,2.0,1.0,136.0,94.52130028144691
387212__sample_000347,184.0,0.8,702.0,94.641305672964
104948__sample_000348,4.0,1.0,1495.0,95.81107871821445
252789__sample_000349,4.0,1.0,2095.0,95.88220619122445
220568__sample_000350,8.0,1.0,9.0,96.05874219846257
180687__sample_000351,4.0,0.5,29.0,96.52386263006666
37748__sample_000352,4.0,1.0,107.0,96.59221645016555
98507__sample_000353,4.0,1.0,1771.0,96.72634367380687
263933__sample_000354,8.0,1.0,916.0,96.9650309445222
20611__sample_000355,12.0,1.0,554.0,97.1290844416402
139561__sample_000356,8.0,1.0,30.0,97.28290065048552
269685__sample_000357,8.0,0.2,3025.0,97.39545471720679
226001__sample_000358,8.0,1.0,9.0,97.6163176430232
352337__sample_000359,104.0,0.8,553.0,97.86110710428707
316233__sample_000360,4.0,1.0,3818.0,98.1259234190796
53490__sample_000361,2.0,1.0,125.0,98.14416506561534
304462__sample_000362,8.0,0.2,1655.0,98.3934278796995
247473__sample_000363,8.0,1.0,2785.0,99.15909458224412
153992__sample_000364,8.0,1.0,30.0,99.35376335259787
165978__sample_000365,4.0,0.3,1995.0,99.66781427002468
124392__sample_000366,8.0,1.0,43.0,99.87120962502757
460584__sample_000367,8.0,1.0,66.0,100.35351819935977
254407__sample_000368,8.0,1.0,2225.0,101.01684867713185
312686__sample_000369,12.0,1.0,1692.0,101.06775128832368
56124__sample_000370,2.0,1.0,2110.0,101.21130805802892
371186__sample_000371,13.0,1.0,2360.0,101.3358603205435
150704__sample_000372,8.0,1.0,44.0,101.4657491931874
80732__sample_000373,2.0,1.0,574.0,101.49928185228632
72716__sample_000374,2.0,1.0,177.0,101.91926803907108
167831__sample_000375,4.0,0.3,622.0,101.928373420888
93997__sample_000376,2.0,1.0,100.0,102.11618754833772
88654__sample_000377,2.0,1.0,116.0,102.38727496071942
44315__sample_000378,2.0,0.2,185.0,102.4454060132221
85942__sample_000379,2.0,1.0,573.0,103.03612302927945
338456__sample_000380,8.0,0.3,977.0,103.49201174683098
54792__sample_000381,2.0,1.0,221.0,103.65124303144319
9320__sample_000382,4.0,1.0,2911.0,103.78363852733548
245742__sample_000383,8.0,1.0,1788.0,103.85112130829773
164803__sample_000384,4.0,0.3,382.0,104.1784483648955
431256__sample_000385,16.0,1.0,934.0,104.21376547643528
40377__sample_000386,4.0,0.3,34.0,104.49880986145958
27582__sample_000387,20.0,0.8,1215.0,104.9608240499577
117329__sample_000388,8.0,1.0,1046.0,105.02566949126656
93148__sample_000389,2.0,1.0,45.0,105.52894702887542
106399__sample_000390,4.0,1.0,950.0,105.53741979597346
178053__sample_000391,4.0,0.5,243.0,106.1472713698563
193640__sample_000392,4.0,1.0,1309.0,106.17876486898255
46813__sample_000393,2.0,0.2,1257.0,106.43820944618979
218449__sample_000394,8.0,1.0,9.0,106.51015745545219
182316__sample_000395,4.0,0.5,156.0,106.96297314927303
364085__sample_000396,56.0,0.4,823.0,107.14248703834858
140436__sample_000397,8.0,1.0,23.0,107.17881319953423
117513__sample_000398,8.0,1.0,3313.0,107.39038287778132
136117__sample_000399,8.0,1.0,25.0,107.5213954703237
151738__sample_000400,8.0,1.0,22.0,107.79216472978395
418481__sample_000401,12.0,1.0,2333.0,108.3262275721773
149219__sample_000402,8.0,1.0,14.0,108.45787704888569
194780__sample_000403,4.0,1.0,459.0,108.54345761540374
117526__sample_000404,8.0,1.0,30.0,108.54711298268505
44263__sample_000405,4.0,0.3,15.0,108.76093484451309
337028__sample_000406,12.0,1.0,4332.0,108.8895908714965
140614__sample_000407,8.0,1.0,20.0,109.00695150577427
421333__sample_000408,184.0,0.8,274.0,109.05746076105947
195357__sample_000409,4.0,1.0,1809.0,109.1980147659831
465271__sample_000410,14.0,1.0,3225.0,110.23880909591924
160144__sample_000411,8.0,1.0,13.0,110.32717702787446
224189__sample_000412,8.0,1.0,13.0,110.55606503744838
82704__sample_000413,2.0,1.0,33.0,110.9306363299676
82739__sample_000414,2.0,1.0,34.0,111.27636915877001
369444__sample_000415,14.0,1.0,278.0,111.3760316128445
223606__sample_000416,8.0,1.0,8.0,111.61198569223399
317792__sample_000417,4.0,0.8,575.0,112.12448489380759
143591__sample_000418,8.0,1.0,2975.0,112.12837688939815
432936__sample_000419,28.0,0.2,562.0,112.27143442436423
278692__sample_000420,8.0,1.0,2612.0,112.33492321535962
418968__sample_000421,12.0,1.0,1125.0,112.45793738655662
359237__sample_000422,160.0,0.8,622.0,112.59239651199394
113195__sample_000423,8.0,1.0,49.0,112.93566303718815
318973__sample_000424,4.0,0.8,120.0,112.96029288304543
381684__sample_000425,112.0,0.8,2710.0,113.13995216113204
197408__sample_000426,8.0,1.0,1872.0,113.34759213754336
257525__sample_000427,8.0,1.0,1007.0,113.5179746694637
220872__sample_000428,8.0,1.0,827.0,113.84704853794801
343150__sample_000429,184.0,0.8,286.0,113.96809091359079
172358__sample_000430,4.0,0.5,143.0,114.69304677110999
385410__sample_000431,160.0,0.8,1023.0,114.85739693464481
50084__sample_000432,2.0,0.2,377.0,115.06909621169957
371679__sample_000433,112.0,0.8,507.0,115.50559800945764
113565__sample_000434,8.0,1.0,2389.0,115.58607534458778
226765__sample_000435,8.0,1.0,9.0,115.60562033828724
63590__sample_000436,2.0,1.0,115.0,115.91318582581289
101303__sample_000437,4.0,1.0,1830.0,116.0781196598541
38313__sample_000438,4.0,1.0,67.0,116.64517584465104
280215__sample_000439,8.0,1.0,3252.0,117.65914989188238
267281__sample_000440,8.0,0.2,1936.0,117.78648546906066
459722__sample_000441,8.0,1.0,228.0,117.92070901121753
377884__sample_000442,56.0,0.4,2648.0,118.05175537975343
175711__sample_000443,4.0,0.5,209.0,118.14985093675816
9165__sample_000444,4.0,1.0,2004.0,118.53030741524557
360438__sample_000445,23.0,1.0,454.0,118.88604260590058
110199__sample_000446,8.0,1.0,357.0,119.0488735656536
294560__sample_000447,8.0,1.0,443.0,119.06029587919411
296940__sample_000448,8.0,0.2,592.0,119.15290217714646
101762__sample_000449,4.0,1.0,945.0,119.23933700434078
71588__sample_000450,2.0,1.0,169.0,119.65595450199304
118898__sample_000451,8.0,1.0,22.0,119.67886700627739
383555__sample_000452,112.0,0.8,1185.0,120.08842330988449
137647__sample_000453,8.0,1.0,29.0,120.3649712844012
40000__sample_000454,12.0,1.0,831.0,120.69457550745541
39871__sample_000455,4.0,1.0,32.0,120.836077822698
93184__sample_000456,2.0,1.0,65.0,121.1207222633511
455531__sample_000457,28.0,0.2,610.0,121.35550270063119
80562__sample_000458,2.0,1.0,193.0,121.72181565992979
349364__sample_000459,184.0,0.8,352.0,121.86981094780914
69593__sample_000460,2.0,1.0,384.0,122.0298669234643
148298__sample_000461,8.0,1.0,30.0,122.28777564109303
416423__sample_000462,92.0,0.4,3626.0,122.31636964771396
299112__sample_000463,8.0,1.0,1424.0,122.4596532828447
154136__sample_000464,8.0,1.0,110.0,123.35310247822142
344963__sample_000465,60.0,0.4,673.0,123.36267137142183
301623__sample_000466,8.0,0.2,1679.0,123.45762243796153
86228__sample_000467,2.0,1.0,138.0,123.55188187551342
368353__sample_000468,13.0,1.0,1709.0,123.80279659084272
217898__sample_000469,8.0,1.0,10.0,123.83075314512593
214553__sample_000470,8.0,1.0,10.0,124.07833438105837
54162__sample_000471,2.0,1.0,92.0,124.10330058132817
138600__sample_000472,8.0,1.0,1034.0,124.12824286089605
410420__sample_000473,16.0,1.0,1860.0,124.45389974772336
85402__sample_000474,2.0,1.0,188.0,124.55184029377966
196657__sample_000475,8.0,1.0,1146.0,125.49954561230994
245309__sample_000476,8.0,1.0,1954.0,125.5090627201045
129773__sample_000477,8.0,1.0,24.0,125.65630756275081
186133__sample_000478,4.0,0.5,343.0,125.68632345374299
280603__sample_000479,8.0,1.0,1441.0,125.79455011798164
197480__sample_000480,8.0,1.0,211.0,127.3776800204622
39147__sample_000481,4.0,1.0,162.0,127.92688183797914
85771__sample_000482,2.0,1.0,318.0,127.93926460494639
214353__sample_000483,8.0,1.0,12.0,128.14636653252413
141779__sample_000484,8.0,1.0,14.0,128.4072713862544
51468__sample_000485,2.0,0.2,51.0,128.4660547420932
69386__sample_000486,2.0,1.0,338.0,128.50524906592472
385641__sample_000487,112.0,0.8,380.0,129.0920953514893
196412__sample_000488,8.0,1.0,303.0,129.9590614249107
199704__sample_000489,8.0,1.0,682.0,131.16281387328118
198840__sample_000490,8.0,1.0,1099.0,131.5526923683899
127733__sample_000491,8.0,1.0,87.0,131.82498318831716
360043__sample_000492,28.0,0.2,1139.0,131.93104207685266
62273__sample_000493,2.0,1.0,110.0,131.97804600499308
230169__sample_000494,4.0,1.0,2671.0,131.99861454954302
358515__sample_000495,184.0,0.8,536.0,132.29408378806045
104779__sample_000496,4.0,1.0,915.0,132.67804169720657
61570__sample_000497,2.0,1.0,531.0,133.1158693428177
264532__sample_000498,8.0,1.0,725.0,133.72853914020527
252902__sample_000499,4.0,1.0,1830.0,134.25845832488508
5550__sample_000500,4.0,0.5,41.0,136.32339188455978
303421__sample_000501,8.0,0.8,1562.0,136.3933415288045
151636__sample_000502,8.0,1.0,43.0,136.75359001265485
326742__sample_000503,120.0,0.8,3249.0,136.9743399763702
253576__sample_000504,4.0,1.0,1895.0,137.05003725671725
42940__sample_000505,4.0,0.3,16.0,138.05307161495566
219034__sample_000506,8.0,1.0,10.0,138.6235176128401
201051__sample_000507,8.0,1.0,136.0,138.65790696106305
127024__sample_000508,8.0,1.0,60.0,138.66453360048203
382297__sample_000509,23.0,1.0,555.0,138.95598679778092
218279__sample_000510,8.0,1.0,12.0,139.18765454603013
425221__sample_000511,12.0,1.0,3810.0,139.8741534120606
220705__sample_000512,8.0,1.0,9.0,139.94079841495147
52211__sample_000513,2.0,1.0,166.0,139.9628390469321
432907__sample_000514,56.0,0.4,3365.0,140.03785037063224
136791__sample_000515,8.0,1.0,14.0,140.04262763592985
367162__sample_000516,18.0,1.0,545.0,140.05176582008147
87953__sample_000517,2.0,1.0,124.0,140.66762395724706
409727__sample_000518,112.0,0.8,3326.0,140.77609650055655
370887__sample_000519,184.0,0.8,565.0,140.90834771834983
306356__sample_000520,8.0,1.0,2317.0,140.9129833456517
51415__sample_000521,2.0,0.2,33.0,140.99183978759328
465393__sample_000522,8.0,1.0,1713.0,141.40017766139874
200346__sample_000523,8.0,1.0,644.0,141.63912465599694
82487__sample_000524,2.0,1.0,29.0,141.9895077247527
135887__sample_000525,8.0,1.0,223.0,142.13770369064164
75036__sample_000526,2.0,1.0,845.0,142.23037152217358
108460__sample_000527,8.0,1.0,15.0,142.39520780907466
156389__sample_000528,8.0,1.0,30.0,142.49275505584185
391536__sample_000529,56.0,0.4,2843.0,142.9492979074285
451648__sample_000530,14.0,1.0,250.0,143.03763720501254
280244__sample_000531,8.0,1.0,1038.0,143.3071658869516
200697__sample_000532,8.0,1.0,885.0,143.34399588401104
209249__sample_000533,32.0,1.0,347.0,143.63427729445982
360603__sample_000534,112.0,0.8,1406.0,144.24560181165697
6626__sample_000535,4.0,0.5,413.0,144.4800973582103
309739__sample_000536,8.0,1.0,2195.0,144.6852603392938
179422__sample_000537,4.0,0.5,167.0,145.4970680276972
293345__sample_000538,8.0,1.0,447.0,145.74387817166345
77373__sample_000539,2.0,1.0,48.0,145.81900261032524
160720__sample_000540,8.0,1.0,3367.0,145.9054685181825
164126__sample_000541,4.0,0.3,380.0,146.21092350055386
247306__sample_000542,8.0,1.0,2029.0,146.5433420844983
1357__sample_000543,4.0,0.1,800.0,146.63376260339012
242832__sample_000544,8.0,1.0,2060.0,146.73967393799754
292634__sample_000545,8.0,0.2,1600.0,147.9188812491664
261808__sample_000546,8.0,1.0,1369.0,147.94576434215762
113555__sample_000547,8.0,1.0,14.0,148.0754137072749
30538__sample_000548,20.0,0.8,634.0,148.09153434627015
87756__sample_000549,2.0,1.0,92.0,148.52173618265016
143990__sample_000550,8.0,1.0,29.0,148.54595914585764
376900__sample_000551,13.0,1.0,1024.0,148.8261792617843
216207__sample_000552,8.0,1.0,10.0,148.84071459821033
264289__sample_000553,16.0,0.2,1782.0,149.12005257242708
367953__sample_000554,184.0,0.8,1494.0,149.5829887804466
267662__sample_000555,8.0,1.0,1070.0,149.7102046375311
270581__sample_000556,16.0,0.2,3475.0,149.89480694056178
127021__sample_000557,8.0,1.0,50.0,150.02315656408734
410687__sample_000558,16.0,1.0,2448.0,150.11249991769498
309111__sample_000559,8.0,1.0,1925.0,150.51897229367648
154126__sample_000560,8.0,1.0,40.0,150.5983367352106
127026__sample_000561,8.0,1.0,3953.0,150.9192201226027
300521__sample_000562,8.0,1.0,1987.0,150.976950137401
107561__sample_000563,8.0,1.0,100.0,151.0488219256229
306828__sample_000564,8.0,0.2,129.0,151.15136389881076
177196__sample_000565,4.0,0.5,778.0,151.3737495531017
263635__sample_000566,8.0,1.0,251.0,151.52522707331173
376703__sample_000567,92.0,0.4,1122.0,151.86699201751355
69010__sample_000568,2.0,1.0,116.0,151.92705404990082
384637__sample_000569,56.0,0.4,480.0,151.92973646119256
440500__sample_000570,14.0,1.0,877.0,152.30438672180475
68628__sample_000571,2.0,1.0,330.0,152.73538762987508
353279__sample_000572,28.0,0.2,866.0,152.75071826452668
418791__sample_000573,12.0,1.0,1376.0,152.98670282237092
65654__sample_000574,2.0,1.0,131.0,153.10548974523928
295950__sample_000575,8.0,1.0,991.0,153.50033292280244
351256__sample_000576,104.0,0.8,1050.0,154.01902515005816
111758__sample_000577,8.0,1.0,14.0,154.49498371352684
380141__sample_000578,112.0,0.8,4127.0,154.87035867218293
358333__sample_000579,112.0,0.8,617.0,154.9487119897161
87127__sample_000580,2.0,1.0,258.0,155.3663936112347
115929__sample_000581,8.0,1.0,118.0,155.5570063912904
157872__sample_000582,8.0,1.0,23.0,155.57055619436628
155047__sample_000583,8.0,1.0,31.0,155.7231895318913
68127__sample_000584,2.0,1.0,882.0,156.43569920418105
444214__sample_000585,16.0,1.0,490.0,156.98269955158585
139078__sample_000586,8.0,1.0,3436.0,157.00966943997233
76968__sample_000587,2.0,1.0,744.0,157.35043764573757
96388__sample_000588,2.0,1.0,403.0,157.76014514280263
38270__sample_000589,4.0,1.0,66.0,157.8392986885403
142146__sample_000590,8.0,1.0,15.0,157.99877817020072
43310__sample_000591,4.0,0.3,20.0,158.30909988687597
245032__sample_000592,8.0,1.0,1776.0,158.453626969704
204701__sample_000593,4.0,1.0,100.0,158.4835473122236
184409__sample_000594,4.0,0.5,310.0,158.78949124810862
311052__sample_000595,4.0,1.0,910.0,159.39607151606648
228561__sample_000596,8.0,1.0,9.0,159.66030818304407
222466__sample_000597,8.0,1.0,10.0,160.0318929392014
347487__sample_000598,28.0,0.2,388.0,160.14282589722143
253836__sample_000599,8.0,1.0,31.0,160.1934156131365
89367__sample_000600,2.0,1.0,63.0,160.45076203739325
12892__sample_000601,4.0,1.0,2096.0,160.55005116961993
120080__sample_000602,8.0,1.0,33.0,161.04171070210649
365335__sample_000603,112.0,0.8,452.0,161.07441676715428
151169__sample_000604,8.0,1.0,14.0,161.21647029776076
404608__sample_000605,112.0,0.8,509.0,161.3428169086963
180755__sample_000606,4.0,0.5,170.0,162.03818937797183
246141__sample_000607,8.0,1.0,1993.0,162.07974281488444
253282__sample_000608,4.0,1.0,1960.0,162.08221672128735
264781__sample_000609,8.0,1.0,1509.0,162.15019686063224
118952__sample_000610,8.0,1.0,34.0,162.579281291138
382409__sample_000611,112.0,0.8,15.0,162.63799735140992
40781__sample_000612,4.0,0.3,53.0,162.70689556656254
323390__sample_000613,4.0,1.0,2610.0,162.7416820059309
215619__sample_000614,8.0,1.0,7.0,163.05588145817975
120956__sample_000615,8.0,1.0,71.0,163.07380223809125
262796__sample_000616,8.0,1.0,1034.0,163.1743728958556
178893__sample_000617,4.0,0.5,533.0,163.25736803500703
126812__sample_000618,8.0,1.0,3520.0,163.45987803615708
81460__sample_000619,2.0,1.0,33.0,163.78759709414604
276892__sample_000620,8.0,1.0,3081.0,163.97788745977476
261213__sample_000621,8.0,0.2,1516.0,164.6463938485601
17983__sample_000622,32.0,1.0,492.0,165.40264621769194
23013__sample_000623,80.0,0.8,2142.0,165.51479104356534
383803__sample_000624,184.0,0.8,382.0,165.89070084007574
396919__sample_000625,112.0,0.8,1157.0,166.22631938442922
464579__sample_000626,8.0,0.4,216.0,166.78496827958304
387493__sample_000627,92.0,0.4,1421.0,166.93349456379403
335816__sample_000628,12.0,1.0,1213.0,167.12250203196768
162126__sample_000629,8.0,1.0,156.0,167.25686901233257
413466__sample_000630,48.0,1.0,2161.0,167.7317779979791
21725__sample_000631,4.0,1.0,2002.0,167.7970225568342
365181__sample_000632,184.0,0.8,507.0,167.8655360886246
138915__sample_000633,8.0,1.0,42.0,167.982080868061
274638__sample_000634,8.0,1.0,2114.0,168.04753339300552
364796__sample_000635,14.0,1.0,316.0,168.25335125268737
6337__sample_000636,4.0,0.5,845.0,168.28946037105268
449579__sample_000637,15.0,1.0,2160.0,168.38594446364795
122186__sample_000638,8.0,1.0,33.0,168.99768739998373
262621__sample_000639,8.0,1.0,1056.0,169.12926761436916
28207__sample_000640,4.0,1.0,1131.0,169.47408113142367
86949__sample_000641,2.0,1.0,37.0,169.50418900778072
135182__sample_000642,8.0,1.0,29.0,169.5752990105655
342439__sample_000643,13.0,1.0,348.0,169.98701338028258
179680__sample_000644,4.0,0.5,152.0,170.34692971368415
57867__sample_000645,2.0,1.0,878.0,170.46893329422437
441561__sample_000646,14.0,1.0,671.0,171.24087820095113
83128__sample_000647,2.0,1.0,337.0,171.84465716946568
461585__sample_000648,8.0,1.0,1133.0,172.66418593323488
222230__sample_000649,8.0,1.0,8.0,172.80380272215857
31451__sample_000650,8.0,1.0,1588.0,172.8588003489071
10008__sample_000651,4.0,1.0,2023.0,173.10511587419668
89931__sample_000652,2.0,1.0,36.0,173.3937315659168
303198__sample_000653,8.0,0.2,2316.0,173.42724067007742
49790__sample_000654,2.0,0.2,107.0,173.81325041628102
132402__sample_000655,8.0,1.0,40.0,173.81780674030415
195726__sample_000656,8.0,1.0,741.0,173.9826035352327
270975__sample_000657,8.0,1.0,1399.0,174.08310241606443
120433__sample_000658,8.0,1.0,3531.0,174.42016240176957
464206__sample_000659,84.0,0.8,413.0,174.5139305920839
55696__sample_000660,2.0,1.0,75.0,174.95226792972446
220900__sample_000661,8.0,1.0,10.0,175.1782062737127
307665__sample_000662,8.0,0.2,1902.0,175.57304666940865
293067__sample_000663,8.0,0.2,598.0,176.7083758436327
60397__sample_000664,2.0,1.0,231.0,176.99257773525267
225190__sample_000665,8.0,1.0,8.0,178.04167731243152
645__sample_000666,4.0,0.1,823.0,178.04899237831603
295408__sample_000667,8.0,1.0,1359.0,178.1521676804093
345285__sample_000668,184.0,0.8,1235.0,178.1806988449891
422612__sample_000669,16.0,1.0,271.0,178.2567550264702
126219__sample_000670,8.0,1.0,3533.0,178.71316874586154
307653__sample_000671,8.0,1.0,2496.0,178.7213830456773
49607__sample_000672,2.0,0.2,95.0,178.90497063663543
181396__sample_000673,4.0,0.5,177.0,179.1142993469352
1599__sample_000674,4.0,0.1,1365.0,179.32019940264752
389852__sample_000675,104.0,0.8,815.0,179.48143016050957
299568__sample_000676,8.0,0.4,1057.0,179.872310945272
387353__sample_000677,15.0,1.0,385.0,179.9081466700936
413880__sample_000678,48.0,1.0,270.0,180.00112174151062
77127__sample_000679,2.0,1.0,141.0,180.24022163607523
72586__sample_000680,2.0,1.0,347.0,180.53378579201285
103500__sample_000681,4.0,1.0,963.0,180.6632267143978
89417__sample_000682,2.0,1.0,34.0,181.18383073135217
346103__sample_000683,52.0,0.4,1492.0,181.31807753154683
5912__sample_000684,4.0,0.5,2317.0,181.4469433444312
80716__sample_000685,2.0,1.0,302.0,181.45616309668887
92351__sample_000686,2.0,1.0,37.0,181.65642490187318
26986__sample_000687,8.0,1.0,1697.0,181.96475886136207
424265__sample_000688,12.0,1.0,4469.0,181.99514210934166
184313__sample_000689,4.0,0.5,308.0,182.08625868743783
371896__sample_000690,14.0,1.0,532.0,182.46622307318066
174496__sample_000691,4.0,0.5,137.0,182.58011788796514
279412__sample_000692,8.0,1.0,1016.0,182.649254781567
67492__sample_000693,2.0,1.0,27.0,182.9280931908103
399627__sample_000694,112.0,0.8,2981.0,182.98286824299572
216659__sample_000695,8.0,1.0,9.0,183.54787639914727
74678__sample_000696,2.0,1.0,379.0,183.57577649495505
48965__sample_000697,2.0,0.2,1827.0,183.8822883295076
3759__sample_000698,4.0,0.5,200.0,184.0553495770648
204423__sample_000699,4.0,1.0,491.0,184.56526936395147
369894__sample_000700,112.0,0.8,701.0,184.59899390008152
98829__sample_000701,4.0,1.0,1640.0,184.88221326173172
278700__sample_000702,8.0,1.0,1832.0,185.09440320002886
179906__sample_000703,4.0,0.5,314.0,185.25792815825267
332555__sample_000704,12.0,1.0,2047.0,185.42695508508373
40589__sample_000705,4.0,0.3,18.0,185.74696790945794
248770__sample_000706,12.0,1.0,2803.0,186.4410835832955
406288__sample_000707,184.0,0.8,467.0,186.4650053522584
77446__sample_000708,2.0,1.0,94.0,186.46992918566218
43042__sample_000709,4.0,0.3,15.0,186.87952333273017
134803__sample_000710,8.0,1.0,277.0,186.9081430979282
255339__sample_000711,4.0,0.2,131.0,187.9880806920673
319952__sample_000712,4.0,0.8,121.0,188.22954828234384
78844__sample_000713,2.0,1.0,29.0,188.4926234344478
280717__sample_000714,8.0,1.0,739.0,188.54806321912986
441060__sample_000715,14.0,1.0,1924.0,188.6167751853197
130880__sample_000716,8.0,1.0,3729.0,188.88600033820225
86870__sample_000717,2.0,1.0,55.0,189.48722910602925
200504__sample_000718,8.0,1.0,40.0,190.49705906746883
132820__sample_000719,8.0,1.0,88.0,190.5522303821393
464714__sample_000720,60.0,0.8,25.0,190.58823251024435
73280__sample_000721,2.0,1.0,259.0,190.60274610283568
445085__sample_000722,8.0,1.0,1755.0,191.10954761017197
297786__sample_000723,8.0,1.0,479.0,191.19683588152267
113649__sample_000724,8.0,1.0,21.0,191.1972893009198
313929__sample_000725,4.0,1.0,1835.0,191.2606313911916
218870__sample_000726,8.0,1.0,8.0,191.36467738383078
61851__sample_000727,2.0,1.0,90.0,192.5419261734821
95285__sample_000728,2.0,1.0,34.0,192.72726988599686
247255__sample_000729,8.0,1.0,2334.0,192.7845332396718
68624__sample_000730,2.0,1.0,2879.0,192.886457017118
451710__sample_000731,16.0,1.0,1947.0,192.98669124392737
315338__sample_000732,4.0,1.0,1816.0,192.9916719679075
255412__sample_000733,8.0,0.2,15.0,193.0279813223488
312074__sample_000734,4.0,1.0,913.0,193.32500328237134
259746__sample_000735,8.0,1.0,1224.0,193.35703293842204
122272__sample_000736,8.0,1.0,213.0,193.422612644694
343150__sample_000737,184.0,0.8,286.0,193.53059211097923
358732__sample_000738,104.0,0.8,1375.0,193.8850228313655
82590__sample_000739,2.0,1.0,156.0,194.10333121959647
276105__sample_000740,8.0,1.0,1355.0,194.39532179923012
441982__sample_000741,15.0,1.0,1884.0,194.6045833033697
86391__sample_000742,2.0,1.0,29.0,194.8922643290854
250693__sample_000743,20.0,1.0,2034.0,194.89297587914837
453205__sample_000744,8.0,1.0,2251.0,195.5610193027285
421791__sample_000745,112.0,0.8,2386.0,195.59041138233948
97468__sample_000746,2.0,1.0,157.0,195.72073523260678
565__sample_000747,4.0,0.1,928.0,196.08928544388712
168589__sample_000748,4.0,0.5,429.0,196.23211993931028
462879__sample_000749,8.0,1.0,233.0,196.96574420082385
366690__sample_000750,112.0,0.8,536.0,197.12332905952022
244209__sample_000751,8.0,1.0,1793.0,197.6430682855095
445385__sample_000752,12.0,1.0,4425.0,198.05934309153818
257882__sample_000753,8.0,1.0,1474.0,199.04999200509084
172389__sample_000754,4.0,0.5,179.0,199.70277204569095
42735__sample_000755,4.0,0.3,14.0,200.2737713629623
88254__sample_000756,2.0,1.0,34.0,200.60259462442392
79335__sample_000757,2.0,1.0,417.0,200.71691510690786
221174__sample_000758,8.0,1.0,13.0,200.744962557626
450643__sample_000759,56.0,0.4,1217.0,201.03666798426505
137489__sample_000760,8.0,1.0,230.0,201.99839166450312
255785__sample_000761,8.0,0.3,916.0,202.32260056075472
379398__sample_000762,112.0,0.8,300.0,202.98291829769065
252532__sample_000763,20.0,1.0,1891.0,203.3907174195463
290207__sample_000764,8.0,0.2,4396.0,203.435234475843
420591__sample_000765,12.0,1.0,440.0,203.50688972493813
287665__sample_000766,8.0,1.0,1030.0,203.61147625390632
87256__sample_000767,2.0,1.0,30.0,203.65753523421293
13833__sample_000768,32.0,1.0,1549.0,203.87539524966073
156517__sample_000769,8.0,1.0,29.0,204.80216144332624
267299__sample_000770,8.0,0.2,1060.0,205.16046478767893
97496__sample_000771,2.0,1.0,77.0,205.29811066590128
34274__sample_000772,80.0,0.8,480.0,205.29923933008223
408930__sample_000773,56.0,0.4,1637.0,205.39319503768868
300345__sample_000774,8.0,1.0,2307.0,205.58023281629505
132922__sample_000775,8.0,1.0,1605.0,205.67821616304133
172111__sample_000776,4.0,0.5,253.0,205.70764049497413
208589__sample_000777,32.0,1.0,582.0,205.8538325318652
122726__sample_000778,8.0,1.0,3586.0,205.9268396804137
186548__sample_000779,4.0,0.5,505.0,206.5267028368937
88505__sample_000780,2.0,1.0,987.0,206.55353081051166
296108__sample_000781,8.0,1.0,1765.0,206.56613124105985
321345__sample_000782,4.0,1.0,3958.0,206.56746332595404
307352__sample_000783,8.0,1.0,2055.0,206.66686348620084
152587__sample_000784,8.0,1.0,20.0,206.93685050333232
42288__sample_000785,4.0,0.3,16.0,207.2645672316868
372936__sample_000786,18.0,1.0,1291.0,207.4155134787958
165778__sample_000787,4.0,0.3,1281.0,207.70377688871858
110958__sample_000788,8.0,1.0,13.0,207.8153150870273
462613__sample_000789,48.0,0.4,1011.0,208.0908242884269
317708__sample_000790,4.0,0.8,720.0,208.1011850397596
228620__sample_000791,8.0,1.0,8.0,208.22506791107077
381821__sample_000792,28.0,0.2,298.0,208.61624342101484
73760__sample_000793,2.0,1.0,3344.0,209.02238896155976
393783__sample_000794,112.0,0.8,331.0,209.337215223402
270664__sample_000795,8.0,0.4,1235.0,209.3943292015681
388495__sample_000796,28.0,0.2,2547.0,209.4653198242153
178586__sample_000797,4.0,0.5,144.0,210.8512929367537
426909__sample_000798,12.0,1.0,2521.0,210.87857316636718
367218__sample_000799,13.0,1.0,617.0,210.92838802508265
301317__sample_000800,8.0,0.4,1330.0,210.96321108675693
142288__sample_000801,8.0,1.0,12.0,211.062456992589
259435__sample_000802,8.0,0.2,1300.0,211.12144322622407
61092__sample_000803,2.0,1.0,551.0,211.29357666569254
197261__sample_000804,8.0,1.0,75.0,211.45515244378973
217489__sample_000805,8.0,1.0,25.0,212.03459138946437
91182__sample_000806,2.0,1.0,172.0,212.04343082182297
181792__sample_000807,4.0,0.5,136.0,212.13980217266183
437258__sample_000808,28.0,0.2,162.0,212.36679471614107
135093__sample_000809,8.0,1.0,33.0,212.59888665894746
460079__sample_000810,32.0,0.4,1262.0,212.76242897019222
463483__sample_000811,8.0,0.4,32.0,213.18517983480476
224648__sample_000812,8.0,1.0,312.0,213.2013737178209
128600__sample_000813,8.0,1.0,1006.0,213.62388359444122
375541__sample_000814,52.0,0.4,577.0,213.7945611733115
103106__sample_000815,4.0,1.0,985.0,213.8304596920524
32396__sample_000816,8.0,1.0,1621.0,214.37269605447938
8309__sample_000817,4.0,0.5,3290.0,214.63460131987688
405043__sample_000818,184.0,0.8,819.0,214.67924716405
97404__sample_000819,2.0,1.0,388.0,214.68780439037948
45931__sample_000820,2.0,0.2,252.0,214.72583289328767
73296__sample_000821,2.0,1.0,2669.0,214.96046567493073
77779__sample_000822,2.0,1.0,58.0,215.00986393921238
118909__sample_000823,8.0,1.0,31.0,215.07383327606746
27326__sample_000824,16.0,0.8,3664.0,215.08019855774793
269984__sample_000825,8.0,0.2,36.0,215.40107043859362
72289__sample_000826,2.0,1.0,3047.0,215.81673317404486
213631__sample_000827,8.0,1.0,24.0,216.21518359449541
251287__sample_000828,20.0,1.0,1739.0,216.24930127909604
332735__sample_000829,12.0,1.0,2582.0,216.83333966289928
39054__sample_000830,4.0,1.0,44.0,217.1122376933966
178671__sample_000831,4.0,0.5,167.0,217.68178063392168
171681__sample_000832,4.0,0.5,150.0,217.82995252463738
431398__sample_000833,112.0,0.8,108.0,217.9735513942277
266722__sample_000834,8.0,0.2,1301.0,218.357292355241
61704__sample_000835,2.0,1.0,179.0,218.3817776750252
200816__sample_000836,8.0,1.0,1138.0,218.56572561117707
157816__sample_000837,8.0,1.0,33.0,219.01828423623542
432204__sample_000838,16.0,1.0,712.0,219.46155678820722
259597__sample_000839,8.0,1.0,1366.0,220.2432042069982
159314__sample_000840,8.0,1.0,80.0,220.54276203119957
50640__sample_000841,2.0,0.2,175.0,220.60098811115034
175585__sample_000842,4.0,0.5,319.0,220.60611030711038
447494__sample_000843,14.0,1.0,3018.0,220.76931121557078
418594__sample_000844,12.0,1.0,1351.0,220.94954559323403
390200__sample_000845,52.0,0.4,1036.0,221.01824119606462
246765__sample_000846,8.0,1.0,1939.0,221.05153761548337
435186__sample_000847,12.0,1.0,2526.0,221.2721356776076
66120__sample_000848,2.0,1.0,99.0,221.63338753403988
174319__sample_000849,4.0,0.5,316.0,222.8794140016588
211870__sample_000850,12.0,1.0,147.0,223.2344312065774
180171__sample_000851,4.0,0.5,182.0,223.6289552824573
286134__sample_000852,8.0,1.0,1056.0,223.86853369519145
40909__sample_000853,4.0,0.3,17.0,224.93433089353857
400020__sample_000854,14.0,1.0,270.0,225.18971341914127
163715__sample_000855,4.0,0.1,65.0,225.68169434001638
25145__sample_000856,32.0,0.8,2369.0,226.41039212275774
257307__sample_000857,8.0,1.0,1503.0,227.0747022867166
398718__sample_000858,88.0,0.8,472.0,227.194782592488
422628__sample_000859,15.0,1.0,269.0,227.21526468772439
66395__sample_000860,2.0,1.0,140.0,227.26241208849032
81470__sample_000861,2.0,1.0,841.0,227.27767445699965
449594__sample_000862,56.0,0.4,138.0,227.30551824742116
37153__sample_000863,4.0,1.0,41.0,227.3565530819521
95102__sample_000864,2.0,1.0,413.0,227.46084680082518
462794__sample_000865,8.0,1.0,430.0,227.65691015875845
343978__sample_000866,112.0,0.8,21.0,227.96783302055593
173603__sample_000867,4.0,0.5,250.0,228.02705723710278
96031__sample_000868,2.0,1.0,28.0,228.30614114613635
210860__sample_000869,8.0,1.0,3510.0,228.61070901103932
28196__sample_000870,8.0,1.0,1636.0,228.8151726087969
295775__sample_000871,8.0,1.0,2617.0,229.40003122527312
435419__sample_000872,112.0,0.8,30.0,229.42944427774225
78004__sample_000873,2.0,1.0,451.0,229.47818094481718
309958__sample_000874,8.0,1.0,1990.0,229.61812575581098
245566__sample_000875,8.0,1.0,1801.0,229.65199843644965
253021__sample_000876,4.0,1.0,1999.0,229.86084677060109
173700__sample_000877,4.0,0.5,149.0,229.9878875910913
231020__sample_000878,4.0,1.0,2456.0,230.0716144845151
293750__sample_000879,8.0,0.2,808.0,230.11819381071362
372335__sample_000880,112.0,0.8,716.0,230.22031305991786
9785__sample_000881,4.0,1.0,2123.0,230.45441049684575
256469__sample_000882,8.0,1.0,1252.0,230.66878934032738
157112__sample_000883,8.0,1.0,20.0,230.7134585919512
215809__sample_000884,8.0,1.0,9.0,230.74681852994016
462615__sample_000885,8.0,0.4,1412.0,230.75357829118641
289549__sample_000886,8.0,1.0,1063.0,230.75670415043356
224249__sample_000887,8.0,1.0,68.0,231.2863754205039
417775__sample_000888,12.0,1.0,3100.0,231.29790966694583
86088__sample_000889,2.0,1.0,54.0,231.62637621873876
432575__sample_000890,10.0,1.0,189.0,232.14027836530235
189915__sample_000891,15.0,1.0,971.0,232.1660795889617
33973__sample_000892,8.0,1.0,1574.0,232.3093884914037
419628__sample_000893,12.0,1.0,1128.0,233.12893207064124
306265__sample_000894,8.0,1.0,2087.0,233.57808285665266
332481__sample_000895,12.0,1.0,1759.0,233.74627395462753
52051__sample_000896,2.0,1.0,917.0,234.1057457352834
43407__sample_000897,4.0,0.3,24.0,234.5537520480671
170582__sample_000898,4.0,0.5,219.0,234.66069006619074
7024__sample_000899,4.0,0.5,447.0,235.21745030422355
213790__sample_000900,8.0,1.0,9.0,235.37639323608423
417790__sample_000901,12.0,1.0,2324.0,235.56398529823545
207512__sample_000902,16.0,1.0,463.0,237.59836459525604
179947__sample_000903,4.0,0.5,142.0,238.06172485992056
125203__sample_000904,8.0,1.0,3794.0,238.17398900194064
146963__sample_000905,8.0,1.0,531.0,238.17658887297685
197796__sample_000906,8.0,1.0,125.0,238.42258012994412
292774__sample_000907,8.0,1.0,1060.0,238.72685597697534
73457__sample_000908,2.0,1.0,1303.0,238.98988551667006
212897__sample_000909,20.0,0.2,89.0,239.84931728545786
433413__sample_000910,15.0,1.0,367.0,240.34620800950415
175608__sample_000911,4.0,0.5,241.0,240.49513677436647
108658__sample_000912,8.0,1.0,615.0,240.51136675282373
320124__sample_000913,4.0,0.8,90.0,240.67296069194603
222842__sample_000914,8.0,1.0,10.0,240.96514751816832
57839__sample_000915,2.0,1.0,4311.0,241.1990858751514
123240__sample_000916,8.0,1.0,1580.0,241.39220765397053
183296__sample_000917,4.0,0.5,320.0,241.55037074659342
48745__sample_000918,2.0,0.2,172.0,241.63732144860066
157587__sample_000919,8.0,1.0,17.0,241.71852789534705
134148__sample_000920,8.0,1.0,59.0,241.89193045674946
338193__sample_000921,8.0,0.3,95.0,241.93569837587864
309309__sample_000922,8.0,1.0,3068.0,242.03983700192006
378175__sample_000923,112.0,0.8,55.0,242.13771988809413
113836__sample_000924,8.0,1.0,158.0,242.35887721089492
350193__sample_000925,14.0,1.0,2091.0,242.37612961639897
214902__sample_000926,8.0,1.0,8.0,242.81863206615736
57342__sample_000927,2.0,1.0,119.0,243.02523222218812
230677__sample_000928,12.0,1.0,22.0,243.30302493738267
401441__sample_000929,56.0,0.4,362.0,243.6066097784945
452178__sample_000930,14.0,1.0,223.0,243.69275548607558
426950__sample_000931,12.0,1.0,2052.0,243.85165038328518
152606__sample_000932,8.0,1.0,245.0,244.63394319158164
195841__sample_000933,8.0,1.0,468.0,244.99780632957462
421643__sample_000934,46.0,0.2,664.0,245.8707801039788
101985__sample_000935,4.0,1.0,912.0,246.2136358221043
97183__sample_000936,2.0,1.0,28.0,246.2619107219625
396430__sample_000937,14.0,1.0,178.0,246.27858884494623
153473__sample_000938,8.0,1.0,14.0,246.49407584593322
459067__sample_000939,84.0,0.8,13.0,246.60479488993164
249984__sample_000940,20.0,1.0,1963.0,246.68534874589702
284015__sample_000941,8.0,1.0,1802.0,247.09688847935547
434089__sample_000942,14.0,1.0,2075.0,247.21120703444876
67918__sample_000943,2.0,1.0,335.0,247.30652249425583
254366__sample_000944,8.0,1.0,1308.0,247.78078181328075
67204__sample_000945,2.0,1.0,53.0,248.24894937346124
443762__sample_000946,8.0,1.0,613.0,248.35910588053184
30431__sample_000947,8.0,1.0,3290.0,248.8057969236417
438194__sample_000948,8.0,1.0,1755.0,249.2813777823748
383063__sample_000949,112.0,0.8,3101.0,249.4192595390375
392093__sample_000950,112.0,0.8,1251.0,249.43645592216075
354334__sample_000951,104.0,0.8,1886.0,249.43685239749658
77213__sample_000952,2.0,1.0,3658.0,249.62206542396683
415846__sample_000953,92.0,0.4,337.0,249.72749281847123
62276__sample_000954,2.0,1.0,413.0,251.1910186816188
174721__sample_000955,4.0,0.5,302.0,251.56107215828493
450659__sample_000956,14.0,1.0,563.0,251.91918339047572
215281__sample_000957,8.0,1.0,9.0,252.69580895167576
321096__sample_000958,20.0,1.0,1683.0,253.2425086259852
229015__sample_000959,8.0,1.0,8.0,253.33825876485852
273351__sample_000960,8.0,1.0,466.0,253.38363540358924
188345__sample_000961,4.0,0.5,849.0,253.72613464074067
101246__sample_000962,4.0,1.0,1913.0,253.84494854743173
163473__sample_000963,4.0,1.0,1664.0,254.0051691465118
62967__sample_000964,2.0,1.0,3850.0,254.25400109673873
95202__sample_000965,2.0,1.0,125.0,254.85014702482576
344941__sample_000966,112.0,0.8,2955.0,254.98593591796535
247368__sample_000967,8.0,1.0,2187.0,255.36826574705157
140829__sample_000968,8.0,1.0,20.0,255.44637551418242
267245__sample_000969,8.0,1.0,595.0,255.74568422879037
131425__sample_000970,8.0,1.0,1359.0,255.74607939620992
451199__sample_000971,4.0,1.0,570.0,256.259050024294
284584__sample_000972,8.0,1.0,1079.0,256.26676267519673
458888__sample_000973,32.0,0.2,974.0,256.578616533634
95417__sample_000974,2.0,1.0,1912.0,256.5904571043344
117883__sample_000975,8.0,1.0,35.0,256.6678523660155
348972__sample_000976,112.0,0.8,271.0,256.83974426167066
359861__sample_000977,184.0,0.8,3752.0,256.9758996281987
46986__sample_000978,2.0,0.2,16.0,257.02914723133966
164694__sample_000979,4.0,0.3,1008.0,257.13069416551593
272227__sample_000980,8.0,0.2,1361.0,257.45591273379495
9959__sample_000981,4.0,1.0,2030.0,257.73251621383156
50765__sample_000982,2.0,0.2,214.0,257.75114715487535
74781__sample_000983,2.0,1.0,573.0,258.0950508779955
102068__sample_000984,4.0,1.0,964.0,258.10867703698636
100946__sample_000985,4.0,1.0,1689.0,258.30440474370613
55599__sample_000986,2.0,1.0,96.0,258.37970221646384
47972__sample_000987,4.0,0.3,71.0,258.60119724015334
466224__sample_000988,32.0,0.4,992.0,258.6769226990558
224531__sample_000989,8.0,1.0,8.0,259.72614944187814
53492__sample_000990,2.0,1.0,1203.0,259.81881689746234
51264__sample_000991,2.0,0.2,1254.0,259.8880718881774
10274__sample_000992,4.0,1.0,1800.0,259.9696655869489
135679__sample_000993,8.0,1.0,3979.0,260.5366459499378
218566__sample_000994,8.0,1.0,8.0,260.78944664238486
141553__sample_000995,8.0,1.0,42.0,261.11741419972736
301616__sample_000996,8.0,0.4,1996.0,261.7427052526811
108285__sample_000997,8.0,1.0,3068.0,262.34994787205386
141812__sample_000998,8.0,1.0,21.0,262.685704724256
245056__sample_000999,8.0,1.0,1847.0,262.74081166886043
214957__sample_001000,8.0,1.0,9.0,263.20428420482943
176011__sample_001001,4.0,0.5,318.0,263.26125289698734
462431__sample_001002,8.0,1.0,1251.0,263.6008242850155
115364__sample_001003,8.0,1.0,14.0,263.8900990280445
78088__sample_001004,2.0,1.0,30.0,264.24572334031353
199863__sample_001005,8.0,1.0,166.0,264.4359116371003
189096__sample_001006,15.0,1.0,543.0,264.69044141466
352704__sample_001007,13.0,1.0,404.0,265.456551713326
292855__sample_001008,8.0,0.2,1652.0,265.48319441253483
227475__sample_001009,8.0,1.0,8.0,265.57554302729966
242702__sample_001010,8.0,1.0,3383.0,265.81181655935836
67236__sample_001011,2.0,1.0,28.0,266.64325183107155
459009__sample_001012,8.0,1.0,1387.0,266.66836565247627
82392__sample_001013,2.0,1.0,1380.0,266.6740674882005
103926__sample_001014,4.0,1.0,955.0,266.68840846123874
113232__sample_001015,8.0,1.0,13.0,266.7018656631448
344783__sample_001016,184.0,0.8,440.0,267.2978574522597
336973__sample_001017,12.0,1.0,312.0,267.61722453372954
10000__sample_001018,4.0,1.0,1679.0,267.8998326130051
241770__sample_001019,64.0,0.8,146.0,268.08466852146944
41924__sample_001020,4.0,0.3,117.0,268.46542924308744
318530__sample_001021,4.0,0.8,113.0,268.5077256933745
20986__sample_001022,24.0,1.0,1829.0,268.6320966119675
239812__sample_001023,20.0,1.0,911.0,268.8004348340001
340933__sample_001024,8.0,0.2,3395.0,268.8296833419721
389622__sample_001025,184.0,0.8,522.0,268.96565561561033
250024__sample_001026,20.0,1.0,2477.0,269.0607884221067
317427__sample_001027,4.0,0.8,121.0,269.06984607699854
128009__sample_001028,8.0,1.0,447.0,269.1066045852953
376254__sample_001029,13.0,1.0,1290.0,269.4676244644206
458367__sample_001030,56.0,0.4,94.0,269.4721751083597
343634__sample_001031,14.0,1.0,423.0,270.1526615547481
271678__sample_001032,8.0,1.0,1363.0,270.1752589053492
312674__sample_001033,12.0,1.0,1570.0,270.5766678106819
459163__sample_001034,5.0,1.0,446.0,271.1488791423836
42327__sample_001035,4.0,0.3,22.0,271.85700877437216
163638__sample_001036,8.0,0.2,1405.0,272.36225858462507
295427__sample_001037,8.0,1.0,1803.0,272.4470199846446
255056__sample_001038,4.0,0.2,954.0,272.54829395296747
38662__sample_001039,4.0,1.0,127.0,272.6873132102929
370819__sample_001040,112.0,0.8,95.0,272.7248145655275
428280__sample_001041,12.0,1.0,4380.0,272.7304456234456
212340__sample_001042,12.0,1.0,162.0,273.2388173085101
417529__sample_001043,12.0,1.0,1128.0,273.44074855100615
146467__sample_001044,8.0,1.0,51.0,273.6753333965429
458344__sample_001045,12.0,1.0,30.0,274.32961788931465
149713__sample_001046,8.0,1.0,145.0,274.60311377735405
254244__sample_001047,8.0,1.0,28.0,274.8965987819652
41938__sample_001048,4.0,0.3,17.0,275.2831777653818
249556__sample_001049,20.0,1.0,1803.0,275.3141008824064
368228__sample_001050,184.0,0.8,2120.0,275.4257360071882
383100__sample_001051,104.0,0.8,141.0,276.28787058696923
421156__sample_001052,10.0,1.0,203.0,276.9286311351105
283826__sample_001053,8.0,1.0,1353.0,277.46733473630013
368701__sample_001054,14.0,1.0,394.0,277.6177451163742
198864__sample_001055,8.0,1.0,36.0,278.10431033779014
154174__sample_001056,8.0,1.0,19.0,278.1167118810544
138486__sample_001057,8.0,1.0,1162.0,278.1569059415803
88473__sample_001058,2.0,1.0,405.0,278.29050103380115
208440__sample_001059,32.0,1.0,363.0,278.45561879421314
130498__sample_001060,8.0,1.0,187.0,278.5320827332096
218047__sample_001061,8.0,1.0,8.0,278.6422819829757
258843__sample_001062,8.0,0.2,565.0,278.68669791860145
377145__sample_001063,14.0,1.0,1001.0,278.8546099226438
380364__sample_001064,13.0,1.0,705.0,279.2493895939326
209286__sample_001065,32.0,1.0,394.0,279.52009430524447
165218__sample_001066,4.0,0.3,2009.0,279.5486083719894
190166__sample_001067,12.0,1.0,1088.0,279.71576182368625
462407__sample_001068,8.0,1.0,1229.0,280.0148013308485
165995__sample_001069,4.0,0.3,1216.0,280.2035012897982
290030__sample_001070,8.0,1.0,1017.0,280.3277630350427
411008__sample_001071,16.0,1.0,1907.0,280.57092171260945
190108__sample_001072,15.0,1.0,2548.0,281.43646659356637
174176__sample_001073,4.0,0.5,539.0,281.46139623939
115740__sample_001074,8.0,1.0,14.0,281.58497690220395
98621__sample_001075,4.0,1.0,1683.0,281.7154510108915
299187__sample_001076,12.0,1.0,2043.0,281.9305274665678
129726__sample_001077,8.0,1.0,411.0,281.97179760727676
86341__sample_001078,2.0,1.0,137.0,282.020388964722
256604__sample_001079,8.0,1.0,1030.0,282.10438353947836
29925__sample_001080,8.0,1.0,1581.0,282.8845376485233
305868__sample_001081,8.0,0.2,2490.0,283.2157044619365
223030__sample_001082,8.0,1.0,18.0,283.4866550628077
454194__sample_001083,16.0,1.0,137.0,283.91116454691826
96145__sample_001084,2.0,1.0,34.0,283.94528461496924
160522__sample_001085,8.0,1.0,43.0,284.4356242655612
194025__sample_001086,4.0,1.0,822.0,284.66148807681833
355188__sample_001087,13.0,1.0,1358.0,284.7636038540216
268056__sample_001088,8.0,1.0,1373.0,285.1866121482883
152723__sample_001089,8.0,1.0,14.0,285.59219802434654
430710__sample_001090,15.0,1.0,1145.0,286.05942605890857
280163__sample_001091,8.0,0.2,999.0,286.09011430969116
72339__sample_001092,2.0,1.0,136.0,286.9614867016803
261828__sample_001093,8.0,1.0,1777.0,287.76387997035107
385340__sample_001094,112.0,0.8,1429.0,287.87446527509445
11694__sample_001095,4.0,1.0,1688.0,287.8915066191758
374654__sample_001096,104.0,0.8,3026.0,287.9372037364616
62430__sample_001097,2.0,1.0,113.0,289.17169492540694
38326__sample_001098,4.0,1.0,130.0,289.3786578510487
412688__sample_001099,48.0,1.0,1330.0,289.4889134874051
41456__sample_001100,4.0,0.3,16.0,289.5739040100235
75549__sample_001101,2.0,1.0,3141.0,289.6481660377541
87608__sample_001102,2.0,1.0,83.0,289.920940757831
273901__sample_001103,8.0,1.0,1009.0,290.05685882511943
275775__sample_001104,8.0,1.0,1511.0,290.8979115438811
288707__sample_001105,8.0,1.0,1011.0,291.1857906564473
367985__sample_001106,14.0,1.0,1096.0,291.57839855702395
92528__sample_001107,2.0,1.0,157.0,291.66498833681993
130681__sample_001108,8.0,1.0,1170.0,291.68561275227245
53940__sample_001109,2.0,1.0,103.0,291.85288392553633
380076__sample_001110,112.0,0.8,2964.0,291.94731536210566
304208__sample_001111,8.0,1.0,2315.0,292.00375308804695
11392__sample_001112,4.0,1.0,1651.0,292.76625865829465
175400__sample_001113,4.0,0.5,1441.0,292.91300010522707
44525__sample_001114,2.0,0.2,683.0,292.9610047885412
310679__sample_001115,4.0,1.0,1002.0,293.01636936054615
4266__sample_001116,4.0,0.5,1890.0,293.09874193718855
310572__sample_001117,4.0,1.0,1254.0,294.9207281390517
374970__sample_001118,104.0,0.8,679.0,294.9987257581108
405147__sample_001119,112.0,0.8,1574.0,295.0983984612153
291708__sample_001120,8.0,0.2,1385.0,295.3676073404935
310323__sample_001121,4.0,1.0,2901.0,295.45462867433133
141987__sample_001122,8.0,1.0,23.0,295.51540282683777
104297__sample_001123,4.0,1.0,2640.0,295.55858590307855
367970__sample_001124,184.0,0.8,756.0,295.6523256979111
365446__sample_001125,13.0,1.0,251.0,295.6803144982492
41220__sample_001126,4.0,0.3,13.0,295.6850201546986
102570__sample_001127,4.0,1.0,948.0,296.0932501439231
313660__sample_001128,4.0,1.0,1924.0,296.130344678722
266582__sample_001129,16.0,0.2,2806.0,296.504346149579
100279__sample_001130,4.0,1.0,1691.0,296.90365244638264
281025__sample_001131,8.0,1.0,717.0,297.09665650079125
265207__sample_001132,8.0,1.0,904.0,297.18930721519257
90081__sample_001133,2.0,1.0,320.0,297.228480239159
104226__sample_001134,4.0,1.0,1494.0,297.5621953596977
435675__sample_001135,60.0,0.8,224.0,297.79213641530225
460723__sample_001136,8.0,1.0,117.0,298.0585179385863
81339__sample_001137,2.0,1.0,370.0,298.06069465983535
324225__sample_001138,12.0,1.0,307.0,298.71679552085686
159298__sample_001139,8.0,1.0,77.0,298.73394291641335
301869__sample_001140,8.0,1.0,2022.0,298.84818747773875
368281__sample_001141,112.0,0.8,441.0,298.97702629856065
376803__sample_001142,13.0,1.0,3525.0,298.97736540957374
271936__sample_001143,8.0,1.0,1042.0,299.1492010790808
145298__sample_001144,8.0,1.0,33.0,299.49859956398655
353744__sample_001145,112.0,0.8,513.0,299.9318806924023
298367__sample_001146,8.0,0.2,1336.0,300.4606934583701
108280__sample_001147,8.0,1.0,12.0,300.6279138881984
310884__sample_001148,8.0,1.0,1243.0,300.8769071849811
321137__sample_001149,20.0,1.0,1188.0,300.89762210858
49196__sample_001150,2.0,0.2,879.0,301.06499843696247
23139__sample_001151,60.0,0.8,3761.0,301.1070485954176
62510__sample_001152,2.0,1.0,113.0,301.222415880423
367567__sample_001153,52.0,0.4,1090.0,301.3222761947431
5961__sample_001154,4.0,0.5,110.0,301.459988776556
109071__sample_001155,8.0,1.0,41.0,301.67193463160396
71150__sample_001156,2.0,1.0,267.0,302.25487798875787
341084__sample_001157,184.0,0.8,392.0,302.380296822397
412549__sample_001158,48.0,1.0,914.0,303.37285814423484
194082__sample_001159,4.0,1.0,577.0,303.72862682778975
168717__sample_001160,4.0,0.5,175.0,303.90772108015386
256405__sample_001161,8.0,0.2,730.0,304.1659457832634
235395__sample_001162,12.0,1.0,990.0,304.19290450216863
385520__sample_001163,184.0,0.8,212.0,304.65821650766605
394440__sample_001164,14.0,1.0,463.0,304.8764988496578
181074__sample_001165,4.0,0.5,102.0,305.9448812541761
292455__sample_001166,8.0,0.2,993.0,306.19782624743345
394745__sample_001167,184.0,0.8,465.0,306.64693622368264
84479__sample_001168,2.0,1.0,37.0,307.0489993060555
232614__sample_001169,4.0,1.0,336.0,307.1549553908926
130279__sample_001170,8.0,1.0,132.0,307.2301001531556
109970__sample_001171,8.0,1.0,315.0,307.3708464604399
107093__sample_001172,4.0,1.0,911.0,307.52826815072285
88776__sample_001173,2.0,1.0,93.0,307.5969052261802
319919__sample_001174,4.0,0.8,130.0,308.15939834271586
313330__sample_001175,4.0,1.0,1852.0,308.35491909691336
361011__sample_001176,13.0,1.0,256.0,309.3141989147615
420599__sample_001177,14.0,1.0,9.0,309.7294051097275
391037__sample_001178,144.0,0.8,1195.0,309.93222166186183
130923__sample_001179,8.0,1.0,3028.0,310.6667775666963
119144__sample_001180,8.0,1.0,23.0,310.8425137290937
94350__sample_001181,2.0,1.0,122.0,311.3878413524554
355040__sample_001182,23.0,1.0,3856.0,311.4986894816069
28606__sample_001183,80.0,0.8,1616.0,311.61765160427296
148788__sample_001184,8.0,1.0,26.0,311.7530289536857
242811__sample_001185,8.0,1.0,4575.0,311.9507882302167
111889__sample_001186,8.0,1.0,17.0,312.15236175212544
374194__sample_001187,56.0,0.4,296.0,312.32385446102177
249799__sample_001188,20.0,1.0,1683.0,312.41517564135523
247115__sample_001189,8.0,1.0,2352.0,313.07020767380385
435363__sample_001190,15.0,1.0,25.0,313.2922465510095
462969__sample_001191,8.0,1.0,406.0,313.4231986079859
87900__sample_001192,2.0,1.0,524.0,313.6864962420396
248708__sample_001193,12.0,1.0,1622.0,314.051714900109
104027__sample_001194,4.0,1.0,1239.0,314.86102633231474
180886__sample_001195,4.0,0.5,316.0,315.0340878101548
238420__sample_001196,20.0,1.0,467.0,315.06381142946066
77999__sample_001197,2.0,1.0,65.0,315.2091081628864
307510__sample_001198,8.0,1.0,3094.0,315.37209534661065
418467__sample_001199,12.0,1.0,1907.0,315.9403375463762
81183__sample_001200,2.0,1.0,71.0,316.06588693808516
240487__sample_001201,64.0,0.8,568.0,316.83201964810326
181584__sample_001202,4.0,0.5,17.0,316.99798078375574
194698__sample_001203,4.0,1.0,1151.0,317.90829376065
225042__sample_001204,8.0,1.0,8.0,317.91035178869475
2654__sample_001205,4.0,1.0,2142.0,318.4830539033534
62948__sample_001206,2.0,1.0,112.0,319.1519028984031
386251__sample_001207,14.0,1.0,416.0,319.9630855462735
357552__sample_001208,184.0,0.8,144.0,319.9663762424682
391723__sample_001209,14.0,1.0,499.0,320.01347146280295
77717__sample_001210,2.0,1.0,400.0,320.27863048993987
320137__sample_001211,4.0,0.8,139.0,320.2850811743348
318112__sample_001212,4.0,0.8,162.0,320.30151171198617
8261__sample_001213,4.0,0.5,516.0,320.3639730840274
442571__sample_001214,14.0,1.0,1260.0,320.54355844524775
104387__sample_001215,4.0,1.0,964.0,320.74091931444883
71413__sample_001216,2.0,1.0,1094.0,320.7496347631393
409816__sample_001217,16.0,1.0,2675.0,320.7963277998722
154212__sample_001218,8.0,1.0,3842.0,320.9694674749766
105330__sample_001219,4.0,1.0,1380.0,321.1947814440367
109538__sample_001220,8.0,1.0,3564.0,321.234941528557
220047__sample_001221,8.0,1.0,118.0,321.3621656549628
57078__sample_001222,2.0,1.0,107.0,321.9490650263042
115520__sample_001223,8.0,1.0,16.0,323.65201431862573
272137__sample_001224,16.0,0.2,3715.0,324.7418743260909
294312__sample_001225,8.0,1.0,1086.0,325.2754533422124
180687__sample_001226,4.0,0.5,29.0,325.4009446273684
82742__sample_001227,2.0,1.0,40.0,325.6909928581953
8022__sample_001228,8.0,1.0,248.0,325.8257100830356
222824__sample_001229,8.0,1.0,8.0,326.0871156981998
45663__sample_001230,2.0,0.2,210.0,326.1796760766053
386428__sample_001231,56.0,0.4,757.0,326.41265553548567
45359__sample_001232,2.0,0.2,225.0,326.59811308379346
61113__sample_001233,2.0,1.0,168.0,326.60430930612006
253999__sample_001234,8.0,1.0,2275.0,326.9953094369286
405862__sample_001235,14.0,1.0,493.0,326.9983017314091
437185__sample_001236,12.0,1.0,2986.0,327.0850380330022
394078__sample_001237,112.0,0.8,264.0,327.0865234535872
326856__sample_001238,12.0,1.0,548.0,327.2045053886955
61388__sample_001239,2.0,1.0,194.0,327.22081622190404
308475__sample_001240,8.0,0.4,1315.0,327.83275063621863
243348__sample_001241,8.0,1.0,1779.0,327.9670769599097
410631__sample_001242,16.0,1.0,1910.0,328.1208901661213
26578__sample_001243,8.0,1.0,1171.0,328.22852830027574
77554__sample_001244,2.0,1.0,34.0,328.47541199093723
227604__sample_001245,8.0,1.0,13.0,328.8590040127643
249243__sample_001246,4.0,1.0,2045.0,329.1201392812558
118997__sample_001247,8.0,1.0,23.0,329.4649263882077
35050__sample_001248,32.0,0.8,1242.0,330.0559714783378
221648__sample_001249,8.0,1.0,9.0,330.5539143817977
308509__sample_001250,8.0,1.0,2704.0,330.8341736859521
200321__sample_001251,8.0,1.0,841.0,330.89457630439324
308802__sample_001252,8.0,1.0,2146.0,331.14839894199247
5587__sample_001253,4.0,0.5,149.0,331.3247459384785
350846__sample_001254,18.0,1.0,1269.0,331.6405167758361
129516__sample_001255,8.0,1.0,15.0,332.0878548406465
36612__sample_001256,4.0,1.0,654.0,332.42725386872064
131462__sample_001257,8.0,1.0,42.0,332.8958671919092
361801__sample_001258,184.0,0.8,676.0,332.9123664542016
401395__sample_001259,160.0,0.8,274.0,332.92039914076173
465051__sample_001260,60.0,0.8,132.0,332.99516936151525
387841__sample_001261,184.0,0.8,2594.0,333.5724864156362
312835__sample_001262,12.0,1.0,1269.0,334.00632068607746
172894__sample_001263,4.0,0.5,143.0,334.2933190899762
15138__sample_001264,48.0,1.0,2073.0,334.5949453146859
269315__sample_001265,8.0,1.0,1038.0,334.9192145995382
111817__sample_001266,8.0,1.0,27.0,335.6336541054222
170094__sample_001267,4.0,0.5,944.0,336.07988654510524
295909__sample_001268,16.0,0.2,1563.0,336.32402307945523
92375__sample_001269,2.0,1.0,132.0,336.597963744079
30245__sample_001270,8.0,1.0,1311.0,336.65808076551605
105001__sample_001271,4.0,1.0,1220.0,336.9258194613894
229068__sample_001272,8.0,1.0,9.0,337.0640262500569
243835__sample_001273,8.0,1.0,1851.0,337.1055286421441
78684__sample_001274,2.0,1.0,78.0,337.51602255876156
354971__sample_001275,56.0,0.4,878.0,337.6944861338577
394109__sample_001276,88.0,0.8,1131.0,338.64221464045477
227765__sample_001277,8.0,1.0,15.0,338.72492444748224
397815__sample_001278,56.0,0.4,762.0,338.8887284414761
91791__sample_001279,2.0,1.0,75.0,339.03727819108695
249901__sample_001280,20.0,1.0,1949.0,339.0694580873438
345753__sample_001281,14.0,1.0,383.0,339.20828977160187
121284__sample_001282,8.0,1.0,31.0,339.29305237065427
127144__sample_001283,8.0,1.0,2374.0,339.3367361140222
119000__sample_001284,8.0,1.0,3962.0,339.4196117200904
10341__sample_001285,4.0,1.0,2102.0,339.48601089052795
263409__sample_001286,8.0,1.0,2533.0,339.81714475071993
267530__sample_001287,8.0,1.0,717.0,339.82495942067544
126659__sample_001288,8.0,1.0,3411.0,340.0651917305207
53914__sample_001289,2.0,1.0,519.0,340.42266066828006
294785__sample_001290,8.0,1.0,1038.0,340.58649034291784
218898__sample_001291,8.0,1.0,7.0,341.2569579922145
355919__sample_001292,184.0,0.8,253.0,341.564606237765
91499__sample_001293,2.0,1.0,238.0,341.9091120543577
92869__sample_001294,2.0,1.0,110.0,341.96394148895257
409924__sample_001295,16.0,1.0,2685.0,342.33941894867854
130655__sample_001296,8.0,1.0,75.0,342.78550778965104
214993__sample_001297,8.0,1.0,16.0,342.8975747383483
123993__sample_001298,8.0,1.0,30.0,342.9575718555213
104700__sample_001299,4.0,1.0,912.0,343.0791257104663
24973__sample_001300,10.0,1.0,422.0,343.4155174534751
64059__sample_001301,2.0,1.0,124.0,343.55068364315133
54118__sample_001302,2.0,1.0,1004.0,343.8842532565849
299224__sample_001303,8.0,1.0,767.0,343.91438999667974
137928__sample_001304,8.0,1.0,26.0,344.3243793679506
294563__sample_001305,8.0,1.0,1545.0,344.3973713393587
423153__sample_001306,28.0,0.2,25.0,344.46893510803795
178575__sample_001307,4.0,0.5,312.0,344.69206704170455
207151__sample_001308,32.0,1.0,597.0,344.71024144965503
349703__sample_001309,184.0,0.8,1605.0,344.71690387372547
341256__sample_001310,112.0,0.8,108.0,344.7925279107473
331__sample_001311,4.0,0.1,869.0,344.9856120638229
247197__sample_001312,8.0,1.0,1968.0,345.58106347786315
160506__sample_001313,8.0,1.0,2669.0,346.0494716020915
429434__sample_001314,8.0,1.0,164.0,346.218026689159
272523__sample_001315,8.0,0.2,1377.0,346.227465654163
59656__sample_001316,2.0,1.0,95.0,346.4190310382841
442191__sample_001317,14.0,1.0,996.0,346.72405285852534
245075__sample_001318,8.0,1.0,2449.0,346.82761545469435
300360__sample_001319,8.0,1.0,2135.0,346.857047768018
97264__sample_001320,2.0,1.0,65.0,346.93867704012825
138746__sample_001321,8.0,1.0,13.0,347.30782905209566
243429__sample_001322,8.0,1.0,1790.0,347.416003636463
80845__sample_001323,2.0,1.0,93.0,347.8338073532628
332325__sample_001324,12.0,1.0,191.0,347.9300470985088
106028__sample_001325,4.0,1.0,950.0,347.97469573770667
91557__sample_001326,2.0,1.0,922.0,348.11780378708454
90141__sample_001327,2.0,1.0,32.0,348.26829905017905
269065__sample_001328,8.0,0.2,636.0,348.2723588917237
110700__sample_001329,8.0,1.0,18.0,348.30347917288583
132944__sample_001330,8.0,1.0,20.0,348.3545982717231
310723__sample_001331,4.0,1.0,1251.0,348.3847414354931
69998__sample_001332,2.0,1.0,3570.0,348.48919902469135
444803__sample_001333,16.0,1.0,79.0,349.3246213512553
107115__sample_001334,4.0,1.0,956.0,349.5025624734582
89351__sample_001335,2.0,1.0,80.0,349.7494796364898
63470__sample_001336,2.0,1.0,732.0,349.8596438502281
370255__sample_001337,184.0,0.8,731.0,349.95734503543747
8351__sample_001338,4.0,0.5,3214.0,349.9631997517784
47989__sample_001339,4.0,0.3,23.0,350.13665343044426
173235__sample_001340,4.0,0.5,142.0,350.30187619584086
26600__sample_001341,8.0,1.0,1488.0,350.34481975762975
175519__sample_001342,4.0,0.5,311.0,350.7061440824934
309405__sample_001343,8.0,1.0,2026.0,350.87579461626353
198274__sample_001344,8.0,1.0,93.0,350.97929269548223
181923__sample_001345,4.0,0.5,168.0,351.01901493254195
10408__sample_001346,4.0,1.0,1653.0,351.2198452074904
370300__sample_001347,104.0,0.8,292.0,351.569251815374
145305__sample_001348,8.0,1.0,15.0,351.6520730174693
196355__sample_001349,8.0,1.0,169.0,351.7138022298596
38212__sample_001350,4.0,1.0,77.0,351.8983043541855
218483__sample_001351,8.0,1.0,8.0,351.9405106065197
416248__sample_001352,12.0,1.0,254.0,352.2151237218257
95541__sample_001353,2.0,1.0,661.0,352.44755868104187
40810__sample_001354,4.0,0.3,315.0,352.4703359986777
148245__sample_001355,8.0,1.0,4532.0,352.47963698436746
12668__sample_001356,4.0,1.0,2099.0,352.72172296611456
246632__sample_001357,8.0,1.0,1997.0,352.80886202575266
331122__sample_001358,12.0,1.0,193.0,352.83146515610963
242767__sample_001359,8.0,1.0,1823.0,353.18764985317966
12316__sample_001360,4.0,1.0,2013.0,353.2818853025932
227283__sample_001361,8.0,1.0,301.0,353.4357465124708
1262__sample_001362,4.0,0.1,790.0,353.5033095368406
460604__sample_001363,8.0,1.0,298.0,353.7500663610618
264743__sample_001364,8.0,0.2,1041.0,353.8397672399092
75523__sample_001365,2.0,1.0,272.0,354.7004358972035
47530__sample_001366,4.0,0.3,1377.0,355.0038975351506
42454__sample_001367,4.0,0.3,15.0,355.04065224210535
361802__sample_001368,184.0,0.8,753.0,355.1754134417259
94822__sample_001369,2.0,1.0,71.0,355.29711793190285
355309__sample_001370,13.0,1.0,779.0,355.48814294840804
40077__sample_001371,4.0,0.3,25.0,355.9493233416749
464696__sample_001372,60.0,0.8,35.0,356.1682437407864
144514__sample_001373,8.0,1.0,59.0,356.1841269449034
73593__sample_001374,2.0,1.0,3226.0,356.45048107158283
144202__sample_001375,8.0,1.0,40.0,356.45255598281045
132396__sample_001376,8.0,1.0,136.0,356.83104298880096
291998__sample_001377,8.0,1.0,1433.0,357.10567311632934
392894__sample_001378,14.0,1.0,1978.0,357.1979994445284
98623__sample_001379,4.0,1.0,2215.0,357.284483293991
42157__sample_001380,4.0,0.3,17.0,357.6846932849131
16897__sample_001381,32.0,1.0,955.0,358.06704596143095
436059__sample_001382,12.0,1.0,224.0,358.175628783376
281779__sample_001383,8.0,1.0,1770.0,358.2644219901463
57854__sample_001384,2.0,1.0,201.0,358.46956759620844
75837__sample_001385,2.0,1.0,2721.0,358.47166780833476
187160__sample_001386,4.0,0.5,4118.0,358.4932390016795
351992__sample_001387,13.0,1.0,734.0,358.5269562419861
44767__sample_001388,2.0,0.2,1246.0,358.5782243898348
22426__sample_001389,8.0,1.0,1616.0,358.75759364449624
137532__sample_001390,8.0,1.0,14.0,359.97234857841903
45821__sample_001391,2.0,0.2,219.0,360.23667782921905
198280__sample_001392,8.0,1.0,31.0,360.2524923430598
100385__sample_001393,4.0,1.0,3370.0,360.43890758163417
116216__sample_001394,8.0,1.0,244.0,360.61052258522363
282414__sample_001395,12.0,1.0,1943.0,360.64944282736775
204312__sample_001396,4.0,1.0,448.0,361.2817275931706
363742__sample_001397,14.0,1.0,1211.0,361.4270240790432
451588__sample_001398,56.0,0.4,617.0,362.7304786426533
261899__sample_001399,8.0,1.0,1344.0,362.8666916002026
180673__sample_001400,4.0,0.5,217.0,363.1007879861264
208096__sample_001401,32.0,1.0,642.0,363.12845455450105
44078__sample_001402,4.0,0.3,18.0,363.27984296700953
85267__sample_001403,2.0,1.0,96.0,363.34804655175924
261332__sample_001404,8.0,0.4,792.0,363.79935622642614
318183__sample_001405,4.0,0.8,124.0,364.18238238850154
251305__sample_001406,20.0,1.0,1980.0,364.6169560216086
40265__sample_001407,4.0,0.3,123.0,364.9384411048488
141526__sample_001408,8.0,1.0,21.0,365.3854077045464
62120__sample_001409,2.0,1.0,125.0,365.4414527110432
82952__sample_001410,2.0,1.0,931.0,365.5918426809169
96015__sample_001411,2.0,1.0,29.0,365.88613230004455
99432__sample_001412,4.0,1.0,1778.0,366.1397408728524
300681__sample_001413,8.0,0.4,1324.0,366.4547483727473
229022__sample_001414,8.0,1.0,24.0,366.51823231830315
143787__sample_001415,8.0,1.0,69.0,366.5441380218441
459880__sample_001416,14.0,1.0,1642.0,367.16578477126393
310298__sample_001417,4.0,1.0,3353.0,367.3711275963004
213808__sample_001418,8.0,1.0,25.0,367.4128851406876
35520__sample_001419,80.0,0.8,1210.0,367.8071720917439
105941__sample_001420,4.0,1.0,960.0,368.42324211351144
402473__sample_001421,14.0,1.0,534.0,368.4696930723062
251139__sample_001422,20.0,1.0,1797.0,368.89482445326166
102508__sample_001423,4.0,1.0,926.0,369.571431312832
332312__sample_001424,12.0,1.0,372.0,370.26804887054203
449038__sample_001425,8.0,1.0,68.0,370.8818561108561
53563__sample_001426,2.0,1.0,104.0,371.0795025736528
265718__sample_001427,8.0,1.0,1322.0,371.1895987584295
359397__sample_001428,23.0,1.0,1860.0,371.1914236043025
178496__sample_001429,4.0,0.5,196.0,371.20713518656055
38742__sample_001430,4.0,1.0,25.0,371.347156230156
189970__sample_001431,15.0,1.0,1640.0,371.4745820213089
46844__sample_001432,2.0,0.2,330.0,371.52563607034284
80153__sample_001433,2.0,1.0,49.0,371.65146621300545
365471__sample_001434,14.0,1.0,444.0,371.69945316787914
143854__sample_001435,8.0,1.0,20.0,372.17172665910374
192684__sample_001436,2.0,1.0,1251.0,372.26025153843045
59239__sample_001437,2.0,1.0,91.0,372.48842854663235
272204__sample_001438,8.0,1.0,1045.0,372.6631409296586
356701__sample_001439,184.0,0.8,179.0,372.67646002809346
52441__sample_001440,2.0,1.0,1824.0,373.38929754202786
76299__sample_001441,2.0,1.0,133.0,373.5765819820124
142811__sample_001442,8.0,1.0,2513.0,373.6748639793558
86968__sample_001443,2.0,1.0,39.0,373.7178953784229
115047__sample_001444,8.0,1.0,13.0,373.82121676851665
173393__sample_001445,4.0,0.5,317.0,373.82639799039947
133076__sample_001446,8.0,1.0,32.0,373.9393635485385
286734__sample_001447,8.0,1.0,1778.0,374.1289108335346
38080__sample_001448,4.0,1.0,29.0,374.642580985124
138628__sample_001449,8.0,1.0,24.0,374.9332682419151
175671__sample_001450,4.0,0.5,312.0,374.96284656153637
107865__sample_001451,8.0,1.0,39.0,375.0028143253361
250698__sample_001452,20.0,1.0,2254.0,375.1425223225532
74517__sample_001453,2.0,1.0,1679.0,375.1969704682692
362646__sample_001454,13.0,1.0,1667.0,375.2040317024321
411627__sample_001455,16.0,1.0,2552.0,375.61273971033904
132005__sample_001456,8.0,1.0,89.0,375.6176686236367
340845__sample_001457,8.0,0.2,1374.0,376.0616740218906
14953__sample_001458,48.0,1.0,118.0,376.10057561248004
295589__sample_001459,8.0,1.0,810.0,377.019600092316
245882__sample_001460,8.0,1.0,1970.0,377.25110577079806
26549__sample_001461,8.0,1.0,1439.0,377.58309607006305
246590__sample_001462,8.0,1.0,2153.0,377.612365411604
367944__sample_001463,112.0,0.8,1975.0,378.10767942005117
381170__sample_001464,23.0,1.0,439.0,378.5645659961544
464670__sample_001465,60.0,0.8,56.0,378.82916838432664
293520__sample_001466,8.0,1.0,1202.0,379.003595207144
435329__sample_001467,16.0,1.0,2258.0,379.32316979332427
152079__sample_001468,8.0,1.0,310.0,379.3246562575648
379304__sample_001469,144.0,0.8,1373.0,379.54904850040066
134985__sample_001470,8.0,1.0,222.0,380.0190423413061
161755__sample_001471,8.0,1.0,277.0,380.1294060589065
408109__sample_001472,104.0,0.8,250.0,380.1580594563325
315055__sample_001473,4.0,1.0,2273.0,380.2946196613278
3166__sample_001474,8.0,0.5,195.0,380.6192861999003
53467__sample_001475,2.0,1.0,101.0,380.64766271406313
99907__sample_001476,4.0,1.0,2067.0,380.705345958704
126454__sample_001477,8.0,1.0,3669.0,380.74525668097107
51390__sample_001478,2.0,0.2,90.0,381.14382967380953
208608__sample_001479,32.0,1.0,425.0,381.1600690253446
231898__sample_001480,4.0,1.0,1970.0,381.4501269955429
290895__sample_001481,8.0,1.0,1514.0,381.56423381543414
420046__sample_001482,12.0,1.0,837.0,381.9166667798161
129755__sample_001483,8.0,1.0,3695.0,382.75040277608247
82654__sample_001484,2.0,1.0,33.0,382.7808162711172
386711__sample_001485,104.0,0.8,4129.0,382.87517604441473
162504__sample_001486,16.0,1.0,2891.0,383.29052393709037
72206__sample_001487,2.0,1.0,3476.0,383.3678894517062
198444__sample_001488,8.0,1.0,26.0,383.4284457516592
215924__sample_001489,8.0,1.0,8.0,383.8647286302808
303936__sample_001490,8.0,1.0,2340.0,384.9520190727727
393644__sample_001491,14.0,1.0,787.0,385.1554980720377
384670__sample_001492,14.0,1.0,254.0,385.2369474872467
240663__sample_001493,64.0,0.8,873.0,385.36405709010324
305708__sample_001494,8.0,1.0,1919.0,385.4106787429694
410872__sample_001495,16.0,1.0,1920.0,385.76943151780097
95334__sample_001496,2.0,1.0,36.0,386.14065542506063
383506__sample_001497,112.0,0.8,895.0,386.66075791243446
199583__sample_001498,8.0,1.0,73.0,386.66749861624396
49337__sample_001499,2.0,0.2,1784.0,386.8738720588656
402268__sample_001500,184.0,0.8,1346.0,386.9341529387283
63010__sample_001501,2.0,1.0,115.0,387.0383664992316
259432__sample_001502,8.0,1.0,1332.0,387.4225942071397
252427__sample_001503,20.0,1.0,1757.0,387.47590292471233
365817__sample_001504,13.0,1.0,1243.0,387.73016681857297
313327__sample_001505,4.0,1.0,2243.0,387.99590537734645
322972__sample_001506,4.0,1.0,2568.0,388.76619477678844
394950__sample_001507,112.0,0.8,818.0,389.13928736943564
29683__sample_001508,10.0,1.0,1920.0,389.54623258345333
346755__sample_001509,184.0,0.8,2267.0,389.735841145043
408272__sample_001510,184.0,0.8,962.0,389.7875297940146
333899__sample_001511,12.0,1.0,28.0,389.9261211652487
458461__sample_001512,8.0,1.0,113.0,390.1254646797346
27786__sample_001513,4.0,1.0,846.0,390.4090913311754
295929__sample_001514,8.0,0.2,125.0,390.6430292443579
79549__sample_001515,2.0,1.0,32.0,390.7682389212671
360649__sample_001516,184.0,0.8,278.0,390.8453166378781
336092__sample_001517,12.0,1.0,24.0,390.89136672098624
427902__sample_001518,12.0,1.0,2945.0,391.1872829787406
340560__sample_001519,8.0,0.2,1048.0,391.44647326544197
460861__sample_001520,60.0,0.8,399.0,391.7371589613131
187667__sample_001521,4.0,0.5,157.0,391.85367280091805
78952__sample_001522,2.0,1.0,474.0,391.92976385397645
83474__sample_001523,2.0,1.0,154.0,392.2862528286601
131809__sample_001524,8.0,1.0,204.0,392.6576681528315
237961__sample_001525,20.0,1.0,418.0,392.80969342426783
270915__sample_001526,8.0,0.2,624.0,393.04631911569305
643__sample_001527,4.0,0.1,888.0,393.1632285888379
67966__sample_001528,2.0,1.0,931.0,393.46584974567924
214378__sample_001529,8.0,1.0,9.0,393.91739792293055
260921__sample_001530,8.0,1.0,2426.0,394.20877293657946
380699__sample_001531,14.0,1.0,2553.0,394.38843156004896
298031__sample_001532,8.0,0.2,1317.0,394.54185755064304
214452__sample_001533,8.0,1.0,10.0,394.7988864434572
52012__sample_001534,2.0,1.0,575.0,395.08359731695543
461581__sample_001535,8.0,1.0,1133.0,395.2881215881821
47098__sample_001536,2.0,0.2,46.0,395.5332904211349
437514__sample_001537,12.0,1.0,4043.0,395.5586847531751
199768__sample_001538,8.0,1.0,475.0,396.31660502342356
197847__sample_001539,8.0,1.0,436.0,396.7076889725808
240446__sample_001540,64.0,0.8,67.0,396.8247613951831
392259__sample_001541,14.0,1.0,1220.0,397.0316097371611
117216__sample_001542,8.0,1.0,121.0,397.04372997931574
139770__sample_001543,8.0,1.0,1252.0,397.0542554258207
122576__sample_001544,8.0,1.0,3340.0,397.1264421973691
176068__sample_001545,4.0,0.5,1379.0,397.4189974474616
405036__sample_001546,184.0,0.8,1711.0,397.8968828974099
416615__sample_001547,12.0,1.0,4218.0,398.10166589464563
182235__sample_001548,4.0,0.5,247.0,398.2915585583661
251014__sample_001549,20.0,1.0,1995.0,398.42022912688515
200543__sample_001550,8.0,1.0,103.0,398.46429350873296
405787__sample_001551,112.0,0.8,572.0,398.4957847034868
248939__sample_001552,4.0,1.0,1810.0,398.85327288166707
132516__sample_001553,8.0,1.0,1217.0,399.50932730709764
418843__sample_001554,12.0,1.0,6.0,399.6625802954906
189085__sample_001555,15.0,1.0,865.0,399.93187543886916
321206__sample_001556,4.0,1.0,4160.0,400.54656136745206
157126__sample_001557,8.0,1.0,3039.0,400.5701702571082
29285__sample_001558,8.0,1.0,1311.0,400.93811311672084
420549__sample_001559,12.0,1.0,241.0,401.1779236905656
67595__sample_001560,2.0,1.0,573.0,401.40614605801665
125277__sample_001561,8.0,1.0,4366.0,401.4926647564735
310091__sample_001562,4.0,1.0,1256.0,401.78058366583593
352311__sample_001563,14.0,1.0,2638.0,402.17652347191745
51829__sample_001564,2.0,0.2,28.0,402.2064610732227
36285__sample_001565,4.0,1.0,45.0,402.3970968731447
163475__sample_001566,4.0,1.0,1690.0,402.423788688473
256101__sample_001567,8.0,1.0,1020.0,402.9388435950918
409516__sample_001568,104.0,0.8,148.0,403.11597821168306
419637__sample_001569,12.0,1.0,662.0,403.52849851697124
148770__sample_001570,8.0,1.0,15.0,403.6432488661345
419424__sample_001571,12.0,1.0,898.0,403.67665406580875
353456__sample_001572,184.0,0.8,18.0,403.6872503134999
93539__sample_001573,2.0,1.0,497.0,403.769901054408
345840__sample_001574,23.0,1.0,345.0,403.83990682392255
448527__sample_001575,96.0,0.8,115.0,404.0453520272095
458029__sample_001576,56.0,0.4,558.0,404.05084667917214
319893__sample_001577,4.0,0.8,94.0,404.23463630817776
281628__sample_001578,8.0,1.0,1038.0,404.3589375689647
161794__sample_001579,8.0,1.0,68.0,404.5741056179375
268114__sample_001580,8.0,0.2,1491.0,404.87712158696564
299340__sample_001581,8.0,1.0,751.0,405.12846488526714
59438__sample_001582,2.0,1.0,81.0,406.1725331493027
275778__sample_001583,16.0,0.2,1867.0,406.2097351191099
165598__sample_001584,4.0,0.3,978.0,406.3501495282893
438423__sample_001585,6.0,1.0,2536.0,406.4884222559014
153814__sample_001586,8.0,1.0,76.0,406.6233370947243
143351__sample_001587,8.0,1.0,69.0,406.895848163544
421592__sample_001588,46.0,0.2,3329.0,407.0641000320186
85627__sample_001589,2.0,1.0,57.0,407.2462586809091
112645__sample_001590,8.0,1.0,13.0,407.3878238817806
129733__sample_001591,8.0,1.0,3771.0,408.58568258897196
164318__sample_001592,4.0,0.3,999.0,409.24193640545957
178092__sample_001593,4.0,0.5,278.0,409.33387911358204
182848__sample_001594,4.0,0.5,104.0,409.3634607007287
266269__sample_001595,8.0,1.0,1358.0,409.8212387179984
418543__sample_001596,12.0,1.0,830.0,411.2881305715699
439839__sample_001597,56.0,0.4,434.0,411.3746734653568
47115__sample_001598,2.0,0.2,20.0,411.48538147158615
183710__sample_001599,4.0,0.5,1147.0,412.19563340327056
348721__sample_001600,28.0,0.2,2246.0,412.5060776158964
459214__sample_001601,28.0,0.2,316.0,412.59369344626447
119267__sample_001602,8.0,1.0,3795.0,412.8111922769981
410636__sample_001603,16.0,1.0,3204.0,413.5328201885679
324495__sample_001604,12.0,1.0,730.0,413.95040011305883
146680__sample_001605,8.0,1.0,4394.0,414.2889369900034
327245__sample_001606,12.0,1.0,3492.0,414.62283379576616
466392__sample_001607,112.0,0.8,134.0,414.6718436981782
270650__sample_001608,8.0,1.0,1021.0,415.1071310661367
30672__sample_001609,40.0,1.0,765.0,415.1879130053838
432851__sample_001610,10.0,1.0,512.0,415.8540409486868
455788__sample_001611,15.0,1.0,2365.0,415.96743182305073
165465__sample_001612,4.0,0.3,716.0,416.4548166996778
279284__sample_001613,8.0,1.0,1018.0,416.53220780302735
24449__sample_001614,5.0,1.0,1201.0,416.7128656717615
437312__sample_001615,14.0,1.0,690.0,416.741125736225
244094__sample_001616,8.0,1.0,2364.0,417.01091559553277
300053__sample_001617,8.0,1.0,2617.0,417.46300868383025
30114__sample_001618,20.0,0.8,1312.0,417.7798675766172
135261__sample_001619,8.0,1.0,28.0,417.96506279933004
85746__sample_001620,2.0,1.0,315.0,417.97660412050834
446263__sample_001621,112.0,0.8,5.0,418.65402077409766
269274__sample_001622,16.0,0.2,1433.0,418.9596309710534
156083__sample_001623,8.0,1.0,14.0,419.302102636086
256266__sample_001624,8.0,1.0,1361.0,419.69789972215807
200746__sample_001625,8.0,1.0,75.0,420.0422268617466
156592__sample_001626,8.0,1.0,16.0,420.18768027034554
365771__sample_001627,184.0,0.8,1764.0,420.5183898417068
79294__sample_001628,2.0,1.0,342.0,420.7636150141378
156015__sample_001629,8.0,1.0,370.0,421.2446801486318
141650__sample_001630,8.0,1.0,1423.0,421.6501334608046
398882__sample_001631,52.0,0.4,1000.0,421.6606971279825
140300__sample_001632,8.0,1.0,223.0,421.77975772659886
299513__sample_001633,8.0,1.0,2234.0,421.7885909961189
395357__sample_001634,104.0,0.8,1285.0,421.815508158447
77929__sample_001635,2.0,1.0,132.0,422.0454641011273
178705__sample_001636,4.0,0.5,52.0,422.5629791644257
434971__sample_001637,14.0,1.0,418.0,422.5948877278019
135556__sample_001638,8.0,1.0,23.0,422.7448425996146
449322__sample_001639,112.0,0.8,55.0,423.3492824030902
54568__sample_001640,2.0,1.0,182.0,423.77018943002474
139147__sample_001641,8.0,1.0,15.0,423.9535088130142
350909__sample_001642,184.0,0.8,1111.0,424.32264175358836
37522__sample_001643,4.0,1.0,95.0,424.5075410063238
351113__sample_001644,13.0,1.0,866.0,424.55056224006995
11199__sample_001645,4.0,1.0,2242.0,424.5838697033706
95481__sample_001646,2.0,1.0,27.0,424.63604683573175
439085__sample_001647,12.0,1.0,320.0,424.74409746845885
340946__sample_001648,8.0,0.2,3525.0,425.41080990163834
441099__sample_001649,16.0,1.0,3820.0,425.81276771964843
314852__sample_001650,4.0,1.0,2215.0,425.9545292337191
185086__sample_001651,4.0,0.5,1511.0,426.12437813076764
431193__sample_001652,14.0,1.0,264.0,426.20155671022883
324602__sample_001653,12.0,1.0,3905.0,426.5062039493966
346288__sample_001654,104.0,0.8,1615.0,426.9120446424358
433541__sample_001655,6.0,1.0,158.0,426.9802938157628
391328__sample_001656,13.0,1.0,2805.0,426.9909741462325
400355__sample_001657,14.0,1.0,676.0,427.2354418500513
43090__sample_001658,4.0,0.3,20.0,427.44211841866354
57664__sample_001659,2.0,1.0,135.0,427.5707143866328
150738__sample_001660,8.0,1.0,128.0,427.82884605566557
444156__sample_001661,112.0,0.8,678.0,428.02881393321576
133571__sample_001662,8.0,1.0,16.0,428.1009283853948
302463__sample_001663,8.0,1.0,2037.0,428.2276903174896
376253__sample_001664,104.0,0.8,1246.0,428.3673940314458
238952__sample_001665,20.0,1.0,384.0,428.89797710525505
375237__sample_001666,184.0,0.8,1735.0,429.7084118705907
394760__sample_001667,23.0,1.0,211.0,430.2671466649104
87051__sample_001668,2.0,1.0,556.0,430.5846552519028
199089__sample_001669,8.0,1.0,141.0,430.8045200642831
433512__sample_001670,12.0,1.0,43.0,431.0967210623994
273673__sample_001671,8.0,1.0,1390.0,431.79638944327223
303221__sample_001672,8.0,1.0,2666.0,431.8683095397935
347999__sample_001673,13.0,1.0,1423.0,432.0598038056106
376376__sample_001674,88.0,0.8,3578.0,432.35228363696444
12197__sample_001675,4.0,1.0,1657.0,432.63655461860947
235663__sample_001676,12.0,1.0,4326.0,432.70923594640396
238__sample_001677,4.0,0.1,918.0,432.9301504070212
32415__sample_001678,5.0,0.4,3730.0,433.32745280784695
318346__sample_001679,4.0,0.8,158.0,433.48857967432156
90983__sample_001680,2.0,1.0,38.0,433.88269905120706
381233__sample_001681,56.0,0.4,271.0,433.99422497081787
105098__sample_001682,4.0,1.0,931.0,434.69246416698707
308349__sample_001683,8.0,1.0,1909.0,434.88331819085835
135645__sample_001684,8.0,1.0,331.0,435.10987108452025
418972__sample_001685,12.0,1.0,1398.0,435.11783705270653
436538__sample_001686,14.0,1.0,409.0,435.16450052580063
45277__sample_001687,2.0,0.2,876.0,435.4150538470383
332023__sample_001688,12.0,1.0,1151.0,435.55117977290985
163743__sample_001689,4.0,0.3,652.0,435.72858215424765
112518__sample_001690,8.0,1.0,14.0,435.7448425251438
335002__sample_001691,12.0,1.0,1146.0,436.1939881531149
286214__sample_001692,8.0,1.0,1080.0,436.57769324474253
10808__sample_001693,4.0,1.0,3045.0,436.62894364127436
63675__sample_001694,2.0,1.0,139.0,436.8804491997583
243694__sample_001695,8.0,1.0,1912.0,437.3068197061583
96443__sample_001696,2.0,1.0,39.0,437.5628263730994
436807__sample_001697,14.0,1.0,1476.0,437.65573657249803
174668__sample_001698,4.0,0.5,316.0,437.92259576891695
429081__sample_001699,12.0,1.0,1369.0,437.9816725177021
85477__sample_001700,2.0,1.0,332.0,438.077447414542
465527__sample_001701,8.0,1.0,104.0,438.14607953922376
98821__sample_001702,4.0,1.0,1655.0,438.3495836527565
207550__sample_001703,16.0,1.0,559.0,438.3782194695041
377806__sample_001704,56.0,0.4,3160.0,439.05514596089984
56371__sample_001705,2.0,1.0,578.0,439.15657937956564
78696__sample_001706,2.0,1.0,104.0,439.218364849648
58172__sample_001707,2.0,1.0,148.0,439.38993247624273
28437__sample_001708,4.0,1.0,1200.0,439.4710182361118
385164__sample_001709,104.0,0.8,2296.0,439.662396143317
169302__sample_001710,4.0,0.5,94.0,439.7695191249905
168708__sample_001711,4.0,0.5,146.0,439.80492925954456
362815__sample_001712,104.0,0.8,1033.0,439.882205144174
302686__sample_001713,8.0,1.0,2626.0,440.0264642386223
120178__sample_001714,8.0,1.0,142.0,440.0341546257535
83795__sample_001715,2.0,1.0,340.0,440.40227299454006
183257__sample_001716,4.0,0.5,140.0,440.64537226358766
263854__sample_001717,8.0,1.0,1365.0,440.8752961485516
283089__sample_001718,8.0,1.0,1700.0,441.0727381658291
296401__sample_001719,8.0,1.0,511.0,441.2958287273525
452946__sample_001720,14.0,1.0,640.0,441.9778356573804
119024__sample_001721,8.0,1.0,370.0,441.97998719178156
336277__sample_001722,12.0,1.0,427.0,441.99223216110767
121217__sample_001723,8.0,1.0,23.0,442.04537377336163
360856__sample_001724,14.0,1.0,134.0,442.0911446491099
364605__sample_001725,112.0,0.8,369.0,442.14112181375253
38044__sample_001726,4.0,1.0,31.0,442.41976446512774
412634__sample_001727,48.0,1.0,516.0,442.5735719018792
102253__sample_001728,4.0,1.0,965.0,443.77383405777664
415085__sample_001729,8.2,1.0,1610.0,443.83816622120355
175113__sample_001730,4.0,0.5,326.0,443.931233083853
139027__sample_001731,8.0,1.0,16.0,444.9688145033342
250850__sample_001732,20.0,1.0,4242.0,445.41440267752984
372475__sample_001733,184.0,0.8,1721.0,445.5730275563461
405370__sample_001734,14.0,1.0,438.0,445.77522143927
197496__sample_001735,8.0,1.0,370.0,446.238382281474
109801__sample_001736,8.0,1.0,13.0,446.4023356152172
197410__sample_001737,8.0,1.0,1244.0,446.46001103940426
109596__sample_001738,8.0,1.0,32.0,446.9007232079798
372542__sample_001739,14.0,1.0,593.0,447.0936477244759
35561__sample_001740,60.0,0.8,112.0,447.1351739438273
138752__sample_001741,8.0,1.0,16.0,447.3112693724877
374103__sample_001742,184.0,0.8,3974.0,447.4445386209381
342829__sample_001743,112.0,0.8,4185.0,447.9681114993881
170337__sample_001744,4.0,0.5,142.0,448.00179608137495
218777__sample_001745,8.0,1.0,9.0,448.52207642822873
295223__sample_001746,8.0,1.0,1365.0,448.7015445227643
70271__sample_001747,2.0,1.0,343.0,448.8310760874229
461522__sample_001748,8.0,1.0,1190.0,448.8752505923837
370330__sample_001749,112.0,0.8,1466.0,449.17692635994393
144219__sample_001750,8.0,1.0,15.0,449.83058923912495
141624__sample_001751,8.0,1.0,11.0,449.9482411335812
107980__sample_001752,8.0,1.0,47.0,450.0173722712413
186034__sample_001753,4.0,0.5,581.0,450.2197177658921
61297__sample_001754,2.0,1.0,494.0,450.61735456907917
406205__sample_001755,112.0,0.8,428.0,450.61829827162677
249073__sample_001756,4.0,1.0,2430.0,450.8677937769475
127080__sample_001757,8.0,1.0,264.0,451.09469838865397
173299__sample_001758,4.0,0.5,475.0,451.19043558674895
437532__sample_001759,12.0,1.0,3226.0,451.34054249495614
393235__sample_001760,13.0,1.0,795.0,451.41145279827623
59312__sample_001761,2.0,1.0,142.0,451.80147874608747
169054__sample_001762,4.0,0.5,148.0,452.05312489140874
129408__sample_001763,8.0,1.0,3656.0,452.2433270664591
158080__sample_001764,8.0,1.0,32.0,452.3679386238753
37328__sample_001765,4.0,1.0,26.0,452.4540491368314
245295__sample_001766,8.0,1.0,2285.0,452.8865786053629
314896__sample_001767,4.0,1.0,1777.0,453.0366785259652
180003__sample_001768,4.0,0.5,1996.0,453.2106900805641
297044__sample_001769,16.0,0.2,2898.0,453.3946143778633
130311__sample_001770,8.0,1.0,31.0,453.54333242582385
449278__sample_001771,112.0,0.8,3771.0,453.61729070174476
247018__sample_001772,8.0,1.0,1808.0,453.64934577931314
196504__sample_001773,8.0,1.0,31.0,453.6752799233779
47652__sample_001774,4.0,0.3,33.0,454.02942968278296
395824__sample_001775,28.0,0.2,2642.0,454.09267829964045
354518__sample_001776,184.0,0.8,481.0,454.10699894428
114641__sample_001777,8.0,1.0,22.0,454.5062742830606
418067__sample_001778,184.0,0.8,286.0,454.5481014824989
90931__sample_001779,2.0,1.0,392.0,454.79340620921704
46003__sample_001780,2.0,0.2,267.0,454.8967716853661
276901__sample_001781,16.0,0.2,1764.0,454.9305778221498
464262__sample_001782,56.0,0.4,12.0,455.0643919746856
197981__sample_001783,8.0,1.0,74.0,455.0681218764415
385646__sample_001784,112.0,0.8,1041.0,455.52790538285956
198056__sample_001785,8.0,1.0,68.0,455.7080339295861
258116__sample_001786,8.0,0.2,787.0,455.7454955883171
90199__sample_001787,2.0,1.0,66.0,455.81311345156615
422917__sample_001788,46.0,0.2,141.0,455.96165402455034
345786__sample_001789,112.0,0.8,621.0,456.0139855697722
208432__sample_001790,32.0,1.0,425.0,456.0921839764816
185768__sample_001791,4.0,0.5,126.0,456.2832833210806
144093__sample_001792,8.0,1.0,32.0,456.7301390620068
42566__sample_001793,4.0,0.3,13.0,456.8586131812141
442611__sample_001794,48.0,0.4,1967.0,457.1741684343524
378916__sample_001795,112.0,0.8,4393.0,457.6974201452114
37550__sample_001796,4.0,1.0,76.0,457.75835269139657
386650__sample_001797,184.0,0.8,921.0,458.16986775399187
399470__sample_001798,13.0,1.0,1166.0,458.52395534000664
306088__sample_001799,8.0,1.0,1807.0,458.63433360116755
44181__sample_001800,4.0,0.3,56.0,459.7739042850865
152395__sample_001801,8.0,1.0,69.0,459.85005111667243
145803__sample_001802,8.0,1.0,17.0,459.92357787242815
11656__sample_001803,4.0,1.0,2698.0,460.29346461833364
23824__sample_001804,8.0,1.0,1150.0,460.4360454220759
284369__sample_001805,8.0,0.2,654.0,460.5364616296986
268384__sample_001806,8.0,1.0,736.0,460.5856670151276
122041__sample_001807,8.0,1.0,42.0,460.9480633566402
463028__sample_001808,8.0,1.0,1075.0,461.33388439732613
310931__sample_001809,4.0,1.0,968.0,461.54288718148564
251781__sample_001810,20.0,1.0,1904.0,462.3313559864058
143700__sample_001811,8.0,1.0,547.0,462.4270972487173
464749__sample_001812,56.0,0.4,93.0,462.4890905175415
173621__sample_001813,4.0,0.5,308.0,462.7719777940393
316602__sample_001814,4.0,1.0,3826.0,463.1271046886544
327009__sample_001815,12.0,1.0,2596.0,463.19079742082147
329418__sample_001816,12.0,1.0,493.0,463.2107235273665
345851__sample_001817,112.0,0.8,2006.0,463.62658684204155
62__sample_001818,4.0,0.1,867.0,464.56429655361546
446656__sample_001819,8.0,1.0,1816.0,464.82297524799344
406817__sample_001820,104.0,0.8,204.0,464.9043617000555
99805__sample_001821,4.0,1.0,2122.0,466.33075335784423
313938__sample_001822,4.0,1.0,1937.0,466.89010872841163
181609__sample_001823,4.0,0.5,136.0,467.07017699742613
310328__sample_001824,4.0,1.0,596.0,467.5063787238749
60091__sample_001825,2.0,1.0,75.0,467.9293398688084
166477__sample_001826,4.0,0.3,384.0,468.6119098707136
399829__sample_001827,112.0,0.8,292.0,469.0715029260769
98447__sample_001828,4.0,1.0,1655.0,469.32948390888066
238227__sample_001829,20.0,1.0,632.0,469.5644401077975
255470__sample_001830,8.0,0.2,19.0,469.7219162113405
265258__sample_001831,8.0,1.0,726.0,469.96811591832756
428737__sample_001832,12.0,1.0,3883.0,470.3645665128312
113395__sample_001833,8.0,1.0,13.0,471.2333121536775
156201__sample_001834,8.0,1.0,118.0,471.3907554371153
102623__sample_001835,4.0,1.0,946.0,471.603880983716
313836__sample_001836,4.0,1.0,2448.0,471.75099017553566
446633__sample_001837,112.0,0.8,663.0,472.0270134615615
83605__sample_001838,2.0,1.0,78.0,472.27552282219483
410257__sample_001839,16.0,1.0,2590.0,472.28002150432684
340698__sample_001840,8.0,0.2,2195.0,472.47478578220006
406066__sample_001841,184.0,0.8,304.0,472.49794810928347
286476__sample_001842,8.0,1.0,419.0,472.5046325870945
230202__sample_001843,4.0,1.0,3111.0,472.8962237949739
110526__sample_001844,8.0,1.0,47.0,472.9710443561204
232390__sample_001845,8.0,1.0,595.0,473.07517147567074
197381__sample_001846,8.0,1.0,386.0,473.09172902016076
122798__sample_001847,8.0,1.0,17.0,473.14118944164437
144196__sample_001848,8.0,1.0,49.0,473.5038761359438
298819__sample_001849,8.0,1.0,1350.0,473.6739490925218
65124__sample_001850,2.0,1.0,84.0,474.20541150018823
73602__sample_001851,2.0,1.0,497.0,474.3319714270924
156038__sample_001852,8.0,1.0,22.0,474.41020455529156
459096__sample_001853,56.0,0.4,2530.0,474.51697883625087
384125__sample_001854,28.0,0.2,287.0,474.8288483949114
281299__sample_001855,16.0,0.2,1827.0,475.03127183084047
199569__sample_001856,8.0,1.0,102.0,475.6176220355941
466143__sample_001857,8.0,1.0,151.0,475.84805388742416
92106__sample_001858,2.0,1.0,97.0,476.0178739349743
119053__sample_001859,8.0,1.0,105.0,476.4030300437682
116564__sample_001860,8.0,1.0,48.0,477.1399268170724
100971__sample_001861,4.0,1.0,2156.0,477.2498811453836
104028__sample_001862,4.0,1.0,953.0,477.32176040362333
25826__sample_001863,8.0,1.0,1462.0,477.5611801593465
252038__sample_001864,20.0,1.0,1993.0,477.73390399937637
465121__sample_001865,60.0,0.8,1086.0,478.8656225932226
248348__sample_001866,12.0,1.0,2253.0,479.0207649447889
139299__sample_001867,8.0,1.0,14.0,479.04007473360775
129128__sample_001868,8.0,1.0,684.0,479.98718406280256
165264__sample_001869,4.0,0.3,182.0,480.4509978093731
324225__sample_001870,12.0,1.0,307.0,480.5000776197787
273661__sample_001871,8.0,1.0,1691.0,481.08751056130876
262738__sample_001872,8.0,1.0,1553.0,481.1916421336268
114186__sample_001873,8.0,1.0,30.0,481.30998926532885
68818__sample_001874,2.0,1.0,701.0,481.9021477401375
153143__sample_001875,8.0,1.0,32.0,482.090964864529
449930__sample_001876,112.0,0.8,530.0,482.1280211200867
454879__sample_001877,8.0,1.0,3713.0,482.24315572532254
98519__sample_001878,4.0,1.0,1665.0,482.56327691354346
409741__sample_001879,52.0,0.4,1147.0,482.6111227931191
391222__sample_001880,112.0,0.8,955.0,482.83416333673057
152598__sample_001881,8.0,1.0,34.0,483.131249012499
156891__sample_001882,8.0,1.0,101.0,483.2365918392317
372597__sample_001883,14.0,1.0,849.0,483.5325369259421
239748__sample_001884,20.0,1.0,911.0,484.0715254767317
305415__sample_001885,8.0,0.4,3019.0,484.23124550828817
340215__sample_001886,64.0,1.0,1157.0,484.35193033576945
465528__sample_001887,8.0,1.0,1348.0,484.4242372861745
294975__sample_001888,8.0,0.2,1310.0,484.65595230890966
425323__sample_001889,12.0,1.0,2.0,485.18571014956643
378144__sample_001890,184.0,0.8,3418.0,485.28384537146394
176640__sample_001891,4.0,0.5,37.0,485.4099881460592
139454__sample_001892,8.0,1.0,75.0,485.54047053964047
385652__sample_001893,112.0,0.8,198.0,485.74617766208246
158032__sample_001894,8.0,1.0,143.0,485.8110028151534
361662__sample_001895,184.0,0.8,3431.0,486.2427924898119
207681__sample_001896,16.0,1.0,490.0,486.3303955237168
149628__sample_001897,8.0,1.0,1581.0,486.63589805864575
130864__sample_001898,8.0,1.0,19.0,486.81588162255935
132589__sample_001899,8.0,1.0,357.0,487.0362921227699
347138__sample_001900,56.0,0.4,204.0,487.08578559895767
139394__sample_001901,8.0,1.0,51.0,487.4178138482384
112132__sample_001902,8.0,1.0,3336.0,487.4700687024815
96200__sample_001903,2.0,1.0,961.0,487.5001798065618
12617__sample_001904,4.0,1.0,2870.0,487.69796878103654
339894__sample_001905,16.0,0.4,756.0,488.0068321866719
53500__sample_001906,2.0,1.0,131.0,488.0196649410874
37167__sample_001907,4.0,1.0,28.0,488.0376451173709
369766__sample_001908,92.0,0.4,531.0,488.4433761821945
88428__sample_001909,2.0,1.0,556.0,488.85728944899483
260769__sample_001910,8.0,0.2,1323.0,488.9276497514835
160203__sample_001911,8.0,1.0,24.0,489.16642596522775
401582__sample_001912,112.0,0.8,4327.0,489.31280431173275
154614__sample_001913,8.0,1.0,14.0,489.5631956988973
267673__sample_001914,8.0,1.0,1378.0,490.05991909968884
376848__sample_001915,14.0,1.0,182.0,490.08072548990845
303400__sample_001916,8.0,1.0,2490.0,490.45697742649975
55107__sample_001917,2.0,1.0,209.0,490.62680284710115
6969__sample_001918,4.0,0.5,314.0,490.8344039054623
298409__sample_001919,8.0,1.0,1434.0,491.0996834409988
225309__sample_001920,8.0,1.0,7.0,491.7394503478679
240799__sample_001921,64.0,0.8,1381.0,491.75404836448604
279994__sample_001922,8.0,1.0,979.0,491.7615282419803
244023__sample_001923,8.0,1.0,2955.0,491.8106115928834
68169__sample_001924,2.0,1.0,320.0,492.8859118240913
259741__sample_001925,8.0,0.2,1792.0,493.1997953466742
444734__sample_001926,30.0,0.2,551.0,493.43819040182024
144281__sample_001927,8.0,1.0,1027.0,493.45023574072434
448898__sample_001928,14.0,1.0,215.0,493.9784547631765
310838__sample_001929,8.0,1.0,1253.0,494.3972915774196
294819__sample_001930,8.0,1.0,1523.0,494.67054858773025
112229__sample_001931,8.0,1.0,3376.0,494.7740984287651
311639__sample_001932,4.0,1.0,961.0,494.79237687958243
44390__sample_001933,2.0,0.2,172.0,495.0092749320232
14084__sample_001934,24.0,1.0,3574.0,495.3272437955505
422620__sample_001935,184.0,0.8,2403.0,495.35198911945963
441462__sample_001936,14.0,1.0,986.0,495.60311095388295
182495__sample_001937,4.0,0.5,29.0,495.687457240943
255173__sample_001938,4.0,0.2,723.0,496.04869695230445
258505__sample_001939,8.0,1.0,608.0,496.2426204599594
63424__sample_001940,2.0,1.0,101.0,496.27715934478783
253240__sample_001941,4.0,1.0,1780.0,496.46407045466225
93771__sample_001942,2.0,1.0,38.0,496.5900068344724
437274__sample_001943,30.0,1.0,940.0,496.63972811963146
102403__sample_001944,4.0,1.0,968.0,497.1002530936378
32203__sample_001945,20.0,0.8,4411.0,497.10302552180934
14371__sample_001946,48.0,1.0,263.0,497.1965637486552
9843__sample_001947,4.0,1.0,2030.0,497.19973250566085
123993__sample_001948,8.0,1.0,30.0,497.2249659063628
348259__sample_001949,14.0,1.0,451.0,497.31309972284214
37160__sample_001950,4.0,1.0,98.0,497.3270495769279
301924__sample_001951,8.0,1.0,2123.0,497.55402516289666
195968__sample_001952,8.0,1.0,971.0,497.5767424764249
303429__sample_001953,8.0,0.4,319.0,497.87916780002314
452428__sample_001954,14.0,1.0,599.0,497.89268738507724
207015__sample_001955,32.0,1.0,545.0,497.90797249896775
42665__sample_001956,4.0,0.3,13.0,497.99905061468445
65167__sample_001957,2.0,1.0,157.0,498.56626935660336
254949__sample_001958,4.0,0.2,306.0,498.82265157941004
43838__sample_001959,4.0,0.3,65.0,499.1902133212902
52525__sample_001960,2.0,1.0,133.0,499.228370645983
251137__sample_001961,20.0,1.0,2340.0,499.67750149553876
227000__sample_001962,8.0,1.0,9.0,499.67954639808397
156133__sample_001963,8.0,1.0,14.0,499.739446374538
138595__sample_001964,8.0,1.0,28.0,499.9787846682783
422992__sample_001965,46.0,0.2,4065.0,500.096384158462
212041__sample_001966,12.0,1.0,86.0,501.13321595364425
198564__sample_001967,8.0,1.0,1064.0,501.14091820555564
141677__sample_001968,8.0,1.0,71.0,502.78341202583033
264359__sample_001969,8.0,1.0,1075.0,503.0277062305572
69695__sample_001970,2.0,1.0,259.0,503.23221778376023
93286__sample_001971,2.0,1.0,38.0,503.2475569987756
438758__sample_001972,12.0,1.0,1525.0,503.32737731848994
380934__sample_001973,112.0,0.8,634.0,503.9738222583609
462379__sample_001974,8.0,1.0,1233.0,504.083156422765
206893__sample_001975,32.0,1.0,633.0,504.354077391613
235107__sample_001976,8.0,1.0,823.0,506.25248484335054
79393__sample_001977,2.0,1.0,152.0,506.32880033900767
318306__sample_001978,4.0,0.8,105.0,506.5433534875923
10912__sample_001979,4.0,1.0,2145.0,506.84139566836745
163900__sample_001980,4.0,0.3,85.0,506.8863649789785
18305__sample_001981,128.0,0.8,1215.0,506.926604593453
325909__sample_001982,120.0,0.8,3370.0,507.07894764506557
222420__sample_001983,8.0,1.0,9.0,507.20081140963737
21373__sample_001984,4.0,1.0,2227.0,507.5139406665728
119125__sample_001985,8.0,1.0,109.0,507.53195132395814
102618__sample_001986,4.0,1.0,1294.0,508.4273311723441
159589__sample_001987,8.0,1.0,18.0,508.4309261419271
115__sample_001988,4.0,0.1,1405.0,508.66082319779434
356483__sample_001989,184.0,0.8,437.0,508.86756862164174
139395__sample_001990,8.0,1.0,49.0,508.9037429194433
198531__sample_001991,8.0,1.0,84.0,508.9446422037625
372528__sample_001992,184.0,0.8,1571.0,509.33801212081465
335694__sample_001993,12.0,1.0,307.0,509.88435147016486
397805__sample_001994,14.0,1.0,1541.0,509.96752724541057
142065__sample_001995,8.0,1.0,31.0,510.1115745729308
446010__sample_001996,8.0,1.0,1816.0,510.22119889140663
463855__sample_001997,8.0,0.4,199.0,510.240027184817
268356__sample_001998,8.0,1.0,1179.0,510.5196321620133
398817__sample_001999,56.0,0.4,311.0,510.9556502614747
150029__sample_002000,8.0,1.0,15.0,511.0465677269733
183880__sample_002001,4.0,0.5,64.0,512.2022942022616
76314__sample_002002,2.0,1.0,140.0,512.2220148442495
433789__sample_002003,12.0,1.0,1868.0,512.4930374405546
134866__sample_002004,8.0,1.0,28.0,512.6416925375136
55272__sample_002005,2.0,1.0,130.0,512.7896119492526
102314__sample_002006,4.0,1.0,954.0,512.942570860815
438378__sample_002007,14.0,1.0,284.0,513.0174021835192
186597__sample_002008,4.0,0.5,4319.0,513.331712904522
18591__sample_002009,128.0,0.8,2112.0,513.6513659137353
444186__sample_002010,96.0,0.8,437.0,513.7343256490052
371000__sample_002011,13.0,1.0,101.0,514.1852428666576
57366__sample_002012,2.0,1.0,146.0,514.2805012223334
270232__sample_002013,16.0,0.2,1711.0,514.6033319401691
30127__sample_002014,8.0,1.0,1445.0,514.6355744693706
462827__sample_002015,8.0,1.0,679.0,514.6817660980289
112046__sample_002016,8.0,1.0,21.0,514.7766407581895
85372__sample_002017,2.0,1.0,78.0,515.0019135708473
304485__sample_002018,8.0,1.0,1964.0,515.2611834040043
177445__sample_002019,4.0,0.5,149.0,515.3873761399218
402743__sample_002020,184.0,0.8,243.0,515.4076350440002
458162__sample_002021,112.0,0.8,1652.0,515.5245904078174
95083__sample_002022,2.0,1.0,55.0,515.8163941850576
371766__sample_002023,184.0,0.8,192.0,516.0943151181464
450509__sample_002024,10.0,1.0,514.0,516.1379619280791
354060__sample_002025,184.0,0.8,438.0,516.1399155339541
273209__sample_002026,8.0,1.0,1310.0,516.4894886642594
400645__sample_002027,112.0,0.8,124.0,516.5176040162224
381325__sample_002028,104.0,0.8,54.0,516.5390885891778
362465__sample_002029,13.0,1.0,563.0,516.5397648071037
374608__sample_002030,112.0,0.8,728.0,516.6814380804811
360794__sample_002031,112.0,0.8,291.0,516.8563621758905
305699__sample_002032,8.0,1.0,2507.0,517.1101580379441
278394__sample_002033,8.0,1.0,2348.0,517.1979249403856
178374__sample_002034,4.0,0.5,52.0,517.5077599325737
44152__sample_002035,4.0,0.3,95.0,517.5541411603105
81975__sample_002036,2.0,1.0,50.0,518.0000741837242
152869__sample_002037,8.0,1.0,31.0,518.2121436273302
275622__sample_002038,8.0,1.0,1458.0,518.4313449288611
430554__sample_002039,60.0,0.4,706.0,518.4902044507529
135194__sample_002040,8.0,1.0,13.0,518.5094540735233
199328__sample_002041,8.0,1.0,910.0,518.6656976429165
13046__sample_002042,8.0,1.0,865.0,518.9047233166114
51358__sample_002043,2.0,0.2,206.0,518.9296912346458
215632__sample_002044,8.0,1.0,7.0,519.6813110614357
243105__sample_002045,8.0,1.0,1811.0,520.6645507229895
95031__sample_002046,2.0,1.0,559.0,520.8616662455493
38880__sample_002047,4.0,1.0,49.0,521.6109453296481
119032__sample_002048,8.0,1.0,1398.0,521.6603889866326
137067__sample_002049,8.0,1.0,3074.0,521.6668263299011
155884__sample_002050,8.0,1.0,135.0,521.6768781089488
399275__sample_002051,14.0,1.0,246.0,521.8982654406541
71461__sample_002052,2.0,1.0,236.0,521.9141713445184
209377__sample_002053,32.0,1.0,367.0,522.7099616984336
198979__sample_002054,8.0,1.0,2672.0,522.7482300333302
181566__sample_002055,4.0,0.5,141.0,522.8390912015105
43157__sample_002056,4.0,0.3,14.0,523.2713124435218
389634__sample_002057,14.0,1.0,758.0,523.3330243664171
150506__sample_002058,8.0,1.0,22.0,523.4026119563937
148198__sample_002059,8.0,1.0,15.0,523.6596333739406
61449__sample_002060,2.0,1.0,93.0,523.7404040740454
234987__sample_002061,8.0,1.0,107.0,523.8017026833982
254780__sample_002062,4.0,0.2,414.0,523.8750196659201
224568__sample_002063,8.0,1.0,8.0,524.043673407532
40532__sample_002064,4.0,0.3,2463.0,524.8897575351243
383543__sample_002065,14.0,1.0,1024.0,525.3360596907052
461082__sample_002066,8.0,1.0,123.0,525.4197916407705
24864__sample_002067,32.0,0.8,1723.0,525.5326845607005
53129__sample_002068,2.0,1.0,463.0,525.6888288772291
156738__sample_002069,8.0,1.0,21.0,526.6538009518378
134679__sample_002070,8.0,1.0,44.0,526.7011044058231
88571__sample_002071,2.0,1.0,89.0,526.811694946946
154371__sample_002072,8.0,1.0,13.0,527.1384974464426
262796__sample_002073,8.0,1.0,1034.0,527.9691661023593
153757__sample_002074,8.0,1.0,91.0,528.0114706122118
94411__sample_002075,2.0,1.0,37.0,528.0759625830074
232026__sample_002076,4.0,1.0,2573.0,528.139909834419
421007__sample_002077,15.0,1.0,4201.0,528.1451983870078
283340__sample_002078,8.0,0.2,609.0,528.3768566601673
12042__sample_002079,4.0,1.0,2116.0,528.6545555164271
419399__sample_002080,12.0,1.0,1096.0,528.8852118862769
324719__sample_002081,12.0,1.0,3911.0,528.903710455004
159670__sample_002082,8.0,1.0,63.0,528.9216462583819
6364__sample_002083,4.0,0.5,209.0,528.9806991990714
140644__sample_002084,8.0,1.0,40.0,529.0664255005335
186192__sample_002085,4.0,0.5,982.0,529.4525062366715
227247__sample_002086,8.0,1.0,426.0,529.4959131807605
407042__sample_002087,14.0,1.0,495.0,529.507186638573
4961__sample_002088,4.0,0.5,1314.0,529.6324003082706
168791__sample_002089,4.0,0.5,320.0,529.7670318197563
50908__sample_002090,2.0,0.2,1126.0,529.9169038369605
411236__sample_002091,16.0,1.0,2730.0,530.3553804096805
301932__sample_002092,8.0,1.0,2136.0,530.3811671002106
290304__sample_002093,8.0,1.0,1356.0,530.6854671442869
174611__sample_002094,4.0,0.5,178.0,530.788569021152
396306__sample_002095,13.0,1.0,211.0,530.8813277446595
139209__sample_002096,8.0,1.0,31.0,531.5553944422265
398203__sample_002097,13.0,1.0,505.0,531.6268049889738
179165__sample_002098,4.0,0.5,25.0,531.8839822316522
71624__sample_002099,2.0,1.0,3741.0,531.9644221958338
231744__sample_002100,4.0,1.0,2193.0,532.1413066955172
259179__sample_002101,8.0,0.4,2125.0,532.5270939101218
224879__sample_002102,8.0,1.0,8.0,533.0607743899545
44725__sample_002103,4.0,0.3,32.0,533.5168924361678
176602__sample_002104,4.0,0.5,1307.0,533.7350690169386
364681__sample_002105,104.0,0.8,351.0,533.806595284528
130707__sample_002106,8.0,1.0,640.0,534.0772062482505
416426__sample_002107,92.0,0.4,2865.0,534.3865929935625
352716__sample_002108,112.0,0.8,212.0,534.3892803836042
212617__sample_002109,10.0,1.0,1330.0,534.53388280515
38746__sample_002110,4.0,1.0,533.0,534.9971777878075
400617__sample_002111,14.0,1.0,397.0,535.1653118491113
10568__sample_002112,4.0,1.0,1965.0,535.2585766154326
284588__sample_002113,8.0,0.2,660.0,535.7721132024185
57344__sample_002114,2.0,1.0,143.0,535.814478562603
149895__sample_002115,8.0,1.0,25.0,535.872286742885
60233__sample_002116,2.0,1.0,616.0,536.162972359731
435706__sample_002117,28.0,0.2,415.0,536.2716067493052
44091__sample_002118,4.0,0.3,89.0,536.5836896808144
151381__sample_002119,8.0,1.0,62.0,536.6265955140448
222318__sample_002120,8.0,1.0,8.0,536.6992735418415
227787__sample_002121,8.0,1.0,11.0,536.7418660705127
258335__sample_002122,8.0,1.0,1377.0,537.5057913889033
91273__sample_002123,2.0,1.0,491.0,537.635759646356
64957__sample_002124,2.0,1.0,106.0,537.7385876545992
448659__sample_002125,8.0,0.2,2718.0,537.7421636475849
182783__sample_002126,4.0,0.5,151.0,537.7838005765423
147606__sample_002127,8.0,1.0,153.0,537.9204724436405
305132__sample_002128,8.0,1.0,1912.0,537.9382129653593
352926__sample_002129,184.0,0.8,2391.0,538.1169279311201
268433__sample_002130,8.0,1.0,1185.0,538.2686773841646
210450__sample_002131,8.0,1.0,2099.0,538.6330370637389
314180__sample_002132,4.0,1.0,2458.0,538.902594448658
209148__sample_002133,32.0,1.0,404.0,539.0502183186601
22247__sample_002134,8.0,1.0,1443.0,539.1138319534406
71133__sample_002135,2.0,1.0,418.0,539.4382779160551
300668__sample_002136,8.0,1.0,2196.0,539.745910250991
225070__sample_002137,8.0,1.0,8.0,539.7875113269156
199315__sample_002138,8.0,1.0,1509.0,540.4030584884268
407336__sample_002139,104.0,0.8,799.0,540.4197016665398
154835__sample_002140,8.0,1.0,29.0,540.4338542305085
319934__sample_002141,4.0,0.8,101.0,540.4857180506045
9718__sample_002142,4.0,1.0,2384.0,541.0862111384384
379264__sample_002143,14.0,1.0,4319.0,541.2697024551463
139349__sample_002144,8.0,1.0,23.0,541.6574250469118
29335__sample_002145,20.0,0.8,4339.0,541.7220669532446
423254__sample_002146,12.0,1.0,2254.0,541.8905119263519
417746__sample_002147,12.0,1.0,1993.0,542.0014164150737
301515__sample_002148,8.0,1.0,2067.0,542.4412326220163
156603__sample_002149,8.0,1.0,11.0,542.4469485810575
256984__sample_002150,8.0,1.0,192.0,542.5168250548807
46998__sample_002151,4.0,0.3,233.0,542.5582130608458
50645__sample_002152,2.0,0.2,116.0,543.0482973079206
165892__sample_002153,4.0,0.3,69.0,543.2058609908286
309792__sample_002154,8.0,1.0,2071.0,543.3353319611414
37539__sample_002155,4.0,1.0,526.0,543.4845562136768
379430__sample_002156,104.0,0.8,508.0,544.3777711574286
451712__sample_002157,14.0,1.0,1803.0,544.8524972085701
209215__sample_002158,32.0,1.0,333.0,545.1588548648176
76432__sample_002159,2.0,1.0,3649.0,545.2446461465778
337679__sample_002160,8.0,0.3,1027.0,545.2897788367401
212085__sample_002161,12.0,1.0,163.0,545.9257317170614
141506__sample_002162,8.0,1.0,795.0,546.0632426945037
437098__sample_002163,14.0,1.0,213.0,546.1449370700162
411677__sample_002164,16.0,1.0,1841.0,546.30409136797
306464__sample_002165,8.0,1.0,2060.0,546.9288856338095
289029__sample_002166,16.0,0.2,1793.0,547.0512606735218
36777__sample_002167,4.0,1.0,26.0,547.2580108996598
81738__sample_002168,2.0,1.0,439.0,547.6641060257874
244819__sample_002169,8.0,1.0,1858.0,547.8033812463619
334549__sample_002170,12.0,1.0,1747.0,547.8698750259282
268952__sample_002171,12.0,1.0,2877.0,549.171799951825
304414__sample_002172,8.0,1.0,2169.0,549.9559560958113
28377__sample_002173,32.0,0.8,3845.0,550.4195976391188
10786__sample_002174,4.0,1.0,1620.0,550.7110854243965
12461__sample_002175,4.0,1.0,1657.0,550.7984271483587
37681__sample_002176,4.0,1.0,461.0,551.4100783673605
138779__sample_002177,8.0,1.0,42.0,551.4906663023379
338598__sample_002178,8.0,0.3,3854.0,551.8940397020899
318143__sample_002179,4.0,0.8,170.0,552.5200870490528
416496__sample_002180,12.0,1.0,2877.0,552.751044217045
201013__sample_002181,8.0,1.0,1021.0,553.1572534572889
308878__sample_002182,8.0,1.0,2340.0,553.5494415581379
262285__sample_002183,8.0,0.2,1076.0,553.6030983352092
410667__sample_002184,16.0,1.0,1885.0,553.8786965469014
62196__sample_002185,2.0,1.0,139.0,553.9032287667021
388274__sample_002186,104.0,0.8,218.0,554.0804717721392
176496__sample_002187,4.0,0.5,889.0,554.124726347567
101681__sample_002188,4.0,1.0,911.0,554.2593395806031
320438__sample_002189,20.0,1.0,3025.0,554.7067531144007
252338__sample_002190,20.0,1.0,1762.0,555.7957032969732
72140__sample_002191,2.0,1.0,2122.0,555.8913699782265
400364__sample_002192,13.0,1.0,1284.0,556.0811680599327
103534__sample_002193,4.0,1.0,1013.0,556.2601686679557
124655__sample_002194,8.0,1.0,14.0,557.0321388362908
207979__sample_002195,32.0,1.0,1740.0,557.1949404808372
268987__sample_002196,8.0,1.0,1812.0,557.4951899604263
403323__sample_002197,112.0,0.8,4261.0,558.1322769496448
144404__sample_002198,8.0,1.0,23.0,558.2491301206209
160766__sample_002199,8.0,1.0,3976.0,558.830139097598
117642__sample_002200,8.0,1.0,15.0,559.4537457182574
20823__sample_002201,24.0,1.0,1816.0,560.1209380809613
405647__sample_002202,184.0,0.8,961.0,560.1997686171316
95711__sample_002203,2.0,1.0,33.0,560.3276232312749
395596__sample_002204,14.0,1.0,186.0,560.8384409620824
44615__sample_002205,2.0,0.2,199.0,560.9496855395597
419839__sample_002206,12.0,1.0,2400.0,561.1789164181529
312187__sample_002207,4.0,1.0,912.0,561.2103226742778
432712__sample_002208,56.0,0.4,30.0,561.2248027883373
218650__sample_002209,8.0,1.0,8.0,561.3575573156332
239305__sample_002210,20.0,1.0,3448.0,561.5737883669022
132395__sample_002211,8.0,1.0,976.0,561.6984710959291
274765__sample_002212,8.0,1.0,1242.0,561.9140021018862
10687__sample_002213,4.0,1.0,1634.0,562.0949471955531
159054__sample_002214,8.0,1.0,16.0,562.384304779721
61916__sample_002215,2.0,1.0,1208.0,562.6464265559191
143116__sample_002216,8.0,1.0,343.0,562.7844451252589
249889__sample_002217,20.0,1.0,2022.0,562.922789365431
22523__sample_002218,80.0,0.8,873.0,562.9607214519465
125284__sample_002219,8.0,1.0,3585.0,563.1407167412045
237912__sample_002220,20.0,1.0,558.0,563.361902117306
249009__sample_002221,4.0,1.0,2350.0,563.5237016161793
88638__sample_002222,2.0,1.0,74.0,563.6222243765236
164799__sample_002223,4.0,0.3,437.0,563.9419420601351
222618__sample_002224,8.0,1.0,9.0,563.9613410148306
211487__sample_002225,8.0,1.0,2122.0,564.575976443919
139479__sample_002226,8.0,1.0,23.0,564.581191317399
159025__sample_002227,8.0,1.0,49.0,565.401047784629
245881__sample_002228,8.0,1.0,3604.0,565.5561872610381
336923__sample_002229,12.0,1.0,2110.0,565.6892293463377
194787__sample_002230,4.0,1.0,2476.0,565.76330715133
415830__sample_002231,92.0,0.4,2253.0,565.7658376992803
215677__sample_002232,8.0,1.0,13.0,565.846161293158
119419__sample_002233,8.0,1.0,17.0,565.8751262437577
158088__sample_002234,8.0,1.0,92.0,566.1446969604822
20913__sample_002235,24.0,1.0,1980.0,566.2407727280838
379316__sample_002236,60.0,0.4,453.0,566.6051444209713
149429__sample_002237,8.0,1.0,162.0,566.6631010140518
199115__sample_002238,8.0,1.0,119.0,567.2393351214372
342336__sample_002239,184.0,0.8,867.0,567.4243851305487
387323__sample_002240,23.0,1.0,2196.0,567.4547875854212
56267__sample_002241,2.0,1.0,281.0,567.5828464211818
92881__sample_002242,2.0,1.0,41.0,567.6407539500905
170469__sample_002243,4.0,0.5,153.0,567.6964415529189
84943__sample_002244,2.0,1.0,354.0,567.8729336776223
200300__sample_002245,8.0,1.0,2004.0,568.1515368036619
418683__sample_002246,12.0,1.0,1532.0,568.7580591224511
90035__sample_002247,2.0,1.0,60.0,568.9324292668773
369985__sample_002248,184.0,0.8,871.0,569.7765952798164
1717__sample_002249,4.0,0.1,595.0,570.4868543671593
412339__sample_002250,48.0,1.0,3600.0,570.9875903153884
7036__sample_002251,4.0,0.5,57.0,571.160865743268
307568__sample_002252,8.0,0.2,1965.0,571.198834378227
332100__sample_002253,12.0,1.0,483.0,571.2602789743612
223772__sample_002254,8.0,1.0,10.0,571.5210757369262
165394__sample_002255,4.0,0.3,1510.0,571.6580151345739
144355__sample_002256,8.0,1.0,18.0,571.6977059357982
69678__sample_002257,2.0,1.0,344.0,571.8607043342007
39187__sample_002258,4.0,1.0,32.0,571.8651003957348
463142__sample_002259,56.0,0.4,25.0,572.1960668219989
299781__sample_002260,8.0,1.0,1884.0,572.2151740671875
75845__sample_002261,2.0,1.0,263.0,572.4631389462905
195502__sample_002262,8.0,1.0,444.0,572.8569105168528
145165__sample_002263,8.0,1.0,23.0,572.8924869244604
95239__sample_002264,2.0,1.0,45.0,573.0752712064608
61117__sample_002265,2.0,1.0,208.0,573.452745736205
137515__sample_002266,8.0,1.0,100.0,573.528236106035
285702__sample_002267,8.0,1.0,1358.0,573.5726939969148
105560__sample_002268,4.0,1.0,912.0,573.6753708698828
82023__sample_002269,2.0,1.0,157.0,573.8776221742648
387946__sample_002270,26.0,0.2,2028.0,574.0917032234638
224068__sample_002271,8.0,1.0,10.0,574.1267706871681
113882__sample_002272,8.0,1.0,4396.0,574.279694214612
83821__sample_002273,2.0,1.0,26.0,574.3577843027076
79132__sample_002274,2.0,1.0,141.0,574.8191126868566
189682__sample_002275,16.0,1.0,3054.0,574.913177312345
51618__sample_002276,2.0,0.2,364.0,575.3693066485129
47725__sample_002277,2.0,0.2,800.0,575.5092076135278
107965__sample_002278,8.0,1.0,15.0,575.8333994366532
214650__sample_002279,8.0,1.0,8.0,576.0117676393603
352500__sample_002280,112.0,0.8,1539.0,576.2549581919328
345823__sample_002281,14.0,1.0,495.0,576.3807372591309
229073__sample_002282,8.0,1.0,56.0,576.746214645445
277680__sample_002283,8.0,1.0,1027.0,576.8846433092383
227893__sample_002284,8.0,1.0,8.0,577.0375174338704
153974__sample_002285,8.0,1.0,12.0,577.2198036147784
171154__sample_002286,4.0,0.5,34.0,577.665489847989
142418__sample_002287,8.0,1.0,35.0,577.9347360097739
177310__sample_002288,4.0,0.5,40.0,578.042109018939
273694__sample_002289,8.0,1.0,1026.0,578.3195169393712
331188__sample_002290,12.0,1.0,857.0,578.5766205763092
71659__sample_002291,2.0,1.0,143.0,579.2451026198064
307894__sample_002292,8.0,1.0,2055.0,579.7054710215788
407877__sample_002293,88.0,0.8,2090.0,579.9661095458653
247940__sample_002294,12.0,1.0,1833.0,580.0705599349059
337226__sample_002295,12.0,1.0,1267.0,580.4486110226724
231722__sample_002296,4.0,1.0,2863.0,580.6626501055525
265578__sample_002297,8.0,1.0,1322.0,581.717117165726
133101__sample_002298,8.0,1.0,13.0,581.7882077723938
151120__sample_002299,8.0,1.0,20.0,581.8089596706305
233386__sample_002300,14.0,1.0,2370.0,581.827073262705
25627__sample_002301,50.0,0.8,838.0,582.0825071785007
165237__sample_002302,4.0,0.3,2165.0,582.7827963255214
30543__sample_002303,60.0,0.8,246.0,582.7832797712326
234972__sample_002304,8.0,1.0,51.0,583.1067277528488
71889__sample_002305,2.0,1.0,129.0,583.3742814744525
287333__sample_002306,8.0,1.0,1037.0,583.7037574716321
69622__sample_002307,2.0,1.0,559.0,583.8135408959859
212310__sample_002308,12.0,1.0,79.0,584.2429309620684
49491__sample_002309,2.0,0.2,3121.0,584.2543652389393
305285__sample_002310,8.0,0.4,1313.0,584.6064297921187
86379__sample_002311,2.0,1.0,651.0,584.6841067242096
94797__sample_002312,2.0,1.0,35.0,584.8460726444841
50942__sample_002313,2.0,0.2,496.0,585.2784608174849
195917__sample_002314,8.0,1.0,568.0,585.3576043604811
260319__sample_002315,8.0,1.0,599.0,585.4088098138999
231012__sample_002316,4.0,1.0,3145.0,585.6946964215754
194396__sample_002317,4.0,1.0,705.0,585.8852644143552
355706__sample_002318,70.0,0.5,284.0,586.0658589159075
9082__sample_002319,4.0,1.0,2345.0,586.1400461845273
101482__sample_002320,4.0,1.0,1502.0,586.1489219720061
162361__sample_002321,8.0,1.0,63.0,586.2809442252116
314129__sample_002322,4.0,1.0,1822.0,586.3091131044096
273622__sample_002323,8.0,1.0,1443.0,586.9001993755962
13244__sample_002324,48.0,1.0,3918.0,586.9107306915187
386871__sample_002325,112.0,0.8,847.0,587.0519855304613
326156__sample_002326,12.0,1.0,972.0,587.0654004966673
461265__sample_002327,8.0,1.0,891.0,587.0905058672435
346432__sample_002328,184.0,0.8,360.0,587.3593763352504
119234__sample_002329,8.0,1.0,3151.0,587.619776949907
341079__sample_002330,14.0,1.0,378.0,587.628179640176
100490__sample_002331,4.0,1.0,2064.0,587.6284626691065
194663__sample_002332,4.0,1.0,1664.0,587.6489871028087
78429__sample_002333,2.0,1.0,30.0,588.0089097245221
208221__sample_002334,32.0,1.0,340.0,588.2285239074145
266493__sample_002335,8.0,1.0,1497.0,588.2382398453814
207986__sample_002336,32.0,1.0,512.0,588.4056448843872
33738__sample_002337,4.0,1.0,1103.0,588.716869068952
73170__sample_002338,2.0,1.0,536.0,589.2249158167058
78751__sample_002339,2.0,1.0,672.0,589.9045792113628
94710__sample_002340,2.0,1.0,141.0,590.0037454086596
224393__sample_002341,8.0,1.0,8.0,590.0402425537566
45487__sample_002342,2.0,0.2,804.0,590.1078425944908
126673__sample_002343,8.0,1.0,58.0,590.4820613719422
139388__sample_002344,8.0,1.0,79.0,591.3713857436587
126714__sample_002345,8.0,1.0,3886.0,591.5284099494047
385895__sample_002346,13.0,1.0,3375.0,591.6194978952891
254871__sample_002347,4.0,0.2,55.0,591.7596728687381
184840__sample_002348,4.0,0.5,952.0,591.8505665219699
111237__sample_002349,8.0,1.0,13.0,591.9246589549855
58627__sample_002350,2.0,1.0,202.0,592.1498560543403
354912__sample_002351,46.0,0.2,312.0,592.1538213306629
25961__sample_002352,30.0,0.8,3004.0,592.2289463822611
95770__sample_002353,2.0,1.0,97.0,592.49966710239
118924__sample_002354,8.0,1.0,910.0,592.5078140930689
224121__sample_002355,8.0,1.0,25.0,592.5295310716642
261928__sample_002356,8.0,1.0,2025.0,592.6163523436805
76646__sample_002357,2.0,1.0,3115.0,593.141886219056
425359__sample_002358,12.0,1.0,2766.0,593.5038075833824
174642__sample_002359,4.0,0.5,153.0,593.50940902702
130538__sample_002360,8.0,1.0,211.0,593.6835537007333
50314__sample_002361,2.0,0.2,215.0,593.7638418692893
272582__sample_002362,8.0,1.0,1376.0,594.0253318808882
2873__sample_002363,8.0,0.5,1499.0,594.3449645590473
403203__sample_002364,184.0,0.8,287.0,594.8416575013628
385325__sample_002365,104.0,0.8,2073.0,595.0029450422196
222614__sample_002366,8.0,1.0,8.0,596.3014383685972
84046__sample_002367,2.0,1.0,263.0,597.2792705213301
142278__sample_002368,8.0,1.0,912.0,597.8138916645486
107345__sample_002369,8.0,1.0,162.0,598.027731436293
71698__sample_002370,2.0,1.0,3066.0,598.1546085681076
364931__sample_002371,56.0,0.4,1046.0,598.2678996446245
52152__sample_002372,2.0,1.0,432.0,598.2709493582439
106915__sample_002373,4.0,1.0,1385.0,598.3425948600943
371260__sample_002374,13.0,1.0,3344.0,598.6597744612193
360356__sample_002375,28.0,0.2,275.0,598.8911275758055
448124__sample_002376,56.0,0.4,909.0,599.5116218795021
150319__sample_002377,8.0,1.0,1781.0,599.5244510628825
207823__sample_002378,32.0,1.0,520.0,599.5666375744452
282497__sample_002379,8.0,1.0,1087.0,599.9559008777622
385112__sample_002380,13.0,1.0,698.0,600.066890375477
403011__sample_002381,14.0,1.0,68.0,600.0983790840952
360740__sample_002382,184.0,0.8,4004.0,601.5086165759285
85943__sample_002383,2.0,1.0,178.0,601.8955263094741
225578__sample_002384,8.0,1.0,11.0,602.0269016043426
294054__sample_002385,8.0,0.2,1316.0,602.4602942599662
161367__sample_002386,8.0,1.0,237.0,602.7456250499952
259402__sample_002387,8.0,1.0,2726.0,603.1357569407359
176116__sample_002388,4.0,0.5,557.0,603.5578858484876
346699__sample_002389,112.0,0.8,603.0,603.5800195326541
351100__sample_002390,28.0,0.2,403.0,603.8238790771974
129136__sample_002391,8.0,1.0,3120.0,603.825581247077
131727__sample_002392,8.0,1.0,32.0,603.8366884339783
415041__sample_002393,8.2,1.0,1133.0,604.4224881515262
123748__sample_002394,8.0,1.0,74.0,604.6099512518155
154371__sample_002395,8.0,1.0,13.0,604.9428099965876
22881__sample_002396,80.0,0.8,282.0,605.3986240638659
372891__sample_002397,52.0,0.4,1284.0,606.1454994613766
34776__sample_002398,4.0,1.0,1111.0,606.6543132327168
225159__sample_002399,8.0,1.0,10.0,606.8193919830353
436118__sample_002400,16.0,1.0,1032.0,606.9217490862115
344421__sample_002401,14.0,1.0,330.0,606.9637038639413
297860__sample_002402,16.0,1.0,186.0,607.0915442568178
292554__sample_002403,8.0,1.0,1816.0,607.205665542761
235508__sample_002404,12.0,1.0,2877.0,607.4106692303421
199598__sample_002405,8.0,1.0,29.0,607.6844558622506
154843__sample_002406,8.0,1.0,21.0,608.6423602967192
149960__sample_002407,8.0,1.0,13.0,608.9682038025694
3884__sample_002408,4.0,0.5,997.0,609.2262334095567
19207__sample_002409,80.0,0.8,2941.0,609.3282602212785
398835__sample_002410,184.0,0.8,320.0,609.337038519313
439489__sample_002411,15.0,1.0,246.0,609.42200180076
227468__sample_002412,8.0,1.0,36.0,609.7877393954515
257319__sample_002413,8.0,1.0,1060.0,609.8451782171387
259567__sample_002414,8.0,1.0,3018.0,610.1565403328125
119088__sample_002415,8.0,1.0,19.0,610.3732844629832
237679__sample_002416,20.0,1.0,469.0,610.4204267822121
198421__sample_002417,8.0,1.0,163.0,610.4962525799648
18368__sample_002418,128.0,0.8,745.0,610.6676979750371
384136__sample_002419,10.0,1.0,322.0,610.8031801904879
296276__sample_002420,8.0,1.0,728.0,611.180085435944
325783__sample_002421,12.0,1.0,4213.0,611.5115307711909
114340__sample_002422,8.0,1.0,13.0,611.7251971318393
150915__sample_002423,8.0,1.0,56.0,612.1570761927696
201356__sample_002424,8.0,1.0,1808.0,612.3638427352332
326684__sample_002425,12.0,1.0,489.0,613.1976197120732
77196__sample_002426,2.0,1.0,3375.0,613.2588469195153
163511__sample_002427,4.0,1.0,1822.0,613.5719031922116
275537__sample_002428,8.0,1.0,1800.0,613.6873898882741
143649__sample_002429,8.0,1.0,81.0,613.7691572022048
81989__sample_002430,2.0,1.0,25.0,613.8188880977224
277472__sample_002431,8.0,1.0,1359.0,614.0199097250922
123292__sample_002432,8.0,1.0,230.0,614.0805771609865
376095__sample_002433,184.0,0.8,916.0,614.1364727139421
33957__sample_002434,8.0,1.0,1607.0,615.301429604551
15251__sample_002435,32.0,1.0,3970.0,615.7059829517435
252543__sample_002436,20.0,1.0,2294.0,616.0508392738259
101167__sample_002437,4.0,1.0,1043.0,616.4458826373032
377197__sample_002438,184.0,0.8,147.0,617.3137034422408
263142__sample_002439,8.0,1.0,1314.0,617.5266083069442
429821__sample_002440,12.0,1.0,243.0,617.5888018248255
406139__sample_002441,184.0,0.8,1730.0,618.0843072960192
100852__sample_002442,4.0,1.0,1756.0,618.4237152953377
27809__sample_002443,4.0,1.0,1250.0,618.5574557348685
328233__sample_002444,12.0,1.0,1331.0,618.7178647241717
169337__sample_002445,4.0,0.5,143.0,618.850304151049
423544__sample_002446,56.0,0.4,759.0,619.5149126749674
294306__sample_002447,8.0,1.0,1357.0,619.6201328594567
43787__sample_002448,4.0,0.3,113.0,620.4476359568015
452360__sample_002449,60.0,0.8,25.0,621.050378421223
52214__sample_002450,2.0,1.0,87.0,621.2992938609141
443078__sample_002451,8.0,1.0,1831.0,621.5160629379026
456518__sample_002452,8.0,1.0,361.0,621.6316072339115
148455__sample_002453,8.0,1.0,70.0,621.6362343893298
338211__sample_002454,8.0,0.3,408.0,621.6703678449645
1963__sample_002455,4.0,0.1,1530.0,622.0212089760307
6808__sample_002456,4.0,0.5,412.0,622.180656076526
356098__sample_002457,88.0,0.8,2484.0,622.2212382058411
367928__sample_002458,184.0,0.8,1487.0,622.2978561994279
244909__sample_002459,8.0,1.0,2236.0,623.0362011813482
87834__sample_002460,2.0,1.0,45.0,623.150574863666
179140__sample_002461,4.0,0.5,133.0,623.7462037503766
31493__sample_002462,32.0,1.0,2521.0,623.8370336474608
59325__sample_002463,2.0,1.0,1533.0,624.0329220502178
28185__sample_002464,16.0,0.8,3164.0,624.0380944616204
80451__sample_002465,2.0,1.0,72.0,624.2225652879324
18727__sample_002466,128.0,0.8,2424.0,624.4758634647054
416772__sample_002467,12.0,1.0,4018.0,624.5426063373533
142417__sample_002468,8.0,1.0,347.0,624.7588496451701
39771__sample_002469,4.0,1.0,66.0,625.0192902976601
455008__sample_002470,8.0,1.0,742.0,625.3095873446176
361185__sample_002471,14.0,1.0,3242.0,625.684065193317
99355__sample_002472,4.0,1.0,1680.0,625.7773168181224
127746__sample_002473,8.0,1.0,29.0,625.9870201979777
27820__sample_002474,32.0,0.8,265.0,626.9855865921303
84164__sample_002475,2.0,1.0,80.0,627.5566358179896
166720__sample_002476,4.0,0.3,454.0,628.3192644038534
250267__sample_002477,20.0,1.0,2291.0,628.4412600345919
367190__sample_002478,14.0,1.0,334.0,628.8277914443973
129046__sample_002479,8.0,1.0,4416.0,629.0696203229761
275236__sample_002480,8.0,1.0,1380.0,629.0912100612774
89799__sample_002481,2.0,1.0,29.0,629.5255000275042
10199__sample_002482,4.0,1.0,1693.0,629.8081041660093
266586__sample_002483,8.0,1.0,3851.0,629.8635519574079
451413__sample_002484,14.0,1.0,179.0,629.8843263255585
87170__sample_002485,2.0,1.0,33.0,630.337861540119
244025__sample_002486,8.0,1.0,1830.0,630.3584087044171
223636__sample_002487,8.0,1.0,25.0,630.3823585922746
385151__sample_002488,112.0,0.8,1577.0,630.5217541824204
52050__sample_002489,2.0,1.0,214.0,630.5579522011676
455067__sample_002490,10.0,1.0,199.0,631.1703455646026
378465__sample_002491,14.0,1.0,287.0,631.3291991007998
158035__sample_002492,8.0,1.0,28.0,631.5396984891477
178028__sample_002493,4.0,0.5,1443.0,632.1978394170368
194798__sample_002494,4.0,1.0,2001.0,632.386735115966
437708__sample_002495,8.0,1.0,2149.0,632.4958158845665
95138__sample_002496,2.0,1.0,121.0,632.8946442995783
155400__sample_002497,8.0,1.0,31.0,633.0408745820602
294390__sample_002498,8.0,1.0,1404.0,633.1367281234266
441__sample_002499,4.0,0.1,858.0,633.4578697450517
219471__sample_002500,8.0,1.0,40.0,633.862244419177
11592__sample_002501,4.0,1.0,4459.0,634.2544578068147
284762__sample_002502,8.0,0.2,703.0,635.2049632842469
361938__sample_002503,10.0,1.0,1156.0,635.5911884627841
263915__sample_002504,8.0,0.2,549.0,635.9585351135368
394468__sample_002505,88.0,0.8,2136.0,636.4456125640554
296726__sample_002506,8.0,1.0,1347.0,636.4456588671669
199105__sample_002507,8.0,1.0,113.0,636.5581822215278
124334__sample_002508,8.0,1.0,959.0,636.8926564767512
26745__sample_002509,8.0,1.0,1398.0,637.1215536033181
287544__sample_002510,8.0,1.0,729.0,637.1704271886601
94703__sample_002511,2.0,1.0,396.0,637.2609327385285
251753__sample_002512,20.0,1.0,4147.0,637.3635996220063
218368__sample_002513,8.0,1.0,10.0,637.573332591774
57357__sample_002514,2.0,1.0,82.0,638.0186833570439
69175__sample_002515,2.0,1.0,1436.0,638.6925598339056
57299__sample_002516,2.0,1.0,880.0,639.0392258541237
104880__sample_002517,4.0,1.0,975.0,639.5020242384767
67172__sample_002518,2.0,1.0,30.0,639.6607890741043
439772__sample_002519,8.0,1.0,1969.0,639.78427108939
465647__sample_002520,14.0,1.0,1821.0,639.9089576957612
391417__sample_002521,144.0,0.8,514.0,640.1482609621729
124703__sample_002522,8.0,1.0,3703.0,640.1814258212682
404745__sample_002523,112.0,0.8,1939.0,640.3980000626768
45668__sample_002524,2.0,0.2,206.0,640.6715054185233
266003__sample_002525,8.0,1.0,2864.0,640.8159733468384
178658__sample_002526,4.0,0.5,157.0,641.5812660895501
315498__sample_002527,4.0,1.0,2252.0,641.8155255019101
263308__sample_002528,8.0,1.0,697.0,641.8776406725798
52687__sample_002529,2.0,1.0,532.0,642.0407457737911
391181__sample_002530,112.0,0.8,838.0,642.3220395971769
179345__sample_002531,4.0,0.5,179.0,642.4197930274532
162261__sample_002532,8.0,1.0,48.0,642.4405410590572
22265__sample_002533,8.0,1.0,1443.0,642.6594696317586
175512__sample_002534,4.0,0.5,1002.0,643.3979741104604
333710__sample_002535,12.0,1.0,1927.0,643.5639061519306
233818__sample_002536,13.0,0.4,1918.0,644.1553115526682
371285__sample_002537,14.0,1.0,740.0,644.6057997464507
38954__sample_002538,4.0,1.0,23.0,644.6456696885681
395824__sample_002539,28.0,0.2,2642.0,644.9535655811161
268986__sample_002540,8.0,1.0,1462.0,645.0965040375261
416267__sample_002541,12.0,1.0,2229.0,645.1685066775466
60965__sample_002542,2.0,1.0,109.0,645.458845467817
179499__sample_002543,4.0,0.5,142.0,645.7981854437828
168369__sample_002544,4.0,0.5,138.0,645.8477665703202
254230__sample_002545,8.0,1.0,32.0,646.462414600009
272312__sample_002546,8.0,0.2,688.0,646.8101380746588
71104__sample_002547,2.0,1.0,1676.0,647.4873087967428
420027__sample_002548,12.0,1.0,914.0,647.5826507034582
101983__sample_002549,4.0,1.0,1372.0,648.2832478567045
206491__sample_002550,32.0,1.0,85.0,648.398169181535
185967__sample_002551,4.0,0.5,187.0,648.4120393679791
82877__sample_002552,2.0,1.0,553.0,648.7719308641347
221458__sample_002553,8.0,1.0,9.0,649.0758647462186
199041__sample_002554,8.0,1.0,127.0,649.3036351968664
411324__sample_002555,16.0,1.0,1831.0,649.4719192545213
250553__sample_002556,20.0,1.0,1680.0,649.4800927395429
278264__sample_002557,8.0,1.0,1047.0,649.7250316978896
69967__sample_002558,2.0,1.0,2464.0,649.859852811389
309807__sample_002559,16.0,1.0,1633.0,650.0652169565575
222196__sample_002560,8.0,1.0,12.0,650.205449206123
402078__sample_002561,23.0,1.0,235.0,651.0512109767207
15549__sample_002562,48.0,1.0,562.0,651.2828650038342
166687__sample_002563,4.0,0.3,460.0,651.6286760887288
77262__sample_002564,2.0,1.0,191.0,652.3172530880022
19952__sample_002565,12.0,1.0,4271.0,652.5411297217023
304419__sample_002566,8.0,1.0,2161.0,652.5441636867985
313752__sample_002567,4.0,1.0,1840.0,652.5528870454947
465249__sample_002568,60.0,0.8,1929.0,652.855836576185
62737__sample_002569,2.0,1.0,112.0,652.9376451335157
403334__sample_002570,184.0,0.8,1371.0,653.1541513378937
135877__sample_002571,8.0,1.0,32.0,653.2106498595426
187757__sample_002572,4.0,0.5,245.0,653.2894127914701
219310__sample_002573,8.0,1.0,9.0,653.4650309513954
110601__sample_002574,8.0,1.0,31.0,654.393011308235
206418__sample_002575,32.0,1.0,339.0,654.6324656516306
228938__sample_002576,8.0,1.0,15.0,655.3202629042262
172097__sample_002577,4.0,0.5,275.0,656.1211356887446
462579__sample_002578,8.0,1.0,283.0,656.1794688840403
60076__sample_002579,2.0,1.0,78.0,656.272667643534
8189__sample_002580,8.0,1.0,271.0,656.6400782462098
438510__sample_002581,56.0,0.4,311.0,657.1439865722897
174729__sample_002582,4.0,0.5,363.0,657.3270764527053
171600__sample_002583,4.0,0.5,159.0,658.5757448169079
62665__sample_002584,2.0,1.0,720.0,658.5786547363427
201620__sample_002585,8.0,1.0,26.0,658.6676780344918
62302__sample_002586,2.0,1.0,227.0,658.9116628441493
432476__sample_002587,112.0,0.8,333.0,659.070047688767
325__sample_002588,4.0,0.1,1115.0,659.1010428232153
447019__sample_002589,8.0,0.4,18.0,659.2156750860921
412515__sample_002590,48.0,1.0,1155.0,659.2221192165134
416576__sample_002591,12.0,1.0,3060.0,659.4794463151545
129406__sample_002592,8.0,1.0,3614.0,660.0375771137594
34226__sample_002593,8.0,1.0,1333.0,660.578009407118
186629__sample_002594,4.0,0.5,1066.0,660.8786232909129
439335__sample_002595,15.0,1.0,63.0,661.035355587684
450236__sample_002596,14.0,1.0,144.0,661.2147317545912
198234__sample_002597,8.0,1.0,882.0,661.2515433870274
143120__sample_002598,8.0,1.0,164.0,661.3558078077227
217250__sample_002599,8.0,1.0,9.0,661.4077878358452
46836__sample_002600,2.0,0.2,916.0,661.838159974232
87116__sample_002601,2.0,1.0,44.0,662.4537132060722
346167__sample_002602,184.0,0.8,1310.0,662.6461788302113
266128__sample_002603,8.0,0.2,1298.0,662.971450352869
400853__sample_002604,184.0,0.8,2213.0,663.0038251705552
130001__sample_002605,8.0,1.0,803.0,663.2382897345657
391811__sample_002606,84.0,0.6,115.0,663.5416196735376
457533__sample_002607,8.0,0.4,1586.0,663.6923403414171
292366__sample_002608,8.0,1.0,1478.0,663.7620285504913
11890__sample_002609,4.0,1.0,3403.0,664.2866836632778
222024__sample_002610,8.0,1.0,12.0,664.6262646837451
174764__sample_002611,4.0,0.5,165.0,665.2015544159806
358586__sample_002612,184.0,0.8,391.0,665.628045263894
435296__sample_002613,56.0,0.4,169.0,666.7888782979016
64197__sample_002614,2.0,1.0,396.0,666.8422300534131
414409__sample_002615,12.0,0.2,1517.0,666.8649158456823
157007__sample_002616,8.0,1.0,22.0,666.967661970424
378385__sample_002617,184.0,0.8,348.0,667.0021914943012
22535__sample_002618,4.0,1.0,1710.0,667.1873193939741
274251__sample_002619,8.0,1.0,1023.0,667.4379374428137
112671__sample_002620,8.0,1.0,1456.0,667.6537959730986
251468__sample_002621,20.0,1.0,1768.0,667.7288156669887
381277__sample_002622,14.0,1.0,196.0,668.3275566455108
179820__sample_002623,4.0,0.5,188.0,668.332906573753
388847__sample_002624,112.0,0.8,2902.0,668.4398393733774
355282__sample_002625,184.0,0.8,1333.0,668.7571828313934
330679__sample_002626,12.0,1.0,260.0,669.121285790094
283539__sample_002627,8.0,1.0,409.0,669.2558001160439
20398__sample_002628,12.0,1.0,1833.0,669.2600637201965
274594__sample_002629,8.0,1.0,725.0,669.5006759752388
449393__sample_002630,16.0,1.0,413.0,669.5169692374895
309435__sample_002631,8.0,1.0,2585.0,669.5455011058759
349682__sample_002632,13.0,1.0,2210.0,669.8081357866361
297762__sample_002633,8.0,1.0,1372.0,669.9018049039935
133519__sample_002634,8.0,1.0,15.0,670.008744145146
388403__sample_002635,104.0,0.8,751.0,670.1755200042081
10508__sample_002636,4.0,1.0,2166.0,671.1363588242664
6857__sample_002637,4.0,0.5,143.0,671.9776394729156
243668__sample_002638,8.0,1.0,1782.0,672.1122148011065
223817__sample_002639,8.0,1.0,10.0,672.1893558555151
131114__sample_002640,8.0,1.0,31.0,672.2794520786476
196795__sample_002641,8.0,1.0,1703.0,672.3577127492118
122230__sample_002642,8.0,1.0,166.0,672.5476658367071
271256__sample_002643,8.0,0.2,983.0,672.7810630885997
174239__sample_002644,4.0,0.5,135.0,672.9488016026914
344618__sample_002645,112.0,0.8,1089.0,673.07986138292
184309__sample_002646,4.0,0.5,317.0,673.1391989548588
276831__sample_002647,8.0,1.0,1779.0,673.3038880944848
245424__sample_002648,8.0,1.0,3875.0,673.4081849994242
272765__sample_002649,8.0,0.2,1314.0,673.6031858033544
111436__sample_002650,8.0,1.0,23.0,673.8843140742332
71188__sample_002651,2.0,1.0,136.0,674.1351251753449
104263__sample_002652,4.0,1.0,1270.0,674.2903272518317
140266__sample_002653,8.0,1.0,15.0,674.4933394508877
200104__sample_002654,8.0,1.0,65.0,674.5771573361601
53215__sample_002655,2.0,1.0,103.0,674.5832920586362
59997__sample_002656,2.0,1.0,494.0,674.828512341671
305016__sample_002657,8.0,1.0,1964.0,674.9012905156293
338940__sample_002658,20.0,0.3,3172.0,675.1776647817909
158410__sample_002659,8.0,1.0,11.0,675.5212646283069
297979__sample_002660,8.0,0.2,583.0,676.1402842994164
43687__sample_002661,4.0,0.3,55.0,676.9335377106563
444503__sample_002662,96.0,0.8,1270.0,676.9361831699023
338718__sample_002663,24.0,0.3,159.0,678.0970104842046
425847__sample_002664,12.0,1.0,812.0,678.3842383076602
206620__sample_002665,32.0,1.0,685.0,678.6421105107752
436401__sample_002666,56.0,0.4,1299.0,678.6459430111539
234735__sample_002667,14.0,1.0,1400.0,679.1396835060369
311265__sample_002668,4.0,1.0,948.0,679.178990697888
179916__sample_002669,4.0,0.5,210.0,679.6329988520116
85559__sample_002670,2.0,1.0,1123.0,679.6369200804892
198212__sample_002671,8.0,1.0,45.0,679.8965094348771
213733__sample_002672,8.0,1.0,8.0,680.03915402034
362312__sample_002673,92.0,0.4,249.0,680.095179625892
299082__sample_002674,8.0,0.2,629.0,680.12362901439
10836__sample_002675,4.0,1.0,1994.0,680.2686406520907
251023__sample_002676,20.0,1.0,2171.0,680.30153991264
166728__sample_002677,4.0,0.3,1437.0,680.4681402340337
296659__sample_002678,8.0,1.0,1023.0,680.7134922949509
219915__sample_002679,8.0,1.0,7.0,681.1526640265391
263575__sample_002680,8.0,1.0,1081.0,681.436469690477
150473__sample_002681,8.0,1.0,3000.0,681.453325297165
53804__sample_002682,2.0,1.0,204.0,681.5451627021006
357885__sample_002683,112.0,0.8,1020.0,681.6300745328463
362147__sample_002684,144.0,0.8,378.0,682.2464459198123
170409__sample_002685,4.0,0.5,506.0,682.7522718046249
141596__sample_002686,8.0,1.0,28.0,682.8678393741741
12232__sample_002687,4.0,1.0,2067.0,682.8862927930852
355730__sample_002688,14.0,1.0,646.0,683.4476250755466
425113__sample_002689,12.0,1.0,1978.0,683.9953635395833
364685__sample_002690,13.0,1.0,2367.0,684.4776816030503
279867__sample_002691,8.0,1.0,1024.0,684.9438958520211
199731__sample_002692,8.0,1.0,83.0,685.1074996146139
433380__sample_002693,10.0,1.0,511.0,685.1563305401704
83553__sample_002694,2.0,1.0,360.0,685.3186073965395
439540__sample_002695,8.0,1.0,1885.0,685.4892075647934
22843__sample_002696,80.0,0.8,1584.0,685.6575102510558
181525__sample_002697,4.0,0.5,138.0,685.8509762640592
231098__sample_002698,4.0,1.0,2801.0,685.9254622414207
408385__sample_002699,14.0,1.0,335.0,686.0394839436213
438987__sample_002700,16.0,1.0,2896.0,686.1818566743492
39591__sample_002701,4.0,1.0,72.0,686.2169945856123
164409__sample_002702,4.0,0.3,640.0,686.3689040467202
108839__sample_002703,8.0,1.0,220.0,686.7847055305265
41754__sample_002704,4.0,0.3,17.0,687.224857290722
452498__sample_002705,112.0,0.8,456.0,687.3574289711274
349039__sample_002706,112.0,0.8,1446.0,687.5403013632997
363748__sample_002707,56.0,0.4,307.0,687.5488587471125
118178__sample_002708,8.0,1.0,34.0,687.8294051568643
141930__sample_002709,8.0,1.0,33.0,687.9590380846423
185581__sample_002710,4.0,0.5,311.0,688.1064501411629
364742__sample_002711,112.0,0.8,2138.0,688.6236699751923
51507__sample_002712,2.0,0.2,30.0,688.7785672311201
160376__sample_002713,8.0,1.0,31.0,688.7839222375532
136375__sample_002714,8.0,1.0,29.0,688.8484501071842
415825__sample_002715,92.0,0.4,1799.0,689.0098350667193
325879__sample_002716,12.0,1.0,1331.0,689.1479190325484
328526__sample_002717,12.0,1.0,174.0,689.6401090813489
87750__sample_002718,2.0,1.0,476.0,689.835405676001
177420__sample_002719,4.0,0.5,32.0,690.1279078373074
129676__sample_002720,8.0,1.0,3554.0,690.2863084095119
18968__sample_002721,128.0,0.8,1247.0,690.4311093903949
337810__sample_002722,8.0,0.3,1186.0,690.5788864349647
376286__sample_002723,28.0,0.2,437.0,690.7111854214099
134753__sample_002724,8.0,1.0,4351.0,690.9045489028531
372715__sample_002725,56.0,0.4,279.0,690.9766172652578
41413__sample_002726,4.0,0.3,13.0,691.530845737888
337448__sample_002727,12.0,1.0,125.0,691.632119112714
369894__sample_002728,112.0,0.8,701.0,691.6720216197626
84634__sample_002729,2.0,1.0,30.0,691.6974053799049
307013__sample_002730,8.0,1.0,2179.0,691.7007838341063
379744__sample_002731,184.0,0.8,363.0,691.8381997373605
46061__sample_002732,2.0,0.2,204.0,691.8901437312094
318415__sample_002733,4.0,0.8,809.0,691.8956151451928
68939__sample_002734,2.0,1.0,283.0,692.0791176195293
130257__sample_002735,8.0,1.0,1423.0,692.3639594320215
77458__sample_002736,2.0,1.0,35.0,692.3863725248796
257297__sample_002737,8.0,1.0,1041.0,692.5408457073439
181716__sample_002738,4.0,0.5,144.0,692.881127810146
41087__sample_002739,4.0,0.3,15.0,693.9448762557679
312674__sample_002740,12.0,1.0,1570.0,694.2199223952588
364262__sample_002741,112.0,0.8,1185.0,694.2901286544655
133903__sample_002742,8.0,1.0,14.0,694.6053117492869
244302__sample_002743,8.0,1.0,1813.0,694.833093661936
259023__sample_002744,8.0,1.0,1423.0,694.8925942898449
137007__sample_002745,8.0,1.0,31.0,695.3687325517013
75158__sample_002746,2.0,1.0,511.0,695.5081264562378
41452__sample_002747,4.0,0.3,15.0,696.3255217709296
76118__sample_002748,2.0,1.0,318.0,696.6463668866304
455177__sample_002749,8.0,1.0,3863.0,696.9049688105505
358891__sample_002750,184.0,0.8,234.0,697.2307816233953
205130__sample_002751,64.0,1.0,1324.0,697.39335001544
337273__sample_002752,12.0,1.0,574.0,697.5692638034462
437443__sample_002753,12.0,1.0,4224.0,698.0455642512412
302739__sample_002754,8.0,1.0,1993.0,698.3311492957976
316213__sample_002755,4.0,1.0,4232.0,698.8999971623168
300967__sample_002756,8.0,1.0,2360.0,699.4537019727641
76369__sample_002757,2.0,1.0,131.0,700.3912846888907
414886__sample_002758,12.0,0.2,3807.0,700.6924568363717
297344__sample_002759,16.0,0.2,2573.0,700.8668971474523
85769__sample_002760,2.0,1.0,1633.0,700.9123710693873
3577__sample_002761,8.0,0.5,310.0,701.2178887664257
306019__sample_002762,8.0,1.0,2211.0,701.304067495885
33135__sample_002763,80.0,0.8,666.0,701.3872190744326
189634__sample_002764,96.0,0.8,319.0,701.4552656879345
148597__sample_002765,8.0,1.0,16.0,701.9753703073189
421922__sample_002766,112.0,0.8,3625.0,702.4815413196552
160294__sample_002767,8.0,1.0,1032.0,702.7307609553917
269493__sample_002768,8.0,1.0,1011.0,702.8908906160445
172943__sample_002769,4.0,0.5,304.0,703.1696632898485
411758__sample_002770,16.0,1.0,2535.0,703.403295710002
208685__sample_002771,32.0,1.0,367.0,703.5376455463568
161207__sample_002772,8.0,1.0,72.0,703.657005697128
377273__sample_002773,14.0,1.0,177.0,703.7776439312473
208258__sample_002774,32.0,1.0,680.0,704.0000156060129
353522__sample_002775,104.0,0.8,907.0,704.2608119097818
293058__sample_002776,8.0,1.0,589.0,704.4110641223642
309223__sample_002777,8.0,1.0,1868.0,705.2770301380151
296236__sample_002778,8.0,1.0,1795.0,705.2989227626063
75549__sample_002779,2.0,1.0,3141.0,705.4054853044918
440350__sample_002780,8.0,1.0,1866.0,705.541268572686
26189__sample_002781,80.0,0.8,722.0,705.5455351089898
433709__sample_002782,6.0,1.0,427.0,705.6590508243316
299644__sample_002783,8.0,1.0,2247.0,705.7390022695413
376321__sample_002784,26.0,0.2,518.0,705.915325566042
66666__sample_002785,4.0,1.0,959.0,706.0178484697118
142793__sample_002786,8.0,1.0,14.0,706.3416714996379
201455__sample_002787,8.0,1.0,715.0,706.5199745328608
226243__sample_002788,8.0,1.0,7.0,706.5547217353208
271021__sample_002789,8.0,1.0,1606.0,706.9013566572676
306217__sample_002790,8.0,0.4,321.0,706.9274826823565
219565__sample_002791,8.0,1.0,9.0,707.3841467704657
145089__sample_002792,8.0,1.0,64.0,708.0540933518533
263396__sample_002793,8.0,1.0,743.0,708.1514095961019
195013__sample_002794,4.0,1.0,328.0,708.8028144766712
43028__sample_002795,4.0,0.3,17.0,709.1965834523073
220589__sample_002796,8.0,1.0,12.0,709.8357451677598
4767__sample_002797,4.0,0.5,128.0,710.1101010193677
311517__sample_002798,4.0,1.0,911.0,710.1772814397011
221156__sample_002799,8.0,1.0,9.0,710.7395975910526
370476__sample_002800,23.0,1.0,206.0,710.790514047313
363093__sample_002801,112.0,0.8,327.0,710.8504150404519
333104__sample_002802,12.0,1.0,427.0,710.9294570296856
91078__sample_002803,2.0,1.0,51.0,711.02014692396
276356__sample_002804,16.0,0.2,2723.0,711.2007804390528
428037__sample_002805,12.0,1.0,3421.0,711.5132474202279
332328__sample_002806,12.0,1.0,788.0,712.1648742496648
52054__sample_002807,2.0,1.0,625.0,712.1880230533469
181898__sample_002808,4.0,0.5,5.0,712.9598170301251
216564__sample_002809,8.0,1.0,25.0,713.5954180294034
377848__sample_002810,112.0,0.8,2322.0,713.6092960198303
222104__sample_002811,8.0,1.0,76.0,713.7209932713813
226720__sample_002812,8.0,1.0,9.0,714.1403467087084
33004__sample_002813,4.0,1.0,1052.0,714.3767614979205
366970__sample_002814,52.0,0.4,913.0,714.7542659356739
172884__sample_002815,4.0,0.5,308.0,715.0716457506908
148847__sample_002816,8.0,1.0,80.0,715.2433227961241
265791__sample_002817,8.0,1.0,987.0,715.2538456956221
262160__sample_002818,8.0,1.0,1076.0,715.4732744314074
124529__sample_002819,8.0,1.0,52.0,715.4857208427095
50683__sample_002820,2.0,0.2,879.0,715.7171336423364
262975__sample_002821,8.0,1.0,1504.0,716.1200072268106
396745__sample_002822,14.0,1.0,503.0,716.3398714458864
39789__sample_002823,4.0,1.0,811.0,717.7939808757627
44796__sample_002824,2.0,0.2,183.0,717.9461210403009
249082__sample_002825,4.0,1.0,2755.0,718.2915248353006
94674__sample_002826,2.0,1.0,144.0,718.5665882127909
35842__sample_002827,60.0,0.8,781.0,719.7565094495897
354784__sample_002828,60.0,0.4,581.0,720.0687685591926
173314__sample_002829,4.0,0.5,151.0,720.1135594158656
43976__sample_002830,4.0,0.3,1466.0,720.8917254323677
37843__sample_002831,4.0,1.0,485.0,721.1672128149695
132118__sample_002832,8.0,1.0,22.0,721.1825057253785
131127__sample_002833,8.0,1.0,84.0,721.4504264939078
156733__sample_002834,8.0,1.0,42.0,721.9870771027054
237902__sample_002835,20.0,1.0,369.0,722.2021976200425
303016__sample_002836,8.0,0.4,1337.0,722.3114441638155
353521__sample_002837,104.0,0.8,155.0,722.7414103545492
133980__sample_002838,8.0,1.0,265.0,723.122813264579
215464__sample_002839,8.0,1.0,13.0,723.3192287671558
440474__sample_002840,8.0,1.0,2757.0,723.3611446758616
415888__sample_002841,92.0,0.4,307.0,723.4333942389285
119229__sample_002842,8.0,1.0,42.0,723.7687091653095
263943__sample_002843,8.0,1.0,1037.0,724.1787893509589
312035__sample_002844,4.0,1.0,1263.0,724.2606603859862
307929__sample_002845,8.0,1.0,1361.0,724.3753709542531
263170__sample_002846,8.0,0.2,728.0,724.3955736738352
149479__sample_002847,8.0,1.0,94.0,724.7080446578782
402265__sample_002848,104.0,0.8,709.0,724.7089406477073
44624__sample_002849,4.0,0.3,18.0,724.7208554979582
972__sample_002850,4.0,0.1,786.0,724.7219438806235
114220__sample_002851,8.0,1.0,61.0,724.9810784130523
206499__sample_002852,32.0,1.0,731.0,725.1161364980837
224012__sample_002853,8.0,1.0,11.0,725.2044306091286
440517__sample_002854,14.0,1.0,586.0,725.8140347065274
176133__sample_002855,4.0,0.5,134.0,725.8675815245612
104311__sample_002856,4.0,1.0,1319.0,725.9908967269581
413800__sample_002857,48.0,1.0,1334.0,726.6955519641092
97121__sample_002858,2.0,1.0,442.0,726.8348158523843
61236__sample_002859,2.0,1.0,114.0,727.0370640740737
80084__sample_002860,2.0,1.0,30.0,727.0580010329003
346256__sample_002861,26.0,0.2,277.0,727.4483611281141
6931__sample_002862,4.0,0.5,1034.0,727.5857348870808
94022__sample_002863,2.0,1.0,419.0,727.9887391015933
11950__sample_002864,4.0,1.0,1614.0,728.0619287163269
78661__sample_002865,2.0,1.0,216.0,728.1991812267515
153636__sample_002866,8.0,1.0,33.0,728.5852681474332
78878__sample_002867,2.0,1.0,31.0,729.4965102698964
218775__sample_002868,8.0,1.0,10.0,729.5118795460809
42636__sample_002869,4.0,0.3,18.0,729.9303152311927
58001__sample_002870,2.0,1.0,538.0,730.0197301839642
12699__sample_002871,4.0,1.0,1641.0,730.2197703832517
72660__sample_002872,2.0,1.0,260.0,730.3054254502582
358497__sample_002873,184.0,0.8,375.0,730.5430460354768
393392__sample_002874,14.0,1.0,245.0,730.6522086869885
211903__sample_002875,12.0,1.0,586.0,730.7536805704344
140054__sample_002876,8.0,1.0,4401.0,730.7633497470857
123198__sample_002877,8.0,1.0,10.0,730.8030870758619
449020__sample_002878,56.0,0.4,4486.0,731.4255513934364
67894__sample_002879,2.0,1.0,206.0,733.0165357092324
158732__sample_002880,8.0,1.0,33.0,733.3956599068788
82916__sample_002881,2.0,1.0,399.0,733.4801626805636
88166__sample_002882,2.0,1.0,56.0,733.6088899757854
278811__sample_002883,8.0,0.2,1340.0,733.9451813959033
207220__sample_002884,16.0,1.0,544.0,734.8097309466617
25654__sample_002885,40.0,1.0,1002.0,734.9616895445847
74769__sample_002886,2.0,1.0,347.0,735.4039774093018
3590__sample_002887,8.0,0.5,1034.0,736.3268874506322
148362__sample_002888,8.0,1.0,22.0,736.8437126773291
330713__sample_002889,12.0,1.0,191.0,736.9081301700112
396027__sample_002890,23.0,1.0,1054.0,736.9101462432751
2244__sample_002891,4.0,0.1,793.0,737.0795049137047
137862__sample_002892,8.0,1.0,22.0,737.2689854563557
36026__sample_002893,20.0,0.8,983.0,737.3251623887788
22266__sample_002894,80.0,0.8,3818.0,737.4089167497965
282961__sample_002895,8.0,1.0,983.0,737.771122181199
180126__sample_002896,4.0,0.5,141.0,737.9300056042729
162454__sample_002897,16.0,1.0,4208.0,738.0254503487358
432163__sample_002898,112.0,0.8,228.0,738.269080002073
138988__sample_002899,8.0,1.0,58.0,738.5335146002495
241872__sample_002900,64.0,0.8,3624.0,738.9002776896316
167718__sample_002901,4.0,0.3,197.0,738.942888573517
109781__sample_002902,8.0,1.0,15.0,739.2811201553681
287128__sample_002903,8.0,1.0,1407.0,739.5098358384248
408413__sample_002904,28.0,0.2,168.0,739.5246597414812
324558__sample_002905,12.0,1.0,4209.0,739.9003057014382
456295__sample_002906,8.0,1.0,780.0,740.0210597962271
228322__sample_002907,8.0,1.0,9.0,740.1213213679742
89121__sample_002908,2.0,1.0,593.0,740.26990721451
271123__sample_002909,8.0,1.0,1052.0,740.3761361309266
274034__sample_002910,8.0,1.0,1041.0,740.4793664370018
147071__sample_002911,8.0,1.0,13.0,740.8920325640189
324884__sample_002912,12.0,1.0,4030.0,740.9252740962274
5685__sample_002913,4.0,0.5,440.0,741.8069648244067
237669__sample_002914,20.0,1.0,457.0,742.0093466745229
129269__sample_002915,8.0,1.0,247.0,742.059852465338
464941__sample_002916,15.0,1.0,90.0,742.0950175030919
49599__sample_002917,2.0,0.2,387.0,742.3188391779504
417949__sample_002918,12.0,1.0,1897.0,742.5694371568317
128852__sample_002919,8.0,1.0,2990.0,742.5830580067075
18602__sample_002920,128.0,0.8,87.0,742.6526566452374
101985__sample_002921,4.0,1.0,912.0,743.0494069243716
207277__sample_002922,16.0,1.0,557.0,743.0621314853064
135455__sample_002923,8.0,1.0,4538.0,743.5450397850071
175392__sample_002924,4.0,0.5,143.0,743.8133947180988
62809__sample_002925,2.0,1.0,531.0,743.955872040246
121217__sample_002926,8.0,1.0,23.0,744.0621995390518
200156__sample_002927,8.0,1.0,173.0,744.0670586984029
396181__sample_002928,184.0,0.8,1471.0,744.5031082787601
44507__sample_002929,2.0,0.2,496.0,744.5416064925715
387457__sample_002930,144.0,0.8,387.0,744.6342065229928
250984__sample_002931,20.0,1.0,1707.0,744.8446803814898
96928__sample_002932,2.0,1.0,91.0,744.915268655688
396065__sample_002933,88.0,0.8,2948.0,745.0871297556563
220973__sample_002934,8.0,1.0,327.0,745.5014493503032
37308__sample_002935,4.0,1.0,889.0,745.6604227900958
220900__sample_002936,8.0,1.0,10.0,746.4042941680835
97806__sample_002937,2.0,1.0,57.0,746.8744428558297
111291__sample_002938,8.0,1.0,23.0,746.9756988704372
30805__sample_002939,10.0,1.0,3830.0,747.1033894954535
172836__sample_002940,4.0,0.5,197.0,747.2410093515019
179355__sample_002941,4.0,0.5,143.0,747.487004205845
109712__sample_002942,8.0,1.0,16.0,747.5715010570382
466861__sample_002943,184.0,0.8,4122.0,748.4419603768756
457818__sample_002944,8.0,0.4,1613.0,748.6765204831272
54113__sample_002945,2.0,1.0,102.0,748.8039777044381
45898__sample_002946,2.0,0.2,1085.0,749.0628939892284
106523__sample_002947,4.0,1.0,953.0,749.1886931102329
357016__sample_002948,112.0,0.8,719.0,749.6143497576339
114330__sample_002949,8.0,1.0,911.0,749.824090160538
177021__sample_002950,4.0,0.5,925.0,749.8348093384684
200858__sample_002951,8.0,1.0,3681.0,749.8834352633696
55804__sample_002952,2.0,1.0,157.0,750.3840442276983
346072__sample_002953,184.0,0.8,718.0,750.5909424476611
11726__sample_002954,4.0,1.0,2167.0,751.3415988245795
69520__sample_002955,2.0,1.0,141.0,751.3603935066518
231601__sample_002956,4.0,1.0,2681.0,751.4478753147985
337297__sample_002957,12.0,1.0,307.0,751.5016516054118
295720__sample_002958,8.0,1.0,1775.0,751.7034211808837
26291__sample_002959,80.0,0.8,870.0,751.8240588167163
412256__sample_002960,48.0,1.0,4027.0,751.8668370293645
21068__sample_002961,24.0,1.0,1980.0,752.124168234281
5061__sample_002962,4.0,0.5,486.0,752.3162967251119
97873__sample_002963,2.0,1.0,1429.0,752.3966016998539
287993__sample_002964,16.0,0.2,1830.0,752.5599734167221
146490__sample_002965,8.0,1.0,135.0,752.9023212383645
383664__sample_002966,184.0,0.8,311.0,752.9597599762958
252949__sample_002967,4.0,1.0,2165.0,753.0464078031824
418854__sample_002968,12.0,1.0,992.0,753.1526122149232
98717__sample_002969,4.0,1.0,2613.0,753.495933489555
341457__sample_002970,14.0,1.0,494.0,753.9651363896096
77261__sample_002971,2.0,1.0,250.0,754.083193313348
217097__sample_002972,8.0,1.0,10.0,754.1711581178346
444371__sample_002973,28.0,0.2,1270.0,754.7217226301328
363310__sample_002974,184.0,0.8,655.0,756.5621673255301
141424__sample_002975,8.0,1.0,831.0,756.8396010341481
389744__sample_002976,104.0,0.8,222.0,757.9904094244919
357107__sample_002977,104.0,0.8,1510.0,758.2600870453306
198536__sample_002978,8.0,1.0,542.0,758.5906450386668
335601__sample_002979,56.0,0.4,444.0,758.7136689059944
434938__sample_002980,112.0,0.8,153.0,758.8555035911342
280182__sample_002981,8.0,1.0,1036.0,758.8944144414766
134445__sample_002982,8.0,1.0,4216.0,759.3269629906943
41401__sample_002983,4.0,0.3,13.0,759.995589155858
202149__sample_002984,16.0,1.0,2037.0,760.2397573872839
346424__sample_002985,184.0,0.8,453.0,760.3450216360213
117851__sample_002986,8.0,1.0,97.0,760.3868354401951
236052__sample_002987,12.0,1.0,4308.0,760.4638597801413
182165__sample_002988,4.0,0.5,292.0,760.5375903083603
79986__sample_002989,2.0,1.0,32.0,760.7752641980779
343236__sample_002990,112.0,0.8,907.0,761.5005400766512
441630__sample_002991,14.0,1.0,561.0,761.5129090467824
161480__sample_002992,8.0,1.0,12.0,761.5131647524072
3463__sample_002993,8.0,0.5,1927.0,761.7423511764423
464145__sample_002994,12.0,0.5,764.0,761.8258910664005
454126__sample_002995,8.0,1.0,1352.0,762.3571019483653
349322__sample_002996,28.0,0.2,621.0,762.4561974351298
264317__sample_002997,16.0,0.2,1897.0,762.5417276352556
10771__sample_002998,4.0,1.0,1679.0,762.6202377821437
184158__sample_002999,4.0,0.5,936.0,762.6593582053958
232033__sample_003000,4.0,1.0,2470.0,762.8771460077885
162196__sample_003001,8.0,1.0,48.0,762.9231909089629
102155__sample_003002,4.0,1.0,1323.0,763.0613769046125
300922__sample_003003,8.0,1.0,2472.0,763.2158738691912
400165__sample_003004,60.0,0.4,1045.0,763.2210500997055
259736__sample_003005,8.0,1.0,1050.0,763.225287630948
420223__sample_003006,12.0,1.0,1624.0,763.4088907246618
270168__sample_003007,8.0,0.2,676.0,763.7066011833759
452290__sample_003008,96.0,0.8,1136.0,764.4190441538378
272974__sample_003009,8.0,1.0,1192.0,764.4683885216841
294507__sample_003010,8.0,0.4,1396.0,764.4956355182728
97288__sample_003011,2.0,1.0,536.0,764.509008895736
268434__sample_003012,8.0,1.0,736.0,764.6522025854288
127479__sample_003013,8.0,1.0,22.0,764.8961778511147
160978__sample_003014,8.0,1.0,19.0,765.355189335567
205824__sample_003015,8.0,1.0,222.0,765.6421228073118
411061__sample_003016,16.0,1.0,1842.0,765.7005351904917
99989__sample_003017,4.0,1.0,1667.0,765.8554026858982
395283__sample_003018,112.0,0.8,410.0,766.4583530170729
176617__sample_003019,4.0,0.5,40.0,766.5572593351197
300664__sample_003020,8.0,1.0,2214.0,766.7299121174302
91287__sample_003021,2.0,1.0,670.0,767.525821472697
173473__sample_003022,4.0,0.5,821.0,767.8575525211581
460924__sample_003023,8.0,0.4,208.0,768.2018766476759
445072__sample_003024,8.0,0.4,3123.0,768.2745763803499
211191__sample_003025,16.0,1.0,322.0,768.4084832622915
419019__sample_003026,12.0,1.0,993.0,768.4299659334231
285902__sample_003027,8.0,1.0,1019.0,768.6631509207028
370329__sample_003028,112.0,0.8,250.0,768.690529359628
361766__sample_003029,184.0,0.8,61.0,769.1423637783957
28093__sample_003030,60.0,0.8,3983.0,769.5636113773861
113181__sample_003031,8.0,1.0,1041.0,769.7542920226941
131190__sample_003032,8.0,1.0,716.0,769.7923369382664
95930__sample_003033,2.0,1.0,51.0,769.7988148915886
293260__sample_003034,8.0,1.0,1405.0,770.1970936899647
184570__sample_003035,4.0,0.5,313.0,770.4262541903637
1334__sample_003036,4.0,0.1,1211.0,770.7365254776246
304158__sample_003037,8.0,0.2,536.0,770.8270576123354
287460__sample_003038,8.0,0.2,1781.0,771.0051313142396
237889__sample_003039,20.0,1.0,547.0,771.3488949263473
253990__sample_003040,8.0,1.0,302.0,771.504131003554
72754__sample_003041,2.0,1.0,3103.0,771.7340703261473
51892__sample_003042,2.0,1.0,397.0,772.1239089744871
439866__sample_003043,14.0,1.0,471.0,772.1844971438575
346779__sample_003044,13.0,1.0,340.0,772.2015478208724
378444__sample_003045,56.0,0.4,3087.0,772.3912753059979
83139__sample_003046,2.0,1.0,31.0,772.4073101617201
155317__sample_003047,8.0,1.0,28.0,772.7710148127206
113233__sample_003048,8.0,1.0,14.0,773.0885531566176
45384__sample_003049,2.0,0.2,182.0,773.6222128132958
358092__sample_003050,138.0,0.6,1246.0,773.8773217113934
285732__sample_003051,8.0,1.0,1577.0,773.8947121761773
305423__sample_003052,8.0,1.0,2006.0,773.9676856169696
453137__sample_003053,14.0,1.0,536.0,774.3801618653965
303593__sample_003054,8.0,1.0,2153.0,774.42588201885
4128__sample_003055,4.0,0.5,63.0,774.7256121392365
252902__sample_003056,4.0,1.0,1830.0,775.1044389404478
151356__sample_003057,8.0,1.0,47.0,775.2046000511955
345198__sample_003058,184.0,0.8,156.0,775.3018617608587
147103__sample_003059,8.0,1.0,4576.0,775.5058615293382
268896__sample_003060,8.0,1.0,2307.0,775.9996973839227
388893__sample_003061,112.0,0.8,369.0,776.0630678569929
218189__sample_003062,8.0,1.0,336.0,776.7717187676916
197816__sample_003063,8.0,1.0,826.0,777.0002412345925
112267__sample_003064,8.0,1.0,4009.0,778.2113034721203
158360__sample_003065,8.0,1.0,31.0,778.234775044723
53919__sample_003066,2.0,1.0,84.0,778.2686046164818
348571__sample_003067,184.0,0.8,570.0,778.7067034480434
221888__sample_003068,8.0,1.0,9.0,779.206871936199
443237__sample_003069,8.0,1.0,2131.0,779.354275429319
357047__sample_003070,13.0,1.0,834.0,779.6672785210104
117638__sample_003071,8.0,1.0,1879.0,780.1726797922927
411360__sample_003072,16.0,1.0,2672.0,780.1837011489063
72440__sample_003073,2.0,1.0,229.0,780.3970010392898
107314__sample_003074,8.0,1.0,74.0,780.8771505118222
228914__sample_003075,8.0,1.0,26.0,781.0040893242805
67079__sample_003076,2.0,1.0,362.0,781.0941108008433
295076__sample_003077,8.0,1.0,1333.0,781.4911604257549
466259__sample_003078,8.0,1.0,11.0,781.5934483684448
358720__sample_003079,184.0,0.8,325.0,781.5942432051838
48443__sample_003080,2.0,0.2,196.0,782.3963050052026
310398__sample_003081,4.0,1.0,382.0,782.6205025552237
238653__sample_003082,20.0,1.0,358.0,783.048533499916
395993__sample_003083,14.0,1.0,347.0,783.4847070011374
96240__sample_003084,2.0,1.0,1017.0,783.5018865910295
154316__sample_003085,8.0,1.0,33.0,783.5487282161326
405460__sample_003086,184.0,0.8,203.0,783.6419005103344
152942__sample_003087,8.0,1.0,74.0,783.7385733529075
418688__sample_003088,12.0,1.0,1477.0,784.0073847972681
358274__sample_003089,184.0,0.8,282.0,784.2513504794291
465547__sample_003090,60.0,0.8,1497.0,784.4219466941012
125669__sample_003091,8.0,1.0,3457.0,784.481277512975
432648__sample_003092,56.0,0.4,876.0,784.6015875314271
158559__sample_003093,8.0,1.0,47.0,784.797680642833
209490__sample_003094,32.0,1.0,381.0,784.9554517135069
73999__sample_003095,2.0,1.0,275.0,784.9894904306954
246319__sample_003096,8.0,1.0,1969.0,785.2515965586005
19724__sample_003097,4.0,0.2,2952.0,785.2705609508856
187106__sample_003098,4.0,0.5,117.0,785.3893430085215
443231__sample_003099,112.0,0.8,32.0,785.6988368985221
132790__sample_003100,8.0,1.0,22.0,785.7038935791276
43441__sample_003101,4.0,0.3,333.0,785.9148761079736
188216__sample_003102,4.0,0.5,987.0,786.0166881474767
227478__sample_003103,8.0,1.0,9.0,786.0189059163057
363679__sample_003104,14.0,1.0,106.0,786.0717044956675
174341__sample_003105,4.0,0.5,24.0,786.7790310637207
8853__sample_003106,4.0,1.0,1883.0,786.9631224630565
99587__sample_003107,4.0,1.0,2483.0,788.4350972901774
23321__sample_003108,80.0,0.8,1757.0,788.6211109803371
368002__sample_003109,184.0,0.8,405.0,788.8173917384515
28413__sample_003110,5.0,1.0,1266.0,788.9417222954344
214951__sample_003111,8.0,1.0,8.0,789.0345028606789
278128__sample_003112,8.0,1.0,1437.0,789.1069390947298
250751__sample_003113,20.0,1.0,1945.0,789.2121170129093
405962__sample_003114,13.0,1.0,2682.0,789.3660946132425
343106__sample_003115,184.0,0.8,2594.0,789.4193904277237
224028__sample_003116,8.0,1.0,25.0,789.4830732004117
282877__sample_003117,8.0,0.2,692.0,789.5622804775247
77669__sample_003118,2.0,1.0,35.0,789.7114035410991
72412__sample_003119,2.0,1.0,3682.0,789.9758767400556
265283__sample_003120,8.0,1.0,735.0,790.4606160968913
63501__sample_003121,2.0,1.0,171.0,790.5452307920302
196467__sample_003122,8.0,1.0,81.0,790.5959828078237
299501__sample_003123,8.0,0.2,2896.0,790.7150274575613
101585__sample_003124,4.0,1.0,912.0,791.2770116222914
98496__sample_003125,4.0,1.0,2097.0,791.2794890391165
457018__sample_003126,28.0,0.2,354.0,791.5626879871144
213856__sample_003127,8.0,1.0,8.0,791.7248079565726
9783__sample_003128,4.0,1.0,2080.0,791.7687078709271
434177__sample_003129,15.0,1.0,1370.0,791.8654993346355
420565__sample_003130,14.0,1.0,590.0,791.9292062826837
353896__sample_003131,112.0,0.8,503.0,792.4547961593308
266859__sample_003132,8.0,1.0,1355.0,792.619180067844
151169__sample_003133,8.0,1.0,14.0,792.8261895293441
159365__sample_003134,8.0,1.0,270.0,793.0513477805254
10390__sample_003135,4.0,1.0,1618.0,793.3064948480057
99726__sample_003136,4.0,1.0,1728.0,793.4775693061428
364921__sample_003137,184.0,0.8,1102.0,793.4820781040388
5370__sample_003138,4.0,0.5,1225.0,793.5839659323121
321767__sample_003139,4.0,1.0,3883.0,793.6347623307693
129797__sample_003140,8.0,1.0,130.0,793.9197325225059
256705__sample_003141,8.0,1.0,589.0,793.9343264835793
169994__sample_003142,4.0,0.5,150.0,794.1417420334437
368771__sample_003143,104.0,0.8,433.0,794.2008726089084
458650__sample_003144,14.0,1.0,1928.0,794.9441004665338
45586__sample_003145,2.0,0.2,362.0,795.0462959705965
199855__sample_003146,8.0,1.0,629.0,795.1446385537809
241642__sample_003147,16.0,1.0,153.0,795.7868780701522
444948__sample_003148,8.0,0.4,496.0,795.921919331801
21365__sample_003149,4.0,1.0,2352.0,796.7452002251333
119177__sample_003150,8.0,1.0,396.0,796.7513170373642
182944__sample_003151,4.0,0.5,16.0,796.8427620243217
319618__sample_003152,4.0,0.8,98.0,797.1170600688971
314912__sample_003153,4.0,1.0,1764.0,797.6708340701379
427685__sample_003154,14.0,1.0,568.0,797.7448989563106
117241__sample_003155,8.0,1.0,80.0,798.4114254964576
26547__sample_003156,8.0,1.0,1037.0,798.6368508321358
216235__sample_003157,8.0,1.0,813.0,799.040473801691
194386__sample_003158,4.0,1.0,755.0,799.1670192840911
304721__sample_003159,8.0,0.4,321.0,799.2266408158949
148984__sample_003160,8.0,1.0,53.0,799.832082698681
176305__sample_003161,4.0,0.5,3777.0,800.5083558499804
235223__sample_003162,8.0,1.0,87.0,800.6804331476895
85066__sample_003163,2.0,1.0,78.0,800.6820621977881
374940__sample_003164,104.0,0.8,3714.0,800.711134691215
320429__sample_003165,20.0,1.0,2347.0,800.9238938783484
370591__sample_003166,112.0,0.8,220.0,800.9299098608764
15844__sample_003167,32.0,1.0,341.0,801.0563328683465
365251__sample_003168,184.0,0.8,261.0,801.1467080627278
248759__sample_003169,12.0,1.0,3818.0,801.4599535518227
460473__sample_003170,8.0,1.0,2065.0,801.4742492746673
463746__sample_003171,12.0,1.0,753.0,801.641964258317
95235__sample_003172,2.0,1.0,350.0,801.8583127350732
29629__sample_003173,4.0,1.0,1978.0,802.0984328771816
186928__sample_003174,4.0,0.5,1403.0,802.2282976030667
97488__sample_003175,2.0,1.0,593.0,802.319031148762
102227__sample_003176,4.0,1.0,954.0,802.6058450287381
302546__sample_003177,8.0,0.4,1594.0,803.0761059187158
392528__sample_003178,184.0,0.8,521.0,803.3718362705504
362053__sample_003179,112.0,0.8,588.0,804.0442747911483
285349__sample_003180,8.0,0.2,1821.0,804.3600847911911
395937__sample_003181,184.0,0.8,731.0,804.7217219589581
114717__sample_003182,8.0,1.0,44.0,804.7676735826309
123999__sample_003183,8.0,1.0,42.0,804.9036570261145
444671__sample_003184,16.0,1.0,500.0,805.0695809818244
166235__sample_003185,4.0,0.3,565.0,805.1436080711103
59748__sample_003186,2.0,1.0,114.0,805.3315882510964
54286__sample_003187,2.0,1.0,102.0,805.4174898375667
215486__sample_003188,8.0,1.0,9.0,805.7082792142672
71815__sample_003189,2.0,1.0,132.0,805.8671348933385
242739__sample_003190,8.0,1.0,1797.0,806.0206297014608
37567__sample_003191,4.0,1.0,456.0,807.0488973685567
361422__sample_003192,14.0,1.0,3893.0,807.1734754494557
288849__sample_003193,8.0,1.0,1418.0,807.2859454902978
42825__sample_003194,4.0,0.3,113.0,807.381848537529
71172__sample_003195,2.0,1.0,126.0,807.944700888727
158692__sample_003196,8.0,1.0,28.0,808.1163549402455
409759__sample_003197,16.0,1.0,2555.0,808.3454366718032
147854__sample_003198,8.0,1.0,32.0,808.395299067385
109422__sample_003199,8.0,1.0,31.0,808.5899439422536
242486__sample_003200,4.0,1.0,2148.0,808.6702185649056
314572__sample_003201,4.0,1.0,2168.0,808.9981423334984
218516__sample_003202,8.0,1.0,7.0,809.4448776306391
68767__sample_003203,2.0,1.0,3103.0,809.7585281509106
311041__sample_003204,4.0,1.0,959.0,810.0860876630722
156913__sample_003205,8.0,1.0,1499.0,810.2656909382985
161577__sample_003206,8.0,1.0,13.0,810.5769921384765
92046__sample_003207,2.0,1.0,32.0,810.7143347851858
141888__sample_003208,8.0,1.0,12.0,810.977856266677
184776__sample_003209,4.0,0.5,637.0,811.0528081592341
344834__sample_003210,144.0,0.8,3389.0,811.0708855217036
363343__sample_003211,184.0,0.8,186.0,811.2042697783181
246643__sample_003212,8.0,1.0,1836.0,811.3591408918088
197851__sample_003213,8.0,1.0,149.0,811.4332063042033
118006__sample_003214,8.0,1.0,22.0,811.7584277630792
27667__sample_003215,8.0,1.0,1360.0,811.7775266926432
95933__sample_003216,2.0,1.0,70.0,811.8405244611964
81835__sample_003217,2.0,1.0,333.0,812.1856668742946
176882__sample_003218,4.0,0.5,955.0,812.3293409768178
403937__sample_003219,13.0,1.0,688.0,812.634776432453
377734__sample_003220,28.0,0.2,3724.0,812.8443115076079
214494__sample_003221,8.0,1.0,10.0,813.5968339706124
406013__sample_003222,104.0,0.8,200.0,813.824532830735
463507__sample_003223,32.0,0.4,207.0,813.828277987157
435362__sample_003224,15.0,1.0,2007.0,813.9370828461551
458755__sample_003225,14.0,1.0,155.0,813.9756798888046
107049__sample_003226,4.0,1.0,68.0,814.6220285778637
175333__sample_003227,4.0,0.5,200.0,814.6494857693576
145261__sample_003228,8.0,1.0,14.0,814.7721217200307
126972__sample_003229,8.0,1.0,89.0,814.8361996127171
87848__sample_003230,2.0,1.0,38.0,815.3050751002693
416531__sample_003231,12.0,1.0,3648.0,815.3973221744608
300833__sample_003232,8.0,1.0,1979.0,816.6010939220834
150003__sample_003233,8.0,1.0,24.0,816.6109394210822
160821__sample_003234,8.0,1.0,1440.0,816.6452602473493
160151__sample_003235,8.0,1.0,13.0,816.7088668131711
376015__sample_003236,184.0,0.8,1599.0,817.1255091833299
6773__sample_003237,4.0,0.5,148.0,817.6525048494849
12853__sample_003238,4.0,1.0,1678.0,817.6710379835321
217980__sample_003239,8.0,1.0,8.0,817.6792876479775
284452__sample_003240,8.0,1.0,1383.0,818.0204765046778
184647__sample_003241,4.0,0.5,47.0,818.0562571022095
399811__sample_003242,52.0,0.4,306.0,818.0919357703424
289509__sample_003243,8.0,1.0,1377.0,818.0975908850528
317025__sample_003244,4.0,1.0,3151.0,818.1103636552307
317249__sample_003245,4.0,0.8,178.0,818.186884731343
378851__sample_003246,13.0,1.0,303.0,818.2036883865276
280998__sample_003247,8.0,0.2,2640.0,818.3187528417636
230677__sample_003248,12.0,1.0,22.0,818.7658566554427
49878__sample_003249,2.0,0.2,3399.0,818.8646067654988
63908__sample_003250,2.0,1.0,113.0,819.1899426910178
78361__sample_003251,2.0,1.0,179.0,819.2145968413454
134684__sample_003252,8.0,1.0,1507.0,819.4838402572922
174146__sample_003253,4.0,0.5,144.0,819.5790628401966
192865__sample_003254,2.0,1.0,917.0,819.925389431231
149789__sample_003255,8.0,1.0,18.0,819.9620079901464
451012__sample_003256,56.0,0.4,214.0,820.5324179310416
264896__sample_003257,8.0,0.2,1016.0,820.601876347244
138720__sample_003258,8.0,1.0,64.0,820.7107818421882
73323__sample_003259,2.0,1.0,3039.0,821.4606201014319
131938__sample_003260,8.0,1.0,103.0,821.6765935142428
161244__sample_003261,8.0,1.0,32.0,821.7904300165632
98207__sample_003262,4.0,1.0,1702.0,822.5373816927346
155036__sample_003263,8.0,1.0,98.0,822.63715707375
67081__sample_003264,2.0,1.0,29.0,822.6620764453908
276207__sample_003265,8.0,1.0,1342.0,824.1020764023793
113095__sample_003266,8.0,1.0,14.0,824.1800171349541
135782__sample_003267,8.0,1.0,49.0,824.6564023850331
207551__sample_003268,16.0,1.0,478.0,824.7016452406389
397455__sample_003269,160.0,0.8,249.0,825.03023540217
50667__sample_003270,2.0,0.2,36.0,825.2160558963534
318084__sample_003271,4.0,0.8,167.0,826.2056584885705
76243__sample_003272,2.0,1.0,3898.0,826.4068627985192
180281__sample_003273,4.0,0.5,200.0,826.4131961356458
46240__sample_003274,2.0,0.2,207.0,826.644704387689
111648__sample_003275,8.0,1.0,49.0,826.6839603884212
196880__sample_003276,8.0,1.0,63.0,827.0845026313518
116891__sample_003277,8.0,1.0,36.0,827.5699765297535
219802__sample_003278,8.0,1.0,8.0,827.7344666775623
251032__sample_003279,20.0,1.0,2014.0,828.1166864240519
292739__sample_003280,8.0,0.4,1693.0,828.1558822574559
282328__sample_003281,8.0,1.0,1043.0,828.325239195894
136573__sample_003282,8.0,1.0,15.0,828.450435027065
351584__sample_003283,112.0,0.8,3462.0,828.6866830704191
315525__sample_003284,4.0,1.0,1893.0,828.6980572309232
299578__sample_003285,8.0,1.0,1977.0,829.0467627236844
371600__sample_003286,56.0,0.4,753.0,829.0673716316925
458072__sample_003287,28.0,0.2,1371.0,829.3344929447823
461193__sample_003288,8.0,1.0,981.0,829.3391503661603
118399__sample_003289,8.0,1.0,88.0,829.7849316747321
268544__sample_003290,8.0,0.2,555.0,829.8329336433153
171825__sample_003291,4.0,0.5,140.0,830.0140918028461
162155__sample_003292,8.0,1.0,42.0,830.0898729448515
385973__sample_003293,28.0,0.2,230.0,830.4104891809556
227970__sample_003294,8.0,1.0,19.0,830.5074020233016
221563__sample_003295,8.0,1.0,9.0,830.8297930422812
425772__sample_003296,12.0,1.0,4486.0,830.9136161978336
130977__sample_003297,8.0,1.0,1653.0,831.2626751926814
89923__sample_003298,2.0,1.0,345.0,831.2704460990366
176194__sample_003299,4.0,0.5,152.0,831.3537245370796
312856__sample_003300,12.0,1.0,2488.0,831.5263290173945
290564__sample_003301,8.0,1.0,1076.0,831.5378555998676
161240__sample_003302,8.0,1.0,30.0,831.5893147894406
68099__sample_003303,2.0,1.0,476.0,832.2708822646905
372129__sample_003304,14.0,1.0,1478.0,833.212152524564
255075__sample_003305,4.0,0.2,2223.0,833.5486806168983
279760__sample_003306,8.0,1.0,1050.0,833.6213355629301
431887__sample_003307,28.0,0.2,2724.0,833.6967867099207
146704__sample_003308,8.0,1.0,23.0,833.9562532927999
280572__sample_003309,8.0,0.2,1335.0,833.9875306369361
9748__sample_003310,4.0,1.0,1800.0,834.7281503753333
430650__sample_003311,10.0,1.0,3723.0,834.791813090028
421036__sample_003312,46.0,0.2,116.0,836.7711451321427
149481__sample_003313,8.0,1.0,13.0,836.9423078737494
220440__sample_003314,8.0,1.0,9.0,837.3112860541677
206423__sample_003315,32.0,1.0,366.0,837.3118326749474
238831__sample_003316,20.0,1.0,371.0,837.860818435352
72962__sample_003317,2.0,1.0,3393.0,837.9394968218303
235140__sample_003318,8.0,1.0,151.0,838.2151042717663
206089__sample_003319,4.0,1.0,2586.0,838.6255368075605
455211__sample_003320,8.0,0.4,3426.0,838.6703626587283
82915__sample_003321,2.0,1.0,352.0,838.8164401043936
53001__sample_003322,2.0,1.0,1178.0,838.9866637129647
362520__sample_003323,112.0,0.8,592.0,839.0801987373667
171364__sample_003324,4.0,0.5,227.0,839.2445259315176
189717__sample_003325,8.0,1.0,4104.0,839.3400408444737
38291__sample_003326,4.0,1.0,148.0,839.4519048788068
455079__sample_003327,8.0,1.0,229.0,839.7285643648985
11535__sample_003328,4.0,1.0,1709.0,839.97888581086
42554__sample_003329,4.0,0.3,14.0,840.0449637115694
163624__sample_003330,8.0,0.2,1638.0,840.6143950907536
292465__sample_003331,8.0,1.0,730.0,841.1109531109574
405551__sample_003332,184.0,0.8,4573.0,841.2888233192014
348592__sample_003333,184.0,0.8,2743.0,841.4307828942119
140363__sample_003334,8.0,1.0,80.0,841.5490272991995
90622__sample_003335,2.0,1.0,66.0,841.8561516708147
250712__sample_003336,20.0,1.0,171.0,842.134582688381
106955__sample_003337,4.0,1.0,1444.0,842.1891778560141
50315__sample_003338,2.0,0.2,815.0,842.4674505286689
270517__sample_003339,8.0,0.2,818.0,842.5401827611513
128695__sample_003340,8.0,1.0,2005.0,842.5448659369321
30880__sample_003341,4.0,1.0,1203.0,842.8452005708117
148900__sample_003342,8.0,1.0,31.0,843.1039646350457
71339__sample_003343,2.0,1.0,129.0,843.2362159637388
64073__sample_003344,2.0,1.0,2537.0,843.4226874255504
446400__sample_003345,8.0,1.0,528.0,844.1578526175537
300916__sample_003346,8.0,1.0,1989.0,844.3839432695311
381438__sample_003347,104.0,0.8,891.0,844.652094576814
199922__sample_003348,8.0,1.0,796.0,844.6686058429182
365104__sample_003349,52.0,0.4,124.0,844.7139846516104
55672__sample_003350,2.0,1.0,91.0,844.8034937178578
442973__sample_003351,56.0,0.4,1685.0,844.9972888154487
213816__sample_003352,8.0,1.0,9.0,845.3719764757208
194305__sample_003353,4.0,1.0,1247.0,845.4688487177463
93580__sample_003354,2.0,1.0,397.0,845.5790113591002
356887__sample_003355,112.0,0.8,389.0,845.6529906259425
54071__sample_003356,2.0,1.0,131.0,845.7264523279024
263524__sample_003357,8.0,0.2,1634.0,846.4697682067045
232046__sample_003358,4.0,1.0,2378.0,846.7220460210528
353182__sample_003359,28.0,0.2,1117.0,846.7644174663548
72638__sample_003360,2.0,1.0,811.0,847.0846746491214
424622__sample_003361,12.0,1.0,37.0,847.4047272049804
296882__sample_003362,8.0,1.0,3374.0,847.6792329675965
28260__sample_003363,32.0,0.8,2304.0,847.7154086274458
60480__sample_003364,2.0,1.0,408.0,847.8464671919884
303656__sample_003365,8.0,1.0,2967.0,847.8746911592732
418107__sample_003366,12.0,1.0,1900.0,848.2987405405877
161096__sample_003367,8.0,1.0,334.0,848.5649180286399
99430__sample_003368,4.0,1.0,2057.0,848.7418329924814
390390__sample_003369,28.0,0.2,174.0,848.8468566967545
271588__sample_003370,8.0,1.0,2098.0,848.8977683715818
12720__sample_003371,4.0,1.0,2058.0,848.9259059435393
13240__sample_003372,48.0,1.0,465.0,849.7962959148929
189085__sample_003373,15.0,1.0,865.0,849.8519720274375
25841__sample_003374,8.0,1.0,1506.0,849.8674075366333
325078__sample_003375,12.0,1.0,135.0,850.6827670846027
171479__sample_003376,4.0,0.5,182.0,850.8818123199934
3011__sample_003377,8.0,0.5,97.0,851.2800272618359
111784__sample_003378,8.0,1.0,34.0,851.291215378389
213411__sample_003379,8.0,1.0,119.0,851.5004385079725
444417__sample_003380,32.0,0.2,767.0,851.6274001760013
215749__sample_003381,8.0,1.0,10.0,851.9969635941261
92745__sample_003382,2.0,1.0,33.0,852.0067594404547
150830__sample_003383,8.0,1.0,569.0,852.1351712442004
37728__sample_003384,4.0,1.0,143.0,852.536375171382
198711__sample_003385,8.0,1.0,27.0,852.721276252402
69257__sample_003386,2.0,1.0,3918.0,852.92092470016
94189__sample_003387,2.0,1.0,598.0,852.9464784787231
130875__sample_003388,8.0,1.0,4522.0,852.9819645941924
265215__sample_003389,8.0,1.0,3016.0,853.264490027688
301040__sample_003390,8.0,1.0,2043.0,853.5455084177237
254000__sample_003391,8.0,1.0,2284.0,854.5125505521275
36452__sample_003392,4.0,1.0,149.0,854.8237084461986
77404__sample_003393,2.0,1.0,30.0,854.993639610916
382317__sample_003394,184.0,0.8,223.0,855.4804410490966
408208__sample_003395,14.0,1.0,805.0,855.5080267719325
24938__sample_003396,10.0,1.0,569.0,855.6571661454401
103181__sample_003397,4.0,1.0,3528.0,855.7417728706981
363238__sample_003398,112.0,0.8,3112.0,855.7694046100914
303744__sample_003399,8.0,1.0,2064.0,856.129858581585
44355__sample_003400,2.0,0.2,412.0,856.3086004776892
330643__sample_003401,12.0,1.0,430.0,856.5120163697369
215135__sample_003402,8.0,1.0,11.0,856.6444569810938
76388__sample_003403,2.0,1.0,126.0,856.7986596904625
74454__sample_003404,2.0,1.0,690.0,856.8294891617697
415400__sample_003405,63.2,0.8,2096.0,857.1088751212151
200448__sample_003406,8.0,1.0,1362.0,857.2504805650959
288217__sample_003407,8.0,0.2,1710.0,857.6747305250553
47284__sample_003408,2.0,0.2,19.0,857.7293588469872
384344__sample_003409,184.0,0.8,2246.0,857.786729463644
120800__sample_003410,8.0,1.0,33.0,858.0461743186232
57298__sample_003411,2.0,1.0,1622.0,858.5138805452905
368044__sample_003412,112.0,0.8,1047.0,858.6736389852515
195708__sample_003413,8.0,1.0,40.0,858.9981676150197
272929__sample_003414,8.0,1.0,1383.0,860.8251965345058
356531__sample_003415,112.0,0.8,1968.0,861.9832198736657
393954__sample_003416,13.0,1.0,2224.0,862.3241934969631
197187__sample_003417,8.0,1.0,681.0,862.6605646187224
165496__sample_003418,4.0,0.3,1243.0,862.7316926898409
272972__sample_003419,8.0,1.0,2540.0,863.1799421961371
245671__sample_003420,8.0,1.0,1949.0,863.3097835787032
404554__sample_003421,112.0,0.8,393.0,864.1272857950619
114669__sample_003422,8.0,1.0,17.0,864.1485194575204
314442__sample_003423,4.0,1.0,2123.0,864.2916239659246
276853__sample_003424,8.0,1.0,1583.0,864.4945168456983
447037__sample_003425,12.0,1.0,402.0,864.6243809559038
398767__sample_003426,13.0,1.0,1220.0,864.6834948946405
318727__sample_003427,4.0,0.8,157.0,864.908223347353
29192__sample_003428,16.0,0.8,546.0,865.2607860210513
319494__sample_003429,4.0,0.8,540.0,865.519581754485
64852__sample_003430,2.0,1.0,103.0,865.5863715658568
357750__sample_003431,144.0,0.8,189.0,865.9151981841845
164110__sample_003432,4.0,0.3,524.0,865.9894286095313
437218__sample_003433,112.0,0.8,1279.0,866.0375829123134
188289__sample_003434,4.0,0.5,322.0,866.3309179610953
159928__sample_003435,8.0,1.0,31.0,866.7934567787671
70475__sample_003436,2.0,1.0,3945.0,866.9576796124232
301694__sample_003437,8.0,1.0,2105.0,867.1471766722948
217092__sample_003438,8.0,1.0,9.0,867.2373286143039
6919__sample_003439,4.0,0.5,362.0,867.4079387967826
225342__sample_003440,8.0,1.0,10.0,867.4433247910251
105183__sample_003441,4.0,1.0,997.0,868.2232568503771
463561__sample_003442,8.0,1.0,170.0,868.6260675525177
84548__sample_003443,2.0,1.0,133.0,868.9017023453316
127591__sample_003444,8.0,1.0,29.0,869.0948551439212
409530__sample_003445,184.0,0.8,3961.0,869.4876128151744
28633__sample_003446,32.0,0.8,1016.0,869.6582918780547
73951__sample_003447,2.0,1.0,279.0,869.7474512956968
254483__sample_003448,8.0,1.0,1858.0,869.791151046815
452854__sample_003449,14.0,1.0,531.0,870.0518879196458
5215__sample_003450,4.0,0.5,1318.0,870.7146603850008
224775__sample_003451,8.0,1.0,8.0,870.7563566696533
42326__sample_003452,4.0,0.3,13.0,870.8059749059347
341363__sample_003453,112.0,0.8,571.0,870.9480912531511
410840__sample_003454,16.0,1.0,2939.0,871.3592271813133
29257__sample_003455,20.0,0.8,1020.0,871.4462348309205
393328__sample_003456,28.0,0.2,1942.0,871.5194630715774
29775__sample_003457,20.0,0.8,1264.0,871.7613369024572
354453__sample_003458,160.0,0.8,454.0,871.9530971173855
224706__sample_003459,8.0,1.0,10.0,871.968624582751
34824__sample_003460,10.0,1.0,436.0,871.9898751983425
17048__sample_003461,32.0,1.0,815.0,872.2473891625735
150942__sample_003462,8.0,1.0,24.0,872.4038190588789
223379__sample_003463,8.0,1.0,8.0,873.2887373741779
406368__sample_003464,144.0,0.8,427.0,873.5724512343373
208639__sample_003465,32.0,1.0,339.0,873.5749824205062
360664__sample_003466,104.0,0.8,1563.0,873.7389543157706
90775__sample_003467,2.0,1.0,480.0,873.8727543597611
37488__sample_003468,4.0,1.0,201.0,873.9009664407341
154503__sample_003469,8.0,1.0,60.0,874.5426328647007
109554__sample_003470,8.0,1.0,30.0,874.9513362812272
139258__sample_003471,8.0,1.0,30.0,875.0167053661611
422983__sample_003472,14.0,1.0,129.0,875.0906274618394
200160__sample_003473,8.0,1.0,715.0,875.0987629223401
163100__sample_003474,8.0,1.0,988.0,875.186762059796
96640__sample_003475,2.0,1.0,31.0,875.4064036476466
147419__sample_003476,8.0,1.0,53.0,875.5429492355479
258711__sample_003477,8.0,1.0,1516.0,876.4134599811623
416460__sample_003478,12.0,1.0,2350.0,876.4278884915399
80523__sample_003479,2.0,1.0,124.0,876.651661593952
299121__sample_003480,16.0,0.2,1744.0,877.1401890333775
370396__sample_003481,112.0,0.8,349.0,877.3040271121279
151964__sample_003482,8.0,1.0,24.0,877.3047688916541
253884__sample_003483,8.0,1.0,329.0,877.3743013517546
265715__sample_003484,8.0,1.0,3339.0,877.4721064790928
311216__sample_003485,4.0,1.0,911.0,878.3174146897662
189782__sample_003486,15.0,1.0,360.0,878.9243760484771
49281__sample_003487,2.0,0.2,119.0,879.6691956696691
264674__sample_003488,8.0,1.0,1314.0,880.1060238616132
206222__sample_003489,32.0,1.0,381.0,880.214354139149
165824__sample_003490,4.0,0.3,26.0,880.805140814541
332436__sample_003491,12.0,1.0,308.0,881.8051427913538
295194__sample_003492,8.0,1.0,1216.0,881.9128659496796
24183__sample_003493,32.0,0.8,2402.0,881.9883301198151
159398__sample_003494,8.0,1.0,37.0,882.1862497164212
354727__sample_003495,56.0,0.4,226.0,882.238052562853
423458__sample_003496,46.0,0.2,4384.0,882.2463446269879
344445__sample_003497,184.0,0.8,1882.0,882.975257039192
217919__sample_003498,8.0,1.0,11.0,883.625304875905
269688__sample_003499,8.0,1.0,779.0,883.669684310441
126219__sample_003500,8.0,1.0,3533.0,883.8006368025041
198044__sample_003501,8.0,1.0,49.0,884.2451546671499
4821__sample_003502,4.0,0.5,1175.0,884.5155936804198
218550__sample_003503,8.0,1.0,8.0,884.641137594946
295541__sample_003504,8.0,1.0,772.0,884.9819490988039
52589__sample_003505,2.0,1.0,402.0,885.550320717887
277286__sample_003506,8.0,1.0,1361.0,886.2017787378112
398205__sample_003507,88.0,0.8,321.0,886.3208242516986
465692__sample_003508,14.0,1.0,99.0,886.3684814473316
116911__sample_003509,8.0,1.0,64.0,886.9784806145508
172338__sample_003510,4.0,0.5,210.0,887.00276131757
461176__sample_003511,8.0,1.0,1220.0,887.3225147921106
43236__sample_003512,4.0,0.3,249.0,887.3603651246339
158204__sample_003513,8.0,1.0,197.0,887.4836880422248
40232__sample_003514,4.0,0.3,86.0,887.6162563130418
142370__sample_003515,8.0,1.0,28.0,887.6594752647466
267891__sample_003516,8.0,0.2,1902.0,888.2994305575467
349299__sample_003517,112.0,0.8,1757.0,888.3000984910251
117204__sample_003518,8.0,1.0,89.0,888.8607263955279
123951__sample_003519,8.0,1.0,913.0,889.3989001005029
71703__sample_003520,2.0,1.0,204.0,889.4942019017925
401652__sample_003521,112.0,0.8,131.0,889.7987910661235
40712__sample_003522,4.0,0.3,33.0,889.8716496457221
22030__sample_003523,4.0,1.0,2078.0,890.2271544484487
187125__sample_003524,4.0,0.5,184.0,890.433036614311
381860__sample_003525,88.0,0.8,367.0,890.5222858826394
314600__sample_003526,4.0,1.0,2270.0,890.6500901217368
379953__sample_003527,112.0,0.8,973.0,890.9427961511465
161822__sample_003528,8.0,1.0,36.0,891.5341705843449
446634__sample_003529,14.0,1.0,246.0,891.5691949575245
343151__sample_003530,14.0,1.0,1167.0,891.7809817411015
248994__sample_003531,4.0,1.0,3162.0,891.8541484264114
162393__sample_003532,8.0,1.0,14.0,892.2582291285134
200978__sample_003533,8.0,1.0,107.0,892.2764356017627
141106__sample_003534,8.0,1.0,3560.0,892.5683906575416
283692__sample_003535,8.0,0.2,586.0,892.6164672717512
280897__sample_003536,8.0,1.0,1516.0,892.8432909873319
10699__sample_003537,4.0,1.0,4332.0,893.294795021693
133788__sample_003538,8.0,1.0,30.0,893.646501610642
219770__sample_003539,8.0,1.0,27.0,893.9960355469243
149296__sample_003540,8.0,1.0,12.0,894.1784081187607
408813__sample_003541,112.0,0.8,316.0,894.7319271429154
127234__sample_003542,8.0,1.0,3528.0,894.9536739673592
368937__sample_003543,104.0,0.8,927.0,895.5774676698503
287982__sample_003544,8.0,1.0,1188.0,895.775170052796
188515__sample_003545,4.0,0.5,629.0,895.9514575662306
421563__sample_003546,16.0,1.0,2651.0,896.0143282187253
165877__sample_003547,4.0,0.3,2570.0,896.2110754881467
32097__sample_003548,4.0,1.0,1190.0,896.2489512774966
141184__sample_003549,8.0,1.0,2338.0,896.7584114265701
241799__sample_003550,64.0,0.8,215.0,897.0400809620754
69415__sample_003551,2.0,1.0,652.0,898.30433384003
134068__sample_003552,8.0,1.0,30.0,898.3284883913967
32021__sample_003553,80.0,0.8,955.0,898.3973190001179
118463__sample_003554,8.0,1.0,80.0,898.921534305434
412551__sample_003555,48.0,1.0,3602.0,899.0472710326325
52637__sample_003556,2.0,1.0,305.0,899.204252782138
1829__sample_003557,4.0,0.1,1255.0,899.6969477994805
282879__sample_003558,8.0,1.0,1350.0,899.8813914976249
352714__sample_003559,13.0,1.0,524.0,899.9351468568589
465898__sample_003560,16.0,1.0,631.0,900.4916225911413
262777__sample_003561,8.0,1.0,1352.0,900.4995111656501
198403__sample_003562,8.0,1.0,683.0,901.0639051771009
218447__sample_003563,8.0,1.0,25.0,901.0768654399515
363736__sample_003564,104.0,0.8,771.0,901.3509062858229
316409__sample_003565,4.0,1.0,4337.0,901.3695008132795
328551__sample_003566,12.0,1.0,726.0,901.6757258673387
35027__sample_003567,8.0,1.0,1445.0,901.684366306626
463316__sample_003568,16.0,1.0,111.0,902.1463816719362
132481__sample_003569,8.0,1.0,29.0,902.3031952931174
284364__sample_003570,8.0,0.2,629.0,902.327723645397
380601__sample_003571,14.0,1.0,282.0,902.6344653031774
175948__sample_003572,4.0,0.5,159.0,902.8024537214161
359541__sample_003573,144.0,0.8,153.0,902.855427008588
292312__sample_003574,8.0,1.0,1494.0,902.8593761295833
343751__sample_003575,56.0,0.4,2627.0,902.9946965898565
198439__sample_003576,8.0,1.0,56.0,903.017076373388
259035__sample_003577,8.0,0.4,2822.0,903.0418021972359
427716__sample_003578,12.0,1.0,1501.0,903.1195670139059
262401__sample_003579,8.0,0.2,657.0,903.3684399344784
436016__sample_003580,14.0,1.0,1105.0,903.5571480364313
84073__sample_003581,2.0,1.0,152.0,903.575018628787
173270__sample_003582,4.0,0.5,956.0,904.4389157267723
407539__sample_003583,46.0,0.2,189.0,904.9843810748716
110682__sample_003584,8.0,1.0,13.0,905.0593958251555
81041__sample_003585,2.0,1.0,504.0,905.0920194205413
438992__sample_003586,16.0,1.0,2378.0,905.8055900325116
184281__sample_003587,4.0,0.5,38.0,905.960165727865
11099__sample_003588,4.0,1.0,1648.0,906.0533548194816
87791__sample_003589,2.0,1.0,558.0,906.2218665268659
446815__sample_003590,8.0,1.0,2221.0,906.5922862217869
235077__sample_003591,8.0,1.0,64.0,906.6383827328735
5629__sample_003592,4.0,0.5,863.0,907.0030945163048
80818__sample_003593,2.0,1.0,35.0,907.3491155057044
108515__sample_003594,8.0,1.0,13.0,907.5428937173098
464907__sample_003595,14.0,1.0,255.0,908.0450785226757
350733__sample_003596,184.0,0.8,3090.0,908.080510712723
226164__sample_003597,8.0,1.0,118.0,908.3067736238139
106798__sample_003598,4.0,1.0,1012.0,908.4559344397006
51068__sample_003599,2.0,0.2,1083.0,908.5931061705979
265781__sample_003600,8.0,1.0,904.0,908.6658818400355
78852__sample_003601,2.0,1.0,60.0,908.7822969713072
104798__sample_003602,4.0,1.0,919.0,908.8109115137274
137173__sample_003603,8.0,1.0,587.0,908.8833655907273
157944__sample_003604,8.0,1.0,18.0,908.9627171664918
326218__sample_003605,12.0,1.0,4369.0,909.2815556079819
238759__sample_003606,20.0,1.0,418.0,909.2939977557925
67024__sample_003607,2.0,1.0,32.0,909.5573063895101
107035__sample_003608,4.0,1.0,1222.0,909.6198740324087
3323__sample_003609,8.0,0.5,81.0,909.6412257910902
400668__sample_003610,14.0,1.0,288.0,909.7306826076654
428247__sample_003611,12.0,1.0,4230.0,909.7942356857552
457514__sample_003612,8.0,0.2,1746.0,909.9949942649248
435351__sample_003613,15.0,1.0,18.0,910.1055432930594
456041__sample_003614,14.0,1.0,252.0,910.9508459741811
443006__sample_003615,12.0,1.0,386.0,911.7787966816659
303711__sample_003616,8.0,1.0,1893.0,911.9254154341444
405112__sample_003617,46.0,0.2,1071.0,912.321708441206
304813__sample_003618,8.0,1.0,1983.0,912.3250477798165
462990__sample_003619,8.0,1.0,388.0,912.5234618643298
84818__sample_003620,2.0,1.0,118.0,912.8634228560175
171017__sample_003621,4.0,0.5,539.0,912.9245603751579
106864__sample_003622,4.0,1.0,1356.0,912.9403410574964
374432__sample_003623,28.0,0.2,595.0,912.98271774287
341065__sample_003624,184.0,0.8,192.0,913.1284987699812
280920__sample_003625,8.0,0.2,1316.0,913.3049917470973
398893__sample_003626,56.0,0.4,2061.0,913.4248578564129
343138__sample_003627,14.0,1.0,292.0,913.5698007693586
260241__sample_003628,8.0,1.0,1007.0,913.7286311920458
370322__sample_003629,14.0,1.0,1140.0,914.0954386088739
182211__sample_003630,4.0,0.5,314.0,914.1232390774791
101065__sample_003631,4.0,1.0,1655.0,914.4895198683704
443621__sample_003632,20.0,0.5,3200.0,914.7812110432177
435970__sample_003633,14.0,1.0,169.0,915.1195815096074
297850__sample_003634,8.0,0.2,333.0,915.4510868524757
407278__sample_003635,112.0,0.8,4094.0,915.6100857349567
386867__sample_003636,112.0,0.8,4188.0,915.6694598078503
427240__sample_003637,1.0,1.0,113.0,915.8617665686852
290338__sample_003638,8.0,0.4,2826.0,916.6541811829206
150979__sample_003639,8.0,1.0,29.0,916.8761833504284
28658__sample_003640,100.0,0.8,1831.0,916.8789605049468
371240__sample_003641,112.0,0.8,1211.0,916.8943524806962
119506__sample_003642,8.0,1.0,14.0,918.1299833594849
378038__sample_003643,184.0,0.8,114.0,918.1486497958156
129095__sample_003644,8.0,1.0,3757.0,918.1604345323725
12926__sample_003645,4.0,1.0,3222.0,918.2692961563189
207426__sample_003646,16.0,1.0,663.0,919.140309443452
226593__sample_003647,8.0,1.0,9.0,919.2362384616919
187893__sample_003648,4.0,0.5,723.0,919.3680975549461
442261__sample_003649,8.0,0.2,1763.0,919.619430684321
147610__sample_003650,8.0,1.0,19.0,919.6255325064731
42018__sample_003651,4.0,0.3,14.0,920.1956493265606
360069__sample_003652,184.0,0.8,2417.0,920.378851693487
151911__sample_003653,8.0,1.0,351.0,920.5360714796765
172576__sample_003654,4.0,0.5,17.0,921.0289006841405
156332__sample_003655,8.0,1.0,24.0,921.7937103259553
319733__sample_003656,4.0,0.8,127.0,921.9313728894791
454900__sample_003657,14.0,1.0,2562.0,921.9786916322278
43403__sample_003658,4.0,0.3,17.0,922.40150181073
10129__sample_003659,4.0,1.0,2218.0,922.5305704300332
208567__sample_003660,32.0,1.0,635.0,923.2160195159046
9830__sample_003661,4.0,1.0,2008.0,923.9644480129751
186443__sample_003662,4.0,0.5,218.0,923.9949416300092
47074__sample_003663,2.0,0.2,86.0,924.7790005648706
176555__sample_003664,4.0,0.5,951.0,924.8938239914887
377619__sample_003665,184.0,0.8,351.0,925.1536169782643
94949__sample_003666,2.0,1.0,65.0,925.1624590353929
147698__sample_003667,8.0,1.0,43.0,925.7117547966312
356343__sample_003668,14.0,1.0,4112.0,925.9682793332073
298153__sample_003669,8.0,0.2,2847.0,926.2261727915289
397402__sample_003670,8.0,1.0,805.0,926.8073195336877
326486__sample_003671,12.0,1.0,4569.0,926.9848151465944
89671__sample_003672,2.0,1.0,141.0,927.1169423434268
547__sample_003673,4.0,0.1,835.0,927.6196615381604
131602__sample_003674,8.0,1.0,3398.0,927.9587682668484
11263__sample_003675,4.0,1.0,1663.0,928.702631417476
403885__sample_003676,13.0,1.0,804.0,929.4064925020617
200184__sample_003677,8.0,1.0,113.0,929.5269411858657
76398__sample_003678,2.0,1.0,1460.0,929.6750343073605
67772__sample_003679,2.0,1.0,133.0,929.7489578125991
7261__sample_003680,8.0,1.0,931.0,930.019137071485
148401__sample_003681,8.0,1.0,29.0,930.1324893797749
311698__sample_003682,4.0,1.0,578.0,930.5180518012355
251967__sample_003683,20.0,1.0,2229.0,930.5504510897764
14014__sample_003684,24.0,1.0,642.0,930.581389598327
243695__sample_003685,8.0,1.0,2678.0,930.63857168434
211337__sample_003686,48.0,1.0,1364.0,930.6605861713911
138081__sample_003687,8.0,1.0,4040.0,930.9025029733465
52978__sample_003688,2.0,1.0,217.0,930.9423553174095
121766__sample_003689,8.0,1.0,140.0,930.9859326279714
386676__sample_003690,56.0,0.4,1629.0,930.9895152318213
94994__sample_003691,2.0,1.0,83.0,931.3704335349668
61577__sample_003692,2.0,1.0,243.0,931.7886558650381
12931__sample_003693,4.0,1.0,1645.0,931.8328468472121
349350__sample_003694,52.0,0.4,458.0,932.1691584021518
378744__sample_003695,26.0,0.2,834.0,932.3112478657055
73974__sample_003696,2.0,1.0,2208.0,932.3797238504535
107471__sample_003697,8.0,1.0,30.0,932.6225324469993
349310__sample_003698,112.0,0.8,1237.0,932.6716834359061
149735__sample_003699,8.0,1.0,29.0,933.0252371782722
187667__sample_003700,4.0,0.5,157.0,933.0374337165538
90200__sample_003701,2.0,1.0,343.0,933.8367791686496
407944__sample_003702,112.0,0.8,1284.0,933.8554264512364
40098__sample_003703,4.0,0.3,19.0,934.0719734866888
115989__sample_003704,8.0,1.0,14.0,934.6531665667985
145160__sample_003705,8.0,1.0,4036.0,934.6561605404132
389145__sample_003706,184.0,0.8,179.0,934.8287056672801
329855__sample_003707,12.0,1.0,305.0,934.9364040748986
305885__sample_003708,8.0,0.4,2556.0,935.1534770273586
281617__sample_003709,14.0,0.2,322.0,935.2173476774303
283134__sample_003710,8.0,1.0,1824.0,935.2341229190416
143848__sample_003711,8.0,1.0,4053.0,935.4799530319755
89505__sample_003712,2.0,1.0,37.0,935.6147804149031
6608__sample_003713,4.0,0.5,4556.0,935.858317015644
255224__sample_003714,4.0,0.2,2620.0,935.9174182733584
192046__sample_003715,15.0,1.0,22.0,936.0208207941014
423097__sample_003716,112.0,0.8,377.0,936.227023096978
304184__sample_003717,8.0,1.0,2428.0,936.4518279041176
160504__sample_003718,8.0,1.0,523.0,936.5682570352338
191361__sample_003719,12.0,1.0,3005.0,936.6504015268318
144539__sample_003720,8.0,1.0,12.0,936.730349775101
44049__sample_003721,4.0,0.3,16.0,936.7783516592293
375494__sample_003722,14.0,1.0,1242.0,936.8767623373143
251888__sample_003723,20.0,1.0,1813.0,936.9323733916073
152589__sample_003724,8.0,1.0,30.0,937.1835278211477
671__sample_003725,4.0,0.1,805.0,937.3939784834774
399719__sample_003726,104.0,0.8,1788.0,937.5145334996845
313444__sample_003727,4.0,1.0,2198.0,937.6131017506663
31355__sample_003728,16.0,0.8,2560.0,937.6809273887824
412595__sample_003729,48.0,1.0,1030.0,937.8726033813058
224383__sample_003730,8.0,1.0,26.0,938.500629982327
464649__sample_003731,16.0,1.0,1963.0,938.7899842432644
50483__sample_003732,2.0,0.2,101.0,939.1310340244606
126601__sample_003733,8.0,1.0,1379.0,939.5805456175586
93433__sample_003734,2.0,1.0,488.0,939.6888709746788
442702__sample_003735,14.0,1.0,1577.0,939.7051058336159
49232__sample_003736,2.0,0.2,189.0,939.9486909568196
310920__sample_003737,4.0,1.0,966.0,940.0009617634742
165217__sample_003738,4.0,0.3,249.0,940.2113988809989
431037__sample_003739,8.0,1.0,1963.0,940.5476968063272
1135__sample_003740,4.0,0.1,790.0,940.9303977424927
182525__sample_003741,4.0,0.5,163.0,941.0202241714993
207374__sample_003742,16.0,1.0,468.0,941.1998061812718
313815__sample_003743,4.0,1.0,1838.0,941.442337927243
252795__sample_003744,4.0,1.0,2128.0,941.8703173527255
110934__sample_003745,8.0,1.0,24.0,942.2285471688755
260879__sample_003746,16.0,0.2,1547.0,943.3337457078384
446702__sample_003747,112.0,0.8,1003.0,943.3357750915249
39423__sample_003748,4.0,1.0,3705.0,943.4796114348451
103947__sample_003749,4.0,1.0,940.0,943.5535549447084
191348__sample_003750,12.0,1.0,845.0,943.5854830016774
465754__sample_003751,60.0,0.8,21.0,944.191714487077
33614__sample_003752,20.0,0.8,2882.0,945.7406691811643
287938__sample_003753,8.0,1.0,1389.0,945.7904637526611
9388__sample_003754,4.0,1.0,806.0,945.800261613185
349494__sample_003755,160.0,0.8,3531.0,945.8806762949841
154435__sample_003756,8.0,1.0,477.0,946.3309196186967
333696__sample_003757,12.0,1.0,369.0,946.4179157097187
101__sample_003758,4.0,0.1,843.0,946.4325618415322
192063__sample_003759,15.0,1.0,8.0,946.4460418647656
154511__sample_003760,8.0,1.0,19.0,946.585443792171
104140__sample_003761,4.0,1.0,1279.0,947.2568657812387
259138__sample_003762,8.0,1.0,1220.0,947.3410560053825
60679__sample_003763,2.0,1.0,91.0,947.4803422015343
136101__sample_003764,8.0,1.0,13.0,947.5072200765379
25889__sample_003765,8.0,1.0,1459.0,947.6773137474937
5767__sample_003766,4.0,0.5,1754.0,947.975445935566
258767__sample_003767,8.0,1.0,1029.0,948.0545178918176
198283__sample_003768,8.0,1.0,61.0,948.1425148455767
401686__sample_003769,112.0,0.8,311.0,948.6037653934261
409763__sample_003770,16.0,1.0,3089.0,948.6063698433437
224474__sample_003771,8.0,1.0,10.0,948.8593436942311
6751__sample_003772,4.0,0.5,1748.0,948.9845149291431
384191__sample_003773,160.0,0.8,309.0,949.0731059451492
360291__sample_003774,88.0,0.8,448.0,949.3410453505418
313622__sample_003775,4.0,1.0,1658.0,949.7909960659144
448414__sample_003776,15.0,1.0,123.0,949.9953292988299
382606__sample_003777,104.0,0.8,2332.0,950.0032263790607
114870__sample_003778,8.0,1.0,31.0,950.1579224564537
209409__sample_003779,32.0,1.0,502.0,950.3132500181845
332396__sample_003780,12.0,1.0,4447.0,950.5094551856138
8993__sample_003781,4.0,1.0,1949.0,950.7873483394084
7248__sample_003782,8.0,1.0,1145.0,950.7922252000265
62735__sample_003783,2.0,1.0,104.0,950.9665203381462
457986__sample_003784,28.0,0.2,471.0,951.1883901436076
151333__sample_003785,8.0,1.0,116.0,951.2935424646262
333722__sample_003786,12.0,1.0,4565.0,951.5694727135485
167974__sample_003787,4.0,0.3,73.0,951.6342229532969
49800__sample_003788,2.0,0.2,180.0,951.7296743812068
347635__sample_003789,112.0,0.8,569.0,952.5522361060761
161173__sample_003790,8.0,1.0,43.0,952.6591907694883
315525__sample_003791,4.0,1.0,1893.0,952.7655442954347
438726__sample_003792,8.0,1.0,1683.0,952.991931847414
100217__sample_003793,4.0,1.0,1648.0,953.8768341264516
339866__sample_003794,16.0,0.4,765.0,954.8966554468795
124675__sample_003795,8.0,1.0,29.0,955.1133270786112
441759__sample_003796,14.0,1.0,1039.0,955.1135989813711
56578__sample_003797,2.0,1.0,937.0,955.690892043478
344274__sample_003798,184.0,0.8,720.0,955.9020229508463
68009__sample_003799,2.0,1.0,417.0,956.0159481156971
123185__sample_003800,8.0,1.0,44.0,956.4577565031091
208383__sample_003801,32.0,1.0,350.0,956.5853931101911
34002__sample_003802,30.0,0.8,2685.0,956.5940524898167
332217__sample_003803,12.0,1.0,432.0,957.0242457486485
57459__sample_003804,2.0,1.0,200.0,957.2215828585237
250821__sample_003805,20.0,1.0,1658.0,957.3247595014404
170049__sample_003806,4.0,0.5,139.0,957.3969776554419
97711__sample_003807,2.0,1.0,68.0,957.6222034992767
60275__sample_003808,2.0,1.0,642.0,957.6805176117804
292395__sample_003809,8.0,0.2,625.0,957.7783530230922
238645__sample_003810,20.0,1.0,568.0,958.0313678650027
231482__sample_003811,4.0,1.0,2180.0,958.5646722394249
201543__sample_003812,8.0,1.0,2204.0,958.754970040935
106472__sample_003813,4.0,1.0,912.0,959.1108200233583
36848__sample_003814,4.0,1.0,68.0,959.4708077440151
41208__sample_003815,4.0,0.3,16.0,959.7437322702153
358183__sample_003816,112.0,0.8,1016.0,959.8142694021395
266614__sample_003817,8.0,0.2,1350.0,960.3182238834062
82083__sample_003818,2.0,1.0,765.0,960.4615213579301
167423__sample_003819,4.0,0.3,882.0,960.47282581635
137472__sample_003820,8.0,1.0,3892.0,960.5429569767268
198056__sample_003821,8.0,1.0,68.0,960.9055834550288
146988__sample_003822,8.0,1.0,75.0,960.9234932624815
183315__sample_003823,4.0,0.5,559.0,960.9633490183359
211893__sample_003824,12.0,1.0,89.0,961.2595769385284
308293__sample_003825,8.0,1.0,1937.0,961.8173775510477
162131__sample_003826,8.0,1.0,17.0,962.068475047775
116751__sample_003827,8.0,1.0,20.0,962.1313257802694
379110__sample_003828,56.0,0.4,1384.0,962.1450490805903
240666__sample_003829,92.0,0.8,1262.0,962.3837592767406
416392__sample_003830,112.0,0.8,714.0,962.3958989511875
445189__sample_003831,6.0,1.0,68.0,962.6330521091141
23378__sample_003832,8.0,1.0,1482.0,962.6969623203148
81995__sample_003833,2.0,1.0,77.0,963.2845284527004
97966__sample_003834,4.0,1.0,1755.0,963.4456618385442
186866__sample_003835,4.0,0.5,598.0,963.509042694401
89106__sample_003836,2.0,1.0,27.0,963.9886206266902
197354__sample_003837,8.0,1.0,516.0,964.0618899094168
99174__sample_003838,4.0,1.0,2341.0,964.153426637898
220880__sample_003839,8.0,1.0,8.0,964.6027873839422
90263__sample_003840,2.0,1.0,71.0,964.6951160165919
1563__sample_003841,4.0,0.1,160.0,964.827093605487
217204__sample_003842,8.0,1.0,9.0,964.9338931238794
279476__sample_003843,8.0,1.0,964.0,964.9648309156634
197153__sample_003844,8.0,1.0,93.0,964.9747490306414
42221__sample_003845,4.0,0.3,13.0,965.2970778552748
389831__sample_003846,144.0,0.8,1286.0,965.5560838124583
544__sample_003847,4.0,0.1,1479.0,965.6390327332922
186150__sample_003848,4.0,0.5,691.0,965.7266346483291
396725__sample_003849,23.0,1.0,297.0,966.4517664595517
299384__sample_003850,8.0,1.0,1936.0,967.5507193065527
251327__sample_003851,20.0,1.0,1821.0,967.71106438517
37095__sample_003852,4.0,1.0,29.0,968.1165074846219
55906__sample_003853,2.0,1.0,1371.0,968.4501093774193
405637__sample_003854,184.0,0.8,1136.0,968.5383219832183
279485__sample_003855,8.0,1.0,1446.0,968.5534088682521
5413__sample_003856,4.0,0.5,870.0,968.5918587952726
15243__sample_003857,48.0,1.0,1520.0,969.0473528279917
120713__sample_003858,8.0,1.0,11.0,969.3758125993246
4992__sample_003859,4.0,0.5,150.0,969.6487228935285
317606__sample_003860,4.0,0.8,116.0,969.6837249258105
178684__sample_003861,4.0,0.5,73.0,969.9390896086117
231931__sample_003862,4.0,1.0,2167.0,970.3088591070875
360695__sample_003863,14.0,1.0,1000.0,970.801464190471
116171__sample_003864,8.0,1.0,15.0,970.8047940885789
35695__sample_003865,40.0,0.8,1659.0,971.0931735095097
2459__sample_003866,8.0,1.0,3607.0,971.0979941023518
62372__sample_003867,2.0,1.0,425.0,971.4047812998143
84915__sample_003868,2.0,1.0,299.0,971.6571717361156
415566__sample_003869,96.2,0.8,2308.0,971.6973160174498
396182__sample_003870,52.0,0.4,305.0,972.0605546684308
403254__sample_003871,23.0,1.0,1682.0,972.0782535471211
95930__sample_003872,2.0,1.0,51.0,972.5160021503956
39778__sample_003873,4.0,1.0,747.0,972.5919310465925
393491__sample_003874,104.0,0.8,1124.0,972.8838025848934
184696__sample_003875,4.0,0.5,92.0,973.5270382479376
394330__sample_003876,88.0,0.8,4388.0,973.6308515965555
401913__sample_003877,56.0,0.4,268.0,973.8055896347397
159338__sample_003878,8.0,1.0,22.0,973.9610838875268
397412__sample_003879,184.0,0.8,576.0,974.0039623351643
451219__sample_003880,14.0,1.0,286.0,974.2270521877116
98363__sample_003881,4.0,1.0,2426.0,974.5667238525058
58243__sample_003882,2.0,1.0,141.0,975.188575782993
321796__sample_003883,4.0,1.0,3336.0,975.6641970401664
21009__sample_003884,24.0,1.0,1854.0,975.8425443999477
122324__sample_003885,8.0,1.0,14.0,976.159909814847
31810__sample_003886,80.0,0.8,4535.0,976.5632504826226
418877__sample_003887,12.0,1.0,692.0,976.7333026507964
375346__sample_003888,184.0,0.8,1805.0,976.7639653683349
409498__sample_003889,184.0,0.8,1312.0,976.9079979285037
317537__sample_003890,4.0,0.8,109.0,977.3700455261155
430523__sample_003891,56.0,0.4,1275.0,977.5970278510569
106532__sample_003892,4.0,1.0,1000.0,977.9192819960981
114145__sample_003893,8.0,1.0,21.0,977.9705060164393
124354__sample_003894,8.0,1.0,58.0,978.8039217872604
100710__sample_003895,4.0,1.0,1779.0,978.9333342216718
349765__sample_003896,14.0,1.0,187.0,979.1984001356252
429298__sample_003897,12.0,1.0,310.0,979.2031632877035
157055__sample_003898,8.0,1.0,2091.0,979.2372096619737
139248__sample_003899,8.0,1.0,2353.0,979.6180640194381
9715__sample_003900,4.0,1.0,2208.0,980.4783302705001
427608__sample_003901,14.0,1.0,219.0,980.5747662426548
292942__sample_003902,8.0,1.0,1155.0,980.584238633621
382721__sample_003903,184.0,0.8,2885.0,980.6961491550704
368189__sample_003904,104.0,0.8,1188.0,980.7005547796679
226870__sample_003905,8.0,1.0,75.0,980.7539685484052
319423__sample_003906,4.0,0.8,113.0,981.103026456624
304720__sample_003907,8.0,1.0,2882.0,981.7945326272408
65739__sample_003908,2.0,1.0,522.0,981.8174104765233
183991__sample_003909,4.0,0.5,214.0,982.0214657114652
411157__sample_003910,16.0,1.0,1851.0,982.0946832034249
253156__sample_003911,4.0,1.0,1780.0,982.1321155654213
217007__sample_003912,8.0,1.0,10.0,982.1939042693272
435490__sample_003913,56.0,0.4,168.0,982.4094514370956
436798__sample_003914,14.0,1.0,596.0,982.4262895900589
345507__sample_003915,184.0,0.8,1586.0,982.5686764619813
180543__sample_003916,4.0,0.5,146.0,982.6049987665458
76844__sample_003917,2.0,1.0,129.0,982.6845949366821
399787__sample_003918,56.0,0.4,1792.0,982.7375081208086
179701__sample_003919,4.0,0.5,64.0,983.2738511115464
132099__sample_003920,8.0,1.0,13.0,983.5816111820016
141635__sample_003921,8.0,1.0,18.0,984.0887271562779
367154__sample_003922,184.0,0.8,206.0,984.2096363246781
254200__sample_003923,8.0,1.0,928.0,984.3036420405323
150776__sample_003924,8.0,1.0,17.0,984.4233878750972
285358__sample_003925,8.0,0.4,323.0,984.4280684677528
113569__sample_003926,8.0,1.0,2061.0,984.7505458167549
87542__sample_003927,2.0,1.0,32.0,984.8581540445139
26658__sample_003928,8.0,1.0,1516.0,984.952127151433
63234__sample_003929,2.0,1.0,242.0,985.18004069164
463487__sample_003930,56.0,0.4,701.0,985.3233267495282
122135__sample_003931,8.0,1.0,41.0,986.3121033286432
188000__sample_003932,4.0,0.5,261.0,986.4222157171052
153334__sample_003933,8.0,1.0,20.0,986.6601277438747
258056__sample_003934,8.0,0.2,1333.0,986.7534926059708
323145__sample_003935,4.0,1.0,1877.0,987.9201205339962
456708__sample_003936,8.0,1.0,704.0,988.0673673459486
141187__sample_003937,8.0,1.0,80.0,988.3187358333951
116833__sample_003938,8.0,1.0,1502.0,988.3526110721165
169247__sample_003939,4.0,0.5,322.0,988.6827604013835
74655__sample_003940,2.0,1.0,1079.0,988.761167705734
291706__sample_003941,8.0,0.2,2433.0,988.9099974096229
315124__sample_003942,4.0,1.0,1834.0,989.4466772286812
278223__sample_003943,8.0,1.0,726.0,990.3279639205839
128974__sample_003944,8.0,1.0,1410.0,990.4661242566414
103414__sample_003945,4.0,1.0,979.0,990.9162778986092
239014__sample_003946,20.0,1.0,912.0,990.9299840936518
117226__sample_003947,8.0,1.0,912.0,991.4002531541636
152988__sample_003948,8.0,1.0,24.0,991.6484855778374
427178__sample_003949,12.0,1.0,219.0,991.816188288113
135773__sample_003950,8.0,1.0,123.0,992.3679245416917
294156__sample_003951,16.0,0.2,1844.0,992.8345515820056
289577__sample_003952,8.0,0.2,1373.0,992.922631654651
380278__sample_003953,88.0,0.8,488.0,993.3145717844327
351263__sample_003954,112.0,0.8,1864.0,993.3407705460081
42903__sample_003955,4.0,0.3,14.0,993.7733387302753
353681__sample_003956,92.0,0.4,3678.0,994.0546719757368
455872__sample_003957,28.0,0.2,197.0,994.0776641589086
182376__sample_003958,4.0,0.5,167.0,994.3649407714737
307119__sample_003959,16.0,0.4,980.0,994.5821251978946
72229__sample_003960,2.0,1.0,4074.0,994.8078146896584
174996__sample_003961,4.0,0.5,151.0,994.8937416546341
260639__sample_003962,8.0,0.2,600.0,994.9712226206616
51773__sample_003963,2.0,0.2,398.0,995.3306564973277
276415__sample_003964,8.0,1.0,1035.0,995.4048585550273
454282__sample_003965,14.0,1.0,156.0,995.5526245757853
356855__sample_003966,14.0,1.0,129.0,995.849312559208
317738__sample_003967,4.0,0.8,127.0,995.8700537036545
27969__sample_003968,4.0,1.0,1093.0,996.0957421357747
299595__sample_003969,8.0,0.2,166.0,996.3182616939185
54545__sample_003970,2.0,1.0,128.0,996.6064459679374
148307__sample_003971,8.0,1.0,20.0,996.7219263008559
307726__sample_003972,8.0,0.4,323.0,996.8709222415596
376362__sample_003973,28.0,0.2,480.0,996.9710301834505
48709__sample_003974,2.0,0.2,16.0,997.3838143280905
79994__sample_003975,2.0,1.0,1227.0,997.4188054123148
406827__sample_003976,52.0,0.4,1070.0,998.2427038228446
420414__sample_003977,14.0,1.0,387.0,998.4945561074425
365143__sample_003978,28.0,0.2,622.0,999.0394416956693
411204__sample_003979,16.0,1.0,1844.0,999.1783239960142
166187__sample_003980,4.0,0.3,3842.0,999.2792952367101
122829__sample_003981,8.0,1.0,4395.0,999.8567626523104
140031__sample_003982,8.0,1.0,69.0,999.8827899295245
123117__sample_003983,8.0,1.0,5.0,999.9139278109585
381253__sample_003984,23.0,1.0,551.0,1000.0028633616151
225360__sample_003985,8.0,1.0,10.0,1000.806179894818
249276__sample_003986,4.0,1.0,2526.0,1001.0568249938844
64521__sample_003987,2.0,1.0,77.0,1001.2587926735446
441172__sample_003988,14.0,1.0,667.0,1001.5642898166982
415951__sample_003989,8.0,1.0,4087.0,1001.6993854201842
287630__sample_003990,8.0,0.2,1534.0,1002.0541657511438
238363__sample_003991,20.0,1.0,580.0,1002.1790674068246
324295__sample_003992,120.0,0.8,64.0,1002.6167647644346
20799__sample_003993,24.0,1.0,1831.0,1002.6945178208803
94083__sample_003994,2.0,1.0,68.0,1002.7757934312364
105964__sample_003995,4.0,1.0,1332.0,1002.9605301218309
126904__sample_003996,8.0,1.0,122.0,1003.1013939158547
377873__sample_003997,112.0,0.8,332.0,1003.3625072310127
387432__sample_003998,112.0,0.8,3830.0,1003.4757607264149
407834__sample_003999,56.0,0.4,620.0,1003.5412807635709
421705__sample_004000,16.0,1.0,172.0,1003.6999100474574
287054__sample_004001,8.0,1.0,1350.0,1003.9056992426655
170089__sample_004002,4.0,0.5,304.0,1003.9441619395657
184772__sample_004003,4.0,0.5,1062.0,1004.1475495781169
376958__sample_004004,13.0,1.0,190.0,1004.2436920774348
451649__sample_004005,96.0,0.8,1589.0,1004.3682730536951
238802__sample_004006,20.0,1.0,468.0,1004.4501624217368
400882__sample_004007,14.0,1.0,127.0,1005.1200657483627
48331__sample_004008,2.0,0.2,377.0,1005.4075444714639
263300__sample_004009,8.0,1.0,1362.0,1005.4836533157554
349777__sample_004010,112.0,0.8,1708.0,1005.742584755692
303070__sample_004011,8.0,1.0,1821.0,1006.214496685523
129544__sample_004012,8.0,1.0,178.0,1006.3428832693819
39667__sample_004013,4.0,1.0,94.0,1006.7858100011376
99493__sample_004014,4.0,1.0,1671.0,1006.8277416305483
355538__sample_004015,112.0,0.8,414.0,1007.2603344010304
42902__sample_004016,4.0,0.3,23.0,1007.4546265640681
400801__sample_004017,184.0,0.8,464.0,1007.5176970878655
381907__sample_004018,28.0,0.2,1301.0,1007.648396920599
121926__sample_004019,8.0,1.0,3005.0,1008.7539631298121
416879__sample_004020,12.0,1.0,4252.0,1009.1365690054112
273102__sample_004021,8.0,1.0,1361.0,1009.3505363389025
175482__sample_004022,4.0,0.5,490.0,1009.3811245544824
101609__sample_004023,4.0,1.0,1375.0,1009.5163648402136
55932__sample_004024,2.0,1.0,389.0,1009.5926741617463
128183__sample_004025,8.0,1.0,1358.0,1009.6110860872906
102208__sample_004026,4.0,1.0,1233.0,1009.8064192018037
281772__sample_004027,8.0,1.0,1083.0,1010.3563940643509
280307__sample_004028,8.0,1.0,1306.0,1010.637838451944
12180__sample_004029,4.0,1.0,2050.0,1010.7096524554112
275913__sample_004030,8.0,1.0,1345.0,1010.922737782103
127329__sample_004031,8.0,1.0,1043.0,1011.6399434609867
124850__sample_004032,8.0,1.0,16.0,1011.9608012489016
344565__sample_004033,104.0,0.8,359.0,1012.2531730792166
342769__sample_004034,160.0,0.8,467.0,1013.1149166607935
350799__sample_004035,13.0,1.0,369.0,1013.5158717300078
54328__sample_004036,2.0,1.0,126.0,1013.5525978460391
448822__sample_004037,112.0,0.8,89.0,1013.659385643806
211776__sample_004038,12.0,1.0,613.0,1014.4984944789497
43634__sample_004039,4.0,0.3,1486.0,1014.6666862443519
147196__sample_004040,8.0,1.0,22.0,1014.6962800786066
107201__sample_004041,4.0,1.0,1599.0,1014.849681557333
167459__sample_004042,4.0,0.3,1720.0,1015.1481815933138
226484__sample_004043,8.0,1.0,42.0,1016.6509170116467
175567__sample_004044,4.0,0.5,444.0,1016.7487725487696
458508__sample_004045,64.0,0.4,1689.0,1016.9292039052585
394101__sample_004046,112.0,0.8,270.0,1017.458605474074
108683__sample_004047,8.0,1.0,29.0,1017.5683353089717
116164__sample_004048,8.0,1.0,28.0,1017.5972614211169
445400__sample_004049,8.0,1.0,1766.0,1018.340929691905
257966__sample_004050,8.0,1.0,1360.0,1018.5085026857514
440629__sample_004051,14.0,1.0,3971.0,1018.6831852252412
452096__sample_004052,56.0,0.4,207.0,1018.9258720500945
240730__sample_004053,92.0,0.8,962.0,1018.9267577731798
131657__sample_004054,8.0,1.0,232.0,1019.59564569292
248047__sample_004055,12.0,1.0,3740.0,1019.7077849421327
20599__sample_004056,12.0,1.0,239.0,1019.8342162148663
45817__sample_004057,2.0,0.2,202.0,1019.8820394086524
123663__sample_004058,8.0,1.0,4333.0,1020.0008041504597
70635__sample_004059,2.0,1.0,122.0,1020.4081422887
387722__sample_004060,23.0,1.0,3961.0,1020.8104913577197
189353__sample_004061,15.0,1.0,218.0,1021.4969170732849
377284__sample_004062,112.0,0.8,381.0,1021.6259727272426
120918__sample_004063,8.0,1.0,26.0,1021.934341586663
392162__sample_004064,10.0,1.0,3648.0,1022.1112736060315
458825__sample_004065,32.0,0.2,148.0,1022.5187128309237
187266__sample_004066,4.0,0.5,961.0,1022.8303824679599
41446__sample_004067,4.0,0.3,15.0,1022.9450605423099
66064__sample_004068,2.0,1.0,680.0,1023.0476826561593
155829__sample_004069,8.0,1.0,66.0,1023.1204186571947
72307__sample_004070,2.0,1.0,161.0,1023.3352284200129
320855__sample_004071,4.0,1.0,1765.0,1024.1651985717672
32161__sample_004072,10.0,1.0,735.0,1024.221005315971
245943__sample_004073,8.0,1.0,1813.0,1024.2460301484443
346100__sample_004074,23.0,1.0,372.0,1024.2778182771433
195682__sample_004075,8.0,1.0,2725.0,1024.6598964666748
69290__sample_004076,2.0,1.0,2719.0,1024.7676325082882
109320__sample_004077,8.0,1.0,23.0,1024.831151404954
28616__sample_004078,4.0,1.0,1468.0,1024.9399434258612
342787__sample_004079,112.0,0.8,214.0,1025.1990858736337
463903__sample_004080,8.0,1.0,1440.0,1025.3969342088242
252778__sample_004081,4.0,1.0,1912.0,1025.7371780184665
94777__sample_004082,2.0,1.0,468.0,1025.8407064238772
403607__sample_004083,14.0,1.0,1109.0,1025.9910894575653
346156__sample_004084,144.0,0.8,222.0,1026.0179769544225
189657__sample_004085,15.0,1.0,1785.0,1026.036943199359
408404__sample_004086,112.0,0.8,3169.0,1026.192036014478
137666__sample_004087,8.0,1.0,52.0,1026.2817756186928
355112__sample_004088,14.0,1.0,285.0,1026.518979468994
176190__sample_004089,4.0,0.5,174.0,1026.5299680065627
436301__sample_004090,15.0,1.0,2459.0,1026.5624286655634
270519__sample_004091,8.0,1.0,1370.0,1027.0634023945536
21070__sample_004092,24.0,1.0,1838.0,1027.2722596507326
372366__sample_004093,112.0,0.8,4268.0,1027.5835056932
61001__sample_004094,2.0,1.0,88.0,1028.0447516426113
59232__sample_004095,2.0,1.0,105.0,1028.2005796686115
14587__sample_004096,48.0,1.0,942.0,1028.5584657715006
59160__sample_004097,2.0,1.0,355.0,1028.7443578690545
410871__sample_004098,16.0,1.0,1868.0,1028.807355781028
245666__sample_004099,8.0,1.0,1818.0,1028.9103483998783
254059__sample_004100,8.0,1.0,44.0,1029.0788563820727
196606__sample_004101,8.0,1.0,1200.0,1029.1741295988436
293845__sample_004102,8.0,1.0,1874.0,1029.276320117383
178400__sample_004103,4.0,0.5,1350.0,1029.3792133598959
241870__sample_004104,64.0,0.8,4374.0,1029.4119798196482
183522__sample_004105,4.0,0.5,202.0,1029.4340899938377
154627__sample_004106,8.0,1.0,21.0,1029.4459929189643
52988__sample_004107,2.0,1.0,963.0,1029.4753951300872
296198__sample_004108,8.0,1.0,1434.0,1029.5806821510375
392220__sample_004109,56.0,0.4,2370.0,1029.8059537560166
22694__sample_004110,8.0,1.0,1707.0,1029.8580627310246
314067__sample_004111,4.0,1.0,1830.0,1030.4053965792677
249097__sample_004112,4.0,1.0,4162.0,1030.8184600099319
114042__sample_004113,8.0,1.0,15.0,1031.002226992476
162011__sample_004114,8.0,1.0,61.0,1031.32425573222
257835__sample_004115,8.0,1.0,1065.0,1031.438311891371
45136__sample_004116,2.0,0.2,758.0,1031.447679678615
266039__sample_004117,8.0,0.2,2592.0,1032.0343997470766
410762__sample_004118,16.0,1.0,2241.0,1032.0685820115064
188685__sample_004119,4.0,0.5,122.0,1032.8074088635985
63707__sample_004120,2.0,1.0,134.0,1033.0194983122335
91433__sample_004121,2.0,1.0,31.0,1033.1106617926127
158077__sample_004122,8.0,1.0,17.0,1033.281720854547
306884__sample_004123,8.0,1.0,2164.0,1033.4558238851805
207733__sample_004124,16.0,1.0,872.0,1033.4617145121374
106859__sample_004125,4.0,1.0,927.0,1033.5715190534156
393002__sample_004126,104.0,0.8,425.0,1033.9081584597968
71565__sample_004127,2.0,1.0,2422.0,1034.0865312347437
446676__sample_004128,14.0,1.0,400.0,1034.156535818923
195707__sample_004129,8.0,1.0,161.0,1034.258569182682
364846__sample_004130,28.0,0.2,1291.0,1034.7556120481909
80290__sample_004131,2.0,1.0,1142.0,1034.9420116345252
206636__sample_004132,32.0,1.0,644.0,1035.1298922830663
161597__sample_004133,8.0,1.0,1697.0,1035.943955326874
105760__sample_004134,4.0,1.0,946.0,1036.0406952010308
11111__sample_004135,4.0,1.0,1640.0,1036.2039563022356
213819__sample_004136,8.0,1.0,9.0,1036.6214040669845
219491__sample_004137,8.0,1.0,8.0,1036.9770526418001
365677__sample_004138,184.0,0.8,762.0,1037.054295896943
358791__sample_004139,104.0,0.8,955.0,1037.0952467317973
180904__sample_004140,4.0,0.5,94.0,1037.3968277702659
38936__sample_004141,4.0,1.0,428.0,1037.4713134626568
89591__sample_004142,2.0,1.0,54.0,1038.1112506314814
414464__sample_004143,12.0,0.2,910.0,1038.1458500618403
43087__sample_004144,4.0,0.3,19.0,1038.2416470364049
34539__sample_004145,8.0,1.0,1527.0,1038.2557333467294
398558__sample_004146,14.0,1.0,452.0,1038.559496256264
40749__sample_004147,4.0,0.3,25.0,1039.114201238175
287247__sample_004148,8.0,1.0,715.0,1039.3667654295768
136072__sample_004149,8.0,1.0,149.0,1040.0609267262673
139065__sample_004150,8.0,1.0,2929.0,1040.0953127210553
354668__sample_004151,14.0,1.0,675.0,1040.118268617314
367046__sample_004152,23.0,1.0,612.0,1040.5739460968077
394234__sample_004153,104.0,0.8,114.0,1041.0575843749916
345816__sample_004154,28.0,0.2,250.0,1041.5021069948973
172121__sample_004155,4.0,0.5,194.0,1041.9031759378738
201611__sample_004156,8.0,1.0,29.0,1042.015619687104
47962__sample_004157,2.0,0.2,30.0,1042.0769229126709
255857__sample_004158,8.0,0.3,1321.0,1042.7375026433713
157735__sample_004159,8.0,1.0,118.0,1042.829184029282
38265__sample_004160,4.0,1.0,573.0,1042.9562278482776
414716__sample_004161,12.0,0.2,1583.0,1043.2568537854665
430489__sample_004162,6.0,1.0,65.0,1043.3436608827599
148670__sample_004163,8.0,1.0,12.0,1043.7711553734566
30099__sample_004164,80.0,0.8,1935.0,1043.7893073542664
130806__sample_004165,8.0,1.0,153.0,1044.1808812082238
170637__sample_004166,4.0,0.5,235.0,1044.411113653772
349473__sample_004167,13.0,1.0,291.0,1044.6238527489932
420031__sample_004168,12.0,1.0,810.0,1044.7771490399389
413474__sample_004169,48.0,1.0,1111.0,1044.8582513209917
438519__sample_004170,14.0,1.0,364.0,1045.014189385003
201939__sample_004171,16.0,1.0,2335.0,1045.1636615955363
4287__sample_004172,4.0,0.5,1533.0,1045.3827814207564
259286__sample_004173,8.0,1.0,1604.0,1045.4654546630072
359589__sample_004174,112.0,0.8,984.0,1045.4856475430906
460855__sample_004175,60.0,0.8,145.0,1045.524837150958
55768__sample_004176,2.0,1.0,377.0,1045.825145816292
105728__sample_004177,4.0,1.0,1024.0,1045.8308331013502
258913__sample_004178,8.0,0.2,583.0,1046.3160889566257
128657__sample_004179,8.0,1.0,2425.0,1046.6124563257683
242444__sample_004180,4.0,1.0,1718.0,1046.9778040757144
317676__sample_004181,4.0,0.8,127.0,1047.4297525839775
438206__sample_004182,8.0,0.2,2426.0,1047.462482127614
103852__sample_004183,4.0,1.0,1018.0,1047.894609418662
301730__sample_004184,8.0,1.0,2421.0,1048.0702282759164
49153__sample_004185,2.0,0.2,495.0,1048.612075445012
171258__sample_004186,4.0,0.5,163.0,1049.1562543795703
82971__sample_004187,2.0,1.0,1531.0,1049.1623731623426
89453__sample_004188,2.0,1.0,44.0,1049.283040119225
113214__sample_004189,8.0,1.0,48.0,1049.4698875324505
132466__sample_004190,8.0,1.0,75.0,1049.7534681950613
74240__sample_004191,2.0,1.0,1187.0,1049.837751495153
192802__sample_004192,2.0,1.0,743.0,1049.9103871219406
80647__sample_004193,2.0,1.0,87.0,1050.0304069644433
336368__sample_004194,120.0,0.8,411.0,1050.2041635465814
311064__sample_004195,4.0,1.0,911.0,1050.9588944858847
317968__sample_004196,4.0,0.8,120.0,1051.3178795987894
87320__sample_004197,2.0,1.0,36.0,1051.4581117716787
318535__sample_004198,4.0,0.8,169.0,1051.4720867380959
316079__sample_004199,4.0,1.0,3864.0,1051.5182239245237
231927__sample_004200,4.0,1.0,2648.0,1051.6703907034967
281317__sample_004201,8.0,1.0,1371.0,1052.0906589590188
376021__sample_004202,13.0,1.0,2194.0,1052.21044852462
275355__sample_004203,8.0,1.0,743.0,1052.4037650165556
184220__sample_004204,4.0,0.5,41.0,1052.9597197844287
343530__sample_004205,112.0,0.8,1256.0,1053.5724802114614
138207__sample_004206,8.0,1.0,25.0,1053.6332450378297
309414__sample_004207,8.0,1.0,2331.0,1053.644388471255
148218__sample_004208,8.0,1.0,30.0,1053.7354970462525
214831__sample_004209,8.0,1.0,8.0,1054.033016423437
179480__sample_004210,4.0,0.5,261.0,1054.7875732790246
268979__sample_004211,8.0,1.0,1058.0,1054.8076134576793
192522__sample_004212,2.0,1.0,363.0,1054.8148377941586
364507__sample_004213,144.0,0.8,61.0,1055.3536965369835
22334__sample_004214,16.0,0.2,3022.0,1055.69842224258
57857__sample_004215,2.0,1.0,209.0,1056.913392021994
23777__sample_004216,4.0,1.0,1374.0,1057.0397656872626
102913__sample_004217,4.0,1.0,978.0,1057.1742510538334
272446__sample_004218,8.0,1.0,2654.0,1057.2215307564902
188595__sample_004219,4.0,0.5,128.0,1057.2523120882374
402817__sample_004220,28.0,0.2,130.0,1057.4684253034743
187153__sample_004221,4.0,0.5,61.0,1057.581676536304
45951__sample_004222,2.0,0.2,582.0,1057.6026079446206
458801__sample_004223,14.0,1.0,151.0,1058.1476712040753
234579__sample_004224,14.0,1.0,1190.0,1058.2029440150877
320282__sample_004225,4.0,0.8,125.0,1058.548105945451
188785__sample_004226,4.0,0.5,353.0,1058.6310069803565
172705__sample_004227,4.0,0.5,138.0,1059.0500414466392
320692__sample_004228,4.0,1.0,1789.0,1059.0815447610935
216449__sample_004229,8.0,1.0,13.0,1059.4342649064133
75223__sample_004230,2.0,1.0,281.0,1059.460083045626
382116__sample_004231,112.0,0.8,1218.0,1059.6081442973004
368864__sample_004232,23.0,1.0,157.0,1059.9392131287934
177413__sample_004233,4.0,0.5,163.0,1059.986766799579
228558__sample_004234,8.0,1.0,7.0,1060.0708676054262
132464__sample_004235,8.0,1.0,40.0,1060.5710566063865
238078__sample_004236,20.0,1.0,487.0,1061.1120219219815
183077__sample_004237,4.0,0.5,151.0,1061.1235160099143
466207__sample_004238,8.0,0.4,2533.0,1061.1695239400929
59968__sample_004239,2.0,1.0,190.0,1061.2007651138317
283177__sample_004240,8.0,0.2,598.0,1061.2502842973147
43305__sample_004241,4.0,0.3,14.0,1062.1284930558802
80740__sample_004242,2.0,1.0,130.0,1062.3290412580193
417094__sample_004243,12.0,1.0,3428.0,1062.4868720260724
73672__sample_004244,2.0,1.0,2145.0,1063.528075152477
175004__sample_004245,4.0,0.5,57.0,1063.7315967735221
95365__sample_004246,2.0,1.0,71.0,1064.0021225486216
264886__sample_004247,8.0,1.0,1050.0,1064.103277869447
94785__sample_004248,2.0,1.0,92.0,1064.2236410453725
140491__sample_004249,8.0,1.0,15.0,1064.4492437860217
294020__sample_004250,8.0,1.0,1055.0,1064.4673288809154
387381__sample_004251,144.0,0.8,217.0,1064.5412180922422
130325__sample_004252,8.0,1.0,4434.0,1064.5960096318581
465041__sample_004253,16.0,1.0,2227.0,1064.6000148937314
6630__sample_004254,4.0,0.5,661.0,1064.7924686459842
386726__sample_004255,28.0,0.2,633.0,1064.998312705117
189327__sample_004256,12.0,1.0,299.0,1065.1194151192208
236173__sample_004257,12.0,1.0,4368.0,1065.1976573867014
8094__sample_004258,8.0,1.0,532.0,1065.461588604568
70490__sample_004259,2.0,1.0,1804.0,1065.4977465587128
230247__sample_004260,4.0,1.0,2589.0,1065.6805185534515
346172__sample_004261,23.0,1.0,2420.0,1066.0458527690846
171646__sample_004262,4.0,0.5,132.0,1066.0907235614775
172856__sample_004263,4.0,0.5,155.0,1066.4405781260623
179552__sample_004264,4.0,0.5,142.0,1066.7981862015936
15200__sample_004265,48.0,1.0,971.0,1066.8136355448348
14285__sample_004266,48.0,1.0,1774.0,1066.818376292959
399605__sample_004267,184.0,0.8,962.0,1067.7301706521775
285393__sample_004268,8.0,1.0,1038.0,1067.7838971268045
207404__sample_004269,16.0,1.0,459.0,1068.215585653871
449896__sample_004270,96.0,0.8,258.0,1068.4218845168564
310576__sample_004271,4.0,1.0,1222.0,1068.498676237983
419944__sample_004272,12.0,1.0,1987.0,1068.5334832597364
125931__sample_004273,8.0,1.0,4190.0,1068.7051141875854
352682__sample_004274,112.0,0.8,512.0,1068.8359040356675
344978__sample_004275,184.0,0.8,996.0,1069.1359706934345
441453__sample_004276,14.0,1.0,2264.0,1069.7222617821997
312813__sample_004277,12.0,1.0,850.0,1070.1312689750102
265046__sample_004278,8.0,1.0,1518.0,1070.2114760042039
362072__sample_004279,23.0,1.0,3684.0,1070.739329247208
80750__sample_004280,2.0,1.0,37.0,1071.1873561008033
170105__sample_004281,4.0,0.5,409.0,1071.8491051082983
265772__sample_004282,8.0,1.0,1507.0,1072.0025324204012
302966__sample_004283,8.0,1.0,2226.0,1072.368407464656
350925__sample_004284,184.0,0.8,4351.0,1072.5923200598734
452521__sample_004285,28.0,0.2,1588.0,1072.6852682033364
301066__sample_004286,8.0,1.0,1897.0,1073.9829032610783
293953__sample_004287,16.0,0.2,1857.0,1073.992668383954
388030__sample_004288,13.0,1.0,2258.0,1074.0369340082025
396629__sample_004289,28.0,0.2,1692.0,1074.5945986529887
9884__sample_004290,4.0,1.0,1700.0,1074.6102172411488
187616__sample_004291,4.0,0.5,1312.0,1075.1549126670457
367444__sample_004292,14.0,1.0,802.0,1075.4689235444946
192045__sample_004293,15.0,1.0,20.0,1075.478266990841
370904__sample_004294,14.0,1.0,1356.0,1075.618498671298
199870__sample_004295,8.0,1.0,38.0,1075.9695842080632
262577__sample_004296,8.0,1.0,1389.0,1076.18831160227
413186__sample_004297,48.0,1.0,1750.0,1076.8750273902817
51287__sample_004298,2.0,0.2,73.0,1077.3805924566964
441928__sample_004299,48.0,0.4,151.0,1077.4817017291218
459938__sample_004300,8.0,1.0,394.0,1077.503807694146
206669__sample_004301,32.0,1.0,558.0,1078.2255587312175
272009__sample_004302,8.0,1.0,1346.0,1078.4076418621523
399524__sample_004303,112.0,0.8,2924.0,1078.4269694962834
141083__sample_004304,8.0,1.0,44.0,1078.8509576858614
347178__sample_004305,184.0,0.8,3797.0,1079.3581570946885
34816__sample_004306,20.0,0.8,2397.0,1079.6131706700878
305753__sample_004307,8.0,0.4,344.0,1079.7615001883898
21284__sample_004308,4.0,1.0,2041.0,1080.0328055347222
48855__sample_004309,2.0,0.2,220.0,1080.339431463573
50728__sample_004310,2.0,0.2,533.0,1080.8982330800316
312181__sample_004311,4.0,1.0,926.0,1081.6783398170526
165857__sample_004312,4.0,0.3,285.0,1081.858891624034
268544__sample_004313,8.0,0.2,555.0,1082.2593763162997
237782__sample_004314,20.0,1.0,482.0,1083.0939992667
414506__sample_004315,12.0,0.2,911.0,1083.1349949544808
240963__sample_004316,8.0,1.0,273.0,1083.1396041798723
112032__sample_004317,8.0,1.0,21.0,1083.6476745425896
139613__sample_004318,8.0,1.0,32.0,1083.7019876934967
438108__sample_004319,8.0,1.0,1796.0,1083.7128395390796
287745__sample_004320,8.0,0.2,550.0,1083.7564564999013
135847__sample_004321,8.0,1.0,15.0,1083.8776302191707
143449__sample_004322,8.0,1.0,15.0,1083.9395103176532
442759__sample_004323,14.0,1.0,2123.0,1084.030562426148
220380__sample_004324,8.0,1.0,9.0,1084.955740234036
311239__sample_004325,4.0,1.0,915.0,1085.260431945463
334805__sample_004326,12.0,1.0,3851.0,1085.571797131373
297232__sample_004327,8.0,1.0,1059.0,1085.596665317239
438459__sample_004328,8.0,1.0,1707.0,1085.9259491715961
159293__sample_004329,8.0,1.0,38.0,1086.2620879281046
216523__sample_004330,8.0,1.0,58.0,1086.5316029272492
345921__sample_004331,56.0,0.4,128.0,1086.596436936992
114103__sample_004332,8.0,1.0,3239.0,1086.7339308661142
226439__sample_004333,8.0,1.0,8.0,1087.2020807286121
259076__sample_004334,8.0,1.0,980.0,1087.4793991809267
291939__sample_004335,8.0,1.0,1445.0,1087.8093094830872
372910__sample_004336,112.0,0.8,968.0,1088.0306131418397
4952__sample_004337,4.0,0.5,1176.0,1088.1798845531187
56366__sample_004338,2.0,1.0,167.0,1088.5356780976658
355017__sample_004339,112.0,0.8,865.0,1088.553263814952
283953__sample_004340,8.0,1.0,1200.0,1088.832835506573
19680__sample_004341,4.0,0.2,128.0,1090.3027722830302
199946__sample_004342,8.0,1.0,42.0,1090.681522413048
416864__sample_004343,12.0,1.0,4013.0,1090.7673434886365
265750__sample_004344,8.0,1.0,1371.0,1090.848713529637
65680__sample_004345,2.0,1.0,140.0,1091.1237809028503
246975__sample_004346,8.0,1.0,787.0,1091.6892718993333
190636__sample_004347,15.0,1.0,361.0,1091.9049296179635
72956__sample_004348,2.0,1.0,297.0,1092.0923073064105
318214__sample_004349,4.0,0.8,173.0,1092.136010004894
129263__sample_004350,8.0,1.0,3866.0,1092.4502276892933
459796__sample_004351,10.0,1.0,932.0,1092.7531437828472
130211__sample_004352,8.0,1.0,3886.0,1093.6055877432664
69868__sample_004353,2.0,1.0,535.0,1093.6948251259269
315282__sample_004354,4.0,1.0,1671.0,1094.0479287372193
43484__sample_004355,4.0,0.3,60.0,1094.1902478646934
220346__sample_004356,8.0,1.0,10.0,1094.394626773117
117797__sample_004357,8.0,1.0,4454.0,1094.8184490668627
231293__sample_004358,4.0,1.0,2697.0,1094.8812046633511
92915__sample_004359,2.0,1.0,994.0,1094.9861725365568
43882__sample_004360,4.0,0.3,18.0,1095.3572140284186
90152__sample_004361,2.0,1.0,71.0,1095.5684729176683
275060__sample_004362,8.0,0.4,320.0,1095.5927171117685
221895__sample_004363,8.0,1.0,25.0,1095.733328375118
34219__sample_004364,8.0,1.0,1672.0,1095.9541834295896
106024__sample_004365,4.0,1.0,912.0,1096.5548326267194
361891__sample_004366,56.0,0.4,3105.0,1096.6070466682804
279224__sample_004367,8.0,1.0,1065.0,1097.0169603478446
317661__sample_004368,4.0,0.8,120.0,1097.0519553782729
118463__sample_004369,8.0,1.0,80.0,1097.121301087992
130882__sample_004370,8.0,1.0,1663.0,1097.1910126880446
76920__sample_004371,2.0,1.0,3666.0,1097.71588129657
50799__sample_004372,2.0,0.2,890.0,1097.7713604014618
366271__sample_004373,52.0,0.4,567.0,1098.1579300889414
154000__sample_004374,8.0,1.0,39.0,1098.3128143842582
74743__sample_004375,2.0,1.0,493.0,1100.0635418962345
115060__sample_004376,8.0,1.0,72.0,1100.5202717437742
364455__sample_004377,14.0,1.0,3671.0,1100.8567548709564
112698__sample_004378,8.0,1.0,48.0,1101.3682107380291
383057__sample_004379,13.0,1.0,2628.0,1101.6195119852625
288340__sample_004380,8.0,0.4,1441.0,1102.0834301421946
208085__sample_004381,32.0,1.0,483.0,1102.1590873972136
52381__sample_004382,2.0,1.0,707.0,1102.1847903419095
194207__sample_004383,4.0,1.0,713.0,1102.424024261207
32293__sample_004384,4.0,1.0,1226.0,1102.5666196912905
461569__sample_004385,8.0,1.0,1129.0,1102.705593219722
309611__sample_004386,8.0,1.0,2087.0,1102.8926249574681
158156__sample_004387,8.0,1.0,1731.0,1103.004737399988
372798__sample_004388,184.0,0.8,430.0,1103.2506520672925
356893__sample_004389,14.0,1.0,652.0,1103.258413398527
397159__sample_004390,14.0,1.0,3251.0,1104.1341490243933
319204__sample_004391,4.0,0.8,123.0,1104.780747666289
404120__sample_004392,14.0,1.0,885.0,1105.4651309208193
188287__sample_004393,4.0,0.5,954.0,1105.5786648670596
21572__sample_004394,4.0,1.0,1952.0,1105.7684283704968
337829__sample_004395,8.0,0.3,1073.0,1106.5389176498873
93486__sample_004396,2.0,1.0,269.0,1107.1204989593145
70321__sample_004397,2.0,1.0,873.0,1107.5109521086636
72__sample_004398,4.0,0.1,933.0,1107.6417321611177
150642__sample_004399,8.0,1.0,227.0,1107.849455004438
78062__sample_004400,2.0,1.0,169.0,1108.243108440741
351041__sample_004401,112.0,0.8,1386.0,1108.322819766151
243332__sample_004402,8.0,1.0,1821.0,1108.5689951969753
220190__sample_004403,8.0,1.0,68.0,1109.008964957673
396600__sample_004404,14.0,1.0,2168.0,1109.3162489741917
427388__sample_004405,16.0,1.0,161.0,1109.4794810191142
174928__sample_004406,4.0,0.5,142.0,1109.6991143920773
160034__sample_004407,8.0,1.0,34.0,1110.8193120342414
251391__sample_004408,20.0,1.0,2104.0,1111.0496301861044
397463__sample_004409,112.0,0.8,602.0,1111.4346288513887
303175__sample_004410,8.0,1.0,2025.0,1111.7588380466996
165745__sample_004411,4.0,0.3,441.0,1112.0610765236697
188579__sample_004412,4.0,0.5,689.0,1112.3760968676017
442041__sample_004413,8.0,1.0,341.0,1112.5275686289008
446694__sample_004414,56.0,0.4,206.0,1112.6882582856285
310931__sample_004415,4.0,1.0,968.0,1112.8459717382386
89886__sample_004416,2.0,1.0,391.0,1112.854426766783
148263__sample_004417,8.0,1.0,31.0,1112.9233866616605
224656__sample_004418,8.0,1.0,7.0,1112.9653623657177
362797__sample_004419,184.0,0.8,571.0,1113.5092293852933
71608__sample_004420,2.0,1.0,145.0,1113.5896147282563
169073__sample_004421,4.0,0.5,382.0,1113.626868137572
312206__sample_004422,4.0,1.0,1224.0,1113.6587602766908
438803__sample_004423,12.0,1.0,1622.0,1113.9597450067092
200228__sample_004424,8.0,1.0,724.0,1113.9612704791182
392062__sample_004425,184.0,0.8,629.0,1114.1206060894676
249250__sample_004426,4.0,1.0,1936.0,1114.1522439292405
392912__sample_004427,184.0,0.8,651.0,1114.625963516774
35529__sample_004428,80.0,0.8,465.0,1115.4211801009233
290113__sample_004429,8.0,1.0,1606.0,1116.2182341210992
404405__sample_004430,184.0,0.8,2140.0,1116.3640671205455
147626__sample_004431,8.0,1.0,252.0,1116.6226350532572
114912__sample_004432,8.0,1.0,285.0,1116.8515228898982
252979__sample_004433,4.0,1.0,1795.0,1116.9592335814407
358286__sample_004434,104.0,0.8,345.0,1117.1060093272463
213715__sample_004435,8.0,1.0,15.0,1117.12263075042
30962__sample_004436,20.0,0.8,1066.0,1117.5196710110017
263637__sample_004437,8.0,1.0,1044.0,1117.5885446754573
360737__sample_004438,112.0,0.8,1289.0,1117.7428354643798
206354__sample_004439,32.0,1.0,431.0,1117.9066156891172
61440__sample_004440,2.0,1.0,514.0,1118.112265551807
115502__sample_004441,8.0,1.0,64.0,1118.538033303736
312007__sample_004442,4.0,1.0,997.0,1118.8323506429563
412824__sample_004443,48.0,1.0,616.0,1119.1043155068405
26630__sample_004444,8.0,1.0,1546.0,1119.2913459996798
77063__sample_004445,2.0,1.0,124.0,1119.316565243716
177288__sample_004446,4.0,0.5,30.0,1119.445109916659
346573__sample_004447,112.0,0.8,1198.0,1120.2335976867707
430827__sample_004448,12.0,1.0,149.0,1121.5872023759757
392820__sample_004449,46.0,0.2,361.0,1121.914997378382
254926__sample_004450,4.0,0.2,129.0,1121.9795330384004
343845__sample_004451,112.0,0.8,1393.0,1122.006398899161
9715__sample_004452,4.0,1.0,2208.0,1122.1403340761124
305718__sample_004453,8.0,0.2,135.0,1122.6258144338858
224883__sample_004454,8.0,1.0,281.0,1122.9457259185838
407958__sample_004455,184.0,0.8,1576.0,1123.4840350516843
298501__sample_004456,8.0,1.0,1379.0,1123.7231676472297
201567__sample_004457,8.0,1.0,334.0,1123.758077539515
43641__sample_004458,4.0,0.3,445.0,1123.7885618182102
458516__sample_004459,84.0,0.8,267.0,1123.8008599839409
85157__sample_004460,2.0,1.0,113.0,1124.0101605483367
313391__sample_004461,4.0,1.0,2717.0,1124.0797209870782
300353__sample_004462,8.0,1.0,2190.0,1124.4111465550764
169663__sample_004463,4.0,0.5,155.0,1124.7009362011008
342153__sample_004464,52.0,0.4,2655.0,1124.7966582044062
320225__sample_004465,4.0,0.8,119.0,1124.8452977341155
425358__sample_004466,12.0,1.0,2777.0,1124.8723055175944
139985__sample_004467,8.0,1.0,13.0,1125.2065056990036
55204__sample_004468,2.0,1.0,245.0,1125.3561654820642
344233__sample_004469,14.0,1.0,285.0,1125.4538822449106
301155__sample_004470,8.0,1.0,2094.0,1125.9395040261447
307896__sample_004471,8.0,1.0,2147.0,1126.164616502228
207060__sample_004472,32.0,1.0,555.0,1126.3470705052878
209934__sample_004473,64.0,1.0,1054.0,1126.6871094136845
112584__sample_004474,8.0,1.0,2440.0,1127.1097485490957
32799__sample_004475,4.0,1.0,1139.0,1127.3993973739134
459668__sample_004476,8.0,1.0,507.0,1127.5443548185458
329423__sample_004477,12.0,1.0,371.0,1127.6635811836602
157993__sample_004478,8.0,1.0,3711.0,1128.0328164736122
392279__sample_004479,184.0,0.8,448.0,1128.215221116287
118783__sample_004480,8.0,1.0,356.0,1128.5198963651217
41369__sample_004481,4.0,0.3,13.0,1129.0726230791201
88517__sample_004482,2.0,1.0,67.0,1129.6915324190059
41030__sample_004483,4.0,0.3,13.0,1129.7728665105462
78098__sample_004484,2.0,1.0,28.0,1129.824896365242
206094__sample_004485,4.0,1.0,3980.0,1129.900607936219
383066__sample_004486,184.0,0.8,2414.0,1130.2485570743675
169541__sample_004487,4.0,0.5,249.0,1130.3640889705046
39155__sample_004488,4.0,1.0,32.0,1130.4116943228091
171302__sample_004489,4.0,0.5,125.0,1130.437586379198
392765__sample_004490,184.0,0.8,206.0,1130.5367052341867
1249__sample_004491,4.0,0.1,158.0,1130.573290344117
174264__sample_004492,4.0,0.5,308.0,1130.6158017319347
157945__sample_004493,8.0,1.0,22.0,1130.9037132219717
443165__sample_004494,32.0,0.2,109.0,1130.9086955651992
361040__sample_004495,14.0,1.0,2036.0,1130.9399597764773
464919__sample_004496,56.0,0.4,757.0,1131.405021004725
75257__sample_004497,2.0,1.0,285.0,1131.8709650110802
385185__sample_004498,112.0,0.8,469.0,1131.9708022779348
451577__sample_004499,56.0,0.4,661.0,1131.9938182190158
174111__sample_004500,4.0,0.5,457.0,1132.298988060099
313902__sample_004501,4.0,1.0,2384.0,1132.4106112815857
197953__sample_004502,8.0,1.0,37.0,1132.4222439259668
347239__sample_004503,184.0,0.8,701.0,1132.465186376081
433439__sample_004504,112.0,0.8,407.0,1132.5020837590646
26697__sample_004505,8.0,1.0,1275.0,1132.724445053956
408714__sample_004506,14.0,1.0,604.0,1133.295429031728
215320__sample_004507,8.0,1.0,7.0,1133.689275165065
108530__sample_004508,8.0,1.0,1565.0,1133.8869740126815
102413__sample_004509,4.0,1.0,940.0,1134.0240864871269
183554__sample_004510,4.0,0.5,169.0,1134.2651134198838
449301__sample_004511,28.0,0.2,113.0,1134.4117759810429
318663__sample_004512,4.0,0.8,112.0,1134.4823995765225
330131__sample_004513,120.0,0.8,1419.0,1134.7666319442294
81632__sample_004514,2.0,1.0,71.0,1135.2830046623037
422980__sample_004515,14.0,1.0,131.0,1135.399655149956
113202__sample_004516,8.0,1.0,31.0,1135.8602160033283
444312__sample_004517,12.0,1.0,1052.0,1136.0012207656844
308177__sample_004518,8.0,0.2,133.0,1136.129484435208
177054__sample_004519,4.0,0.5,66.0,1136.1366677430563
414579__sample_004520,12.0,0.2,971.0,1136.433757330915
150243__sample_004521,8.0,1.0,12.0,1136.8456753916187
67631__sample_004522,2.0,1.0,53.0,1137.1180069656034
25964__sample_004523,20.0,0.8,2406.0,1137.1590372985893
261047__sample_004524,8.0,1.0,587.0,1137.1862939576054
123696__sample_004525,8.0,1.0,21.0,1137.398954089603
168895__sample_004526,4.0,0.5,142.0,1137.527293067742
38888__sample_004527,4.0,1.0,30.0,1137.667427401124
300489__sample_004528,8.0,1.0,3175.0,1138.526376523446
61067__sample_004529,2.0,1.0,97.0,1138.8481450923637
301705__sample_004530,8.0,0.2,2984.0,1138.9808119444842
148990__sample_004531,8.0,1.0,309.0,1138.985632951292
62548__sample_004532,2.0,1.0,196.0,1138.9943055802364
354936__sample_004533,112.0,0.8,677.0,1139.2829454916944
438094__sample_004534,8.0,1.0,1693.0,1139.7375824034484
384774__sample_004535,184.0,0.8,113.0,1140.0450783041908
155839__sample_004536,8.0,1.0,32.0,1140.1752500563891
129034__sample_004537,8.0,1.0,3963.0,1140.183157745721
360220__sample_004538,14.0,1.0,3967.0,1141.0390309954898
206772__sample_004539,32.0,1.0,637.0,1142.1122797932364
382530__sample_004540,104.0,0.8,1497.0,1142.3115539393373
277076__sample_004541,16.0,0.2,1779.0,1142.3298770444953
322878__sample_004542,4.0,1.0,4473.0,1142.524538337182
256457__sample_004543,8.0,0.4,1160.0,1143.081729076331
399536__sample_004544,14.0,1.0,220.0,1143.366576327172
379156__sample_004545,14.0,1.0,401.0,1143.6848081311607
68283__sample_004546,2.0,1.0,3107.0,1143.7070076935845
214162__sample_004547,8.0,1.0,8.0,1143.735163185726
155545__sample_004548,8.0,1.0,81.0,1143.7692180151557
369645__sample_004549,184.0,0.8,465.0,1144.3560530557954
427797__sample_004550,184.0,0.8,493.0,1144.5426107519254
235091__sample_004551,8.0,1.0,136.0,1144.9346548712174
201289__sample_004552,8.0,1.0,38.0,1144.965279070056
33501__sample_004553,5.0,0.4,533.0,1145.6218138222348
337162__sample_004554,12.0,1.0,3904.0,1146.0521047211398
169996__sample_004555,4.0,0.5,174.0,1146.1157517127913
391774__sample_004556,13.0,1.0,481.0,1146.6339818915187
326736__sample_004557,120.0,0.8,4567.0,1146.7104239731036
260807__sample_004558,8.0,1.0,1961.0,1146.7678841673342
344233__sample_004559,14.0,1.0,285.0,1146.8445983301033
54200__sample_004560,2.0,1.0,640.0,1147.4464599391754
420564__sample_004561,12.0,1.0,968.0,1148.0644831700588
319824__sample_004562,4.0,0.8,116.0,1148.164228131307
57420__sample_004563,2.0,1.0,242.0,1148.469791336483
155393__sample_004564,8.0,1.0,4053.0,1148.7513477921402
176574__sample_004565,4.0,0.5,38.0,1149.1620481669324
172135__sample_004566,4.0,0.5,220.0,1149.24997339359
131579__sample_004567,8.0,1.0,60.0,1149.428381560202
449802__sample_004568,8.0,1.0,2512.0,1149.7037912393796
419411__sample_004569,12.0,1.0,1232.0,1149.7104431604923
365905__sample_004570,184.0,0.8,320.0,1149.8286405351694
308945__sample_004571,8.0,0.4,2197.0,1150.1262306352983
102118__sample_004572,4.0,1.0,911.0,1150.1990176844695
386761__sample_004573,184.0,0.8,546.0,1150.9897840069684
210800__sample_004574,8.0,1.0,2519.0,1150.997440402894
93874__sample_004575,2.0,1.0,325.0,1151.7904813312175
100679__sample_004576,4.0,1.0,1746.0,1151.851561594976
10285__sample_004577,4.0,1.0,1649.0,1151.8640751216335
406687__sample_004578,13.0,1.0,1066.0,1151.9505703586287
50292__sample_004579,2.0,0.2,130.0,1152.3363451905802
108091__sample_004580,8.0,1.0,956.0,1152.68537279234
457037__sample_004581,8.0,1.0,551.0,1152.7439366879435
254487__sample_004582,8.0,1.0,4565.0,1152.7987214995048
98265__sample_004583,4.0,1.0,1728.0,1153.055932370142
9634__sample_004584,4.0,1.0,2279.0,1153.2090928334317
327440__sample_004585,12.0,1.0,2528.0,1153.6019958779843
187816__sample_004586,4.0,0.5,151.0,1153.6081030643759
211332__sample_004587,48.0,1.0,2034.0,1153.8437693521528
74094__sample_004588,2.0,1.0,148.0,1154.1717256913407
126556__sample_004589,8.0,1.0,3583.0,1155.4263715920101
180907__sample_004590,4.0,0.5,159.0,1155.7102801686958
290056__sample_004591,8.0,1.0,1533.0,1155.7762211554661
302588__sample_004592,8.0,1.0,2056.0,1155.8048456321776
125215__sample_004593,8.0,1.0,244.0,1156.060895905142
38124__sample_004594,4.0,1.0,89.0,1156.2460515679184
245826__sample_004595,8.0,1.0,2128.0,1156.819570142226
146530__sample_004596,8.0,1.0,2175.0,1157.143782315664
22214__sample_004597,10.0,1.0,854.0,1157.3219884191153
58789__sample_004598,2.0,1.0,155.0,1157.451194929514
242801__sample_004599,8.0,1.0,2175.0,1157.5807308045592
421936__sample_004600,15.0,1.0,205.0,1157.6448749588722
285891__sample_004601,8.0,0.2,625.0,1157.6492444146072
463300__sample_004602,16.0,1.0,1707.0,1157.863108352481
267203__sample_004603,8.0,1.0,770.0,1157.9228042619768
412865__sample_004604,48.0,1.0,1559.0,1157.9812059487997
79966__sample_004605,2.0,1.0,177.0,1158.01469774317
222636__sample_004606,8.0,1.0,1346.0,1158.067253183452
285817__sample_004607,8.0,1.0,1407.0,1158.0753295321315
399207__sample_004608,14.0,1.0,312.0,1158.3557215617107
115473__sample_004609,8.0,1.0,24.0,1158.484010778258
162440__sample_004610,16.0,1.0,3819.0,1158.6901236698297
466860__sample_004611,184.0,0.8,4437.0,1158.943432594022
314059__sample_004612,4.0,1.0,1744.0,1159.8416846090329
64540__sample_004613,2.0,1.0,153.0,1159.8593615512293
416527__sample_004614,12.0,1.0,3696.0,1159.994647402793
158670__sample_004615,8.0,1.0,66.0,1160.065204291158
141621__sample_004616,8.0,1.0,1734.0,1160.2271100829184
359348__sample_004617,112.0,0.8,493.0,1160.860022557432
348164__sample_004618,184.0,0.8,188.0,1161.181846908662
70337__sample_004619,2.0,1.0,245.0,1161.4529869692108
251211__sample_004620,20.0,1.0,2024.0,1161.598498407484
74805__sample_004621,2.0,1.0,661.0,1161.8765082892437
213154__sample_004622,8.0,1.0,8.0,1161.8847360525824
114582__sample_004623,8.0,1.0,13.0,1162.1053525460538
448248__sample_004624,8.0,0.2,3118.0,1162.3070864139768
375846__sample_004625,23.0,1.0,368.0,1162.413493329245
76379__sample_004626,2.0,1.0,659.0,1162.469752829603
457796__sample_004627,8.0,0.4,1683.0,1162.8817397654832
461984__sample_004628,8.0,1.0,3268.0,1162.8955815065235
265878__sample_004629,8.0,1.0,1030.0,1162.9136362555244
28545__sample_004630,20.0,0.8,3200.0,1163.0588239093313
450015__sample_004631,14.0,1.0,1459.0,1163.1315973967069
56327__sample_004632,2.0,1.0,647.0,1163.4736642667428
111864__sample_004633,8.0,1.0,1173.0,1163.725074620826
59768__sample_004634,2.0,1.0,91.0,1164.0952641214
53533__sample_004635,2.0,1.0,118.0,1164.1934058916352
390951__sample_004636,120.0,0.8,911.0,1164.5306737826552
458405__sample_004637,60.0,0.8,112.0,1165.0263491261749
461937__sample_004638,8.0,1.0,4249.0,1165.1322339278329
165463__sample_004639,4.0,0.3,517.0,1165.2360733302562
82850__sample_004640,2.0,1.0,375.0,1165.811598142781
280834__sample_004641,8.0,1.0,1364.0,1165.8243662759407
44444__sample_004642,4.0,0.3,17.0,1165.9321348639378
11608__sample_004643,4.0,1.0,1647.0,1165.963716358054
363460__sample_004644,28.0,0.2,3543.0,1165.9710685634157
212063__sample_004645,12.0,1.0,510.0,1166.0010093357962
424339__sample_004646,56.0,0.4,1895.0,1166.1420860629516
395759__sample_004647,14.0,1.0,270.0,1166.4324389990481
141026__sample_004648,8.0,1.0,22.0,1166.5178090364304
369954__sample_004649,14.0,1.0,479.0,1166.9915484631726
152763__sample_004650,8.0,1.0,11.0,1167.1354408952316
440825__sample_004651,8.0,1.0,3109.0,1167.9977337662804
463008__sample_004652,8.0,1.0,310.0,1168.768359701259
109526__sample_004653,8.0,1.0,17.0,1169.1393654118574
153378__sample_004654,8.0,1.0,101.0,1169.812922562653
209477__sample_004655,32.0,1.0,472.0,1170.119900219834
177890__sample_004656,4.0,0.5,133.0,1170.6847413701053
458755__sample_004657,14.0,1.0,155.0,1170.7521933028638
49264__sample_004658,2.0,0.2,205.0,1170.858133746914
178633__sample_004659,4.0,0.5,2844.0,1171.2076547091253
129789__sample_004660,8.0,1.0,35.0,1171.3458103254206
171359__sample_004661,4.0,0.5,136.0,1171.7998142991662
49535__sample_004662,2.0,0.2,1946.0,1172.3250089335847
243790__sample_004663,8.0,1.0,1798.0,1172.414081075633
69116__sample_004664,2.0,1.0,3733.0,1172.8476200092077
7023__sample_004665,4.0,0.5,767.0,1172.889507095538
137828__sample_004666,8.0,1.0,29.0,1172.9911973492224
106175__sample_004667,4.0,1.0,1397.0,1173.1736319622373
127364__sample_004668,8.0,1.0,4106.0,1173.2378211887033
296040__sample_004669,8.0,1.0,1359.0,1173.4542608943302
141056__sample_004670,8.0,1.0,4124.0,1173.670360501551
10000__sample_004671,4.0,1.0,1679.0,1173.7283129045372
37798__sample_004672,4.0,1.0,1394.0,1174.125282583413
444504__sample_004673,96.0,0.8,1175.0,1174.3749592698553
324107__sample_004674,12.0,1.0,28.0,1174.4705528997974
137517__sample_004675,8.0,1.0,3814.0,1174.5366044443626
172893__sample_004676,4.0,0.5,319.0,1175.0640799179107
62867__sample_004677,2.0,1.0,86.0,1175.5156595202827
295386__sample_004678,8.0,1.0,1496.0,1175.5809230204204
26390__sample_004679,8.0,1.0,1652.0,1175.589986658455
118331__sample_004680,8.0,1.0,80.0,1175.9980770693553
405445__sample_004681,14.0,1.0,757.0,1176.2370355045173
188662__sample_004682,4.0,0.5,996.0,1176.2636207613605
130057__sample_004683,8.0,1.0,4002.0,1176.4849146088038
29812__sample_004684,80.0,0.8,184.0,1176.6353679625693
66313__sample_004685,2.0,1.0,117.0,1177.0077825442318
316599__sample_004686,4.0,1.0,4398.0,1177.0664236883151
17967__sample_004687,32.0,1.0,955.0,1177.2173219558863
166349__sample_004688,4.0,0.3,129.0,1177.2597949711658
133213__sample_004689,8.0,1.0,31.0,1178.0495179868485
452348__sample_004690,112.0,0.8,418.0,1178.4266201039748
72585__sample_004691,2.0,1.0,3036.0,1178.7602567016793
191061__sample_004692,12.0,1.0,546.0,1179.0532191679738
97575__sample_004693,2.0,1.0,153.0,1179.190843235907
196490__sample_004694,8.0,1.0,339.0,1179.8327493199495
251136__sample_004695,20.0,1.0,2018.0,1179.8516773684873
321357__sample_004696,4.0,1.0,4218.0,1180.2581442435853
226917__sample_004697,8.0,1.0,15.0,1180.3187362633796
159300__sample_004698,8.0,1.0,875.0,1180.4166371529502
245062__sample_004699,8.0,1.0,2772.0,1180.599832606855
289620__sample_004700,8.0,1.0,1050.0,1180.9813999511173
200658__sample_004701,8.0,1.0,97.0,1181.4372665276535
194272__sample_004702,4.0,1.0,1817.0,1181.6563731767383
393623__sample_004703,184.0,0.8,1682.0,1181.7853475799404
6797__sample_004704,4.0,0.5,588.0,1182.5173773014349
131640__sample_004705,8.0,1.0,23.0,1182.5881409324038
79446__sample_004706,2.0,1.0,929.0,1182.9943988689367
380408__sample_004707,46.0,0.2,204.0,1183.2311183284037
270586__sample_004708,16.0,0.2,1735.0,1183.3493783939457
232147__sample_004709,4.0,1.0,2433.0,1183.3497206241727
180281__sample_004710,4.0,0.5,200.0,1183.4976388614625
159563__sample_004711,8.0,1.0,55.0,1183.5786285747513
413230__sample_004712,48.0,1.0,365.0,1183.6061790212714
249417__sample_004713,20.0,1.0,2324.0,1183.6257122658092
231677__sample_004714,4.0,1.0,2825.0,1183.7324706493835
433017__sample_004715,10.0,1.0,347.0,1183.970941145395
76040__sample_004716,2.0,1.0,746.0,1184.42524018241
38301__sample_004717,4.0,1.0,30.0,1184.4759416394531
114339__sample_004718,8.0,1.0,15.0,1184.6141332018196
39594__sample_004719,4.0,1.0,97.0,1184.738510267243
184118__sample_004720,4.0,0.5,660.0,1184.9185854015373
446000__sample_004721,12.0,1.0,340.0,1185.3332257275042
88755__sample_004722,2.0,1.0,221.0,1185.5348860194658
181669__sample_004723,4.0,0.5,342.0,1186.003652126974
399879__sample_004724,112.0,0.8,20.0,1186.1863912626643
254384__sample_004725,8.0,1.0,2951.0,1186.4178801877968
12144__sample_004726,4.0,1.0,1676.0,1186.5616693371821
442784__sample_004727,14.0,1.0,316.0,1186.994705760665
272004__sample_004728,8.0,0.2,992.0,1187.6383934904024
51396__sample_004729,2.0,0.2,119.0,1187.8932130748212
413816__sample_004730,48.0,1.0,2190.0,1188.3230017856597
308571__sample_004731,8.0,1.0,2880.0,1188.33820570627
7576__sample_004732,8.0,1.0,431.0,1188.9296182185515
313201__sample_004733,4.0,1.0,2132.0,1188.9819669268338
358550__sample_004734,104.0,0.8,265.0,1189.0560704238355
440902__sample_004735,8.0,1.0,1841.0,1189.0697716206914
398740__sample_004736,52.0,0.4,2587.0,1189.9107478651108
64115__sample_004737,2.0,1.0,153.0,1190.3884019439256
405115__sample_004738,104.0,0.8,398.0,1190.9993947691312
219109__sample_004739,8.0,1.0,15.0,1191.46907757358
303309__sample_004740,8.0,1.0,2066.0,1191.6323335964405
430803__sample_004741,12.0,1.0,3781.0,1192.2768587465364
207941__sample_004742,32.0,1.0,501.0,1193.149143211201
1348__sample_004743,4.0,0.1,882.0,1193.3237168007406
433378__sample_004744,10.0,1.0,512.0,1193.371999173304
179155__sample_004745,4.0,0.5,197.0,1193.6406907738403
357094__sample_004746,184.0,0.8,1390.0,1194.5673324105298
325554__sample_004747,12.0,1.0,4517.0,1195.0815506646327
271540__sample_004748,8.0,0.2,1315.0,1195.576341461283
105643__sample_004749,4.0,1.0,964.0,1196.2551782138555
298155__sample_004750,8.0,1.0,1026.0,1196.8161446923834
240830__sample_004751,64.0,0.8,219.0,1197.190486554135
152160__sample_004752,8.0,1.0,3160.0,1197.5071905957102
291739__sample_004753,8.0,0.4,339.0,1197.584082610589
141179__sample_004754,8.0,1.0,58.0,1197.8268617682759
430991__sample_004755,112.0,0.8,3400.0,1198.0111305905966
129811__sample_004756,8.0,1.0,3360.0,1198.5061547261962
311937__sample_004757,4.0,1.0,911.0,1198.6753317739942
462265__sample_004758,8.0,1.0,286.0,1198.709499499654
393607__sample_004759,184.0,0.8,1305.0,1198.7107457219697
147511__sample_004760,8.0,1.0,3508.0,1198.993948165779
346455__sample_004761,184.0,0.8,2400.0,1199.1935241989731
435636__sample_004762,15.0,1.0,2146.0,1199.2940031417236
120860__sample_004763,8.0,1.0,15.0,1199.3402761344473
49842__sample_004764,2.0,0.2,197.0,1199.49745110772
417023__sample_004765,92.0,0.4,783.0,1199.5238708249904
294394__sample_004766,8.0,1.0,1452.0,1199.6262799575493
321317__sample_004767,4.0,1.0,3981.0,1199.7454713298382
345059__sample_004768,104.0,0.8,757.0,1199.902132739895
275329__sample_004769,8.0,0.2,585.0,1200.0592633828671
73267__sample_004770,2.0,1.0,549.0,1200.1335300903215
4273__sample_004771,4.0,0.5,119.0,1200.6081619700742
197596__sample_004772,8.0,1.0,57.0,1200.7179989607669
129153__sample_004773,8.0,1.0,3636.0,1200.7832061970753
47285__sample_004774,4.0,0.2,33.0,1200.8315447099926
32982__sample_004775,8.0,1.0,1357.0,1200.9289100710844
242956__sample_004776,8.0,1.0,1793.0,1200.9463957810945
146634__sample_004777,8.0,1.0,29.0,1200.9547610698935
394815__sample_004778,28.0,0.2,1420.0,1201.1870684625935
60449__sample_004779,2.0,1.0,190.0,1201.4284040031685
57794__sample_004780,2.0,1.0,88.0,1201.6169407039902
394366__sample_004781,144.0,0.8,1369.0,1201.9761116097748
115378__sample_004782,8.0,1.0,33.0,1201.9860959937891
88708__sample_004783,2.0,1.0,43.0,1202.673209018701
72204__sample_004784,2.0,1.0,129.0,1202.6981820930189
441693__sample_004785,14.0,1.0,1426.0,1202.978414201782
153248__sample_004786,8.0,1.0,14.0,1203.014207660168
358195__sample_004787,112.0,0.8,623.0,1203.544076607864
106360__sample_004788,4.0,1.0,1365.0,1203.72277826688
3191__sample_004789,8.0,0.5,3351.0,1203.7442476921183
4521__sample_004790,4.0,0.5,90.0,1203.9839977463034
228534__sample_004791,8.0,1.0,11.0,1203.9862856695959
210550__sample_004792,8.0,1.0,2650.0,1204.3603377303266
291848__sample_004793,8.0,0.4,1086.0,1204.6232114586385
365014__sample_004794,104.0,0.8,1499.0,1204.6829740418186
73667__sample_004795,2.0,1.0,144.0,1204.800375335449
314592__sample_004796,4.0,1.0,1847.0,1204.8023346670125
319059__sample_004797,4.0,0.8,130.0,1205.0981190235357
403907__sample_004798,184.0,0.8,444.0,1205.1955175061544
347854__sample_004799,112.0,0.8,871.0,1205.4074355226758
407811__sample_004800,56.0,0.4,62.0,1206.1924957490983
206585__sample_004801,32.0,1.0,593.0,1206.2814740979343
348833__sample_004802,14.0,1.0,1392.0,1207.4387856248647
249296__sample_004803,4.0,1.0,2019.0,1207.6891990278743
91457__sample_004804,2.0,1.0,998.0,1207.7584962464177
281960__sample_004805,8.0,1.0,2074.0,1207.902016547594
209183__sample_004806,32.0,1.0,473.0,1208.2392210342866
90478__sample_004807,2.0,1.0,524.0,1208.3870844377311
336680__sample_004808,12.0,1.0,126.0,1208.4048262409303
90568__sample_004809,2.0,1.0,62.0,1208.4509884049426
351664__sample_004810,112.0,0.8,741.0,1208.8427000708753
97420__sample_004811,2.0,1.0,161.0,1209.1039962057869
115177__sample_004812,8.0,1.0,31.0,1209.3148872772786
368345__sample_004813,104.0,0.8,583.0,1209.3607544220984
422841__sample_004814,14.0,1.0,425.0,1209.8154201252455
284635__sample_004815,8.0,1.0,1425.0,1210.6248080956038
319050__sample_004816,4.0,0.8,131.0,1210.635244716007
353238__sample_004817,13.0,1.0,261.0,1210.6555558717303
97453__sample_004818,2.0,1.0,136.0,1211.19566346978
463388__sample_004819,16.0,1.0,690.0,1211.6182607386054
68262__sample_004820,2.0,1.0,340.0,1211.8588015142711
71348__sample_004821,2.0,1.0,312.0,1212.5837489467326
43624__sample_004822,4.0,0.3,95.0,1212.8436678037776
109494__sample_004823,8.0,1.0,3296.0,1212.9044996732403
318801__sample_004824,4.0,0.8,114.0,1213.2305790456505
304632__sample_004825,8.0,1.0,2000.0,1213.4899891619602
461811__sample_004826,60.0,0.8,577.0,1214.5526458251088
182070__sample_004827,4.0,0.5,95.0,1214.6128122862158
110023__sample_004828,8.0,1.0,2409.0,1214.840566537057
271533__sample_004829,8.0,1.0,1803.0,1215.2192889088947
428608__sample_004830,12.0,1.0,320.0,1215.3227828728961
216682__sample_004831,8.0,1.0,9.0,1215.4421626561423
121284__sample_004832,8.0,1.0,31.0,1215.9892577431528
23411__sample_004833,50.0,0.8,4448.0,1216.1187181543019
441733__sample_004834,14.0,1.0,85.0,1216.3637474322268
309734__sample_004835,8.0,1.0,2481.0,1216.9138406235832
79323__sample_004836,2.0,1.0,164.0,1216.972716334217
59159__sample_004837,2.0,1.0,194.0,1217.975363779613
243219__sample_004838,8.0,1.0,1844.0,1218.2779902492025
219434__sample_004839,8.0,1.0,10.0,1218.4493453733764
321678__sample_004840,4.0,1.0,4286.0,1218.5902791855988
347558__sample_004841,28.0,0.2,1062.0,1219.3620471577556
87514__sample_004842,2.0,1.0,389.0,1219.4196284859931
98954__sample_004843,4.0,1.0,1667.0,1219.5130050271184
160213__sample_004844,8.0,1.0,148.0,1219.6049724976183
109241__sample_004845,8.0,1.0,29.0,1219.690245437326
58538__sample_004846,2.0,1.0,605.0,1219.8482763534762
443867__sample_004847,12.0,1.0,4518.0,1220.9798483898717
318359__sample_004848,4.0,0.8,121.0,1221.5289248648455
383010__sample_004849,14.0,1.0,1527.0,1221.628280338379
300058__sample_004850,8.0,1.0,3149.0,1221.7657023221502
311486__sample_004851,4.0,1.0,959.0,1222.0424749134925
318455__sample_004852,4.0,0.8,675.0,1222.0468000321432
137201__sample_004853,8.0,1.0,14.0,1222.475713145151
250766__sample_004854,20.0,1.0,2550.0,1223.0053586688714
42992__sample_004855,4.0,0.3,23.0,1223.4919368114433
84198__sample_004856,2.0,1.0,31.0,1223.6094594744557
67035__sample_004857,2.0,1.0,28.0,1223.764433425241
398996__sample_004858,14.0,1.0,571.0,1223.7675498494555
334231__sample_004859,12.0,1.0,553.0,1223.8950044439423
194514__sample_004860,4.0,1.0,1569.0,1224.0492486598807
200860__sample_004861,8.0,1.0,350.0,1224.6429685112325
260371__sample_004862,8.0,1.0,1058.0,1225.204018487813
147514__sample_004863,8.0,1.0,1252.0,1226.0500819036304
227313__sample_004864,8.0,1.0,18.0,1226.5910160239825
141695__sample_004865,8.0,1.0,15.0,1226.5930746540375
129683__sample_004866,8.0,1.0,1221.0,1226.8495040106347
417423__sample_004867,12.0,1.0,2551.0,1226.867173391037
54293__sample_004868,2.0,1.0,220.0,1226.946741113939
358593__sample_004869,112.0,0.8,308.0,1227.1626109165813
462969__sample_004870,8.0,1.0,406.0,1227.4641161570132
106428__sample_004871,4.0,1.0,963.0,1227.7299023667158
130288__sample_004872,8.0,1.0,128.0,1227.742478014989
107369__sample_004873,8.0,1.0,35.0,1227.7698212284524
86311__sample_004874,2.0,1.0,36.0,1227.8042309865064
43253__sample_004875,4.0,0.3,121.0,1227.8281975236996
306113__sample_004876,8.0,1.0,1980.0,1227.877272551464
200544__sample_004877,8.0,1.0,192.0,1228.1688517385394
121198__sample_004878,8.0,1.0,31.0,1228.6130752426805
405252__sample_004879,52.0,0.4,706.0,1228.7444813437644
131062__sample_004880,8.0,1.0,14.0,1229.0395303635373
348768__sample_004881,14.0,1.0,1638.0,1229.095321333063
26111__sample_004882,30.0,0.8,696.0,1230.0009084843714
356093__sample_004883,14.0,1.0,2294.0,1230.1086032606493
181029__sample_004884,4.0,0.5,153.0,1230.576087961747
152523__sample_004885,8.0,1.0,50.0,1231.3028643867226
30179__sample_004886,5.0,1.0,1159.0,1231.8029553738488
458147__sample_004887,8.0,1.0,3896.0,1231.8203110214622
71529__sample_004888,2.0,1.0,352.0,1232.082986046991
300934__sample_004889,8.0,1.0,2089.0,1232.114970160109
206808__sample_004890,32.0,1.0,564.0,1232.116389934136
417795__sample_004891,12.0,1.0,1800.0,1232.1296830261747
333308__sample_004892,12.0,1.0,971.0,1232.7493620780594
10810__sample_004893,4.0,1.0,2052.0,1233.3471164867915
48061__sample_004894,4.0,0.3,111.0,1233.411105622275
60631__sample_004895,2.0,1.0,93.0,1233.609105195934
103388__sample_004896,4.0,1.0,953.0,1234.384535455152
138361__sample_004897,8.0,1.0,875.0,1234.5561807162235
360514__sample_004898,23.0,1.0,2231.0,1234.681225433485
92876__sample_004899,2.0,1.0,553.0,1234.8462738217788
397382__sample_004900,184.0,0.8,2629.0,1235.236692749879
279631__sample_004901,8.0,1.0,1727.0,1235.3988689503815
273696__sample_004902,8.0,1.0,1656.0,1235.781153545912
127352__sample_004903,8.0,1.0,169.0,1235.9224288799
452397__sample_004904,56.0,0.4,397.0,1235.9950188506175
441301__sample_004905,14.0,1.0,489.0,1236.0938255490437
154133__sample_004906,8.0,1.0,39.0,1236.114080199976
126583__sample_004907,8.0,1.0,19.0,1236.2860609845955
450196__sample_004908,56.0,0.4,443.0,1236.3261357231356
147504__sample_004909,8.0,1.0,43.0,1236.7433623915526
41677__sample_004910,4.0,0.3,18.0,1236.8797988729268
245895__sample_004911,8.0,1.0,1842.0,1237.24184378648
120807__sample_004912,8.0,1.0,21.0,1238.0141371881277
367413__sample_004913,104.0,0.8,412.0,1238.4875486111257
157741__sample_004914,8.0,1.0,15.0,1239.2439093336463
167051__sample_004915,4.0,0.3,289.0,1239.453705026894
54380__sample_004916,2.0,1.0,726.0,1239.498883070225
273885__sample_004917,8.0,1.0,1349.0,1240.1837526305799
333169__sample_004918,12.0,1.0,1571.0,1240.6909480847025
148414__sample_004919,8.0,1.0,96.0,1241.190483512801
392351__sample_004920,26.0,0.2,401.0,1241.48593397068
325953__sample_004921,12.0,1.0,686.0,1241.7310854649556
224045__sample_004922,8.0,1.0,12.0,1241.7347938060204
428918__sample_004923,112.0,0.8,121.0,1242.0794289996118
248358__sample_004924,4.0,1.0,465.0,1242.1034287611742
257250__sample_004925,8.0,1.0,910.0,1242.1786209053187
411816__sample_004926,16.0,1.0,948.0,1242.3790771452448
177944__sample_004927,4.0,0.5,932.0,1242.529325177059
115446__sample_004928,8.0,1.0,22.0,1242.5333002094396
447139__sample_004929,12.0,1.0,34.0,1242.9675968075362
176008__sample_004930,4.0,0.5,53.0,1243.4951770851305
227826__sample_004931,8.0,1.0,9.0,1243.7815031919426
269826__sample_004932,8.0,0.4,1424.0,1243.976216421958
114622__sample_004933,8.0,1.0,3890.0,1244.785589933405
127706__sample_004934,8.0,1.0,104.0,1244.8175358356114
460708__sample_004935,8.0,0.4,114.0,1245.15230271749
422535__sample_004936,12.0,1.0,2343.0,1245.1866475893664
120560__sample_004937,8.0,1.0,13.0,1245.3069015190229
222907__sample_004938,8.0,1.0,8.0,1245.5270627522177
198536__sample_004939,8.0,1.0,542.0,1245.861046433811
456013__sample_004940,14.0,1.0,341.0,1245.8619771893425
433140__sample_004941,112.0,0.8,3156.0,1245.9374555328204
25784__sample_004942,80.0,0.8,1778.0,1246.1306115902296
399148__sample_004943,13.0,1.0,1196.0,1246.320900481127
212615__sample_004944,10.0,1.0,1686.0,1246.5746703940235
104130__sample_004945,4.0,1.0,1275.0,1246.6652192111378
218565__sample_004946,8.0,1.0,9.0,1246.8596392105703
78807__sample_004947,2.0,1.0,65.0,1246.9122536676257
100918__sample_004948,4.0,1.0,2125.0,1246.9639704186081
245276__sample_004949,8.0,1.0,2232.0,1247.1788086214915
117231__sample_004950,8.0,1.0,13.0,1247.46797963066
280952__sample_004951,8.0,1.0,1450.0,1247.5000516262655
224455__sample_004952,8.0,1.0,9.0,1247.5328038139573
420061__sample_004953,12.0,1.0,1115.0,1247.7410801470928
282976__sample_004954,8.0,0.2,575.0,1247.8197906273315
156668__sample_004955,8.0,1.0,356.0,1247.9443498850096
40421__sample_004956,4.0,0.3,111.0,1248.0723683388044
120295__sample_004957,8.0,1.0,17.0,1248.1215402609078
110173__sample_004958,8.0,1.0,60.0,1248.1218691354875
288610__sample_004959,8.0,0.2,4297.0,1248.6014581221636
272907__sample_004960,8.0,1.0,1100.0,1248.9152763739512
127184__sample_004961,8.0,1.0,92.0,1249.208506818095
125594__sample_004962,8.0,1.0,972.0,1249.4061996529447
74188__sample_004963,2.0,1.0,575.0,1249.7080022082037
122393__sample_004964,8.0,1.0,27.0,1250.3940059358376
7130__sample_004965,8.0,1.0,477.0,1250.6679154171286
103526__sample_004966,4.0,1.0,959.0,1250.744917703095
100252__sample_004967,4.0,1.0,1674.0,1250.956236044376
113941__sample_004968,8.0,1.0,33.0,1251.102230507801
146619__sample_004969,8.0,1.0,14.0,1251.305449295646
152071__sample_004970,8.0,1.0,16.0,1251.487700133934
305838__sample_004971,8.0,1.0,2168.0,1251.9770508677957
104445__sample_004972,4.0,1.0,1255.0,1252.240795504933
101507__sample_004973,4.0,1.0,964.0,1252.2930928703022
210610__sample_004974,8.0,1.0,3928.0,1252.3093653462827
317920__sample_004975,4.0,0.8,121.0,1252.4474351951294
280582__sample_004976,8.0,0.2,1290.0,1252.451368632908
398231__sample_004977,13.0,1.0,2047.0,1252.5471590743693
253803__sample_004978,8.0,1.0,344.0,1252.6618840383803
75994__sample_004979,2.0,1.0,939.0,1252.7796206063326
218269__sample_004980,8.0,1.0,29.0,1253.7496308907048
71842__sample_004981,2.0,1.0,496.0,1253.8401966933661
457183__sample_004982,8.0,1.0,2299.0,1253.9172452796665
383555__sample_004983,112.0,0.8,1185.0,1253.9518829663907
113790__sample_004984,8.0,1.0,28.0,1254.1307356810285
225005__sample_004985,8.0,1.0,17.0,1254.1724484341853
50888__sample_004986,4.0,0.2,35.0,1254.4119185597174
160477__sample_004987,8.0,1.0,30.0,1254.4540704989688
392103__sample_004988,52.0,0.4,366.0,1254.6689732738596
50887__sample_004989,2.0,0.2,59.0,1255.1065354062923
117159__sample_004990,8.0,1.0,487.0,1255.117399227585
174788__sample_004991,4.0,0.5,699.0,1255.2534719826926
399691__sample_004992,144.0,0.8,2174.0,1255.4080046228107
261991__sample_004993,8.0,0.2,1574.0,1255.7994461904889
261343__sample_004994,8.0,1.0,442.0,1255.9571844944003
263030__sample_004995,8.0,1.0,2727.0,1256.1667484192217
8132__sample_004996,8.0,1.0,471.0,1256.5583481179146
343187__sample_004997,112.0,0.8,280.0,1256.7634560736503
122289__sample_004998,8.0,1.0,15.0,1256.8743644387198
405401__sample_004999,112.0,0.8,1758.0,1256.896802478629
10564__sample_005000,4.0,1.0,1646.0,1257.2240577000066
305432__sample_005001,8.0,0.2,1764.0,1257.7363112949984
280170__sample_005002,8.0,1.0,1513.0,1258.6134891571367
58060__sample_005003,2.0,1.0,404.0,1259.266446586886
118419__sample_005004,8.0,1.0,17.0,1259.6655991084124
222793__sample_005005,8.0,1.0,28.0,1259.923434686112
440304__sample_005006,8.0,1.0,3276.0,1260.3036314066455
120893__sample_005007,8.0,1.0,3974.0,1260.4450767198716
39874__sample_005008,4.0,1.0,26.0,1260.6709056719733
405259__sample_005009,104.0,0.8,1665.0,1260.7781018270693
289387__sample_005010,8.0,1.0,2221.0,1260.8769963195234
386910__sample_005011,104.0,0.8,259.0,1261.230352873693
390494__sample_005012,184.0,0.8,1082.0,1261.381606174063
464365__sample_005013,8.0,1.0,1341.0,1261.4412216386775
404927__sample_005014,56.0,0.4,273.0,1261.497613936986
360338__sample_005015,13.0,1.0,601.0,1261.9876685766994
42156__sample_005016,4.0,0.3,22.0,1262.2707836275988
108383__sample_005017,8.0,1.0,953.0,1262.4682235199134
132179__sample_005018,8.0,1.0,122.0,1262.5963213721539
204406__sample_005019,4.0,1.0,3829.0,1262.7372098637206
261489__sample_005020,16.0,0.2,1450.0,1262.751997514358
198042__sample_005021,8.0,1.0,30.0,1262.9036986708848
75007__sample_005022,2.0,1.0,843.0,1263.3004403813466
380951__sample_005023,28.0,0.2,1163.0,1263.4231906076882
228527__sample_005024,8.0,1.0,10.0,1263.5441477980796
185650__sample_005025,4.0,0.5,996.0,1263.5481081475832
174621__sample_005026,4.0,0.5,918.0,1263.7011544926092
346718__sample_005027,112.0,0.8,394.0,1263.707570537279
52054__sample_005028,2.0,1.0,625.0,1263.9187662932611
98700__sample_005029,4.0,1.0,1629.0,1264.095467996554
94484__sample_005030,2.0,1.0,26.0,1264.5536266424124
288143__sample_005031,8.0,1.0,3279.0,1264.7715639248875
417275__sample_005032,184.0,0.8,238.0,1264.8692427883927
420398__sample_005033,12.0,1.0,676.0,1265.0507797329901
20478__sample_005034,12.0,1.0,2150.0,1265.3515283502115
319643__sample_005035,4.0,0.8,112.0,1265.376197353417
200846__sample_005036,8.0,1.0,2535.0,1265.618800997692
244410__sample_005037,8.0,1.0,1939.0,1266.23990653542
130971__sample_005038,8.0,1.0,60.0,1266.3287648554974
70300__sample_005039,2.0,1.0,719.0,1266.5750579196351
703__sample_005040,4.0,0.1,1039.0,1267.0056108380604
24283__sample_005041,8.0,1.0,1584.0,1267.1848716443715
80617__sample_005042,2.0,1.0,48.0,1267.5013155534418
384135__sample_005043,184.0,0.8,2885.0,1267.594447806728
81874__sample_005044,2.0,1.0,55.0,1267.685789693763
442712__sample_005045,14.0,1.0,1343.0,1267.9611317307524
147328__sample_005046,8.0,1.0,2915.0,1268.2666734551317
258810__sample_005047,8.0,1.0,2513.0,1268.9578670863702
343759__sample_005048,14.0,1.0,3531.0,1269.0215380815282
270975__sample_005049,8.0,1.0,1399.0,1269.1794183036563
199698__sample_005050,8.0,1.0,38.0,1269.2515100381072
283307__sample_005051,8.0,1.0,790.0,1269.272380485314
48616__sample_005052,2.0,0.2,21.0,1269.401436581346
459435__sample_005053,56.0,0.4,155.0,1269.518570057716
166388__sample_005054,4.0,0.3,318.0,1269.5973964593766
142987__sample_005055,8.0,1.0,23.0,1269.6854942393693
359214__sample_005056,13.0,1.0,1138.0,1269.7972269286577
175214__sample_005057,4.0,0.5,311.0,1270.9210287356684
27061__sample_005058,8.0,1.0,1245.0,1271.3029445650434
180210__sample_005059,4.0,0.5,1753.0,1271.3214641892523
449336__sample_005060,112.0,0.8,4.0,1271.8362037336037
406735__sample_005061,28.0,0.2,1832.0,1272.0870088023833
46005__sample_005062,2.0,0.2,199.0,1272.6401806407193
460485__sample_005063,8.0,1.0,211.0,1272.7447079507167
337211__sample_005064,12.0,1.0,2344.0,1272.9008553552471
308632__sample_005065,8.0,1.0,1702.0,1273.4672428577317
206766__sample_005066,32.0,1.0,688.0,1273.5468033115956
92427__sample_005067,2.0,1.0,29.0,1274.1645568402057
248425__sample_005068,12.0,1.0,4320.0,1274.6053494236853
400227__sample_005069,184.0,0.8,517.0,1275.590428564999
139417__sample_005070,8.0,1.0,18.0,1275.6884143953584
215182__sample_005071,8.0,1.0,11.0,1275.7556305151504
6220__sample_005072,4.0,0.5,7.0,1275.8560735852918
319704__sample_005073,4.0,0.8,328.0,1276.629408736251
42790__sample_005074,4.0,0.3,23.0,1276.7306775183108
383854__sample_005075,184.0,0.8,2530.0,1276.9389015955405
298992__sample_005076,8.0,1.0,1539.0,1277.0681457555866
106402__sample_005077,4.0,1.0,989.0,1277.1942821618627
202047__sample_005078,16.0,1.0,1869.0,1277.2480073813688
82534__sample_005079,2.0,1.0,1191.0,1277.440557389877
372517__sample_005080,184.0,0.8,251.0,1277.9138464442394
76129__sample_005081,2.0,1.0,3329.0,1277.9265342818069
338251__sample_005082,8.0,0.3,604.0,1278.4766014189295
91832__sample_005083,2.0,1.0,302.0,1278.7503608141715
287501__sample_005084,8.0,1.0,1380.0,1278.9901199793715
337032__sample_005085,56.0,0.4,3427.0,1279.2359281694348
75463__sample_005086,2.0,1.0,265.0,1279.3237682409365
298392__sample_005087,8.0,1.0,2445.0,1279.4578658602923
166656__sample_005088,4.0,0.3,1256.0,1279.859339417349
64535__sample_005089,2.0,1.0,1591.0,1279.950797545807
4000__sample_005090,4.0,0.5,672.0,1280.1095266469151
87792__sample_005091,2.0,1.0,64.0,1280.1144835330206
233598__sample_005092,160.0,0.8,2552.0,1280.445133537948
155855__sample_005093,8.0,1.0,57.0,1280.5803268475022
463542__sample_005094,12.0,0.5,874.0,1280.7666258630975
207924__sample_005095,32.0,1.0,476.0,1280.797080023662
413881__sample_005096,48.0,1.0,754.0,1281.99538391042
12557__sample_005097,4.0,1.0,1654.0,1282.085435570461
301383__sample_005098,8.0,1.0,1989.0,1282.3373929708127
284663__sample_005099,8.0,0.2,180.0,1282.5550051175808
443879__sample_005100,15.0,1.0,3638.0,1282.9393916671568
319997__sample_005101,4.0,0.8,126.0,1283.0263689489334
419125__sample_005102,12.0,1.0,1123.0,1283.3789412818353
194193__sample_005103,4.0,1.0,1659.0,1283.4994610351387
122130__sample_005104,8.0,1.0,62.0,1283.6318616399753
94886__sample_005105,2.0,1.0,403.0,1283.911090732574
476__sample_005106,4.0,0.1,893.0,1284.2945409237177
137183__sample_005107,8.0,1.0,27.0,1284.5693440179793
188349__sample_005108,4.0,0.5,65.0,1285.1446892739514
182843__sample_005109,4.0,0.5,173.0,1285.228613068932
393751__sample_005110,14.0,1.0,490.0,1285.8058059465557
368876__sample_005111,104.0,0.8,1177.0,1285.840869726256
290681__sample_005112,16.0,0.2,1458.0,1286.1102270262634
342188__sample_005113,14.0,1.0,179.0,1286.3085410987296
166089__sample_005114,4.0,0.3,1023.0,1286.479160148572
386054__sample_005115,28.0,0.2,283.0,1286.5722567327402
109071__sample_005116,8.0,1.0,41.0,1286.7474169020966
352111__sample_005117,14.0,1.0,343.0,1286.7915335914197
108096__sample_005118,8.0,1.0,15.0,1286.9067731348564
48188__sample_005119,2.0,0.2,3041.0,1286.932747120214
88431__sample_005120,2.0,1.0,379.0,1287.1448155541889
400702__sample_005121,13.0,1.0,419.0,1287.1699828513124
6758__sample_005122,4.0,0.5,2118.0,1287.2136737917374
407181__sample_005123,26.0,0.2,1612.0,1287.2360091690987
415784__sample_005124,92.0,0.4,2820.0,1287.356047162565
142147__sample_005125,8.0,1.0,3928.0,1287.8172714960149
250874__sample_005126,20.0,1.0,3824.0,1288.4107820803872
251283__sample_005127,20.0,1.0,2834.0,1288.4294331881601
367504__sample_005128,184.0,0.8,286.0,1288.6810897365358
351304__sample_005129,104.0,0.8,1639.0,1288.9693981135129
195417__sample_005130,4.0,1.0,642.0,1289.1601671337405
38163__sample_005131,4.0,1.0,1421.0,1289.4350589659862
196246__sample_005132,8.0,1.0,128.0,1289.5016013222344
74290__sample_005133,2.0,1.0,233.0,1289.6697631153859
262984__sample_005134,16.0,0.2,2439.0,1289.793696408306
123988__sample_005135,8.0,1.0,4157.0,1289.8171938579248
305944__sample_005136,8.0,1.0,2003.0,1290.0627724064877
444570__sample_005137,12.0,1.0,713.0,1290.2336781726442
363555__sample_005138,52.0,0.4,392.0,1290.3141340951563
70535__sample_005139,2.0,1.0,154.0,1290.4745980653915
264124__sample_005140,8.0,1.0,777.0,1290.8478431356289
194639__sample_005141,4.0,1.0,1218.0,1291.2522834530557
429094__sample_005142,14.0,1.0,164.0,1291.5144007336457
288562__sample_005143,8.0,1.0,1519.0,1291.6720602097892
133777__sample_005144,8.0,1.0,14.0,1291.886418090898
227190__sample_005145,8.0,1.0,8.0,1292.0079575922884
284170__sample_005146,8.0,1.0,1058.0,1292.0417855058029
55593__sample_005147,2.0,1.0,90.0,1292.1635711613283
442066__sample_005148,8.0,0.2,366.0,1292.3525038679932
21638__sample_005149,4.0,1.0,2308.0,1292.5808488701853
255004__sample_005150,4.0,0.2,841.0,1293.2672906881214
219081__sample_005151,8.0,1.0,9.0,1293.6428106620585
82715__sample_005152,2.0,1.0,33.0,1293.6840271298954
227628__sample_005153,8.0,1.0,12.0,1293.731872409636
253693__sample_005154,8.0,1.0,1503.0,1293.7583500094622
368571__sample_005155,92.0,0.4,456.0,1294.0933761672698
242722__sample_005156,8.0,1.0,2679.0,1294.399524045119
157892__sample_005157,8.0,1.0,12.0,1295.4732643910124
246409__sample_005158,8.0,1.0,1877.0,1295.6578127756675
228811__sample_005159,8.0,1.0,8.0,1296.0955846446993
463353__sample_005160,8.0,0.4,650.0,1296.3103495858704
80455__sample_005161,2.0,1.0,619.0,1296.8283900367724
92040__sample_005162,2.0,1.0,344.0,1297.1475447641953
199641__sample_005163,8.0,1.0,173.0,1297.4049684296922
305043__sample_005164,8.0,1.0,2113.0,1297.6131412521731
358924__sample_005165,104.0,0.8,474.0,1297.9340490942989
444733__sample_005166,112.0,0.8,172.0,1298.070081726921
168715__sample_005167,4.0,0.5,141.0,1298.095472710069
168953__sample_005168,4.0,0.5,132.0,1298.1056745964331
60771__sample_005169,2.0,1.0,1601.0,1298.268687293528
168468__sample_005170,4.0,0.5,143.0,1298.4973176069966
206322__sample_005171,32.0,1.0,585.0,1298.5178504412784
11484__sample_005172,4.0,1.0,2267.0,1298.602385089453
37565__sample_005173,4.0,1.0,26.0,1298.6995489628553
439906__sample_005174,60.0,0.8,113.0,1298.906387540478
139206__sample_005175,8.0,1.0,1611.0,1298.9879871867565
59028__sample_005176,2.0,1.0,129.0,1299.0131215059605
290548__sample_005177,8.0,1.0,1394.0,1299.0581595062401
49672__sample_005178,2.0,0.2,372.0,1299.1059338345588
183406__sample_005179,4.0,0.5,320.0,1299.5683259166706
57571__sample_005180,2.0,1.0,456.0,1299.651956342151
147483__sample_005181,8.0,1.0,48.0,1299.9655026041191
306602__sample_005182,8.0,1.0,1984.0,1300.1752417261253
277905__sample_005183,16.0,0.2,2525.0,1301.1187285821268
55448__sample_005184,2.0,1.0,569.0,1301.198374809485
125121__sample_005185,8.0,1.0,3781.0,1301.241479404524
196289__sample_005186,8.0,1.0,754.0,1301.2548395771998
50748__sample_005187,2.0,0.2,19.0,1301.3237646664809
5496__sample_005188,4.0,0.5,906.0,1301.6118240201456
70270__sample_005189,2.0,1.0,3528.0,1301.6341023867092
45667__sample_005190,2.0,0.2,203.0,1301.7042630618596
435629__sample_005191,56.0,0.4,870.0,1302.1875506814301
315699__sample_005192,8.0,1.0,3047.0,1302.4061897395022
142700__sample_005193,8.0,1.0,18.0,1302.4242038275734
182004__sample_005194,4.0,0.5,136.0,1302.4364181945475
93925__sample_005195,2.0,1.0,36.0,1302.4521858610422
311692__sample_005196,4.0,1.0,912.0,1303.163475930498
242487__sample_005197,4.0,1.0,1689.0,1303.6375417327722
258868__sample_005198,8.0,1.0,3248.0,1304.103527585566
310502__sample_005199,4.0,1.0,576.0,1304.7484971227077
366217__sample_005200,104.0,0.8,375.0,1304.924425520072
37658__sample_005201,4.0,1.0,33.0,1304.9954624917157
359093__sample_005202,184.0,0.8,1002.0,1305.1237311979794
185533__sample_005203,4.0,0.5,124.0,1305.440960448033
296553__sample_005204,8.0,1.0,1683.0,1305.9628951583913
160535__sample_005205,8.0,1.0,44.0,1306.105667781641
69490__sample_005206,2.0,1.0,3040.0,1306.2973021486553
42255__sample_005207,4.0,0.3,16.0,1306.9685674935972
463252__sample_005208,16.0,1.0,3682.0,1306.9969993031675
9810__sample_005209,4.0,1.0,1964.0,1307.4926673498678
105644__sample_005210,4.0,1.0,912.0,1307.5360496750945
110057__sample_005211,8.0,1.0,358.0,1307.7013946372463
307346__sample_005212,8.0,1.0,2286.0,1307.763005079777
289174__sample_005213,8.0,1.0,1759.0,1307.9939268533712
109419__sample_005214,8.0,1.0,23.0,1308.1983627467093
49337__sample_005215,2.0,0.2,1784.0,1308.3178746664146
249393__sample_005216,4.0,1.0,2287.0,1308.8153727283373
71764__sample_005217,2.0,1.0,140.0,1309.0849379168556
255680__sample_005218,8.0,0.3,992.0,1309.4042576624759
87197__sample_005219,2.0,1.0,73.0,1309.445081510842
223428__sample_005220,8.0,1.0,8.0,1309.9818311105435
106729__sample_005221,4.0,1.0,1023.0,1310.0275235739455
45413__sample_005222,4.0,0.3,519.0,1310.0905331278366
126087__sample_005223,8.0,1.0,1646.0,1310.12479040016
242828__sample_005224,8.0,1.0,2016.0,1310.2699054361267
450557__sample_005225,14.0,1.0,586.0,1310.816571342822
320297__sample_005226,4.0,0.2,1588.0,1310.8893090348975
170420__sample_005227,4.0,0.5,209.0,1311.0063118069852
63080__sample_005228,2.0,1.0,193.0,1311.4741203241842
362790__sample_005229,14.0,1.0,337.0,1311.7145831307876
117186__sample_005230,8.0,1.0,22.0,1312.0627783628042
20863__sample_005231,24.0,1.0,1874.0,1312.1229780001663
49331__sample_005232,2.0,0.2,33.0,1312.4381048504194
348465__sample_005233,112.0,0.8,761.0,1312.5026714565017
272650__sample_005234,8.0,0.2,1188.0,1313.5944851698744
461732__sample_005235,15.0,1.0,1872.0,1313.7996656322396
464091__sample_005236,10.0,1.0,949.0,1314.0970510397185
243941__sample_005237,8.0,1.0,3035.0,1314.128555699088
269344__sample_005238,16.0,0.2,1844.0,1314.200694972895
460700__sample_005239,56.0,0.4,38.0,1314.2383253170321
108628__sample_005240,8.0,1.0,2246.0,1314.3619693725532
148396__sample_005241,8.0,1.0,11.0,1314.445535593679
217753__sample_005242,8.0,1.0,9.0,1314.7755894688114
75349__sample_005243,2.0,1.0,301.0,1314.804360539474
70028__sample_005244,2.0,1.0,360.0,1315.153002027071
115079__sample_005245,8.0,1.0,1012.0,1315.1646975888846
287118__sample_005246,8.0,0.2,655.0,1315.2211148474637
402771__sample_005247,13.0,1.0,2684.0,1315.6136270738589
31520__sample_005248,50.0,0.8,793.0,1315.953079691556
64736__sample_005249,2.0,1.0,407.0,1316.1148012273588
359313__sample_005250,56.0,0.4,687.0,1316.1276200023333
376303__sample_005251,28.0,0.2,993.0,1316.3629540322609
161867__sample_005252,8.0,1.0,20.0,1316.493477965636
237976__sample_005253,20.0,1.0,408.0,1316.5886204178942
395265__sample_005254,13.0,1.0,823.0,1316.8443185570013
435678__sample_005255,28.0,0.2,717.0,1316.9877663747206
116331__sample_005256,8.0,1.0,3247.0,1317.012010068464
20826__sample_005257,24.0,1.0,1853.0,1317.631097322751
317585__sample_005258,4.0,0.8,123.0,1318.0079227068193
375715__sample_005259,56.0,0.4,1235.0,1318.0224301616884
31597__sample_005260,4.0,1.0,1171.0,1318.2085738985754
273094__sample_005261,8.0,1.0,1677.0,1318.2303388057226
457722__sample_005262,8.0,0.4,1624.0,1318.6842850401272
164850__sample_005263,4.0,0.3,29.0,1318.9216267055453
111200__sample_005264,8.0,1.0,220.0,1318.9689478814498
105592__sample_005265,4.0,1.0,1005.0,1318.9741877479094
182330__sample_005266,4.0,0.5,769.0,1318.9822103595748
357176__sample_005267,184.0,0.8,2230.0,1319.1592072852002
242301__sample_005268,4.0,1.0,2704.0,1319.4906232881965
289200__sample_005269,8.0,0.2,998.0,1319.5228205097471
197446__sample_005270,8.0,1.0,122.0,1319.5853477482947
157074__sample_005271,8.0,1.0,37.0,1319.6844468163808
449851__sample_005272,15.0,1.0,183.0,1319.74594649889
452116__sample_005273,60.0,0.8,920.0,1319.8700689519221
385694__sample_005274,184.0,0.8,2338.0,1320.0750954388598
120265__sample_005275,8.0,1.0,234.0,1320.3638409041298
208206__sample_005276,32.0,1.0,627.0,1321.1933436092957
449863__sample_005277,14.0,1.0,582.0,1321.8611900293831
371887__sample_005278,184.0,0.8,68.0,1322.0722563804334
411878__sample_005279,16.0,1.0,1907.0,1322.4034621932817
129605__sample_005280,8.0,1.0,136.0,1323.1567947700598
465837__sample_005281,60.0,0.8,22.0,1323.1785854202224
59401__sample_005282,2.0,1.0,160.0,1323.1799980939747
70436__sample_005283,2.0,1.0,1128.0,1323.1875612938857
404120__sample_005284,14.0,1.0,885.0,1323.394716758849
49015__sample_005285,2.0,0.2,294.0,1323.754464893325
256063__sample_005286,8.0,1.0,841.0,1323.8688157106872
75216__sample_005287,2.0,1.0,181.0,1324.0658116249322
463800__sample_005288,8.0,0.4,482.0,1324.247418503765
78594__sample_005289,2.0,1.0,105.0,1324.2723103059798
155501__sample_005290,8.0,1.0,24.0,1324.3693105298437
121426__sample_005291,8.0,1.0,81.0,1324.374217155117
338096__sample_005292,8.0,0.3,136.0,1324.4035489150035
156541__sample_005293,8.0,1.0,29.0,1324.8211887817308
67999__sample_005294,2.0,1.0,276.0,1325.2633169725805
2263__sample_005295,4.0,0.1,225.0,1325.6681212661174
405198__sample_005296,144.0,0.8,1081.0,1325.9925261124931
52972__sample_005297,2.0,1.0,445.0,1326.3866633535433
337304__sample_005298,12.0,1.0,252.0,1326.6645743174695
129034__sample_005299,8.0,1.0,3963.0,1326.941613746999
46277__sample_005300,2.0,0.2,179.0,1327.2167887116498
214469__sample_005301,8.0,1.0,9.0,1327.3971973875405
55758__sample_005302,2.0,1.0,469.0,1327.5100801074193
374365__sample_005303,112.0,0.8,1089.0,1327.837594304827
175888__sample_005304,4.0,0.5,321.0,1327.9262799413066
307061__sample_005305,8.0,1.0,1943.0,1328.1219943804815
197703__sample_005306,8.0,1.0,141.0,1328.2640002225255
401315__sample_005307,14.0,1.0,205.0,1328.344956161257
431719__sample_005308,112.0,0.8,1225.0,1329.2640943016322
304001__sample_005309,8.0,1.0,2220.0,1329.3389491886744
99998__sample_005310,4.0,1.0,1775.0,1329.431459103812
462864__sample_005311,32.0,0.2,311.0,1329.4755203683799
90568__sample_005312,2.0,1.0,62.0,1329.9083943911044
306829__sample_005313,8.0,1.0,2209.0,1330.1292228891991
420703__sample_005314,56.0,0.4,1062.0,1330.3665808964518
287089__sample_005315,8.0,0.4,2237.0,1330.7960614606036
117580__sample_005316,8.0,1.0,135.0,1330.9010487062994
114302__sample_005317,8.0,1.0,30.0,1330.9548529144615
316617__sample_005318,4.0,1.0,4499.0,1331.0101409745323
426847__sample_005319,184.0,0.8,164.0,1331.3399119104565
389970__sample_005320,13.0,1.0,2686.0,1331.5779659808686
264091__sample_005321,8.0,1.0,1050.0,1331.635740657884
394177__sample_005322,28.0,0.2,234.0,1331.6749232323666
314342__sample_005323,4.0,1.0,1857.0,1331.707076908683
283463__sample_005324,8.0,1.0,1813.0,1331.9541569840646
408386__sample_005325,112.0,0.8,302.0,1331.954186647052
400453__sample_005326,184.0,0.8,273.0,1331.9588089519643
330671__sample_005327,12.0,1.0,606.0,1332.0821999583297
1744__sample_005328,4.0,0.1,1021.0,1332.3760866809318
393014__sample_005329,112.0,0.8,1547.0,1332.6729798344268
133213__sample_005330,8.0,1.0,31.0,1332.8135614437372
218790__sample_005331,8.0,1.0,18.0,1333.1072245036214
168622__sample_005332,4.0,0.5,147.0,1333.2912883771653
445799__sample_005333,8.0,1.0,1660.0,1334.2336092825794
258603__sample_005334,8.0,1.0,1519.0,1334.2779309102157
381344__sample_005335,184.0,0.8,836.0,1334.5074209837362
31764__sample_005336,8.0,1.0,1520.0,1334.6763651038502
390913__sample_005337,13.0,1.0,2800.0,1334.7304276776779
137163__sample_005338,8.0,1.0,13.0,1335.0769917002826
165174__sample_005339,4.0,0.3,64.0,1335.1575628470057
99463__sample_005340,4.0,1.0,1763.0,1335.2777621928396
184992__sample_005341,4.0,0.5,994.0,1335.3951953371707
458746__sample_005342,60.0,0.8,672.0,1335.4651914388119
353110__sample_005343,28.0,0.2,138.0,1335.6060307159187
3361__sample_005344,8.0,0.5,111.0,1335.7663335325335
161168__sample_005345,8.0,1.0,13.0,1336.107194562291
107015__sample_005346,4.0,1.0,913.0,1336.4693099656113
55698__sample_005347,2.0,1.0,106.0,1336.5124689100396
77162__sample_005348,2.0,1.0,3036.0,1336.7370646072566
176514__sample_005349,4.0,0.5,51.0,1337.3033816315801
94997__sample_005350,2.0,1.0,131.0,1337.3321744775762
165015__sample_005351,4.0,0.3,324.0,1337.4922723876737
302757__sample_005352,8.0,1.0,2429.0,1337.839199349988
274889__sample_005353,8.0,0.2,3123.0,1338.075559301013
389513__sample_005354,14.0,1.0,170.0,1338.1020621652697
212793__sample_005355,10.0,1.0,1536.0,1338.2283584411953
235131__sample_005356,8.0,1.0,112.0,1338.4052914463396
135526__sample_005357,8.0,1.0,42.0,1339.7761883659784
348707__sample_005358,112.0,0.8,3866.0,1339.825377042624
380448__sample_005359,13.0,1.0,282.0,1340.83567896672
67564__sample_005360,2.0,1.0,43.0,1340.953640211284
226911__sample_005361,8.0,1.0,8.0,1341.0095262710768
101473__sample_005362,4.0,1.0,962.0,1341.1431816845022
460153__sample_005363,56.0,0.4,518.0,1341.381158003893
82584__sample_005364,2.0,1.0,699.0,1341.4411978146336
253247__sample_005365,4.0,1.0,1708.0,1341.527327625567
384304__sample_005366,184.0,0.8,764.0,1342.0093023363193
216983__sample_005367,8.0,1.0,67.0,1343.7386178347701
442819__sample_005368,8.0,0.4,1784.0,1343.834362551406
232167__sample_005369,4.0,1.0,2742.0,1343.8746562755523
72593__sample_005370,2.0,1.0,2230.0,1344.2686217864918
458192__sample_005371,56.0,0.4,298.0,1344.497979436358
131903__sample_005372,8.0,1.0,3714.0,1344.524431018828
68701__sample_005373,2.0,1.0,975.0,1345.257721259586
238669__sample_005374,20.0,1.0,1066.0,1345.2780372034126
233209__sample_005375,15.0,0.2,938.0,1345.5234822307348
258498__sample_005376,8.0,0.2,1022.0,1345.6613669041044
406562__sample_005377,104.0,0.8,1272.0,1345.8647011356195
171057__sample_005378,4.0,0.5,310.0,1345.924650944345
145422__sample_005379,8.0,1.0,82.0,1346.2159274437306
18356__sample_005380,128.0,0.8,1709.0,1347.0189005671102
407753__sample_005381,52.0,0.4,586.0,1347.1722194000783
161282__sample_005382,8.0,1.0,810.0,1347.3572572309554
135048__sample_005383,8.0,1.0,14.0,1347.4258044995845
93025__sample_005384,2.0,1.0,479.0,1347.9819051060024
178930__sample_005385,4.0,0.5,309.0,1348.8685280000252
230984__sample_005386,4.0,1.0,2397.0,1349.2543198851895
246155__sample_005387,8.0,1.0,2335.0,1349.4499639831795
147464__sample_005388,8.0,1.0,31.0,1350.2354243031018
252580__sample_005389,12.0,1.0,732.0,1350.2771889769924
224076__sample_005390,8.0,1.0,10.0,1350.4399460965244
117498__sample_005391,8.0,1.0,3470.0,1350.6327804223336
74120__sample_005392,2.0,1.0,3032.0,1350.802057751556
99422__sample_005393,4.0,1.0,1652.0,1351.2074585126566
326336__sample_005394,12.0,1.0,726.0,1351.4849295757247
92120__sample_005395,2.0,1.0,620.0,1351.518786720917
214162__sample_005396,8.0,1.0,8.0,1351.6251212804482
57367__sample_005397,2.0,1.0,90.0,1351.7286507071199
20771__sample_005398,24.0,1.0,2754.0,1351.9371166125568
82120__sample_005399,2.0,1.0,1091.0,1352.023253245282
230995__sample_005400,4.0,1.0,2377.0,1352.0544377216672
132535__sample_005401,8.0,1.0,93.0,1352.3195376649098
102564__sample_005402,4.0,1.0,1559.0,1352.7955518932604
385147__sample_005403,23.0,1.0,3410.0,1353.4661770972912
308869__sample_005404,8.0,1.0,1990.0,1354.3652833220365
419726__sample_005405,12.0,1.0,585.0,1354.7450876310077
303130__sample_005406,8.0,1.0,2100.0,1354.782706865
112774__sample_005407,8.0,1.0,12.0,1355.2622277876956
79396__sample_005408,2.0,1.0,66.0,1355.3899175581
95721__sample_005409,2.0,1.0,30.0,1355.7171687847203
360956__sample_005410,112.0,0.8,135.0,1355.906599812975
446323__sample_005411,8.0,1.0,3791.0,1356.3475475777352
337980__sample_005412,8.0,0.3,2811.0,1356.4861138678793
173667__sample_005413,4.0,0.5,211.0,1356.502060251919
377325__sample_005414,26.0,0.2,1124.0,1356.7055071629848
272634__sample_005415,8.0,0.2,1072.0,1356.7524785813403
168309__sample_005416,4.0,0.5,511.0,1357.5943053734115
425548__sample_005417,12.0,1.0,3095.0,1357.7814508255624
230192__sample_005418,4.0,1.0,2927.0,1357.9830627166782
33460__sample_005419,4.0,1.0,1122.0,1358.5775669672403
216874__sample_005420,8.0,1.0,10.0,1358.822497930056
58213__sample_005421,2.0,1.0,78.0,1358.9126433489455
360924__sample_005422,184.0,0.8,3863.0,1359.0004211816658
84670__sample_005423,2.0,1.0,190.0,1359.1744985504558
178115__sample_005424,4.0,0.5,535.0,1359.678114758838
358100__sample_005425,184.0,0.8,512.0,1360.07397122923
76944__sample_005426,2.0,1.0,1094.0,1360.8964338899248
267206__sample_005427,8.0,1.0,1054.0,1360.915084100245
101824__sample_005428,4.0,1.0,1012.0,1360.9931891786619
292411__sample_005429,8.0,1.0,1159.0,1361.0140910296097
69381__sample_005430,2.0,1.0,278.0,1361.3617461498363
63834__sample_005431,2.0,1.0,225.0,1361.3996943413117
432438__sample_005432,14.0,1.0,337.0,1361.4260028938863
194009__sample_005433,4.0,1.0,1748.0,1361.6321999596087
47289__sample_005434,4.0,0.3,16.0,1361.7647380533367
67531__sample_005435,2.0,1.0,161.0,1362.0786434874742
62391__sample_005436,2.0,1.0,167.0,1362.2455208468682
124524__sample_005437,8.0,1.0,123.0,1362.3840126752534
32448__sample_005438,4.0,1.0,1133.0,1362.522576665954
178945__sample_005439,4.0,0.5,1167.0,1363.036266591702
53452__sample_005440,2.0,1.0,478.0,1363.1619915584333
122__sample_005441,4.0,0.1,890.0,1363.2633817595188
80429__sample_005442,2.0,1.0,430.0,1363.3667063403493
462142__sample_005443,8.0,1.0,912.0,1363.4214322275645
450766__sample_005444,14.0,1.0,332.0,1363.9141935681764
38005__sample_005445,4.0,1.0,492.0,1363.9538343225313
112778__sample_005446,8.0,1.0,1113.0,1364.5519911447361
220507__sample_005447,8.0,1.0,28.0,1364.6353241405006
238518__sample_005448,20.0,1.0,458.0,1365.209541560219
292968__sample_005449,8.0,1.0,739.0,1365.6006823836215
130788__sample_005450,8.0,1.0,4446.0,1365.8187433818007
427607__sample_005451,112.0,0.8,2244.0,1366.0955078478275
93601__sample_005452,2.0,1.0,829.0,1366.1940813167198
96941__sample_005453,2.0,1.0,82.0,1366.4075444992484
117506__sample_005454,8.0,1.0,30.0,1366.4940146032716
291811__sample_005455,8.0,1.0,1206.0,1366.6226698131832
201440__sample_005456,8.0,1.0,351.0,1366.9843535280863
412583__sample_005457,48.0,1.0,575.0,1367.0542597044541
265943__sample_005458,8.0,1.0,1369.0,1367.5106084413815
460670__sample_005459,8.0,1.0,138.0,1367.6284627398118
261532__sample_005460,8.0,0.2,786.0,1367.8183752931236
284123__sample_005461,8.0,1.0,1811.0,1368.5300331059898
88088__sample_005462,2.0,1.0,229.0,1368.8158745674891
102573__sample_005463,4.0,1.0,1057.0,1369.0752097338418
259427__sample_005464,8.0,0.2,609.0,1369.3860681510112
398487__sample_005465,184.0,0.8,1036.0,1370.0116668370392
59253__sample_005466,2.0,1.0,157.0,1370.0830924151473
330357__sample_005467,12.0,1.0,1204.0,1370.3205809279139
289903__sample_005468,8.0,1.0,944.0,1370.4484514937337
436785__sample_005469,112.0,0.8,2558.0,1370.451433025633
466151__sample_005470,8.0,1.0,145.0,1370.484901858976
387174__sample_005471,112.0,0.8,1002.0,1370.583159504267
411209__sample_005472,16.0,1.0,1917.0,1370.7912617996783
83151__sample_005473,2.0,1.0,97.0,1371.3244191712217
52959__sample_005474,2.0,1.0,688.0,1371.7159109702825
53029__sample_005475,2.0,1.0,77.0,1371.9173968287478
49758__sample_005476,2.0,0.2,307.0,1371.9365821079132
5452__sample_005477,4.0,0.5,397.0,1372.0207673777404
257006__sample_005478,8.0,1.0,1376.0,1372.13497355045
181015__sample_005479,4.0,0.5,160.0,1372.3780018444058
96552__sample_005480,2.0,1.0,59.0,1372.394783611
106266__sample_005481,4.0,1.0,979.0,1372.5836422327961
23677__sample_005482,8.0,1.0,1585.0,1373.162977023398
111393__sample_005483,8.0,1.0,29.0,1373.4685389645158
259959__sample_005484,8.0,1.0,1151.0,1373.8672708967626
151614__sample_005485,8.0,1.0,21.0,1374.1534420073397
174117__sample_005486,4.0,0.5,542.0,1374.2112955193388
133705__sample_005487,8.0,1.0,14.0,1374.2405649148693
185157__sample_005488,4.0,0.5,444.0,1374.682806234862
68896__sample_005489,2.0,1.0,273.0,1374.9800809248954
110809__sample_005490,8.0,1.0,20.0,1375.1940336661012
346447__sample_005491,28.0,0.2,598.0,1375.2464926838804
316732__sample_005492,4.0,1.0,4392.0,1375.4776647604529
84487__sample_005493,2.0,1.0,33.0,1375.4856204609366
1882__sample_005494,4.0,0.1,830.0,1375.5172492297822
330853__sample_005495,12.0,1.0,231.0,1375.6107009267353
374730__sample_005496,112.0,0.8,2442.0,1375.757330019587
121437__sample_005497,8.0,1.0,107.0,1375.7894487820536
375575__sample_005498,112.0,0.8,851.0,1375.8213901322863
363871__sample_005499,92.0,0.4,1052.0,1376.1449499192427
459131__sample_005500,8.0,1.0,1989.0,1376.3557793542834
423005__sample_005501,184.0,0.8,138.0,1376.5465333814752
27748__sample_005502,80.0,0.8,1043.0,1376.697101676682
6778__sample_005503,4.0,0.5,1021.0,1377.6352493903764
41531__sample_005504,4.0,0.3,17.0,1377.648020162364
175261__sample_005505,4.0,0.5,321.0,1377.6978241824509
365294__sample_005506,184.0,0.8,2472.0,1377.958505848397
370857__sample_005507,104.0,0.8,648.0,1377.9951573009553
80032__sample_005508,2.0,1.0,381.0,1378.2176796386434
167715__sample_005509,4.0,0.3,139.0,1378.4273739198027
148500__sample_005510,8.0,1.0,30.0,1379.3125334725944
269634__sample_005511,8.0,1.0,765.0,1379.8497560026601
243101__sample_005512,8.0,1.0,2078.0,1380.577389463
166697__sample_005513,4.0,0.3,938.0,1380.6075368720337
14798__sample_005514,48.0,1.0,1585.0,1381.114056500484
413461__sample_005515,48.0,1.0,1125.0,1381.1486108496808
65276__sample_005516,2.0,1.0,193.0,1381.3991630117791
26089__sample_005517,8.0,1.0,1199.0,1381.7174742267941
335990__sample_005518,12.0,1.0,3252.0,1381.7613167200238
244278__sample_005519,8.0,1.0,1973.0,1382.011683152622
69524__sample_005520,2.0,1.0,308.0,1382.025154814312
368658__sample_005521,184.0,0.8,432.0,1382.1119300750188
281107__sample_005522,8.0,1.0,735.0,1382.7470089985352
374947__sample_005523,112.0,0.8,125.0,1382.7941133722375
112183__sample_005524,8.0,1.0,32.0,1382.8109877605805
84782__sample_005525,2.0,1.0,670.0,1382.9575898542207
67986__sample_005526,2.0,1.0,250.0,1383.4329023270716
250518__sample_005527,20.0,1.0,1890.0,1383.452845116658
38035__sample_005528,4.0,1.0,465.0,1383.5626789492728
320433__sample_005529,20.0,1.0,1781.0,1384.1377629417134
349980__sample_005530,184.0,0.8,365.0,1384.1691978414658
407093__sample_005531,184.0,0.8,299.0,1384.2622060915098
171325__sample_005532,4.0,0.5,30.0,1384.638949676705
244389__sample_005533,8.0,1.0,2128.0,1384.8348330950387
418049__sample_005534,12.0,1.0,1393.0,1385.2812771571007
320957__sample_005535,20.0,1.0,72.0,1385.3108591574264
146646__sample_005536,8.0,1.0,24.0,1385.9440291300723
321268__sample_005537,4.0,1.0,4083.0,1386.627032110455
109787__sample_005538,8.0,1.0,28.0,1386.6692294000295
115129__sample_005539,8.0,1.0,24.0,1386.6778450335908
464906__sample_005540,64.0,0.8,554.0,1387.8252032499238
181525__sample_005541,4.0,0.5,138.0,1387.9897697134584
37786__sample_005542,4.0,1.0,987.0,1388.201971782602
253601__sample_005543,12.0,1.0,1506.0,1388.4411879495403
406043__sample_005544,28.0,0.2,692.0,1388.830955510669
74610__sample_005545,2.0,1.0,3639.0,1389.2487678416096
364349__sample_005546,46.0,0.2,199.0,1389.302662533355
12248__sample_005547,4.0,1.0,1631.0,1389.37016785022
144738__sample_005548,8.0,1.0,20.0,1389.8937214392008
249605__sample_005549,20.0,1.0,2316.0,1390.3217519490033
260325__sample_005550,8.0,1.0,1826.0,1390.5620866447707
246553__sample_005551,8.0,1.0,2111.0,1391.8720590986006
197526__sample_005552,8.0,1.0,107.0,1392.204239053756
41199__sample_005553,4.0,0.3,112.0,1392.265023572853
116971__sample_005554,8.0,1.0,31.0,1392.733771993479
175890__sample_005555,4.0,0.5,313.0,1392.8676936195568
52133__sample_005556,2.0,1.0,192.0,1392.876899209174
197890__sample_005557,8.0,1.0,90.0,1392.9738379048188
104038__sample_005558,4.0,1.0,995.0,1393.3343438370737
464979__sample_005559,8.0,0.4,114.0,1394.140354921652
47119__sample_005560,2.0,0.2,32.0,1394.2211430028165
195489__sample_005561,8.0,1.0,1488.0,1394.2919049842983
12606__sample_005562,4.0,1.0,1767.0,1394.4992134921085
246299__sample_005563,8.0,1.0,3681.0,1394.9166218279393
368034__sample_005564,112.0,0.8,1050.0,1395.259745020785
247150__sample_005565,8.0,1.0,2301.0,1395.4649668090763
221395__sample_005566,8.0,1.0,8.0,1395.7144706192485
207763__sample_005567,32.0,1.0,471.0,1395.7837712323546
222304__sample_005568,8.0,1.0,138.0,1395.9254325827626
257748__sample_005569,8.0,1.0,1003.0,1395.9991480714937
387103__sample_005570,14.0,1.0,4321.0,1396.5385917781362
11355__sample_005571,4.0,1.0,1631.0,1396.5684438222033
144438__sample_005572,8.0,1.0,28.0,1396.853099785947
198651__sample_005573,8.0,1.0,1033.0,1396.928471752173
276081__sample_005574,8.0,1.0,1685.0,1397.089836114593
72848__sample_005575,2.0,1.0,306.0,1397.1787952171542
445862__sample_005576,8.0,0.4,1675.0,1397.2764068248448
308721__sample_005577,8.0,1.0,1835.0,1397.3518159081802
418305__sample_005578,12.0,1.0,552.0,1397.7011981376472
26061__sample_005579,20.0,1.0,622.0,1397.8150127001845
274797__sample_005580,8.0,1.0,1034.0,1398.1389954518281
374827__sample_005581,13.0,1.0,891.0,1398.2912290989218
319931__sample_005582,4.0,0.8,119.0,1398.4893307090085
26908__sample_005583,8.0,1.0,1789.0,1398.6852559929396
221429__sample_005584,8.0,1.0,8.0,1399.6161452438832
288166__sample_005585,8.0,0.2,691.0,1399.7304911258623
453343__sample_005586,15.0,1.0,812.0,1399.7886899001742
348570__sample_005587,28.0,0.2,516.0,1400.3957041354442
337172__sample_005588,12.0,1.0,347.0,1400.4437484131415
207478__sample_005589,16.0,1.0,457.0,1400.8933279142777
152097__sample_005590,8.0,1.0,989.0,1400.9340208591923
258074__sample_005591,8.0,1.0,1334.0,1401.2027870402562
445572__sample_005592,15.0,1.0,524.0,1401.243575885979
74296__sample_005593,2.0,1.0,132.0,1401.8848421395446
421795__sample_005594,14.0,1.0,144.0,1402.0929492117086
100330__sample_005595,4.0,1.0,3158.0,1402.1927977945409
47773__sample_005596,4.0,0.3,18.0,1402.2305973645184
208246__sample_005597,32.0,1.0,1278.0,1402.3465797872302
376433__sample_005598,52.0,0.4,729.0,1402.6517917471697
308235__sample_005599,8.0,1.0,2012.0,1402.7733050348781
340786__sample_005600,8.0,0.2,2561.0,1402.8439269768035
245268__sample_005601,8.0,1.0,1799.0,1403.0592648596994
390461__sample_005602,13.0,1.0,462.0,1403.194509555526
264485__sample_005603,16.0,0.2,2055.0,1403.2398319487033
268727__sample_005604,8.0,1.0,986.0,1403.2816373796002
254170__sample_005605,8.0,1.0,337.0,1403.5889275477984
43660__sample_005606,4.0,0.3,66.0,1404.5078877104547
102315__sample_005607,4.0,1.0,1520.0,1404.5742354936888
117726__sample_005608,8.0,1.0,11.0,1404.9451005199583
267095__sample_005609,8.0,0.4,994.0,1404.968021553597
34429__sample_005610,10.0,1.0,684.0,1405.0881667640313
249622__sample_005611,20.0,1.0,1704.0,1405.2648202027387
258037__sample_005612,8.0,1.0,1357.0,1405.3430691285046
267141__sample_005613,8.0,1.0,454.0,1405.531600628552
465976__sample_005614,60.0,0.8,888.0,1406.0671734466416
122091__sample_005615,8.0,1.0,15.0,1406.7897372184148
1002__sample_005616,4.0,0.1,815.0,1406.816232104767
290354__sample_005617,8.0,1.0,1118.0,1406.8955427607755
407425__sample_005618,92.0,0.4,1075.0,1407.8629503322738
107437__sample_005619,8.0,1.0,63.0,1407.9417713507978
276970__sample_005620,8.0,1.0,1213.0,1408.2367600337598
246092__sample_005621,8.0,1.0,2138.0,1408.3098344419955
106911__sample_005622,4.0,1.0,913.0,1408.4199905433875
12905__sample_005623,4.0,1.0,1609.0,1408.47306586255
156502__sample_005624,8.0,1.0,1619.0,1408.9580730710063
206030__sample_005625,4.0,1.0,3053.0,1409.4937190266583
356643__sample_005626,184.0,0.8,237.0,1409.581787511559
254745__sample_005627,4.0,0.2,179.0,1410.0155233743005
217437__sample_005628,8.0,1.0,10.0,1410.1264092363194
92041__sample_005629,2.0,1.0,54.0,1410.1524771309817
196708__sample_005630,8.0,1.0,43.0,1410.5072604544707
23159__sample_005631,5.0,1.0,495.0,1410.73412185147
45761__sample_005632,2.0,0.2,365.0,1410.8143048976879
190952__sample_005633,8.0,1.0,3544.0,1410.8872273343068
65805__sample_005634,2.0,1.0,210.0,1411.815759937388
199311__sample_005635,8.0,1.0,125.0,1412.311794670397
93962__sample_005636,2.0,1.0,418.0,1412.7267122567432
217461__sample_005637,8.0,1.0,67.0,1412.760958797582
209403__sample_005638,32.0,1.0,356.0,1413.1127742339356
128166__sample_005639,8.0,1.0,909.0,1413.1731457407318
196355__sample_005640,8.0,1.0,169.0,1414.120474804174
381704__sample_005641,184.0,0.8,4037.0,1414.1338485194944
151651__sample_005642,8.0,1.0,886.0,1414.2423680981613
26812__sample_005643,8.0,1.0,1738.0,1414.3823054777213
107936__sample_005644,8.0,1.0,31.0,1414.8169116916351
309146__sample_005645,8.0,0.4,1758.0,1415.1802583993751
199037__sample_005646,8.0,1.0,99.0,1415.2977561646849
166255__sample_005647,4.0,0.3,65.0,1415.5061806919489
212227__sample_005648,12.0,1.0,698.0,1415.957536536536
227016__sample_005649,8.0,1.0,9.0,1415.9621283470233
399926__sample_005650,112.0,0.8,588.0,1416.3672253834286
465631__sample_005651,16.0,0.2,3086.0,1417.1011012587335
130841__sample_005652,8.0,1.0,1132.0,1417.1092487208216
77037__sample_005653,2.0,1.0,3648.0,1417.1209118425872
280843__sample_005654,8.0,0.2,663.0,1417.2265064281473
462475__sample_005655,8.0,1.0,259.0,1417.2494720905265
406959__sample_005656,112.0,0.8,2767.0,1417.4126059110947
371894__sample_005657,112.0,0.8,2876.0,1417.738748272312
421973__sample_005658,56.0,0.4,1018.0,1417.9479444884373
135782__sample_005659,8.0,1.0,49.0,1418.0026178270589
114377__sample_005660,8.0,1.0,13.0,1418.2685338408196
152469__sample_005661,8.0,1.0,3942.0,1418.5572140348124
257949__sample_005662,8.0,1.0,1213.0,1419.2309208710474
145690__sample_005663,8.0,1.0,26.0,1419.2706102850316
402031__sample_005664,14.0,1.0,949.0,1419.5652971691766
337197__sample_005665,12.0,1.0,3426.0,1420.1712798389522
295165__sample_005666,8.0,1.0,1323.0,1420.3453499365976
119634__sample_005667,8.0,1.0,45.0,1420.457625702476
217195__sample_005668,8.0,1.0,25.0,1420.504433950284
447559__sample_005669,56.0,0.4,188.0,1421.0083852192704
371612__sample_005670,14.0,1.0,935.0,1421.1337057029511
50016__sample_005671,2.0,0.2,782.0,1421.7808809453197
367768__sample_005672,184.0,0.8,2256.0,1422.2514524146195
116677__sample_005673,8.0,1.0,21.0,1422.3696101246744
51495__sample_005674,2.0,0.2,192.0,1422.5828888247327
57226__sample_005675,2.0,1.0,119.0,1422.589776344348
387883__sample_005676,184.0,0.8,907.0,1422.6661433050656
188662__sample_005677,4.0,0.5,996.0,1422.9758472190708
397786__sample_005678,104.0,0.8,615.0,1423.2590790205659
200112__sample_005679,8.0,1.0,83.0,1423.3680740661719
129665__sample_005680,8.0,1.0,2992.0,1423.7814320073826
49507__sample_005681,2.0,0.2,211.0,1423.8486752376534
1638__sample_005682,4.0,0.1,306.0,1424.003310675371
33588__sample_005683,20.0,0.8,1463.0,1424.1632267983052
452191__sample_005684,112.0,0.8,500.0,1424.267415233036
44050__sample_005685,4.0,0.3,18.0,1425.040840284739
452741__sample_005686,14.0,1.0,215.0,1425.3390853405203
198307__sample_005687,8.0,1.0,547.0,1425.5327827723127
47137__sample_005688,2.0,0.2,486.0,1425.7113831852587
450069__sample_005689,14.0,1.0,4207.0,1425.7547621234849
59642__sample_005690,2.0,1.0,113.0,1425.871140314386
106602__sample_005691,4.0,1.0,1499.0,1426.1504158446678
449039__sample_005692,8.0,1.0,135.0,1426.7965541240626
391932__sample_005693,14.0,1.0,850.0,1427.220390316323
190520__sample_005694,15.0,1.0,844.0,1427.309698306784
219215__sample_005695,8.0,1.0,732.0,1427.4519694494486
1336__sample_005696,4.0,0.1,791.0,1427.473608915967
147242__sample_005697,8.0,1.0,729.0,1427.5005531973595
56978__sample_005698,2.0,1.0,99.0,1427.6593814622076
372133__sample_005699,104.0,0.8,1231.0,1427.84825384128
163952__sample_005700,4.0,0.3,2408.0,1427.924894335214
100074__sample_005701,4.0,1.0,4424.0,1428.1822470773711
305862__sample_005702,8.0,0.2,2534.0,1428.486073510366
268694__sample_005703,8.0,1.0,1192.0,1428.5749267781932
417758__sample_005704,12.0,1.0,2528.0,1428.930070318109
129219__sample_005705,8.0,1.0,2971.0,1428.9876139077126
170134__sample_005706,4.0,0.5,318.0,1429.1840673795691
340403__sample_005707,60.0,1.0,89.0,1429.5918363295584
10730__sample_005708,4.0,1.0,1624.0,1429.7843482917067
192689__sample_005709,2.0,1.0,408.0,1430.3807386793444
105553__sample_005710,4.0,1.0,926.0,1430.3958092394357
455600__sample_005711,8.0,0.4,549.0,1430.617682734641
287935__sample_005712,8.0,1.0,706.0,1430.823927283863
406000__sample_005713,14.0,1.0,127.0,1431.093889634691
408233__sample_005714,112.0,0.8,1540.0,1431.5419397843393
285738__sample_005715,8.0,0.2,2961.0,1431.8654625662757
227700__sample_005716,8.0,1.0,10.0,1432.2559613198603
340514__sample_005717,8.0,0.2,1283.0,1432.341167598025
213815__sample_005718,8.0,1.0,9.0,1432.4637181121964
88924__sample_005719,2.0,1.0,454.0,1432.7101128905
307475__sample_005720,8.0,1.0,1954.0,1432.9116702888266
439120__sample_005721,8.0,1.0,1639.0,1433.7233854505662
276653__sample_005722,8.0,1.0,1003.0,1433.775090606325
319112__sample_005723,4.0,0.8,112.0,1433.8832785011969
192713__sample_005724,2.0,1.0,399.0,1434.0958780526535
382633__sample_005725,144.0,0.8,2543.0,1434.6020477836223
13959__sample_005726,24.0,1.0,990.0,1435.264546855655
235502__sample_005727,12.0,1.0,2900.0,1435.3669288171811
460211__sample_005728,8.0,1.0,1405.0,1435.3842954009783
170005__sample_005729,4.0,0.5,233.0,1435.5211763171283
345767__sample_005730,13.0,1.0,2696.0,1435.6465371539657
174849__sample_005731,4.0,0.5,169.0,1436.7225641841974
175859__sample_005732,4.0,0.5,323.0,1436.863559805599
439786__sample_005733,8.0,1.0,99.0,1436.9547808710136
255056__sample_005734,4.0,0.2,954.0,1437.0684620578527
157838__sample_005735,8.0,1.0,119.0,1437.1948910166957
113025__sample_005736,8.0,1.0,17.0,1437.6257392502332
12380__sample_005737,4.0,1.0,2116.0,1437.6468605907912
377746__sample_005738,112.0,0.8,505.0,1437.741995324737
452945__sample_005739,14.0,1.0,148.0,1438.5896969031132
305074__sample_005740,8.0,1.0,1999.0,1438.6312408062802
102728__sample_005741,4.0,1.0,1314.0,1438.9705230857783
312046__sample_005742,4.0,1.0,1267.0,1439.0806900273624
463070__sample_005743,60.0,0.8,1662.0,1439.2986302480667
382029__sample_005744,28.0,0.2,346.0,1439.324844863635
50940__sample_005745,2.0,0.2,628.0,1439.4163140324106
174604__sample_005746,4.0,0.5,129.0,1439.590033672875
138705__sample_005747,8.0,1.0,30.0,1439.6559276363187
260876__sample_005748,16.0,0.2,1883.0,1439.8510781783302
74957__sample_005749,2.0,1.0,259.0,1439.913116387126
388382__sample_005750,13.0,1.0,3346.0,1440.1756437518916
335774__sample_005751,12.0,1.0,1330.0,1440.7624199920167
122546__sample_005752,8.0,1.0,29.0,1440.7847613385777
450117__sample_005753,14.0,1.0,270.0,1440.845794420433
278669__sample_005754,8.0,1.0,1342.0,1441.3109480875066
273801__sample_005755,8.0,1.0,1190.0,1441.5605630178957
81179__sample_005756,2.0,1.0,1151.0,1441.5810578283415
417554__sample_005757,12.0,1.0,2153.0,1441.7476111791968
211245__sample_005758,16.0,1.0,764.0,1441.8064653549543
145982__sample_005759,8.0,1.0,27.0,1441.861969025283
399108__sample_005760,23.0,1.0,1737.0,1442.5680252003722
385351__sample_005761,28.0,0.2,885.0,1442.926415247772
297491__sample_005762,8.0,1.0,2977.0,1443.224286846956
462908__sample_005763,8.0,1.0,558.0,1443.292543943664
9554__sample_005764,4.0,1.0,2148.0,1443.3240973399777
127072__sample_005765,8.0,1.0,1855.0,1443.8357588915383
224767__sample_005766,8.0,1.0,10.0,1443.8372331220537
6770__sample_005767,4.0,0.5,123.0,1443.9600282630413
61433__sample_005768,2.0,1.0,88.0,1444.0413266591815
40523__sample_005769,4.0,0.3,16.0,1444.252537993622
53911__sample_005770,2.0,1.0,83.0,1444.3246280478354
160753__sample_005771,8.0,1.0,20.0,1444.4178310744787
345453__sample_005772,112.0,0.8,1191.0,1444.892177504515
191392__sample_005773,8.0,1.0,2871.0,1445.1232511888013
122593__sample_005774,8.0,1.0,60.0,1445.1626142904056
133843__sample_005775,8.0,1.0,24.0,1445.4867016946089
125826__sample_005776,8.0,1.0,21.0,1445.5448295180522
180259__sample_005777,4.0,0.5,320.0,1445.6866806856463
243878__sample_005778,8.0,1.0,1801.0,1445.946724484912
34545__sample_005779,8.0,1.0,1511.0,1446.0260638464777
111941__sample_005780,8.0,1.0,24.0,1446.1472342792106
382404__sample_005781,92.0,0.4,1730.0,1446.4784396602818
428656__sample_005782,15.0,1.0,2945.0,1447.173236082593
104335__sample_005783,4.0,1.0,1038.0,1447.36159048538
160420__sample_005784,8.0,1.0,11.0,1447.364095739036
453108__sample_005785,28.0,0.2,6.0,1447.467393363813
124326__sample_005786,8.0,1.0,175.0,1447.5945313892096
56719__sample_005787,2.0,1.0,87.0,1447.6980974232765
173356__sample_005788,4.0,0.5,196.0,1447.8413918845888
199818__sample_005789,8.0,1.0,63.0,1448.0917629980968
259527__sample_005790,16.0,0.2,1728.0,1448.1240420087572
133569__sample_005791,8.0,1.0,3605.0,1448.2036221811727
439077__sample_005792,12.0,1.0,40.0,1448.380762567636
162754__sample_005793,16.0,1.0,910.0,1448.475556001987
327822__sample_005794,12.0,1.0,2112.0,1449.6555704912864
409045__sample_005795,104.0,0.8,1922.0,1449.7967288469242
101869__sample_005796,4.0,1.0,3155.0,1450.3063981090245
362434__sample_005797,78.0,0.6,250.0,1450.873467784244
107696__sample_005798,8.0,1.0,30.0,1451.3254506675696
60907__sample_005799,2.0,1.0,87.0,1451.3374590684261
287873__sample_005800,16.0,0.2,3087.0,1452.0753722777358
275031__sample_005801,8.0,0.2,2195.0,1452.10982672272
267958__sample_005802,8.0,1.0,921.0,1452.1185790642598
259914__sample_005803,16.0,0.2,3740.0,1452.2523456689137
159834__sample_005804,8.0,1.0,25.0,1452.3064602907084
120503__sample_005805,8.0,1.0,28.0,1452.3573557402588
154646__sample_005806,8.0,1.0,350.0,1452.4422117521733
447050__sample_005807,112.0,0.8,2813.0,1452.5136013694791
457455__sample_005808,8.0,1.0,2120.0,1452.8022347029835
384210__sample_005809,112.0,0.8,492.0,1452.853922275825
64127__sample_005810,2.0,1.0,593.0,1453.0497549746046
407768__sample_005811,112.0,0.8,1687.0,1454.124664803615
392407__sample_005812,160.0,0.8,583.0,1454.2662416444512
119949__sample_005813,8.0,1.0,43.0,1454.5229586221203
314631__sample_005814,4.0,1.0,2278.0,1455.394416155548
119308__sample_005815,8.0,1.0,38.0,1455.4314364806014
430671__sample_005816,12.0,1.0,878.0,1455.567018567306
463298__sample_005817,16.0,1.0,218.0,1456.0416194363502
101041__sample_005818,4.0,1.0,1665.0,1456.7148076970223
269308__sample_005819,8.0,1.0,1356.0,1456.9446541123043
41804__sample_005820,4.0,0.3,99.0,1456.9833561787093
171302__sample_005821,4.0,0.5,125.0,1457.5627087498513
113629__sample_005822,8.0,1.0,20.0,1457.6106340720246
71982__sample_005823,2.0,1.0,128.0,1457.7194391233465
280519__sample_005824,8.0,1.0,966.0,1457.837143304381
184396__sample_005825,4.0,0.5,318.0,1457.9853744577194
5247__sample_005826,4.0,0.5,2082.0,1458.375733872678
74686__sample_005827,2.0,1.0,1032.0,1458.7807882968295
289792__sample_005828,8.0,1.0,1279.0,1459.098721935031
327008__sample_005829,12.0,1.0,1211.0,1459.1043162316664
364059__sample_005830,184.0,0.8,379.0,1459.3123295377716
62879__sample_005831,2.0,1.0,149.0,1459.6564085710606
24847__sample_005832,64.0,0.8,4582.0,1459.803436608555
410064__sample_005833,16.0,1.0,2635.0,1460.5282515979934
192042__sample_005834,15.0,1.0,21.0,1460.9623004186974
97521__sample_005835,2.0,1.0,372.0,1461.2164352978539
351516__sample_005836,56.0,0.4,398.0,1461.2325499779163
167890__sample_005837,4.0,0.3,414.0,1461.4966870426244
4202__sample_005838,4.0,0.5,409.0,1462.1031001878478
174273__sample_005839,4.0,0.5,43.0,1462.2223856037263
231238__sample_005840,4.0,1.0,2565.0,1462.677629938185
174718__sample_005841,4.0,0.5,239.0,1462.771543831805
417232__sample_005842,12.0,1.0,3159.0,1462.9825964098177
360956__sample_005843,112.0,0.8,135.0,1463.2439290510363
388408__sample_005844,184.0,0.8,1366.0,1463.5272261315984
252728__sample_005845,4.0,1.0,2308.0,1464.0626603143644
227764__sample_005846,8.0,1.0,10.0,1464.1295067639644
29080__sample_005847,10.0,1.0,1883.0,1464.2055848571881
197080__sample_005848,8.0,1.0,662.0,1464.509968438479
420081__sample_005849,12.0,1.0,947.0,1464.5587270887688
200433__sample_005850,8.0,1.0,47.0,1464.714758521789
245659__sample_005851,8.0,1.0,1809.0,1464.7198179702204
129182__sample_005852,8.0,1.0,961.0,1464.7578085458606
300412__sample_005853,8.0,1.0,1842.0,1465.041767475613
376283__sample_005854,112.0,0.8,246.0,1465.385815469715
346034__sample_005855,184.0,0.8,2101.0,1465.4164475168402
249917__sample_005856,20.0,1.0,1954.0,1465.4810461592594
233576__sample_005857,13.0,0.4,1497.0,1465.507082152839
107910__sample_005858,8.0,1.0,37.0,1465.649113242904
447889__sample_005859,12.0,1.0,799.0,1465.6828151719542
273054__sample_005860,8.0,1.0,1129.0,1465.8265655655773
311501__sample_005861,4.0,1.0,959.0,1466.155849313532
186273__sample_005862,4.0,0.5,388.0,1466.4433693708531
86864__sample_005863,2.0,1.0,1409.0,1466.5256553300164
81189__sample_005864,2.0,1.0,212.0,1466.805687776569
288184__sample_005865,8.0,1.0,1405.0,1467.462462513945
255605__sample_005866,8.0,0.2,1104.0,1467.5692078927766
81846__sample_005867,2.0,1.0,119.0,1467.6689988262965
10833__sample_005868,4.0,1.0,1650.0,1467.8808291714936
454487__sample_005869,8.0,1.0,4377.0,1467.9512547717632
154573__sample_005870,8.0,1.0,30.0,1468.2148406601561
54679__sample_005871,2.0,1.0,426.0,1468.66117832854
441906__sample_005872,14.0,1.0,411.0,1468.814909555419
149547__sample_005873,8.0,1.0,4075.0,1469.0993835198124
117775__sample_005874,8.0,1.0,18.0,1469.3631894227324
241250__sample_005875,96.0,0.8,565.0,1469.3730476527296
134714__sample_005876,8.0,1.0,27.0,1469.42370411653
214787__sample_005877,8.0,1.0,10.0,1469.983677126713
135216__sample_005878,8.0,1.0,33.0,1470.682455851721
423343__sample_005879,12.0,1.0,841.0,1471.0614878755346
343015__sample_005880,14.0,1.0,464.0,1471.696851247598
102067__sample_005881,4.0,1.0,928.0,1471.7882256315545
276628__sample_005882,8.0,1.0,1188.0,1471.8593843022634
22643__sample_005883,10.0,1.0,2723.0,1471.980633240187
57415__sample_005884,2.0,1.0,84.0,1471.9948663202417
357250__sample_005885,112.0,0.8,2777.0,1472.4098802566768
101208__sample_005886,4.0,1.0,2222.0,1473.4464289982775
410247__sample_005887,16.0,1.0,1971.0,1473.8807884313012
216846__sample_005888,8.0,1.0,8.0,1474.0831948240648
144062__sample_005889,8.0,1.0,60.0,1474.1706842026413
33027__sample_005890,16.0,0.8,2597.0,1474.225751713759
91773__sample_005891,2.0,1.0,152.0,1474.3389156076478
26129__sample_005892,30.0,0.8,959.0,1474.6137959302303
272221__sample_005893,8.0,1.0,1353.0,1474.7619230791463
133360__sample_005894,8.0,1.0,557.0,1475.4416749073637
432171__sample_005895,112.0,0.8,227.0,1475.9230896562776
360592__sample_005896,14.0,1.0,2325.0,1475.9500975138894
207789__sample_005897,32.0,1.0,641.0,1475.9853516980818
428807__sample_005898,112.0,0.8,2631.0,1476.2672892635937
303000__sample_005899,8.0,1.0,2867.0,1476.3328800564543
67864__sample_005900,2.0,1.0,879.0,1476.7242710538155
252425__sample_005901,20.0,1.0,4302.0,1476.948000093855
266350__sample_005902,8.0,1.0,1050.0,1477.0132862674795
429232__sample_005903,16.0,1.0,124.0,1477.1761373328254
62551__sample_005904,2.0,1.0,4177.0,1477.3063884343746
8962__sample_005905,4.0,1.0,2763.0,1477.8225943786765
58894__sample_005906,2.0,1.0,1001.0,1477.8307671416376
87533__sample_005907,2.0,1.0,35.0,1478.3962332546603
277864__sample_005908,8.0,1.0,988.0,1478.6601808601401
275982__sample_005909,8.0,1.0,1357.0,1478.9945932811172
260699__sample_005910,8.0,0.2,2458.0,1478.9952459983037
61438__sample_005911,2.0,1.0,115.0,1479.2426223162586
38651__sample_005912,4.0,1.0,39.0,1479.4646004751082
86285__sample_005913,2.0,1.0,73.0,1479.657218547547
165711__sample_005914,4.0,0.3,552.0,1480.0425078706717
313965__sample_005915,4.0,1.0,1699.0,1480.2454179794852
231160__sample_005916,4.0,1.0,3290.0,1480.7318156112499
193632__sample_005917,4.0,1.0,1667.0,1480.7980126442487
359026__sample_005918,112.0,0.8,399.0,1481.2079644883431
385480__sample_005919,112.0,0.8,308.0,1481.2573677902924
465757__sample_005920,14.0,1.0,1029.0,1481.6766869813368
114413__sample_005921,8.0,1.0,13.0,1482.3819784876832
107381__sample_005922,8.0,1.0,113.0,1482.4842316393112
11380__sample_005923,4.0,1.0,2351.0,1482.672926821406
413248__sample_005924,48.0,1.0,1746.0,1482.9414035864866
458755__sample_005925,14.0,1.0,155.0,1482.9621054608683
131461__sample_005926,8.0,1.0,4129.0,1483.132449997009
410386__sample_005927,16.0,1.0,1980.0,1483.24425038364
116970__sample_005928,8.0,1.0,32.0,1483.7590731298233
148640__sample_005929,8.0,1.0,42.0,1484.2823153231195
121223__sample_005930,8.0,1.0,40.0,1484.583958985958
354817__sample_005931,14.0,1.0,125.0,1484.8505372350187
308234__sample_005932,8.0,1.0,1718.0,1485.181309347468
384699__sample_005933,13.0,1.0,4087.0,1485.2952307634378
367806__sample_005934,56.0,0.4,1038.0,1485.424827316195
76400__sample_005935,2.0,1.0,730.0,1485.6265209386254
39457__sample_005936,4.0,1.0,482.0,1486.3217896046365
321297__sample_005937,4.0,1.0,4290.0,1486.6436280939306
402108__sample_005938,112.0,0.8,467.0,1486.8438052032245
210685__sample_005939,8.0,1.0,1954.0,1487.2116735285329
378892__sample_005940,14.0,1.0,176.0,1487.3275359418144
267160__sample_005941,8.0,1.0,347.0,1487.6553017764045
447834__sample_005942,12.0,1.0,3704.0,1487.7874966721502
364191__sample_005943,112.0,0.8,164.0,1487.86950514952
420802__sample_005944,12.0,1.0,1585.0,1488.1047304544231
111207__sample_005945,8.0,1.0,32.0,1488.3950206998502
85783__sample_005946,2.0,1.0,311.0,1488.5487403934403
94543__sample_005947,2.0,1.0,550.0,1488.7571306478128
214526__sample_005948,8.0,1.0,35.0,1489.0532271806248
294921__sample_005949,8.0,1.0,1399.0,1489.418169408092
303152__sample_005950,8.0,1.0,1650.0,1489.9829825210877
287145__sample_005951,8.0,1.0,1495.0,1490.0924321597868
334089__sample_005952,12.0,1.0,611.0,1490.8488628041973
262665__sample_005953,8.0,1.0,730.0,1491.102393696383
88693__sample_005954,2.0,1.0,111.0,1491.4898346409875
16765__sample_005955,64.0,1.0,1029.0,1491.7906354523502
149351__sample_005956,8.0,1.0,16.0,1491.848168595956
427576__sample_005957,16.0,1.0,2156.0,1491.8666982305876
359528__sample_005958,13.0,1.0,557.0,1492.1906165327416
113370__sample_005959,8.0,1.0,22.0,1492.369491657844
168584__sample_005960,4.0,0.5,168.0,1492.6723361704187
376906__sample_005961,104.0,0.8,272.0,1492.8343044939065
268092__sample_005962,8.0,1.0,997.0,1492.927881336871
142989__sample_005963,8.0,1.0,53.0,1493.0117557830004
86515__sample_005964,2.0,1.0,107.0,1493.3395823129374
139767__sample_005965,8.0,1.0,81.0,1493.420592794953
355377__sample_005966,56.0,0.4,1816.0,1493.7341260336375
357799__sample_005967,23.0,1.0,400.0,1493.8552369305223
176639__sample_005968,4.0,0.5,35.0,1494.2236343616594
336995__sample_005969,12.0,1.0,368.0,1494.2621582603488
153479__sample_005970,8.0,1.0,463.0,1494.3195052443418
375772__sample_005971,23.0,1.0,829.0,1494.6090254499031
271409__sample_005972,8.0,1.0,1233.0,1494.8144019407162
18181__sample_005973,16.0,1.0,912.0,1494.8714027579445
44185__sample_005974,4.0,0.3,98.0,1495.4542183840847
350992__sample_005975,52.0,0.4,1412.0,1495.5349400703633
432663__sample_005976,15.0,1.0,3344.0,1495.671584100852
131269__sample_005977,8.0,1.0,3700.0,1495.7280859948673
159895__sample_005978,8.0,1.0,52.0,1495.8508530262416
232187__sample_005979,4.0,1.0,2479.0,1496.0199977010584
397976__sample_005980,104.0,0.8,1623.0,1496.107474693438
69502__sample_005981,2.0,1.0,304.0,1496.4739104840319
320412__sample_005982,20.0,1.0,2266.0,1496.5991016597156
423351__sample_005983,56.0,0.4,1196.0,1496.9259816971664
311037__sample_005984,4.0,1.0,958.0,1496.983987466445
261370__sample_005985,8.0,1.0,1804.0,1497.1023039011984
63052__sample_005986,2.0,1.0,185.0,1497.104326634296
343915__sample_005987,112.0,0.8,308.0,1497.4596905527662
61164__sample_005988,2.0,1.0,131.0,1497.7054896621323
387163__sample_005989,112.0,0.8,4207.0,1498.1311842422763
146006__sample_005990,8.0,1.0,80.0,1498.2832069485016
425610__sample_005991,12.0,1.0,191.0,1498.685242441275
399808__sample_005992,184.0,0.8,197.0,1498.945977154349
385246__sample_005993,13.0,1.0,369.0,1498.9468820230836
46552__sample_005994,2.0,0.2,167.0,1499.020037015737
221361__sample_005995,8.0,1.0,10.0,1499.1902879941829
45205__sample_005996,2.0,0.2,177.0,1499.4313219031671
6371__sample_005997,4.0,0.5,432.0,1499.4482821257347
238711__sample_005998,20.0,1.0,379.0,1499.7535448513222
65971__sample_005999,2.0,1.0,165.0,1499.9496062655412
344727__sample_006000,120.0,0.8,526.0,1500.1361268825947
221985__sample_006001,8.0,1.0,12.0,1500.2224707663333
191215__sample_006002,12.0,1.0,2699.0,1500.4483286452983
58224__sample_006003,2.0,1.0,87.0,1500.4552981183192
266207__sample_006004,8.0,0.4,611.0,1500.4720201930463
101659__sample_006005,4.0,1.0,1129.0,1500.8029628669187
139327__sample_006006,8.0,1.0,1308.0,1500.900074802452
81876__sample_006007,2.0,1.0,101.0,1501.006606735152
183566__sample_006008,4.0,0.5,759.0,1501.0650268284596
157635__sample_006009,8.0,1.0,48.0,1501.2125033672635
138168__sample_006010,8.0,1.0,15.0,1501.2258518292285
106327__sample_006011,4.0,1.0,969.0,1501.3151503215847
9103__sample_006012,4.0,1.0,2192.0,1501.502380800557
148963__sample_006013,8.0,1.0,45.0,1501.659048398557
241645__sample_006014,64.0,0.8,26.0,1503.66288265918
430272__sample_006015,15.0,1.0,229.0,1503.785950961486
324027__sample_006016,12.0,1.0,4028.0,1503.9082981635831
395614__sample_006017,112.0,0.8,1255.0,1504.0833822927946
251790__sample_006018,20.0,1.0,1701.0,1504.1361561206847
78868__sample_006019,2.0,1.0,301.0,1504.6586390596233
72104__sample_006020,2.0,1.0,3034.0,1504.8709535481566
45331__sample_006021,2.0,0.2,441.0,1504.9242851596982
77488__sample_006022,2.0,1.0,82.0,1505.3185781737177
433929__sample_006023,28.0,0.2,535.0,1505.3273120153103
155282__sample_006024,8.0,1.0,13.0,1506.3396194525026
212102__sample_006025,12.0,1.0,102.0,1506.8405162765796
26993__sample_006026,8.0,1.0,1885.0,1507.0571769007665
457164__sample_006027,12.0,0.5,552.0,1507.08667457022
195980__sample_006028,8.0,1.0,337.0,1507.147279346091
269263__sample_006029,8.0,1.0,760.0,1507.229209318302
257__sample_006030,4.0,0.1,928.0,1507.2981581477723
224020__sample_006031,8.0,1.0,11.0,1507.4702080131822
65775__sample_006032,2.0,1.0,131.0,1508.193323163888
370278__sample_006033,184.0,0.8,825.0,1508.340147523182
193287__sample_006034,48.0,1.0,1953.0,1508.6110030113698
261934__sample_006035,8.0,1.0,1525.0,1508.902658783953
151903__sample_006036,8.0,1.0,61.0,1509.415772479991
358675__sample_006037,20.0,1.0,241.0,1509.4243740948325
313210__sample_006038,4.0,1.0,2108.0,1509.5538912338743
254694__sample_006039,4.0,0.2,4197.0,1509.937862729292
417988__sample_006040,12.0,1.0,1299.0,1510.359532947822
35309__sample_006041,8.0,1.0,1058.0,1511.0149986033177
260119__sample_006042,8.0,1.0,1031.0,1511.3183313504644
168109__sample_006043,4.0,0.3,1272.0,1511.3886417136268
324348__sample_006044,12.0,1.0,4567.0,1511.5647775529205
66280__sample_006045,2.0,1.0,126.0,1511.5729975423542
58783__sample_006046,2.0,1.0,217.0,1511.8332686030865
206058__sample_006047,4.0,1.0,3725.0,1512.0352932169199
180314__sample_006048,4.0,0.5,180.0,1512.3100735320338
14306__sample_006049,48.0,1.0,1077.0,1512.9753910222876
103919__sample_006050,4.0,1.0,1260.0,1513.26600007796
189075__sample_006051,15.0,1.0,3453.0,1513.3625811684906
405135__sample_006052,112.0,0.8,2693.0,1513.417972575173
23650__sample_006053,4.0,1.0,1595.0,1513.9001015152107
461194__sample_006054,8.0,1.0,981.0,1513.9541224426698
270524__sample_006055,8.0,1.0,1055.0,1513.9981902908492
188309__sample_006056,4.0,0.5,716.0,1514.056051040221
413260__sample_006057,48.0,1.0,622.0,1514.2337978065916
243146__sample_006058,8.0,1.0,1864.0,1514.2669486033794
97041__sample_006059,2.0,1.0,29.0,1514.962581422271
39073__sample_006060,4.0,1.0,98.0,1515.8098026002328
340921__sample_006061,8.0,0.2,2029.0,1516.7203192519103
341213__sample_006062,14.0,1.0,3066.0,1516.7302969389566
353203__sample_006063,112.0,0.8,833.0,1517.4609058981225
112544__sample_006064,8.0,1.0,71.0,1518.950406824273
138292__sample_006065,8.0,1.0,55.0,1519.664091376674
441796__sample_006066,14.0,1.0,576.0,1519.9419693388454
281614__sample_006067,8.0,1.0,1086.0,1520.243989774468
304268__sample_006068,8.0,1.0,2044.0,1520.276588977785
88579__sample_006069,2.0,1.0,34.0,1520.7950474554034
158191__sample_006070,8.0,1.0,11.0,1520.8104204695528
128349__sample_006071,8.0,1.0,430.0,1520.9060031211106
259218__sample_006072,8.0,1.0,1042.0,1522.0878840535338
349754__sample_006073,184.0,0.8,2428.0,1522.2250712625712
223962__sample_006074,8.0,1.0,11.0,1522.260219248644
396658__sample_006075,184.0,0.8,1157.0,1523.1310489398643
86110__sample_006076,2.0,1.0,107.0,1524.1670321419651
413020__sample_006077,48.0,1.0,439.0,1524.2188013105106
448185__sample_006078,28.0,0.2,283.0,1524.7190583822419
221019__sample_006079,8.0,1.0,9.0,1524.8428060172657
402910__sample_006080,92.0,0.4,1480.0,1524.9628673775621
135777__sample_006081,8.0,1.0,60.0,1525.0390566780954
392438__sample_006082,13.0,1.0,282.0,1525.050491829866
461672__sample_006083,8.0,1.0,276.0,1525.1284885893385
256855__sample_006084,8.0,0.2,601.0,1525.1423078164075
77554__sample_006085,2.0,1.0,34.0,1525.7877901431566
418690__sample_006086,12.0,1.0,1725.0,1526.0587609710944
49011__sample_006087,2.0,0.2,124.0,1526.6030193819026
439602__sample_006088,8.0,0.2,2873.0,1526.918853394957
201671__sample_006089,8.0,1.0,424.0,1526.9540389760916
68256__sample_006090,2.0,1.0,318.0,1527.6598265439764
355055__sample_006091,14.0,1.0,2503.0,1528.235205594174
108350__sample_006092,8.0,1.0,15.0,1528.3421624461141
39774__sample_006093,4.0,1.0,27.0,1528.3717269852152
422545__sample_006094,12.0,1.0,1828.0,1528.6762066772374
227980__sample_006095,8.0,1.0,11.0,1529.0020272808795
375009__sample_006096,112.0,0.8,4419.0,1529.5698692578299
396134__sample_006097,104.0,0.8,200.0,1529.5833924441952
1122__sample_006098,4.0,0.1,625.0,1529.6215939596775
175314__sample_006099,4.0,0.5,203.0,1529.8495745271057
211737__sample_006100,8.0,1.0,1026.0,1530.0908998374437
174177__sample_006101,4.0,0.5,134.0,1530.0994466999707
215834__sample_006102,8.0,1.0,11.0,1530.2258780509198
135153__sample_006103,8.0,1.0,13.0,1530.445242768775
186881__sample_006104,4.0,0.5,1270.0,1530.780010871122
30070__sample_006105,20.0,0.8,421.0,1530.8750152949342
125124__sample_006106,8.0,1.0,407.0,1531.0403806704244
81042__sample_006107,2.0,1.0,360.0,1531.4609565857304
100928__sample_006108,4.0,1.0,1659.0,1532.230165400958
291524__sample_006109,8.0,1.0,1383.0,1532.2956087802079
213245__sample_006110,8.0,1.0,7.0,1532.3685454291763
25209__sample_006111,32.0,0.8,774.0,1533.0711417014652
113736__sample_006112,8.0,1.0,38.0,1533.197150199085
378337__sample_006113,112.0,0.8,1584.0,1533.5139212402999
344741__sample_006114,28.0,0.2,3008.0,1533.7507796783764
34384__sample_006115,20.0,0.8,596.0,1533.8348534293862
353326__sample_006116,184.0,0.8,3426.0,1534.0998664416932
174069__sample_006117,4.0,0.5,92.0,1534.3663295670262
92339__sample_006118,2.0,1.0,417.0,1534.5907233004539
432170__sample_006119,112.0,0.8,2041.0,1534.6169692317974
186950__sample_006120,4.0,0.5,1238.0,1535.9502907782044
173851__sample_006121,4.0,0.5,166.0,1536.0781707698839
135090__sample_006122,8.0,1.0,32.0,1536.3323719292455
285782__sample_006123,8.0,1.0,3087.0,1536.874739081725
47050__sample_006124,2.0,0.2,32.0,1537.012342361084
363024__sample_006125,112.0,0.8,256.0,1537.38406454299
204117__sample_006126,48.0,1.0,206.0,1538.2763894929208
82948__sample_006127,2.0,1.0,436.0,1538.3875455052118
43776__sample_006128,4.0,0.3,114.0,1538.5174572640403
270216__sample_006129,8.0,0.2,1788.0,1539.1074474204554
283878__sample_006130,8.0,1.0,1018.0,1539.1509295004894
64732__sample_006131,2.0,1.0,107.0,1539.158182409358
316872__sample_006132,4.0,1.0,2020.0,1539.7571016065567
312766__sample_006133,12.0,1.0,1750.0,1540.188021563974
300863__sample_006134,8.0,1.0,1947.0,1541.0871698657973
292217__sample_006135,8.0,1.0,737.0,1541.1021704806797
181794__sample_006136,4.0,0.5,946.0,1541.1446237090845
302759__sample_006137,8.0,1.0,1929.0,1541.1724439215182
386839__sample_006138,56.0,0.4,414.0,1541.4599856934296
167100__sample_006139,4.0,0.3,1069.0,1541.692843177904
102886__sample_006140,4.0,1.0,1249.0,1541.8041554006038
207372__sample_006141,16.0,1.0,497.0,1541.8189399441019
336014__sample_006142,120.0,0.8,2766.0,1542.0741181328144
409825__sample_006143,16.0,1.0,3028.0,1542.2851807096893
121164__sample_006144,8.0,1.0,12.0,1542.3151310054868
119797__sample_006145,8.0,1.0,22.0,1542.9141070069613
29911__sample_006146,20.0,0.8,583.0,1542.9695648943252
344211__sample_006147,112.0,0.8,1548.0,1543.3097304682954
438806__sample_006148,112.0,0.8,521.0,1543.850601228942
399303__sample_006149,14.0,1.0,1083.0,1544.0671640604855
453727__sample_006150,8.0,1.0,129.0,1544.1380364140698
69451__sample_006151,2.0,1.0,546.0,1544.2305302063558
105924__sample_006152,4.0,1.0,1239.0,1544.7728663720395
352751__sample_006153,184.0,0.8,349.0,1544.8614134374627
223447__sample_006154,8.0,1.0,8.0,1545.204206244369
405665__sample_006155,13.0,1.0,3039.0,1546.3596635966219
47540__sample_006156,2.0,0.2,2902.0,1548.5107866072494
113955__sample_006157,8.0,1.0,31.0,1548.701400069141
402739__sample_006158,23.0,1.0,1174.0,1549.1393749007977
226120__sample_006159,8.0,1.0,9.0,1550.2969935126778
396748__sample_006160,23.0,1.0,263.0,1550.4143636101544
56240__sample_006161,2.0,1.0,145.0,1550.4870886163055
372715__sample_006162,56.0,0.4,279.0,1550.5174140524005
118371__sample_006163,8.0,1.0,14.0,1550.5553814344134
120824__sample_006164,8.0,1.0,14.0,1551.035660099205
382531__sample_006165,112.0,0.8,1563.0,1551.25778223549
82760__sample_006166,2.0,1.0,149.0,1551.7750742104572
82082__sample_006167,2.0,1.0,79.0,1552.1645882841697
25807__sample_006168,32.0,0.8,4058.0,1552.4446069993842
311781__sample_006169,4.0,1.0,527.0,1552.6795686200587
316577__sample_006170,4.0,1.0,4229.0,1552.6919551948974
108982__sample_006171,8.0,1.0,21.0,1553.206424519482
402978__sample_006172,14.0,1.0,165.0,1553.3416778935773
165708__sample_006173,4.0,0.3,344.0,1553.546801956981
316153__sample_006174,4.0,1.0,4461.0,1553.552351473477
253766__sample_006175,8.0,1.0,89.0,1554.2398568040326
154493__sample_006176,8.0,1.0,30.0,1554.8224498577415
135532__sample_006177,8.0,1.0,21.0,1555.0183699711893
228632__sample_006178,8.0,1.0,10.0,1555.2336499944108
417738__sample_006179,12.0,1.0,1340.0,1555.5388595622796
392429__sample_006180,52.0,0.4,842.0,1555.6157270020328
251200__sample_006181,20.0,1.0,2230.0,1555.67845707868
305756__sample_006182,8.0,1.0,1942.0,1555.9586891507902
181131__sample_006183,4.0,0.5,212.0,1555.9862607651094
87013__sample_006184,2.0,1.0,65.0,1556.137573232972
70635__sample_006185,2.0,1.0,122.0,1556.3072661955996
358708__sample_006186,13.0,1.0,2929.0,1556.4273148315326
169510__sample_006187,4.0,0.5,161.0,1556.4785388989892
39285__sample_006188,4.0,1.0,134.0,1556.5882877526706
210391__sample_006189,8.0,1.0,2137.0,1556.6912430390018
26144__sample_006190,30.0,0.8,488.0,1556.8641629408194
104234__sample_006191,4.0,1.0,966.0,1557.1449000789723
291246__sample_006192,8.0,1.0,1362.0,1558.007248607228
417991__sample_006193,12.0,1.0,1879.0,1558.0461675186111
86540__sample_006194,2.0,1.0,410.0,1558.5620932499974
2996__sample_006195,8.0,0.5,58.0,1558.6456741867037
218488__sample_006196,8.0,1.0,10.0,1558.869412175861
95721__sample_006197,2.0,1.0,30.0,1559.067232834175
406521__sample_006198,184.0,0.8,1118.0,1559.2707501039774
195901__sample_006199,8.0,1.0,78.0,1559.5920084136505
80470__sample_006200,2.0,1.0,469.0,1559.712199060911
206820__sample_006201,32.0,1.0,581.0,1559.8082840040363
200909__sample_006202,8.0,1.0,257.0,1560.2873334971507
333912__sample_006203,56.0,0.4,437.0,1560.3494793004577
252568__sample_006204,20.0,1.0,1978.0,1560.3991670577698
161666__sample_006205,8.0,1.0,44.0,1560.4030996865197
231829__sample_006206,4.0,1.0,2973.0,1560.4622131792096
193820__sample_006207,4.0,1.0,624.0,1560.644941762196
438639__sample_006208,8.0,1.0,1704.0,1560.8382648751185
256907__sample_006209,8.0,1.0,1351.0,1560.9116632498224
179465__sample_006210,4.0,0.5,136.0,1560.930418007748
87265__sample_006211,2.0,1.0,511.0,1561.2716890285592
287761__sample_006212,8.0,0.2,1038.0,1561.6263679517012
417544__sample_006213,12.0,1.0,1864.0,1563.1603629676902
117298__sample_006214,8.0,1.0,22.0,1563.7360831782078
320009__sample_006215,4.0,0.8,125.0,1564.3872154900553
254198__sample_006216,8.0,1.0,850.0,1564.7873397723902
87888__sample_006217,2.0,1.0,232.0,1565.0262945001614
180838__sample_006218,4.0,0.5,312.0,1565.0606925374925
418936__sample_006219,12.0,1.0,1013.0,1565.3041151015625
405517__sample_006220,26.0,0.2,963.0,1565.3185106905362
415134__sample_006221,8.2,0.5,845.0,1565.859867567183
209189__sample_006222,32.0,1.0,375.0,1566.024226363149
354710__sample_006223,23.0,1.0,803.0,1566.3231224116223
360006__sample_006224,160.0,0.8,445.0,1566.3365368713673
331725__sample_006225,12.0,1.0,125.0,1566.5275625922184
363208__sample_006226,112.0,0.8,215.0,1566.6171829494
148279__sample_006227,8.0,1.0,11.0,1566.7010400378224
339829__sample_006228,16.0,0.4,135.0,1566.8244731394693
324347__sample_006229,12.0,1.0,89.0,1566.82463305582
95433__sample_006230,2.0,1.0,66.0,1566.9817825089965
254725__sample_006231,4.0,0.2,66.0,1567.1484412887505
171884__sample_006232,4.0,0.5,854.0,1567.6456238887724
279725__sample_006233,8.0,1.0,1403.0,1567.7944138574017
429480__sample_006234,15.0,1.0,385.0,1567.9073786843358
70782__sample_006235,2.0,1.0,3045.0,1569.219620113035
133164__sample_006236,8.0,1.0,3240.0,1569.4313190490036
262576__sample_006237,8.0,1.0,1001.0,1569.591274311551
105485__sample_006238,4.0,1.0,929.0,1569.7625372382035
27611__sample_006239,4.0,1.0,1064.0,1570.1766451140359
257092__sample_006240,8.0,1.0,711.0,1570.2807803067608
242460__sample_006241,4.0,1.0,3231.0,1570.4040105510999
306248__sample_006242,8.0,1.0,1926.0,1570.756527593406
328595__sample_006243,12.0,1.0,2872.0,1570.775473636581
9709__sample_006244,4.0,1.0,3998.0,1571.2764072139603
71377__sample_006245,2.0,1.0,1162.0,1571.4170258612692
166462__sample_006246,4.0,0.3,4321.0,1571.6346718185648
183089__sample_006247,4.0,0.5,152.0,1571.9888356338413
121204__sample_006248,8.0,1.0,1543.0,1572.0661648818132
317468__sample_006249,4.0,0.8,140.0,1572.6186987417823
163936__sample_006250,4.0,0.3,2130.0,1573.5871996424871
23830__sample_006251,4.0,1.0,2707.0,1573.7576398857284
436065__sample_006252,15.0,1.0,368.0,1574.4485465958921
460998__sample_006253,8.0,1.0,116.0,1574.4488289108674
364109__sample_006254,14.0,1.0,360.0,1575.0104695062396
140042__sample_006255,8.0,1.0,391.0,1575.1036144528043
393688__sample_006256,14.0,1.0,284.0,1575.1969227816942
168484__sample_006257,4.0,0.5,152.0,1575.2616442430412
137757__sample_006258,8.0,1.0,12.0,1575.3569644362149
94112__sample_006259,2.0,1.0,30.0,1575.4170001750974
431085__sample_006260,8.0,1.0,255.0,1576.007767419912
394175__sample_006261,160.0,0.8,250.0,1576.580984848073
135219__sample_006262,8.0,1.0,29.0,1576.6079399869868
139469__sample_006263,8.0,1.0,42.0,1576.64647803203
253785__sample_006264,8.0,1.0,30.0,1577.1416371990904
342471__sample_006265,28.0,0.2,185.0,1577.268901400882
306485__sample_006266,8.0,1.0,1857.0,1577.3152645173284
290662__sample_006267,8.0,1.0,2712.0,1577.4939437546539
73257__sample_006268,2.0,1.0,289.0,1577.6286934726606
61602__sample_006269,2.0,1.0,285.0,1577.6905402240402
57248__sample_006270,2.0,1.0,2287.0,1578.0094541702308
148272__sample_006271,8.0,1.0,1309.0,1578.2588899169127
349386__sample_006272,56.0,0.4,767.0,1578.2851360672587
397810__sample_006273,112.0,0.8,308.0,1578.9339952411276
318995__sample_006274,4.0,0.8,91.0,1579.1383725494927
58296__sample_006275,2.0,1.0,500.0,1579.210361239254
320188__sample_006276,4.0,0.8,121.0,1579.2681210918963
256438__sample_006277,12.0,1.0,1815.0,1579.3046516682077
443922__sample_006278,8.0,1.0,1767.0,1579.4428403780441
54012__sample_006279,2.0,1.0,141.0,1579.4792532321403
302633__sample_006280,8.0,1.0,2501.0,1579.6136382280306
185696__sample_006281,4.0,0.5,112.0,1579.6539065829636
15140__sample_006282,48.0,1.0,1928.0,1579.9212725398313
176045__sample_006283,4.0,0.5,307.0,1580.3058334316245
125428__sample_006284,8.0,1.0,3380.0,1580.5051953559132
189848__sample_006285,120.0,0.8,748.0,1580.7900983641398
63892__sample_006286,2.0,1.0,515.0,1581.4867854368388
185429__sample_006287,4.0,0.5,336.0,1581.741069916581
11137__sample_006288,4.0,1.0,1680.0,1581.8542712880474
166786__sample_006289,4.0,0.3,933.0,1582.0034943583219
51869__sample_006290,2.0,1.0,131.0,1582.4959622398544
207347__sample_006291,16.0,1.0,708.0,1582.5309848306274
402325__sample_006292,112.0,0.8,2548.0,1582.629518598068
43310__sample_006293,4.0,0.3,20.0,1582.8447799532698
120270__sample_006294,8.0,1.0,4081.0,1583.1268336686048
297078__sample_006295,8.0,1.0,1406.0,1583.4872844590243
198754__sample_006296,8.0,1.0,338.0,1583.583041680788
101932__sample_006297,4.0,1.0,932.0,1583.6224564683703
129516__sample_006298,8.0,1.0,15.0,1584.396837978204
92912__sample_006299,2.0,1.0,37.0,1584.416704921922
97054__sample_006300,2.0,1.0,67.0,1584.441882578765
259034__sample_006301,8.0,1.0,1043.0,1584.6126533482068
372910__sample_006302,112.0,0.8,968.0,1585.0403425389538
274111__sample_006303,8.0,1.0,597.0,1585.4127058715055
110448__sample_006304,8.0,1.0,79.0,1586.1066513901735
277838__sample_006305,8.0,1.0,1375.0,1586.1448234122113
315990__sample_006306,4.0,1.0,3806.0,1586.262615391728
216992__sample_006307,8.0,1.0,398.0,1586.3454863118268
184134__sample_006308,4.0,0.5,42.0,1586.838573166622
85492__sample_006309,2.0,1.0,67.0,1587.0061040445344
367926__sample_006310,112.0,0.8,453.0,1587.0129077754646
150157__sample_006311,8.0,1.0,155.0,1587.320627672903
313944__sample_006312,4.0,1.0,1826.0,1587.4436687554696
432607__sample_006313,56.0,0.4,525.0,1587.6330351274207
197313__sample_006314,8.0,1.0,1233.0,1588.193613324282
352388__sample_006315,104.0,0.8,392.0,1588.2677899164603
70582__sample_006316,2.0,1.0,3661.0,1588.3364862073959
274334__sample_006317,8.0,1.0,1056.0,1588.4128433625492
185587__sample_006318,4.0,0.5,1025.0,1588.516006578835
404169__sample_006319,112.0,0.8,2215.0,1588.5443978700525
407691__sample_006320,112.0,0.8,298.0,1588.843084792438
62873__sample_006321,2.0,1.0,443.0,1588.9011935375756
123317__sample_006322,8.0,1.0,3022.0,1589.55260895898
54623__sample_006323,2.0,1.0,87.0,1589.6133455161914
267208__sample_006324,8.0,1.0,1343.0,1589.6871538203063
229646__sample_006325,192.0,1.0,501.0,1589.7752606109477
89618__sample_006326,2.0,1.0,30.0,1590.1410956071784
166844__sample_006327,4.0,0.3,2457.0,1590.2805777484584
67119__sample_006328,2.0,1.0,46.0,1590.7083549260376
311373__sample_006329,4.0,1.0,959.0,1591.0924641946824
336027__sample_006330,12.0,1.0,319.0,1591.7554658774625
214723__sample_006331,8.0,1.0,18.0,1592.1087324198793
449531__sample_006332,56.0,0.4,2607.0,1592.1220591894382
96241__sample_006333,2.0,1.0,424.0,1592.575992233004
440229__sample_006334,14.0,1.0,538.0,1593.271440356653
82220__sample_006335,2.0,1.0,32.0,1594.5378132684064
394740__sample_006336,13.0,1.0,2929.0,1594.5712725837222
369090__sample_006337,112.0,0.8,688.0,1594.8087818231386
303327__sample_006338,8.0,1.0,1966.0,1594.864398601265
439063__sample_006339,12.0,1.0,38.0,1594.9405241670845
260313__sample_006340,8.0,1.0,774.0,1595.28272063854
243361__sample_006341,8.0,1.0,3175.0,1596.2331511411696
419014__sample_006342,112.0,0.8,3410.0,1596.459029013419
49677__sample_006343,2.0,0.2,375.0,1596.9342850287605
295092__sample_006344,8.0,1.0,1339.0,1596.9365159037834
38940__sample_006345,4.0,1.0,328.0,1596.9458457605801
25055__sample_006346,80.0,0.8,2173.0,1597.1728794916771
461637__sample_006347,8.0,1.0,1143.0,1597.2960371574866
135170__sample_006348,8.0,1.0,33.0,1597.847306070306
310331__sample_006349,4.0,1.0,1871.0,1597.9371836363239
345230__sample_006350,23.0,1.0,1012.0,1598.078614561687
374519__sample_006351,56.0,0.4,4195.0,1598.2662605452927
132780__sample_006352,8.0,1.0,554.0,1598.3459810998238
230200__sample_006353,4.0,1.0,3192.0,1598.9438211535405
138493__sample_006354,8.0,1.0,39.0,1599.0999754304178
349360__sample_006355,23.0,1.0,660.0,1599.2379548827942
333916__sample_006356,24.0,0.2,538.0,1599.7118236323395
248794__sample_006357,12.0,1.0,1972.0,1599.8053073944864
159822__sample_006358,8.0,1.0,27.0,1600.2305112022104
404407__sample_006359,14.0,1.0,416.0,1600.263116077171
142688__sample_006360,8.0,1.0,21.0,1600.3135804233016
143227__sample_006361,8.0,1.0,89.0,1601.066757645225
328578__sample_006362,120.0,0.8,490.0,1601.5287567663704
210530__sample_006363,8.0,1.0,2269.0,1601.651471220474
257588__sample_006364,8.0,1.0,1760.0,1601.905814413181
318986__sample_006365,4.0,0.8,117.0,1602.621859702036
183689__sample_006366,4.0,0.5,196.0,1602.6813792390046
12528__sample_006367,4.0,1.0,1700.0,1602.696585055544
231963__sample_006368,4.0,1.0,2187.0,1602.8893449742177
459247__sample_006369,14.0,1.0,154.0,1602.9278067453072
315234__sample_006370,4.0,1.0,1939.0,1602.9796609289167
273142__sample_006371,8.0,1.0,770.0,1603.5350025206494
10108__sample_006372,4.0,1.0,1756.0,1603.5368602707156
95370__sample_006373,2.0,1.0,45.0,1603.9611818075848
47837__sample_006374,4.0,0.3,38.0,1604.1430909871283
88692__sample_006375,2.0,1.0,88.0,1604.3479355301592
107603__sample_006376,8.0,1.0,27.0,1604.6264441509295
105136__sample_006377,4.0,1.0,1321.0,1604.7676084537095
156613__sample_006378,8.0,1.0,11.0,1604.7983232717565
21624__sample_006379,4.0,1.0,2074.0,1604.8254480261596
432550__sample_006380,28.0,0.2,853.0,1605.1764223217683
343285__sample_006381,13.0,1.0,171.0,1605.2388696586277
176741__sample_006382,4.0,0.5,959.0,1605.24599568182
397725__sample_006383,13.0,1.0,1757.0,1606.2192210438677
51039__sample_006384,2.0,0.2,481.0,1607.2021693240297
116006__sample_006385,8.0,1.0,1428.0,1607.3209299346597
387627__sample_006386,28.0,0.2,564.0,1607.3273937418692
108872__sample_006387,8.0,1.0,92.0,1607.6522070917213
287441__sample_006388,8.0,1.0,1811.0,1608.0966890743277
367250__sample_006389,112.0,0.8,200.0,1608.1300758339762
147424__sample_006390,8.0,1.0,68.0,1608.1664648598005
195748__sample_006391,8.0,1.0,117.0,1608.5982725964093
237429__sample_006392,16.0,1.0,4133.0,1609.2357375545196
108069__sample_006393,8.0,1.0,22.0,1609.6267997255727
150041__sample_006394,8.0,1.0,24.0,1609.6828185184727
122241__sample_006395,8.0,1.0,243.0,1609.8153721209087
3987__sample_006396,4.0,0.5,1369.0,1610.0449718752616
214839__sample_006397,8.0,1.0,26.0,1610.088647580708
366740__sample_006398,28.0,0.2,410.0,1610.1477688990549
313269__sample_006399,4.0,1.0,2219.0,1610.2308990379806
159289__sample_006400,8.0,1.0,30.0,1610.4089883017211
426877__sample_006401,12.0,1.0,750.0,1610.5877367680614
52444__sample_006402,2.0,1.0,819.0,1611.0086350924573
108269__sample_006403,8.0,1.0,21.0,1611.3582371528416
246326__sample_006404,8.0,1.0,1856.0,1611.9708219406366
246561__sample_006405,8.0,1.0,1804.0,1612.4181152290305
310431__sample_006406,4.0,1.0,1325.0,1612.491331616002
124696__sample_006407,8.0,1.0,405.0,1612.5919353456584
446705__sample_006408,14.0,1.0,162.0,1612.7654338522327
120345__sample_006409,8.0,1.0,1322.0,1612.7690273388675
465401__sample_006410,8.0,1.0,1004.0,1613.354624048934
428336__sample_006411,12.0,1.0,4193.0,1613.365963420371
410309__sample_006412,16.0,1.0,2768.0,1613.463278181582
198956__sample_006413,8.0,1.0,145.0,1613.6737913863706
283748__sample_006414,8.0,1.0,1111.0,1613.8561619238162
94618__sample_006415,2.0,1.0,555.0,1614.1218235633341
332812__sample_006416,12.0,1.0,552.0,1614.309263621333
239733__sample_006417,20.0,1.0,910.0,1614.3742808099782
106028__sample_006418,4.0,1.0,950.0,1614.4304038587452
163483__sample_006419,4.0,1.0,1774.0,1615.0248578531775
40945__sample_006420,4.0,0.3,14.0,1615.101477844833
83149__sample_006421,2.0,1.0,305.0,1615.1839434093763
61231__sample_006422,2.0,1.0,179.0,1615.3171059636836
300852__sample_006423,8.0,1.0,4470.0,1615.3546484624214
354698__sample_006424,112.0,0.8,274.0,1615.531598386198
67529__sample_006425,2.0,1.0,72.0,1615.8050282768738
229038__sample_006426,8.0,1.0,8.0,1616.1904736677213
285733__sample_006427,8.0,1.0,746.0,1616.50119906736
187727__sample_006428,4.0,0.5,730.0,1616.5411344601603
383466__sample_006429,14.0,1.0,290.0,1616.6933668271602
145372__sample_006430,8.0,1.0,3995.0,1616.70320441976
305309__sample_006431,16.0,0.4,171.0,1616.7076939912088
201958__sample_006432,16.0,1.0,2507.0,1616.8527068442463
68301__sample_006433,2.0,1.0,975.0,1616.9256161466585
312755__sample_006434,12.0,1.0,1211.0,1617.2131142235257
336765__sample_006435,12.0,1.0,188.0,1617.5351710260338
79811__sample_006436,2.0,1.0,79.0,1618.099582859938
295166__sample_006437,8.0,1.0,515.0,1618.4570739132762
201344__sample_006438,8.0,1.0,501.0,1618.4694355905115
181275__sample_006439,4.0,0.5,214.0,1618.5855893381727
221481__sample_006440,8.0,1.0,12.0,1618.66530456884
281650__sample_006441,8.0,1.0,1800.0,1618.787298591449
238440__sample_006442,20.0,1.0,469.0,1618.8309094567994
224294__sample_006443,8.0,1.0,10.0,1618.8566126488058
406134__sample_006444,14.0,1.0,152.0,1619.0406182517445
123188__sample_006445,8.0,1.0,55.0,1619.3592003588599
57636__sample_006446,2.0,1.0,215.0,1619.6617910714497
310598__sample_006447,4.0,1.0,1254.0,1619.8116799279032
78545__sample_006448,2.0,1.0,337.0,1619.9963620204549
209512__sample_006449,32.0,1.0,452.0,1620.177949465892
412357__sample_006450,48.0,1.0,567.0,1620.4720148635345
410385__sample_006451,16.0,1.0,3649.0,1620.484292776183
379893__sample_006452,104.0,0.8,742.0,1620.7936718199041
437117__sample_006453,14.0,1.0,186.0,1621.011860466358
1825__sample_006454,4.0,0.1,789.0,1621.0670560250473
379833__sample_006455,23.0,1.0,182.0,1621.0796318011774
137822__sample_006456,8.0,1.0,13.0,1621.1083520549205
124199__sample_006457,8.0,1.0,419.0,1621.294299774531
189702__sample_006458,15.0,1.0,1564.0,1621.6494265545846
47176__sample_006459,4.0,0.3,372.0,1621.7512898079272
173109__sample_006460,4.0,0.5,824.0,1621.8704457457034
390571__sample_006461,28.0,0.2,2056.0,1622.5505260984687
252059__sample_006462,20.0,1.0,2274.0,1622.6104120124444
47699__sample_006463,2.0,0.2,78.0,1622.6377958237026
178933__sample_006464,4.0,0.5,32.0,1622.7429697430334
249053__sample_006465,4.0,1.0,2714.0,1623.0854983537306
177542__sample_006466,4.0,0.5,149.0,1623.3314248946062
207220__sample_006467,16.0,1.0,544.0,1623.4658009152147
102519__sample_006468,4.0,1.0,913.0,1624.3021413166373
115783__sample_006469,8.0,1.0,166.0,1624.6341443198094
307957__sample_006470,8.0,0.2,1889.0,1624.6501087212316
124158__sample_006471,8.0,1.0,21.0,1624.9913705859994
417156__sample_006472,12.0,1.0,1139.0,1624.9974536353373
87710__sample_006473,2.0,1.0,570.0,1625.2601402182827
410254__sample_006474,16.0,1.0,1841.0,1625.3192236446705
436455__sample_006475,56.0,0.4,2009.0,1625.6172694625645
138942__sample_006476,8.0,1.0,86.0,1625.7099555285104
64275__sample_006477,2.0,1.0,120.0,1626.225859994185
104017__sample_006478,4.0,1.0,1047.0,1626.328572578522
49840__sample_006479,2.0,0.2,229.0,1626.570268569992
218836__sample_006480,8.0,1.0,18.0,1626.6544612861726
294523__sample_006481,8.0,1.0,1022.0,1627.2773581507931
288824__sample_006482,8.0,0.2,648.0,1627.6570244502593
199667__sample_006483,8.0,1.0,731.0,1627.7267225018738
221931__sample_006484,8.0,1.0,131.0,1628.4697103871636
45620__sample_006485,2.0,0.2,316.0,1628.5801743045786
200442__sample_006486,8.0,1.0,837.0,1628.8439655028476
6907__sample_006487,4.0,0.5,404.0,1629.1834925708315
113557__sample_006488,8.0,1.0,14.0,1629.1892846933706
94139__sample_006489,2.0,1.0,28.0,1629.9876314668893
398505__sample_006490,112.0,0.8,907.0,1630.093198326667
162492__sample_006491,16.0,1.0,1598.0,1630.1458103510404
209630__sample_006492,16.0,1.0,604.0,1630.6212727920906
465896__sample_006493,16.0,1.0,1953.0,1630.924693812739
250949__sample_006494,20.0,1.0,1926.0,1630.9473783744693
178174__sample_006495,4.0,0.5,55.0,1630.9784985165163
255324__sample_006496,4.0,0.2,469.0,1631.2924834054659
5503__sample_006497,4.0,0.5,447.0,1631.3119152182248
279533__sample_006498,8.0,1.0,1334.0,1631.934672864311
405972__sample_006499,14.0,1.0,363.0,1632.2729265807475
378975__sample_006500,104.0,0.8,538.0,1632.3751037486795
270645__sample_006501,8.0,0.2,4150.0,1632.487826128695
232007__sample_006502,4.0,1.0,2584.0,1632.664382256123
446521__sample_006503,14.0,1.0,178.0,1632.7763329960694
63911__sample_006504,2.0,1.0,94.0,1633.1588378668553
76297__sample_006505,2.0,1.0,124.0,1634.078440914758
218517__sample_006506,8.0,1.0,10.0,1634.2980220267752
362292__sample_006507,184.0,0.8,436.0,1634.4456865200168
251134__sample_006508,20.0,1.0,2040.0,1634.508692592289
378344__sample_006509,52.0,0.4,1382.0,1634.773612673931
194390__sample_006510,4.0,1.0,1565.0,1635.0628665805311
194798__sample_006511,4.0,1.0,2001.0,1635.3518135617655
77292__sample_006512,2.0,1.0,137.0,1635.3586525161504
228829__sample_006513,8.0,1.0,11.0,1635.9321136188757
175643__sample_006514,4.0,0.5,442.0,1636.0352762958632
449776__sample_006515,60.0,0.8,1751.0,1636.3760826843436
46547__sample_006516,2.0,0.2,204.0,1636.7326607156865
158127__sample_006517,8.0,1.0,30.0,1636.9955129748682
35433__sample_006518,16.0,0.8,4122.0,1637.121089530464
329846__sample_006519,12.0,1.0,2528.0,1637.355458046661
418027__sample_006520,184.0,0.8,107.0,1637.3657152931614
407862__sample_006521,13.0,1.0,3115.0,1637.7244770064585
399181__sample_006522,14.0,1.0,844.0,1637.7507028971245
179137__sample_006523,4.0,0.5,110.0,1637.8770591744155
152616__sample_006524,8.0,1.0,22.0,1637.904406548489
318732__sample_006525,4.0,0.8,120.0,1638.3580220248195
69917__sample_006526,2.0,1.0,1769.0,1638.5578170016981
352680__sample_006527,52.0,0.4,302.0,1638.8513841943131
272777__sample_006528,8.0,0.2,1362.0,1639.1382682685128
383549__sample_006529,88.0,0.8,1372.0,1639.5989360539263
96050__sample_006530,2.0,1.0,151.0,1639.6344909974807
397588__sample_006531,184.0,0.8,314.0,1639.9039935959374
143846__sample_006532,8.0,1.0,23.0,1640.1179889914224
62155__sample_006533,2.0,1.0,814.0,1640.12583511744
146875__sample_006534,8.0,1.0,13.0,1640.1820660601884
418146__sample_006535,12.0,1.0,1553.0,1640.2599134627562
66005__sample_006536,2.0,1.0,107.0,1640.2787442798767
230860__sample_006537,32.0,1.0,1058.0,1640.3882619416406
220872__sample_006538,8.0,1.0,827.0,1640.3951567782992
167908__sample_006539,4.0,0.3,1396.0,1640.5965585947658
250108__sample_006540,20.0,1.0,1977.0,1640.65596461747
293486__sample_006541,8.0,1.0,1351.0,1640.7405341710025
96929__sample_006542,2.0,1.0,94.0,1641.3438340904836
168328__sample_006543,4.0,0.5,98.0,1641.5185332924686
290254__sample_006544,8.0,0.2,1353.0,1641.5968735117697
396791__sample_006545,160.0,0.8,3958.0,1641.8249866375018
311035__sample_006546,4.0,1.0,910.0,1641.881295395131
48127__sample_006547,4.0,0.3,55.0,1641.9006225056555
90335__sample_006548,2.0,1.0,96.0,1641.9059045023268
466120__sample_006549,8.0,1.0,137.0,1642.66260213587
127932__sample_006550,8.0,1.0,4092.0,1642.984994635073
101891__sample_006551,4.0,1.0,1254.0,1643.3872893069474
358580__sample_006552,52.0,0.4,584.0,1644.3770381949112
465144__sample_006553,8.0,0.4,45.0,1645.047738740655
448750__sample_006554,8.0,1.0,673.0,1645.3815565551683
81801__sample_006555,2.0,1.0,37.0,1645.6775885357758
231539__sample_006556,4.0,1.0,2579.0,1645.780277052131
6249__sample_006557,4.0,0.5,124.0,1645.807735582238
85600__sample_006558,2.0,1.0,176.0,1646.0209017946884
426685__sample_006559,12.0,1.0,4096.0,1646.235556643773
408088__sample_006560,14.0,1.0,424.0,1646.995934137144
122276__sample_006561,8.0,1.0,14.0,1647.142039084939
41562__sample_006562,4.0,0.3,18.0,1647.4354869901247
156536__sample_006563,8.0,1.0,53.0,1647.6493862402342
446506__sample_006564,84.0,0.8,216.0,1647.6980131860016
463201__sample_006565,15.0,1.0,1019.0,1647.9221746195135
333823__sample_006566,12.0,1.0,1447.0,1648.1163702539377
319895__sample_006567,4.0,0.8,689.0,1648.2866284649783
42919__sample_006568,4.0,0.3,19.0,1648.466718460012
73312__sample_006569,2.0,1.0,3480.0,1648.51149652961
93725__sample_006570,2.0,1.0,501.0,1648.6671583321802
334912__sample_006571,12.0,1.0,2353.0,1648.8997895161597
77468__sample_006572,2.0,1.0,109.0,1649.067855799527
421564__sample_006573,28.0,0.2,654.0,1649.2355487439527
152999__sample_006574,8.0,1.0,46.0,1649.2557205191674
133879__sample_006575,8.0,1.0,74.0,1649.3086398270575
303656__sample_006576,8.0,1.0,2967.0,1649.4054133109091
72586__sample_006577,2.0,1.0,347.0,1649.541313794964
429433__sample_006578,10.0,1.0,156.0,1649.7666258079848
271984__sample_006579,8.0,1.0,377.0,1650.2641999435643
349476__sample_006580,184.0,0.8,663.0,1650.307539824008
5086__sample_006581,4.0,0.5,680.0,1650.3113405771521
201636__sample_006582,8.0,1.0,357.0,1650.4604533088639
40465__sample_006583,4.0,0.3,119.0,1650.6019070673856
288664__sample_006584,8.0,1.0,1800.0,1650.802592461496
130207__sample_006585,8.0,1.0,865.0,1651.2503650418425
245178__sample_006586,8.0,1.0,1793.0,1651.6556927600468
131156__sample_006587,8.0,1.0,1651.0,1651.682044912703
358851__sample_006588,104.0,0.8,173.0,1652.3615524970908
247737__sample_006589,12.0,1.0,2720.0,1652.390802381261
156782__sample_006590,8.0,1.0,46.0,1652.642472863313
235201__sample_006591,8.0,1.0,897.0,1652.921468147915
38292__sample_006592,4.0,1.0,24.0,1653.2062310239226
94757__sample_006593,2.0,1.0,50.0,1653.283321693557
418533__sample_006594,12.0,1.0,1188.0,1653.3835698839628
428135__sample_006595,12.0,1.0,881.0,1653.582462817196
448841__sample_006596,48.0,0.4,148.0,1653.6381198306851
432666__sample_006597,14.0,1.0,170.0,1653.6432497210405
143878__sample_006598,8.0,1.0,519.0,1653.849716277995
109867__sample_006599,8.0,1.0,41.0,1654.006218618756
242256__sample_006600,4.0,1.0,4559.0,1654.2735289896032
6800__sample_006601,4.0,0.5,677.0,1654.313190181671
113847__sample_006602,8.0,1.0,61.0,1654.7727848884758
446606__sample_006603,56.0,0.4,475.0,1654.8123057567261
21372__sample_006604,4.0,1.0,3090.0,1655.367196935273
454111__sample_006605,60.0,0.8,46.0,1655.5164386313288
345159__sample_006606,56.0,0.4,522.0,1655.715957389549
263190__sample_006607,8.0,1.0,1354.0,1656.2831998470358
310956__sample_006608,4.0,1.0,960.0,1656.3723375308336
379450__sample_006609,84.0,0.6,1713.0,1656.4225078980096
6390__sample_006610,4.0,0.5,3800.0,1656.570043486719
67278__sample_006611,2.0,1.0,116.0,1656.6400934299288
188004__sample_006612,4.0,0.5,590.0,1656.8277048429727
126500__sample_006613,8.0,1.0,3394.0,1656.9081896835953
84814__sample_006614,2.0,1.0,99.0,1657.407866286987
63626__sample_006615,2.0,1.0,1460.0,1657.6415592727076
222885__sample_006616,8.0,1.0,12.0,1657.6416194473848
242705__sample_006617,8.0,1.0,1824.0,1658.0509164685934
351957__sample_006618,13.0,1.0,985.0,1658.151115102922
172267__sample_006619,4.0,0.5,138.0,1658.2476071995839
180479__sample_006620,4.0,0.5,245.0,1658.3683542152703
161291__sample_006621,8.0,1.0,29.0,1658.6170947304067
414256__sample_006622,12.0,0.2,1190.0,1658.762971011034
85568__sample_006623,2.0,1.0,129.0,1659.0106138471115
143510__sample_006624,8.0,1.0,30.0,1659.0502985214307
142967__sample_006625,8.0,1.0,35.0,1659.9283123039954
46713__sample_006626,2.0,0.2,1300.0,1660.2552813505288
163605__sample_006627,8.0,0.2,1692.0,1660.3272709139014
372406__sample_006628,14.0,1.0,269.0,1660.6492634668505
38507__sample_006629,4.0,1.0,29.0,1660.8631949690848
133884__sample_006630,8.0,1.0,12.0,1660.8921007168815
346935__sample_006631,184.0,0.8,2665.0,1660.9411641855093
76870__sample_006632,2.0,1.0,149.0,1660.9517105784103
110115__sample_006633,8.0,1.0,30.0,1661.3658928476495
339800__sample_006634,16.0,0.4,747.0,1661.566468654962
455371__sample_006635,84.0,0.8,2955.0,1661.6616917740494
282776__sample_006636,8.0,0.2,2028.0,1661.6954591755389
106579__sample_006637,4.0,1.0,1259.0,1661.8608935316272
222074__sample_006638,8.0,1.0,23.0,1662.0471412391225
266713__sample_006639,8.0,0.2,904.0,1662.349763487099
249559__sample_006640,20.0,1.0,1948.0,1663.2258802619651
316063__sample_006641,4.0,1.0,4263.0,1663.368588548496
74042__sample_006642,2.0,1.0,1305.0,1663.4988219355303
397280__sample_006643,184.0,0.8,57.0,1663.614303026016
120318__sample_006644,8.0,1.0,30.0,1664.052809013171
319238__sample_006645,4.0,0.8,693.0,1664.095303690615
142255__sample_006646,8.0,1.0,183.0,1664.2006310213224
440603__sample_006647,8.0,0.2,2239.0,1664.5233505270376
299509__sample_006648,8.0,1.0,1936.0,1664.5273053782673
266432__sample_006649,8.0,0.2,1843.0,1664.6127099954763
406313__sample_006650,28.0,0.2,1984.0,1664.8691298068702
101481__sample_006651,4.0,1.0,955.0,1664.9205638236317
276378__sample_006652,8.0,0.2,1934.0,1665.0107024991523
430815__sample_006653,12.0,1.0,665.0,1665.1771074268822
128800__sample_006654,8.0,1.0,276.0,1665.314162972561
315054__sample_006655,4.0,1.0,1803.0,1665.342182952084
325971__sample_006656,12.0,1.0,4574.0,1666.0382888609474
24470__sample_006657,80.0,0.8,3130.0,1666.0496147624212
143582__sample_006658,8.0,1.0,16.0,1666.3959312413817
364269__sample_006659,92.0,0.4,1339.0,1666.4144566727957
357830__sample_006660,184.0,0.8,302.0,1666.5719039193973
125918__sample_006661,8.0,1.0,3751.0,1666.6201215574717
223666__sample_006662,8.0,1.0,10.0,1666.6581466106318
95870__sample_006663,2.0,1.0,163.0,1666.6917861552552
444004__sample_006664,8.0,1.0,2747.0,1666.8425152781872
152683__sample_006665,8.0,1.0,4222.0,1667.0236669535275
67182__sample_006666,2.0,1.0,29.0,1667.059456922626
401849__sample_006667,112.0,0.8,2281.0,1668.0300211616345
453__sample_006668,4.0,0.1,848.0,1668.1045438039398
303334__sample_006669,8.0,0.4,2099.0,1668.2580544966095
266517__sample_006670,8.0,0.2,1681.0,1668.3189770319157
132565__sample_006671,8.0,1.0,15.0,1668.489243468609
115073__sample_006672,8.0,1.0,23.0,1668.8419072228392
150091__sample_006673,8.0,1.0,1184.0,1669.0259741422713
396928__sample_006674,15.0,1.0,177.0,1669.1100693072262
151562__sample_006675,8.0,1.0,30.0,1669.181455932074
432045__sample_006676,28.0,0.2,4144.0,1669.537127484372
247566__sample_006677,8.0,1.0,1842.0,1669.568585809359
168911__sample_006678,4.0,0.5,205.0,1669.684081378741
221596__sample_006679,8.0,1.0,18.0,1669.7251475850462
75699__sample_006680,2.0,1.0,355.0,1669.799740950364
273038__sample_006681,8.0,1.0,4404.0,1669.8411611170202
247281__sample_006682,8.0,1.0,2827.0,1670.385750188345
282542__sample_006683,8.0,1.0,1054.0,1670.7148529123394
254128__sample_006684,8.0,1.0,998.0,1670.9206254506114
107060__sample_006685,4.0,1.0,950.0,1670.9841631696418
411768__sample_006686,16.0,1.0,2196.0,1671.1626163965682
333327__sample_006687,12.0,1.0,1325.0,1671.3465430291117
404066__sample_006688,112.0,0.8,542.0,1671.5696888543948
309178__sample_006689,8.0,1.0,2206.0,1671.585180354548
148179__sample_006690,8.0,1.0,238.0,1672.487253927455
246222__sample_006691,8.0,1.0,1964.0,1672.643831271125
121525__sample_006692,8.0,1.0,31.0,1673.2965568378502
466371__sample_006693,56.0,0.4,2049.0,1673.2990209706286
307717__sample_006694,8.0,1.0,1954.0,1673.3701289425144
190237__sample_006695,8.0,1.0,54.0,1673.3975814230575
40783__sample_006696,4.0,0.3,30.0,1673.7645835647672
227050__sample_006697,8.0,1.0,68.0,1673.8610451633137
398060__sample_006698,13.0,1.0,1016.0,1674.3199612604838
372272__sample_006699,13.0,1.0,70.0,1674.7664832049875
82142__sample_006700,2.0,1.0,32.0,1675.0419838067503
293457__sample_006701,8.0,0.2,1479.0,1675.3159741108752
366042__sample_006702,184.0,0.8,301.0,1675.6171004241157
122733__sample_006703,8.0,1.0,51.0,1675.8971338556757
320551__sample_006704,20.0,1.0,3537.0,1676.0194440697137
151230__sample_006705,8.0,1.0,48.0,1676.3065215559325
350748__sample_006706,112.0,0.8,316.0,1676.8757678745335
429696__sample_006707,12.0,1.0,3466.0,1676.9768493732731
65249__sample_006708,2.0,1.0,153.0,1677.7014509786231
428170__sample_006709,12.0,1.0,142.0,1677.7048696439601
443106__sample_006710,20.0,0.5,3204.0,1677.8122127518855
386288__sample_006711,14.0,1.0,129.0,1677.8476319860843
79054__sample_006712,2.0,1.0,79.0,1677.8814780714515
113247__sample_006713,8.0,1.0,21.0,1678.303909007007
264975__sample_006714,8.0,1.0,3156.0,1678.9302934551945
128980__sample_006715,8.0,1.0,24.0,1679.3062908413654
178884__sample_006716,4.0,0.5,136.0,1680.2452136499062
438289__sample_006717,8.0,1.0,1721.0,1680.3061551377798
34353__sample_006718,10.0,1.0,1982.0,1680.3440935010424
364856__sample_006719,184.0,0.8,707.0,1680.5279526169434
208073__sample_006720,32.0,1.0,1029.0,1680.969530545926
321620__sample_006721,4.0,1.0,343.0,1680.97969414464
458129__sample_006722,60.0,0.8,37.0,1682.334288323644
91280__sample_006723,2.0,1.0,431.0,1682.564768667959
86260__sample_006724,2.0,1.0,54.0,1683.5298851240782
157852__sample_006725,8.0,1.0,55.0,1683.643449835235
2147__sample_006726,4.0,0.1,390.0,1683.7965831421932
250993__sample_006727,20.0,1.0,1707.0,1684.1455293984236
35118__sample_006728,4.0,1.0,863.0,1684.538927006678
40788__sample_006729,4.0,0.3,23.0,1684.6052548998962
88921__sample_006730,2.0,1.0,31.0,1685.269360510531
422826__sample_006731,14.0,1.0,1190.0,1685.7745086578425
81098__sample_006732,2.0,1.0,28.0,1685.7791019225378
300370__sample_006733,8.0,1.0,1889.0,1685.8135063137704
231266__sample_006734,4.0,1.0,2991.0,1685.9848492389997
285470__sample_006735,8.0,1.0,1379.0,1686.1393385333413
199506__sample_006736,8.0,1.0,470.0,1686.4474237628424
49905__sample_006737,2.0,0.2,168.0,1686.470922152989
107715__sample_006738,8.0,1.0,15.0,1686.7297296494337
225967__sample_006739,8.0,1.0,9.0,1686.9692487876976
339717__sample_006740,16.0,0.4,458.0,1687.0357679438923
275709__sample_006741,8.0,1.0,1322.0,1687.23120460615
164493__sample_006742,4.0,0.3,127.0,1687.294028386944
91251__sample_006743,2.0,1.0,31.0,1687.333754761368
247253__sample_006744,8.0,1.0,1803.0,1687.5465765918455
154204__sample_006745,8.0,1.0,3143.0,1688.494850950863
22524__sample_006746,5.0,0.8,649.0,1688.5624534253311
21276__sample_006747,4.0,1.0,2286.0,1688.6722099902884
305329__sample_006748,8.0,1.0,1843.0,1688.7463312418258
181226__sample_006749,4.0,0.5,93.0,1688.8237994684969
449244__sample_006750,28.0,0.2,1114.0,1688.9532587276685
21517__sample_006751,4.0,1.0,2535.0,1689.2558029892677
416863__sample_006752,12.0,1.0,4044.0,1689.2656973597127
390954__sample_006753,28.0,0.2,959.0,1690.0530592632506
68308__sample_006754,2.0,1.0,316.0,1690.0649055195763
155957__sample_006755,8.0,1.0,14.0,1690.5975959275136
282607__sample_006756,8.0,1.0,1293.0,1691.1595683102953
292400__sample_006757,8.0,1.0,171.0,1691.3454097248518
120628__sample_006758,8.0,1.0,31.0,1691.38224395312
363042__sample_006759,46.0,0.2,133.0,1691.5904301702967
272452__sample_006760,8.0,1.0,887.0,1691.8380707265035
146579__sample_006761,8.0,1.0,53.0,1692.3256287715635
242869__sample_006762,8.0,1.0,1746.0,1692.5257536221336
410967__sample_006763,16.0,1.0,2540.0,1692.657962579994
82191__sample_006764,2.0,1.0,26.0,1693.1134520935204
226437__sample_006765,8.0,1.0,46.0,1694.1036477262903
136813__sample_006766,8.0,1.0,303.0,1694.3626297889225
264891__sample_006767,8.0,1.0,436.0,1694.881267244944
408218__sample_006768,160.0,0.8,195.0,1695.1095506207546
55160__sample_006769,2.0,1.0,431.0,1695.4021754498992
439819__sample_006770,8.0,1.0,1031.0,1695.6934974168605
42741__sample_006771,4.0,0.3,14.0,1695.9985119430376
228404__sample_006772,8.0,1.0,7.0,1696.0953004308426
463195__sample_006773,16.0,1.0,3226.0,1696.309606318032
208236__sample_006774,32.0,1.0,321.0,1696.535040349489
973__sample_006775,4.0,0.1,1036.0,1696.629650602172
118801__sample_006776,8.0,1.0,3670.0,1696.73728955599
417964__sample_006777,12.0,1.0,172.0,1697.0964200487374
123735__sample_006778,8.0,1.0,32.0,1697.3149218046522
182473__sample_006779,4.0,0.5,99.0,1697.3553196293174
213840__sample_006780,8.0,1.0,10.0,1697.8097997893228
387536__sample_006781,13.0,1.0,1295.0,1698.3464394478672
439523__sample_006782,8.0,1.0,663.0,1698.503345397112
60123__sample_006783,2.0,1.0,523.0,1698.5619304699976
125455__sample_006784,8.0,1.0,144.0,1699.2991736333595
199406__sample_006785,8.0,1.0,101.0,1699.8340130615902
383316__sample_006786,92.0,0.4,1871.0,1699.9040678080437
192490__sample_006787,2.0,1.0,405.0,1699.9291869612432
430534__sample_006788,14.0,1.0,332.0,1700.0744335445552
104510__sample_006789,4.0,1.0,976.0,1700.3564929899048
238197__sample_006790,20.0,1.0,649.0,1700.4047037439038
47980__sample_006791,4.0,0.3,64.0,1700.5846857242936
195515__sample_006792,8.0,1.0,134.0,1700.7232127488237
65255__sample_006793,2.0,1.0,218.0,1701.2762872365504
457983__sample_006794,8.0,0.4,1626.0,1701.4166269649777
194799__sample_006795,4.0,1.0,620.0,1701.607399444521
305920__sample_006796,8.0,0.4,1319.0,1702.3842676972108
32986__sample_006797,10.0,1.0,728.0,1702.473326373809
409751__sample_006798,16.0,1.0,2535.0,1702.5585938976367
411613__sample_006799,16.0,1.0,1897.0,1702.960447737358
85289__sample_006800,2.0,1.0,51.0,1703.041720692486
376531__sample_006801,184.0,0.8,1406.0,1703.4874689989117
431992__sample_006802,15.0,1.0,369.0,1703.51257208492
352348__sample_006803,112.0,0.8,315.0,1703.5420600732064
412043__sample_006804,48.0,1.0,3600.0,1704.1210368684265
314199__sample_006805,4.0,1.0,1755.0,1704.3156109139018
426231__sample_006806,12.0,1.0,4416.0,1704.6327958777458
337322__sample_006807,12.0,1.0,74.0,1704.6966121484497
178746__sample_006808,4.0,0.5,1632.0,1704.7420748758557
243421__sample_006809,8.0,1.0,1911.0,1705.1924580370817
321523__sample_006810,4.0,1.0,3981.0,1705.30349265859
245817__sample_006811,8.0,1.0,1859.0,1705.4552499930173
44639__sample_006812,2.0,0.2,527.0,1705.4623426336852
131506__sample_006813,8.0,1.0,808.0,1705.5842341651135
441855__sample_006814,14.0,1.0,447.0,1705.952129489521
294758__sample_006815,8.0,0.2,1221.0,1706.382606479341
378553__sample_006816,184.0,0.8,1516.0,1706.6825641520932
232589__sample_006817,4.0,1.0,51.0,1706.977123956295
320382__sample_006818,4.0,1.0,4160.0,1707.1535500124114
40890__sample_006819,4.0,0.3,17.0,1707.3467758814072
403407__sample_006820,112.0,0.8,2113.0,1707.686087713387
177129__sample_006821,4.0,0.5,983.0,1707.7571104450815
187207__sample_006822,4.0,0.5,1027.0,1707.8229446765988
158285__sample_006823,8.0,1.0,33.0,1708.5715021468468
132036__sample_006824,8.0,1.0,160.0,1708.5785222665622
466811__sample_006825,8.0,1.0,1269.0,1708.6160726487976
338011__sample_006826,8.0,0.3,3079.0,1708.8272585121645
77984__sample_006827,2.0,1.0,792.0,1709.1619536589603
114779__sample_006828,8.0,1.0,32.0,1709.354942325103
411225__sample_006829,16.0,1.0,1887.0,1709.4645933715951
129041__sample_006830,8.0,1.0,201.0,1710.41850035419
349838__sample_006831,104.0,0.8,1446.0,1710.722724919965
106835__sample_006832,4.0,1.0,1235.0,1711.167767897826
94231__sample_006833,2.0,1.0,80.0,1711.178037694877
466124__sample_006834,8.0,1.0,139.0,1711.2453084268368
218128__sample_006835,8.0,1.0,127.0,1711.3624779912582
243193__sample_006836,8.0,1.0,1816.0,1711.4128850958218
187804__sample_006837,4.0,0.5,2660.0,1711.4318083607943
48527__sample_006838,2.0,0.2,1821.0,1711.4955609941744
158316__sample_006839,8.0,1.0,3687.0,1711.686258004967
395126__sample_006840,112.0,0.8,631.0,1711.9837304873854
322882__sample_006841,4.0,1.0,1836.0,1712.3555587032572
445704__sample_006842,8.0,1.0,1656.0,1712.366529997239
45475__sample_006843,2.0,0.2,224.0,1712.5061780255992
442404__sample_006844,14.0,1.0,2519.0,1712.538765450092
238604__sample_006845,20.0,1.0,418.0,1712.6798222200662
174325__sample_006846,4.0,0.5,603.0,1712.8221018531387
147083__sample_006847,8.0,1.0,41.0,1712.9944960868645
411768__sample_006848,16.0,1.0,2196.0,1713.552832277844
148068__sample_006849,8.0,1.0,1695.0,1713.9616436772026
85341__sample_006850,2.0,1.0,177.0,1714.2147896068525
63373__sample_006851,2.0,1.0,261.0,1714.7563824510241
312224__sample_006852,4.0,1.0,1249.0,1715.040047482079
109124__sample_006853,8.0,1.0,20.0,1715.467161793792
375926__sample_006854,14.0,1.0,2475.0,1715.6745629640134
169813__sample_006855,4.0,0.5,275.0,1715.8607879784277
466737__sample_006856,8.0,1.0,1333.0,1716.1827146794858
147860__sample_006857,8.0,1.0,21.0,1716.1876861117269
320999__sample_006858,20.0,1.0,1774.0,1716.4807865359367
466270__sample_006859,8.0,1.0,929.0,1717.1622823655887
19040__sample_006860,128.0,0.8,2859.0,1717.4751726082332
452384__sample_006861,96.0,0.8,1260.0,1717.4845445304773
350829__sample_006862,88.0,0.8,613.0,1717.6032023669434
286219__sample_006863,8.0,1.0,938.0,1718.0178348567158
174044__sample_006864,4.0,0.5,307.0,1718.8140050922887
465992__sample_006865,28.0,0.2,356.0,1718.9295787892586
353104__sample_006866,104.0,0.8,590.0,1719.3895968640995
207952__sample_006867,32.0,1.0,520.0,1719.8880227125446
82352__sample_006868,2.0,1.0,508.0,1719.9209164392998
428795__sample_006869,14.0,1.0,1520.0,1720.3882739458868
87981__sample_006870,2.0,1.0,631.0,1720.4862569307338
261986__sample_006871,8.0,0.2,717.0,1720.7111385173969
122062__sample_006872,8.0,1.0,22.0,1720.9047072845888
385522__sample_006873,184.0,0.8,101.0,1721.176665333201
301049__sample_006874,8.0,1.0,2312.0,1721.5138809246478
172519__sample_006875,4.0,0.5,139.0,1721.659229205381
258338__sample_006876,8.0,1.0,4044.0,1722.207238071243
20772__sample_006877,24.0,1.0,472.0,1722.621761770914
311459__sample_006878,4.0,1.0,951.0,1723.0065312063682
356985__sample_006879,14.0,1.0,177.0,1723.1597674086693
300168__sample_006880,8.0,1.0,2047.0,1723.1693416439794
332246__sample_006881,12.0,1.0,398.0,1723.3387863179275
221300__sample_006882,8.0,1.0,9.0,1723.9105763216792
141930__sample_006883,8.0,1.0,33.0,1723.9633955550453
32419__sample_006884,8.0,1.0,1591.0,1724.9761086858591
38235__sample_006885,4.0,1.0,1037.0,1725.3882711482827
451777__sample_006886,84.0,0.8,91.0,1725.6975930495348
281521__sample_006887,8.0,0.2,1319.0,1725.9802426255824
209009__sample_006888,32.0,1.0,356.0,1726.2013352146087
5361__sample_006889,4.0,0.5,1096.0,1726.5201758540197
169792__sample_006890,4.0,0.5,1135.0,1726.657180360548
288453__sample_006891,8.0,1.0,1165.0,1727.1237280238288
276588__sample_006892,8.0,1.0,1054.0,1727.4216945835979
35587__sample_006893,10.0,1.0,1901.0,1727.7904793788352
302692__sample_006894,8.0,1.0,2153.0,1728.1836202101056
222266__sample_006895,8.0,1.0,12.0,1728.2077672216576
210149__sample_006896,12.0,1.0,1001.0,1728.2220793836116
134985__sample_006897,8.0,1.0,222.0,1728.6256742446465
385211__sample_006898,104.0,0.8,3712.0,1728.7007425034058
201936__sample_006899,16.0,1.0,1932.0,1728.918792907964
121928__sample_006900,8.0,1.0,27.0,1729.0654096767985
224332__sample_006901,8.0,1.0,11.0,1729.0709811006236
82052__sample_006902,2.0,1.0,92.0,1729.0812598542993
29161__sample_006903,32.0,0.8,306.0,1729.5200568269158
79367__sample_006904,2.0,1.0,153.0,1729.7539746344348
8866__sample_006905,4.0,1.0,2469.0,1729.9394765875747
195217__sample_006906,4.0,1.0,1922.0,1730.6616542477764
166526__sample_006907,4.0,0.3,88.0,1730.7091766682306
281253__sample_006908,8.0,1.0,1039.0,1730.7837683524644
198190__sample_006909,8.0,1.0,122.0,1731.1371735173605
47608__sample_006910,4.0,0.3,66.0,1731.5103487376705
165524__sample_006911,4.0,0.3,1766.0,1731.6401040149874
303443__sample_006912,8.0,1.0,2075.0,1732.3939777570824
61084__sample_006913,2.0,1.0,560.0,1733.0901616168978
118983__sample_006914,8.0,1.0,41.0,1733.0932834565476
76116__sample_006915,2.0,1.0,3403.0,1733.1405680116357
108038__sample_006916,8.0,1.0,14.0,1733.569572584708
4971__sample_006917,4.0,0.5,265.0,1733.6716461180251
466845__sample_006918,184.0,0.8,4422.0,1733.696729046324
162254__sample_006919,8.0,1.0,32.0,1734.081007399067
402045__sample_006920,184.0,0.8,587.0,1734.2325587906232
388990__sample_006921,160.0,0.8,1521.0,1734.4020794890712
62399__sample_006922,2.0,1.0,96.0,1734.4536416917188
368347__sample_006923,184.0,0.8,1641.0,1734.7240031027459
120883__sample_006924,8.0,1.0,343.0,1734.924320600887
431830__sample_006925,14.0,1.0,266.0,1734.9822005273352
356730__sample_006926,13.0,1.0,360.0,1735.086204991251
251810__sample_006927,20.0,1.0,1814.0,1735.3133347979362
73211__sample_006928,2.0,1.0,3121.0,1735.9604761363016
261172__sample_006929,8.0,1.0,1097.0,1736.5930871672379
270454__sample_006930,8.0,1.0,1803.0,1736.6779734721272
422692__sample_006931,4.0,1.0,281.0,1737.0105663509148
37651__sample_006932,4.0,1.0,351.0,1737.384057492567
215062__sample_006933,8.0,1.0,19.0,1737.7976965179355
142579__sample_006934,8.0,1.0,49.0,1738.0091326176157
101770__sample_006935,4.0,1.0,912.0,1738.0117735168515
51708__sample_006936,2.0,0.2,205.0,1738.3703048629231
195620__sample_006937,8.0,1.0,146.0,1738.3984843668263
459931__sample_006938,8.0,0.4,1792.0,1738.4295554752052
94261__sample_006939,2.0,1.0,493.0,1738.6621686115216
395856__sample_006940,112.0,0.8,117.0,1739.688578454175
427460__sample_006941,12.0,1.0,435.0,1739.7580244173946
367026__sample_006942,14.0,1.0,1338.0,1740.0175054852343
68171__sample_006943,2.0,1.0,1477.0,1740.1079825119825
137560__sample_006944,8.0,1.0,3927.0,1740.6804641834478
181192__sample_006945,4.0,0.5,160.0,1740.9055174099162
238541__sample_006946,20.0,1.0,354.0,1740.9636509511674
138152__sample_006947,8.0,1.0,12.0,1741.0396482124872
373026__sample_006948,23.0,1.0,1092.0,1741.1812683562355
309824__sample_006949,8.0,1.0,2276.0,1741.213807931647
218804__sample_006950,8.0,1.0,13.0,1741.234309377196
161582__sample_006951,8.0,1.0,213.0,1741.519215918023
253970__sample_006952,8.0,1.0,13.0,1741.649925735433
128498__sample_006953,8.0,1.0,87.0,1741.9737886279922
252920__sample_006954,4.0,1.0,1953.0,1742.0029384310283
378346__sample_006955,112.0,0.8,3181.0,1742.238254393603
216334__sample_006956,8.0,1.0,12.0,1742.3846896403018
3649__sample_006957,8.0,0.5,809.0,1742.399626784306
435739__sample_006958,15.0,1.0,150.0,1742.596382469838
465847__sample_006959,8.0,1.0,214.0,1742.6179910669937
249742__sample_006960,20.0,1.0,1747.0,1743.0576492557059
58835__sample_006961,2.0,1.0,221.0,1743.307538446784
341885__sample_006962,112.0,0.8,515.0,1743.511066502884
300942__sample_006963,8.0,1.0,2109.0,1743.5468808527623
379046__sample_006964,104.0,0.8,2018.0,1743.6316096470318
412442__sample_006965,48.0,1.0,145.0,1743.8013595286616
387021__sample_006966,184.0,0.8,198.0,1744.052151090212
109584__sample_006967,8.0,1.0,30.0,1744.1027507455833
111111__sample_006968,8.0,1.0,14.0,1744.104977199949
428698__sample_006969,15.0,1.0,1762.0,1744.210665695961
442266__sample_006970,14.0,1.0,1713.0,1744.3755316455004
376744__sample_006971,184.0,0.8,330.0,1744.4264997260113
406918__sample_006972,184.0,0.8,511.0,1744.595899646865
98626__sample_006973,4.0,1.0,1659.0,1744.699205626323
141957__sample_006974,8.0,1.0,46.0,1744.8509891320282
103874__sample_006975,4.0,1.0,1314.0,1744.9577089799807
91924__sample_006976,2.0,1.0,61.0,1745.205238949217
167940__sample_006977,4.0,0.3,49.0,1745.2162000184176
125156__sample_006978,8.0,1.0,4173.0,1745.263055239474
422580__sample_006979,46.0,0.2,119.0,1745.4047944113418
150775__sample_006980,8.0,1.0,62.0,1745.514923760713
79671__sample_006981,2.0,1.0,357.0,1745.6391675718517
328175__sample_006982,12.0,1.0,1809.0,1746.0462726768544
115123__sample_006983,8.0,1.0,38.0,1746.5898902652666
47982__sample_006984,4.0,0.3,26.0,1746.6613674378884
179716__sample_006985,4.0,0.5,137.0,1747.1139364910334
336280__sample_006986,56.0,0.4,141.0,1747.267423405157
435191__sample_006987,12.0,1.0,646.0,1747.347412958608
431840__sample_006988,28.0,0.2,2629.0,1748.4050583645126
290620__sample_006989,8.0,1.0,1679.0,1748.8405176959159
305672__sample_006990,8.0,1.0,2011.0,1750.1303009017352
437177__sample_006991,28.0,0.2,85.0,1750.1763389449009
114757__sample_006992,8.0,1.0,3377.0,1750.2151642268036
222742__sample_006993,8.0,1.0,8.0,1750.390145729526
164740__sample_006994,4.0,0.3,61.0,1750.6446184777565
43163__sample_006995,4.0,0.3,18.0,1750.6915203813694
146794__sample_006996,8.0,1.0,59.0,1751.1838188309284
133782__sample_006997,8.0,1.0,25.0,1751.373647776939
320819__sample_006998,4.0,1.0,1790.0,1751.5059553632047
255457__sample_006999,8.0,0.2,3514.0,1751.7363148980528
351172__sample_007000,28.0,0.2,845.0,1751.9882476779692
408426__sample_007001,112.0,0.8,1393.0,1751.9991790420977
115564__sample_007002,8.0,1.0,29.0,1754.2840719567703
371569__sample_007003,13.0,1.0,3301.0,1754.397179524788
313337__sample_007004,4.0,1.0,1892.0,1754.4130589911765
402362__sample_007005,104.0,0.8,446.0,1754.891241242708
44396__sample_007006,4.0,0.3,42.0,1756.1323705315858
49581__sample_007007,2.0,0.2,872.0,1756.556062992002
461154__sample_007008,8.0,1.0,484.0,1757.0335003252083
444684__sample_007009,32.0,0.2,229.0,1757.2793318265142
90658__sample_007010,2.0,1.0,31.0,1757.9181391434734
422240__sample_007011,184.0,0.8,52.0,1757.9272373457839
154084__sample_007012,8.0,1.0,12.0,1758.2911204431844
41368__sample_007013,4.0,0.3,17.0,1758.5688247309145
54340__sample_007014,2.0,1.0,71.0,1758.5815388600786
296899__sample_007015,8.0,0.2,2048.0,1758.777839992655
108322__sample_007016,8.0,1.0,151.0,1758.9587726976622
459885__sample_007017,14.0,1.0,716.0,1759.2528087931805
52677__sample_007018,2.0,1.0,1941.0,1759.2729842817234
312937__sample_007019,32.0,1.0,566.0,1759.6820308846534
20840__sample_007020,24.0,1.0,2216.0,1759.7195632491869
197430__sample_007021,8.0,1.0,3134.0,1759.8551701070114
207755__sample_007022,32.0,1.0,587.0,1760.387933844629
82932__sample_007023,2.0,1.0,49.0,1760.5934812138373
277708__sample_007024,8.0,1.0,1086.0,1760.7128252643377
10404__sample_007025,4.0,1.0,1699.0,1760.7251759408084
207596__sample_007026,16.0,1.0,548.0,1761.0040699189055
63869__sample_007027,2.0,1.0,80.0,1762.0812038449587
456975__sample_007028,8.0,0.4,168.0,1762.6882307165586
461159__sample_007029,8.0,1.0,128.0,1763.004069501435
61647__sample_007030,2.0,1.0,237.0,1763.0318842089805
352408__sample_007031,23.0,1.0,1610.0,1763.1003093084146
260001__sample_007032,8.0,1.0,3060.0,1763.1520189281011
332365__sample_007033,12.0,1.0,2044.0,1763.261824163042
45408__sample_007034,2.0,0.2,206.0,1763.3289631101882
230247__sample_007035,4.0,1.0,2589.0,1763.3990369475757
200928__sample_007036,8.0,1.0,125.0,1763.6387907997557
172443__sample_007037,4.0,0.5,270.0,1763.7347299096514
206393__sample_007038,32.0,1.0,402.0,1764.017381745768
257336__sample_007039,8.0,1.0,1521.0,1764.7559797130275
197970__sample_007040,8.0,1.0,138.0,1765.010337750788
247224__sample_007041,8.0,1.0,1359.0,1765.3585735318084
159613__sample_007042,8.0,1.0,13.0,1765.7067325539495
397574__sample_007043,104.0,0.8,3061.0,1765.8071143177062
403730__sample_007044,14.0,1.0,525.0,1765.8108820661153
58816__sample_007045,2.0,1.0,99.0,1765.825037342932
232189__sample_007046,4.0,1.0,3091.0,1765.907879750016
115523__sample_007047,8.0,1.0,29.0,1766.2003073662868
85728__sample_007048,2.0,1.0,353.0,1766.7932459826802
413119__sample_007049,48.0,1.0,725.0,1767.5905646936003
451448__sample_007050,28.0,0.2,209.0,1767.597111846469
102325__sample_007051,4.0,1.0,912.0,1768.750595104242
151101__sample_007052,8.0,1.0,75.0,1768.8479305093645
187637__sample_007053,4.0,0.5,1173.0,1769.3107381872248
96025__sample_007054,2.0,1.0,29.0,1769.360441017619
379623__sample_007055,92.0,0.4,1601.0,1769.376681872496
292834__sample_007056,8.0,0.2,1451.0,1769.4955285652181
129118__sample_007057,8.0,1.0,102.0,1769.985145157519
124745__sample_007058,8.0,1.0,284.0,1770.0475250333675
368357__sample_007059,112.0,0.8,1712.0,1770.089321402936
111913__sample_007060,8.0,1.0,12.0,1770.6907648644014
80346__sample_007061,2.0,1.0,39.0,1771.3872834868398
179018__sample_007062,4.0,0.5,138.0,1771.3904403850156
223284__sample_007063,8.0,1.0,316.0,1771.7154106016865
281392__sample_007064,8.0,1.0,1801.0,1771.8078896347238
123958__sample_007065,8.0,1.0,65.0,1771.9252723179804
327518__sample_007066,12.0,1.0,1504.0,1772.0835691187326
296782__sample_007067,8.0,1.0,201.0,1772.2226953261809
332380__sample_007068,12.0,1.0,551.0,1772.4035834106614
72832__sample_007069,2.0,1.0,429.0,1772.6218683030984
136456__sample_007070,8.0,1.0,15.0,1772.7785188643957
350643__sample_007071,13.0,1.0,1123.0,1773.0808184230882
368176__sample_007072,184.0,0.8,206.0,1773.3978144339621
40870__sample_007073,4.0,0.3,15.0,1773.5429294652192
95633__sample_007074,2.0,1.0,30.0,1773.5813522464377
82535__sample_007075,2.0,1.0,85.0,1773.8372091478795
143460__sample_007076,8.0,1.0,3187.0,1774.2078627941771
173349__sample_007077,4.0,0.5,153.0,1774.4619662086009
163865__sample_007078,4.0,0.3,117.0,1774.683682424921
458807__sample_007079,30.0,0.2,386.0,1774.7488327768754
462796__sample_007080,8.0,1.0,401.0,1775.0078386755035
449455__sample_007081,14.0,1.0,2122.0,1775.1097766862574
120165__sample_007082,8.0,1.0,311.0,1775.7398340805319
267396__sample_007083,8.0,1.0,409.0,1776.0049610431595
99161__sample_007084,4.0,1.0,1649.0,1776.0864558008511
357465__sample_007085,52.0,0.4,359.0,1776.2465598128883
31262__sample_007086,20.0,0.8,3489.0,1776.715205897082
316715__sample_007087,4.0,1.0,4360.0,1776.8173724352728
161775__sample_007088,8.0,1.0,29.0,1777.0037145406395
181707__sample_007089,4.0,0.5,312.0,1777.288315410904
413591__sample_007090,48.0,1.0,305.0,1777.639459872232
174605__sample_007091,4.0,0.5,140.0,1777.6872173660615
75184__sample_007092,2.0,1.0,180.0,1777.8954072247857
47494__sample_007093,4.0,0.3,86.0,1778.503580386046
449760__sample_007094,15.0,1.0,272.0,1779.3669119436954
10053__sample_007095,4.0,1.0,1670.0,1779.6337957801627
68050__sample_007096,2.0,1.0,1823.0,1780.6623428814023
287147__sample_007097,8.0,1.0,1801.0,1780.87376323519
207132__sample_007098,32.0,1.0,860.0,1781.0198835320955
9074__sample_007099,4.0,1.0,3501.0,1781.2203939370274
244681__sample_007100,8.0,1.0,1774.0,1781.251137167878
146578__sample_007101,8.0,1.0,1720.0,1781.3795595646627
351873__sample_007102,184.0,0.8,342.0,1781.5328687864746
125303__sample_007103,8.0,1.0,51.0,1782.0048721779597
213899__sample_007104,8.0,1.0,10.0,1782.360247499489
189354__sample_007105,15.0,1.0,911.0,1782.590213391971
213474__sample_007106,8.0,1.0,30.0,1782.6968640908613
252717__sample_007107,4.0,1.0,1971.0,1782.748630768653
113887__sample_007108,8.0,1.0,15.0,1782.855468364806
399541__sample_007109,104.0,0.8,507.0,1783.1401739128814
161795__sample_007110,8.0,1.0,48.0,1783.2164785818504
258401__sample_007111,8.0,1.0,470.0,1783.3556465426223
140877__sample_007112,8.0,1.0,31.0,1783.4779004407537
80924__sample_007113,2.0,1.0,36.0,1783.8405713988057
186702__sample_007114,4.0,0.5,1279.0,1784.3786541739278
213206__sample_007115,8.0,1.0,9.0,1784.6791237211617
464322__sample_007116,16.0,1.0,1489.0,1784.7836102370632
146202__sample_007117,8.0,1.0,1861.0,1784.9255373069896
3284__sample_007118,8.0,0.5,289.0,1784.9642188132486
354947__sample_007119,28.0,0.2,179.0,1785.0102288056837
98739__sample_007120,4.0,1.0,1828.0,1785.0550979777597
444076__sample_007121,8.0,1.0,1748.0,1785.0900820449508
98255__sample_007122,4.0,1.0,1659.0,1785.1395671379871
1797__sample_007123,4.0,0.1,785.0,1785.196194503704
373204__sample_007124,104.0,0.8,351.0,1785.2258470197846
378445__sample_007125,13.0,1.0,592.0,1785.4814409541266
186844__sample_007126,4.0,0.5,111.0,1786.6429789655263
286139__sample_007127,8.0,1.0,2101.0,1787.1713562829766
464373__sample_007128,14.0,1.0,163.0,1787.183025098519
342578__sample_007129,184.0,0.8,729.0,1787.320528833524
368419__sample_007130,56.0,0.4,305.0,1787.8108289604456
180352__sample_007131,4.0,0.5,187.0,1787.8469914378802
418516__sample_007132,12.0,1.0,1848.0,1788.317377167253
31262__sample_007133,20.0,0.8,3489.0,1788.541928874839
298475__sample_007134,8.0,0.2,1815.0,1789.2114251277153
204296__sample_007135,8.0,1.0,100.0,1789.733372427904
110089__sample_007136,8.0,1.0,30.0,1790.0159247333163
210705__sample_007137,8.0,1.0,1827.0,1790.2840312677988
147191__sample_007138,8.0,1.0,49.0,1790.3439651917438
123950__sample_007139,8.0,1.0,3097.0,1790.3750027797719
62516__sample_007140,2.0,1.0,251.0,1790.5092068267372
183561__sample_007141,4.0,0.5,313.0,1790.560833763291
347490__sample_007142,11.0,1.0,233.0,1790.5878461056036
111085__sample_007143,8.0,1.0,14.0,1790.677847201868
102494__sample_007144,4.0,1.0,969.0,1791.170251848286
127443__sample_007145,8.0,1.0,13.0,1791.1745760698827
121155__sample_007146,8.0,1.0,75.0,1791.2611291377686
4823__sample_007147,4.0,0.5,2902.0,1791.399063693199
9694__sample_007148,4.0,1.0,1992.0,1791.5776920228784
408558__sample_007149,112.0,0.8,1069.0,1791.6277861684525
270087__sample_007150,8.0,1.0,1255.0,1792.4603791149789
291413__sample_007151,8.0,1.0,736.0,1792.676584347866
119794__sample_007152,8.0,1.0,15.0,1792.861178308674
171842__sample_007153,4.0,0.5,277.0,1792.863393743275
148584__sample_007154,8.0,1.0,40.0,1793.0296383508248
336947__sample_007155,12.0,1.0,2572.0,1793.4841703148984
272228__sample_007156,8.0,0.2,611.0,1793.5461717521653
208389__sample_007157,32.0,1.0,373.0,1793.6543323625292
214731__sample_007158,8.0,1.0,100.0,1793.659528863688
209414__sample_007159,32.0,1.0,409.0,1794.6018074796232
418542__sample_007160,12.0,1.0,1401.0,1794.6190517146144
127828__sample_007161,8.0,1.0,74.0,1795.1902898897197
160452__sample_007162,8.0,1.0,83.0,1795.2841406656273
191109__sample_007163,12.0,1.0,771.0,1795.505554619288
362542__sample_007164,112.0,0.8,368.0,1795.7898790267511
29059__sample_007165,10.0,0.4,673.0,1795.8278259025012
398644__sample_007166,28.0,0.2,2162.0,1795.974464478645
349169__sample_007167,112.0,0.8,984.0,1796.0728978150228
81814__sample_007168,2.0,1.0,32.0,1796.0874646954394
345132__sample_007169,112.0,0.8,1197.0,1796.5351951320831
437369__sample_007170,84.0,0.8,101.0,1796.5467500358795
58607__sample_007171,2.0,1.0,160.0,1796.811543579525
53123__sample_007172,2.0,1.0,1073.0,1796.9057911923333
75737__sample_007173,2.0,1.0,1090.0,1796.9591295152557
403110__sample_007174,14.0,1.0,183.0,1797.2340973239593
86264__sample_007175,2.0,1.0,32.0,1797.4477420666296
53754__sample_007176,2.0,1.0,393.0,1797.542419718897
161325__sample_007177,8.0,1.0,20.0,1797.7222723589196
106499__sample_007178,4.0,1.0,964.0,1797.7929417134844
276580__sample_007179,8.0,1.0,1053.0,1798.2911594537793
390411__sample_007180,13.0,1.0,3009.0,1798.3853128331602
145579__sample_007181,8.0,1.0,94.0,1798.4556228927665
20368__sample_007182,12.0,1.0,1829.0,1798.8040369521652
173561__sample_007183,4.0,0.5,320.0,1798.8084742209232
181914__sample_007184,4.0,0.5,143.0,1798.8864719190706
47193__sample_007185,2.0,0.2,37.0,1799.0041309646474
189369__sample_007186,120.0,0.8,250.0,1799.538903293646
54889__sample_007187,2.0,1.0,181.0,1800.2900551921246
253247__sample_007188,4.0,1.0,1708.0,1800.605171552304
152429__sample_007189,8.0,1.0,33.0,1800.7747518504805
66714__sample_007190,4.0,1.0,670.0,1801.030596666694
384606__sample_007191,104.0,0.8,1730.0,1801.1642059877151
3018__sample_007192,8.0,0.5,66.0,1801.2529557292405
225355__sample_007193,8.0,1.0,9.0,1802.0053530296534
36496__sample_007194,4.0,1.0,33.0,1802.0360051966409
31103__sample_007195,32.0,0.8,747.0,1802.1423176703108
145938__sample_007196,8.0,1.0,43.0,1802.7156966557995
36704__sample_007197,4.0,1.0,141.0,1803.0367587765304
200767__sample_007198,8.0,1.0,28.0,1803.0441421008877
393407__sample_007199,28.0,0.2,301.0,1803.049984763894
281034__sample_007200,8.0,1.0,430.0,1803.2316671989622
97050__sample_007201,2.0,1.0,379.0,1803.3972019621735
12408__sample_007202,4.0,1.0,2535.0,1803.5434956742356
121768__sample_007203,8.0,1.0,1377.0,1803.6335028724873
104268__sample_007204,4.0,1.0,913.0,1804.7123514457703
163996__sample_007205,4.0,0.3,104.0,1804.7917106501334
382858__sample_007206,112.0,0.8,577.0,1804.9600664982659
321432__sample_007207,4.0,1.0,4060.0,1805.0898200533584
309855__sample_007208,8.0,1.0,2376.0,1805.1364775874988
409308__sample_007209,184.0,0.8,1016.0,1805.1930831987293
199471__sample_007210,8.0,1.0,954.0,1805.8192669086318
431239__sample_007211,16.0,1.0,329.0,1806.307741919485
139322__sample_007212,8.0,1.0,937.0,1806.3632293311293
21548__sample_007213,4.0,1.0,2515.0,1806.8844184893949
400438__sample_007214,13.0,1.0,2189.0,1806.94309165158
281853__sample_007215,8.0,1.0,740.0,1807.189331977291
117160__sample_007216,8.0,1.0,4012.0,1807.2105255902081
330386__sample_007217,12.0,1.0,1806.0,1807.7413627173742
314048__sample_007218,4.0,1.0,2372.0,1807.7545811687073
86565__sample_007219,2.0,1.0,207.0,1807.9569693352796
384059__sample_007220,13.0,1.0,840.0,1808.3351736708762
269556__sample_007221,8.0,0.2,1938.0,1808.366234404478
247467__sample_007222,8.0,1.0,1908.0,1808.495814593157
340798__sample_007223,8.0,0.2,1367.0,1808.5065284602645
159057__sample_007224,8.0,1.0,79.0,1808.7935467843704
54394__sample_007225,2.0,1.0,399.0,1808.8853903484978
159869__sample_007226,8.0,1.0,14.0,1809.0902921114352
101731__sample_007227,4.0,1.0,959.0,1809.7650607760288
231869__sample_007228,4.0,1.0,2383.0,1809.8563304970376
379867__sample_007229,184.0,0.8,2756.0,1809.8687928896272
386549__sample_007230,112.0,0.8,383.0,1810.150258779003
132017__sample_007231,8.0,1.0,24.0,1810.5366881649848
238565__sample_007232,20.0,1.0,1421.0,1811.3284284201723
229496__sample_007233,12.0,1.0,911.0,1811.3713631213236
388060__sample_007234,184.0,0.8,222.0,1811.4958157621975
353883__sample_007235,56.0,0.4,2787.0,1811.9605157777228
293848__sample_007236,8.0,1.0,1355.0,1812.3716155166912
303769__sample_007237,8.0,1.0,1955.0,1812.6166866719182
173472__sample_007238,4.0,0.5,140.0,1812.6951481999608
241075__sample_007239,64.0,0.8,657.0,1812.7786793004245
49908__sample_007240,2.0,0.2,1257.0,1812.8117774520676
331466__sample_007241,12.0,1.0,547.0,1813.4490705102266
53163__sample_007242,2.0,1.0,1138.0,1813.4965374541227
49044__sample_007243,2.0,0.2,112.0,1813.7092138866237
187059__sample_007244,4.0,0.5,910.0,1813.9286926686452
296212__sample_007245,8.0,1.0,429.0,1814.0440450115987
423756__sample_007246,60.0,0.4,2563.0,1814.1527112608537
71470__sample_007247,2.0,1.0,3517.0,1814.4288098177494
146932__sample_007248,8.0,1.0,30.0,1814.5516872377887
154734__sample_007249,8.0,1.0,19.0,1814.6253187285351
450034__sample_007250,14.0,1.0,151.0,1814.7526636053426
336701__sample_007251,12.0,1.0,254.0,1815.1647889657932
163553__sample_007252,8.0,0.2,694.0,1816.0136806949079
180768__sample_007253,4.0,0.5,149.0,1816.2662968677002
161447__sample_007254,8.0,1.0,4245.0,1816.6472280329788
112172__sample_007255,8.0,1.0,14.0,1816.8374907985562
65086__sample_007256,2.0,1.0,135.0,1817.0825802343327
396407__sample_007257,184.0,0.8,349.0,1818.1901042904303
102949__sample_007258,4.0,1.0,955.0,1818.3343540448873
288692__sample_007259,16.0,0.2,2266.0,1818.3514919380755
379639__sample_007260,56.0,0.4,1220.0,1819.1381709520133
134996__sample_007261,8.0,1.0,30.0,1819.5320046267118
464485__sample_007262,16.0,1.0,2023.0,1819.6590080086758
262451__sample_007263,8.0,1.0,1348.0,1820.6689018517413
372856__sample_007264,112.0,0.8,468.0,1820.7748864311177
134877__sample_007265,8.0,1.0,30.0,1820.891238062555
61312__sample_007266,2.0,1.0,182.0,1821.126468047311
162051__sample_007267,8.0,1.0,60.0,1821.2066390153107
274115__sample_007268,16.0,0.2,2293.0,1821.5064446126119
100904__sample_007269,4.0,1.0,1977.0,1821.5479140784043
161183__sample_007270,8.0,1.0,30.0,1821.5764934613383
106406__sample_007271,4.0,1.0,912.0,1821.7678573509577
284677__sample_007272,8.0,1.0,1367.0,1821.970555103781
342039__sample_007273,14.0,1.0,378.0,1821.998750731899
428190__sample_007274,12.0,1.0,2221.0,1822.8310368590069
9873__sample_007275,4.0,1.0,3672.0,1823.0439475641285
79042__sample_007276,2.0,1.0,119.0,1823.0848818915417
441963__sample_007277,184.0,0.8,911.0,1823.1781710127295
459078__sample_007278,60.0,0.8,666.0,1823.580823429814
194898__sample_007279,4.0,1.0,618.0,1823.766004502138
131716__sample_007280,8.0,1.0,459.0,1823.8181139148294
404042__sample_007281,184.0,0.8,1109.0,1823.84524668009
65847__sample_007282,2.0,1.0,87.0,1823.986116295058
121272__sample_007283,8.0,1.0,3056.0,1824.0890177920087
89352__sample_007284,2.0,1.0,240.0,1824.3557361410217
346000__sample_007285,184.0,0.8,614.0,1825.0041275808162
460410__sample_007286,8.0,1.0,179.0,1825.0752926700168
35562__sample_007287,5.0,1.0,537.0,1825.5584517131092
130067__sample_007288,8.0,1.0,123.0,1826.1913317413841
249199__sample_007289,4.0,1.0,2541.0,1826.7720353228508
328607__sample_007290,12.0,1.0,2546.0,1827.5315769747822
383967__sample_007291,184.0,0.8,564.0,1827.9930389658348
199724__sample_007292,8.0,1.0,132.0,1828.2180731967144
235696__sample_007293,12.0,1.0,311.0,1828.349916178328
388494__sample_007294,98.0,0.7,913.0,1828.51908103477
399234__sample_007295,104.0,0.8,527.0,1829.0342108109196
53854__sample_007296,2.0,1.0,1579.0,1829.1238794669175
188505__sample_007297,4.0,0.5,1279.0,1829.167248176386
434007__sample_007298,30.0,1.0,581.0,1829.205192157124
415670__sample_007299,63.2,0.8,3609.0,1829.6438002892119
307867__sample_007300,8.0,0.2,1715.0,1830.0021317779785
201105__sample_007301,8.0,1.0,41.0,1830.1742440071782
220560__sample_007302,8.0,1.0,10.0,1830.254595582
389729__sample_007303,112.0,0.8,2281.0,1830.537596366063
96178__sample_007304,2.0,1.0,135.0,1830.5473941497933
403624__sample_007305,56.0,0.4,527.0,1830.7573584450224
222276__sample_007306,8.0,1.0,10.0,1830.8844095309116
199884__sample_007307,8.0,1.0,50.0,1831.8369977339567
465189__sample_007308,56.0,0.4,7.0,1832.0140935237248
272507__sample_007309,8.0,1.0,722.0,1832.2149834954641
255999__sample_007310,8.0,1.0,1046.0,1832.5264972055718
308179__sample_007311,8.0,1.0,2218.0,1832.6921703621892
221224__sample_007312,8.0,1.0,13.0,1832.7557543082382
284149__sample_007313,8.0,1.0,1061.0,1832.9484114346294
129167__sample_007314,8.0,1.0,4138.0,1833.6702155389435
39576__sample_007315,4.0,1.0,482.0,1833.8020860104311
45548__sample_007316,2.0,0.2,430.0,1834.086664234569
244327__sample_007317,8.0,1.0,2553.0,1835.0412312532328
37639__sample_007318,4.0,1.0,27.0,1835.4841062441994
255429__sample_007319,8.0,0.2,17.0,1835.7530994701312
9881__sample_007320,4.0,1.0,2109.0,1836.0860476886678
111271__sample_007321,8.0,1.0,22.0,1836.775160587948
98936__sample_007322,4.0,1.0,1696.0,1837.5783349778787
109959__sample_007323,8.0,1.0,34.0,1838.4465201149922
376486__sample_007324,104.0,0.8,345.0,1838.6921555467418
130598__sample_007325,8.0,1.0,13.0,1838.8135716115041
260708__sample_007326,8.0,0.2,624.0,1838.849294845786
416577__sample_007327,12.0,1.0,3054.0,1838.9710509626598
214406__sample_007328,8.0,1.0,8.0,1839.6870316677823
458712__sample_007329,60.0,0.8,2499.0,1840.2383896404604
231215__sample_007330,4.0,1.0,2474.0,1840.4237953116035
178335__sample_007331,4.0,0.5,207.0,1840.6163063023043
350909__sample_007332,184.0,0.8,1111.0,1840.70868135069
401526__sample_007333,52.0,0.4,1340.0,1840.8601980851245
113631__sample_007334,8.0,1.0,27.0,1841.1735313000345
94453__sample_007335,2.0,1.0,1539.0,1841.3022525654242
279838__sample_007336,8.0,0.2,634.0,1841.3543113346848
451037__sample_007337,112.0,0.8,664.0,1841.5489111314905
259505__sample_007338,8.0,1.0,1525.0,1841.612742898642
272821__sample_007339,8.0,0.2,704.0,1842.527937949248
434858__sample_007340,112.0,0.8,188.0,1842.6516513775516
330145__sample_007341,12.0,1.0,550.0,1843.2527088731697
195046__sample_007342,4.0,1.0,1148.0,1843.3166107080626
406098__sample_007343,28.0,0.2,125.0,1843.3690469508522
264548__sample_007344,8.0,1.0,433.0,1843.6089124944508
380285__sample_007345,184.0,0.8,556.0,1843.986739828624
299618__sample_007346,8.0,1.0,1937.0,1844.1958583202004
228873__sample_007347,8.0,1.0,11.0,1844.2611331835417
30019__sample_007348,8.0,1.0,1314.0,1844.270790939655
90910__sample_007349,2.0,1.0,338.0,1844.5115636978453
198050__sample_007350,8.0,1.0,605.0,1844.5466774457575
179701__sample_007351,4.0,0.5,64.0,1844.6517623882464
15366__sample_007352,48.0,1.0,1919.0,1844.9333492990577
95375__sample_007353,2.0,1.0,322.0,1844.9591409857076
351853__sample_007354,112.0,0.8,591.0,1844.9931679428425
396114__sample_007355,14.0,1.0,209.0,1845.0090803272246
194116__sample_007356,4.0,1.0,4112.0,1846.3944406852797
407468__sample_007357,13.0,1.0,2694.0,1846.516819581567
252537__sample_007358,20.0,1.0,1908.0,1847.1073905317623
209096__sample_007359,32.0,1.0,420.0,1847.194278856573
167892__sample_007360,4.0,0.3,1026.0,1847.5440757017243
155820__sample_007361,8.0,1.0,82.0,1847.605892058963
58007__sample_007362,2.0,1.0,82.0,1847.7783426090994
195519__sample_007363,8.0,1.0,35.0,1848.2135365932988
302387__sample_007364,8.0,1.0,2071.0,1848.637196233329
117235__sample_007365,8.0,1.0,15.0,1849.0325069196201
389140__sample_007366,112.0,0.8,557.0,1849.466447770755
389391__sample_007367,184.0,0.8,388.0,1849.5258447006286
244926__sample_007368,8.0,1.0,1859.0,1849.690394110254
260252__sample_007369,8.0,0.2,1446.0,1849.8562288216453
44005__sample_007370,4.0,0.3,34.0,1850.4091921830177
10771__sample_007371,4.0,1.0,1679.0,1850.4972533152732
460749__sample_007372,12.0,0.5,1309.0,1851.1674687115196
16639__sample_007373,64.0,1.0,212.0,1851.3172899219335
19758__sample_007374,4.0,0.2,908.0,1851.594294268887
340942__sample_007375,8.0,0.2,1040.0,1851.6725897516103
218349__sample_007376,8.0,1.0,146.0,1851.8046242855073
79134__sample_007377,2.0,1.0,34.0,1852.1139213230958
148785__sample_007378,8.0,1.0,189.0,1852.2936643417793
271607__sample_007379,8.0,1.0,723.0,1852.9610208388413
304332__sample_007380,8.0,0.4,1344.0,1853.2950399676488
35350__sample_007381,10.0,1.0,1126.0,1853.5027993686474
26612__sample_007382,8.0,1.0,1513.0,1854.0471616723949
152779__sample_007383,8.0,1.0,182.0,1854.3209834198883
115363__sample_007384,8.0,1.0,30.0,1854.5815322926671
420395__sample_007385,12.0,1.0,925.0,1854.6522461718084
130926__sample_007386,8.0,1.0,138.0,1854.7778187788783
134132__sample_007387,8.0,1.0,16.0,1855.0652717435855
19640__sample_007388,4.0,0.2,1600.0,1855.6211960715445
183561__sample_007389,4.0,0.5,313.0,1855.715980069513
172396__sample_007390,4.0,0.5,101.0,1855.77665266434
227437__sample_007391,8.0,1.0,11.0,1856.001816059079
70865__sample_007392,2.0,1.0,315.0,1856.0192063971883
367290__sample_007393,104.0,0.8,1285.0,1856.3326212284828
142646__sample_007394,8.0,1.0,14.0,1856.6362436596648
226688__sample_007395,8.0,1.0,9.0,1856.7458567342737
263671__sample_007396,8.0,1.0,3472.0,1857.3038363311991
352528__sample_007397,112.0,0.8,535.0,1857.4782160827383
6656__sample_007398,4.0,0.5,35.0,1857.7376647340116
207996__sample_007399,32.0,1.0,625.0,1857.7964619611741
53795__sample_007400,2.0,1.0,110.0,1857.9314999682672
295478__sample_007401,8.0,0.2,2564.0,1858.427382926892
377641__sample_007402,14.0,1.0,355.0,1858.4872454818503
441997__sample_007403,184.0,0.8,49.0,1858.6110550738533
413475__sample_007404,48.0,1.0,560.0,1858.7067645395207
114326__sample_007405,8.0,1.0,19.0,1858.7477210102784
25623__sample_007406,4.0,1.0,1068.0,1858.8332442826377
386549__sample_007407,112.0,0.8,383.0,1858.8994871899724
251123__sample_007408,20.0,1.0,1976.0,1859.5424094938123
86073__sample_007409,2.0,1.0,119.0,1859.8802173758684
111681__sample_007410,8.0,1.0,14.0,1859.97520384681
209597__sample_007411,32.0,1.0,1369.0,1860.3354855384446
381608__sample_007412,13.0,1.0,2773.0,1860.341082718557
456848__sample_007413,12.0,1.0,368.0,1860.527996607356
351328__sample_007414,112.0,0.8,560.0,1860.6000286715953
120099__sample_007415,8.0,1.0,38.0,1860.630379148261
319306__sample_007416,4.0,0.8,127.0,1861.1684005480754
165058__sample_007417,4.0,0.3,81.0,1861.2239804377548
462255__sample_007418,8.0,1.0,1568.0,1861.6560232620927
18639__sample_007419,128.0,0.8,2086.0,1861.7893007319658
121838__sample_007420,8.0,1.0,57.0,1861.7928991985889
69128__sample_007421,2.0,1.0,3653.0,1862.122588810223
419788__sample_007422,46.0,0.2,3397.0,1862.3493966323194
310486__sample_007423,4.0,1.0,1215.0,1862.4548607676682
328552__sample_007424,120.0,0.8,491.0,1862.5375241441218
62729__sample_007425,2.0,1.0,141.0,1862.5566610639073
11735__sample_007426,4.0,1.0,2112.0,1863.2660254263435
368564__sample_007427,14.0,1.0,1173.0,1863.4363226108412
335211__sample_007428,12.0,1.0,245.0,1863.4586737661728
910__sample_007429,4.0,0.1,790.0,1863.9662027754175
290271__sample_007430,8.0,1.0,1025.0,1864.0479239717695
174281__sample_007431,4.0,0.5,181.0,1864.1048382509723
4897__sample_007432,4.0,0.5,893.0,1864.1872899792236
43039__sample_007433,4.0,0.3,18.0,1864.3951461242762
380919__sample_007434,184.0,0.8,1057.0,1864.4143816354194
60895__sample_007435,2.0,1.0,142.0,1864.5787093502684
196489__sample_007436,8.0,1.0,334.0,1865.143934486212
68278__sample_007437,2.0,1.0,236.0,1865.1960510577335
67442__sample_007438,2.0,1.0,27.0,1865.2966144150591
464540__sample_007439,112.0,0.8,52.0,1865.422710172642
46942__sample_007440,2.0,0.2,27.0,1865.6433158143786
175404__sample_007441,4.0,0.5,154.0,1866.2724282910845
462631__sample_007442,8.0,1.0,1049.0,1866.3978696589802
55352__sample_007443,2.0,1.0,542.0,1866.4157847048482
450228__sample_007444,60.0,0.8,1355.0,1866.5226935433461
178299__sample_007445,4.0,0.5,529.0,1866.5754001644787
385690__sample_007446,184.0,0.8,844.0,1866.8391264044112
265079__sample_007447,8.0,1.0,1430.0,1866.8465511005315
197129__sample_007448,8.0,1.0,661.0,1866.932854170348
126810__sample_007449,8.0,1.0,2554.0,1867.1298139871817
245120__sample_007450,8.0,1.0,1950.0,1867.2110160903628
131927__sample_007451,8.0,1.0,29.0,1867.4111965619868
96775__sample_007452,2.0,1.0,334.0,1867.4416572187665
249291__sample_007453,4.0,1.0,4088.0,1868.156981551035
68024__sample_007454,2.0,1.0,2364.0,1868.242923630704
353293__sample_007455,184.0,0.8,3485.0,1868.8839138202927
58243__sample_007456,2.0,1.0,141.0,1868.9824840810008
431086__sample_007457,14.0,1.0,163.0,1869.3631159351864
127928__sample_007458,8.0,1.0,46.0,1869.4337687918235
20023__sample_007459,12.0,1.0,1916.0,1869.7107594352797
275730__sample_007460,8.0,1.0,1335.0,1869.8085450575281
352766__sample_007461,112.0,0.8,467.0,1869.9864538814766
112624__sample_007462,8.0,1.0,271.0,1870.2665258702375
141822__sample_007463,8.0,1.0,102.0,1870.488744927718
378894__sample_007464,112.0,0.8,529.0,1870.7034158825763
130721__sample_007465,8.0,1.0,934.0,1870.7204001779298
103494__sample_007466,4.0,1.0,1318.0,1870.7920131626645
20609__sample_007467,12.0,1.0,1828.0,1871.004077328387
262041__sample_007468,8.0,1.0,1320.0,1871.0086990894906
248503__sample_007469,12.0,1.0,2068.0,1871.0808344515983
84864__sample_007470,2.0,1.0,683.0,1871.1459112498362
131751__sample_007471,8.0,1.0,12.0,1871.2177838092698
271007__sample_007472,16.0,0.2,1737.0,1871.4095411805042
91354__sample_007473,2.0,1.0,84.0,1871.627585931532
395731__sample_007474,112.0,0.8,494.0,1872.226804364744
391305__sample_007475,60.0,0.4,1086.0,1872.3487570948841
71825__sample_007476,2.0,1.0,4331.0,1873.0016431329398
381820__sample_007477,92.0,0.4,887.0,1873.2654985367494
215007__sample_007478,8.0,1.0,10.0,1873.8749863526998
200328__sample_007479,8.0,1.0,117.0,1874.32313445923
10174__sample_007480,4.0,1.0,1618.0,1874.6139881251092
319931__sample_007481,4.0,0.8,119.0,1874.7240433767709
432510__sample_007482,16.0,1.0,1921.0,1874.7930181341576
450362__sample_007483,14.0,1.0,791.0,1874.8559011371312
367789__sample_007484,112.0,0.8,81.0,1875.6159467510479
225392__sample_007485,8.0,1.0,9.0,1876.411907448345
304006__sample_007486,8.0,0.2,1976.0,1876.7345002438583
378818__sample_007487,26.0,0.2,472.0,1877.2726022125378
56153__sample_007488,2.0,1.0,140.0,1877.9009169015471
89013__sample_007489,2.0,1.0,74.0,1878.08004961481
348002__sample_007490,112.0,0.8,741.0,1878.327978144933
115973__sample_007491,8.0,1.0,109.0,1878.46362366005
366129__sample_007492,92.0,0.4,2589.0,1878.5991557661948
101028__sample_007493,4.0,1.0,1744.0,1878.6089524634747
284392__sample_007494,8.0,1.0,745.0,1878.7511639158947
289154__sample_007495,8.0,0.2,226.0,1879.0309874472912
49313__sample_007496,2.0,0.2,193.0,1879.1680250863658
178247__sample_007497,4.0,0.5,879.0,1879.682757773501
122330__sample_007498,8.0,1.0,14.0,1879.7838353244704
111981__sample_007499,8.0,1.0,105.0,1879.819422734752
105343__sample_007500,4.0,1.0,1515.0,1880.2366649040591
75592__sample_007501,2.0,1.0,553.0,1880.516839441721
64015__sample_007502,2.0,1.0,113.0,1880.586047884651
373290__sample_007503,14.0,1.0,270.0,1880.7782588182881
54089__sample_007504,2.0,1.0,497.0,1880.9067382258092
137642__sample_007505,8.0,1.0,90.0,1881.6053845522915
231888__sample_007506,4.0,1.0,2139.0,1881.8390823121426
199098__sample_007507,8.0,1.0,95.0,1881.8821917314135
282640__sample_007508,8.0,1.0,1405.0,1882.056555067429
393615__sample_007509,112.0,0.8,1013.0,1882.5526912611201
447125__sample_007510,48.0,0.4,803.0,1882.8309933371754
373232__sample_007511,13.0,1.0,524.0,1883.2929997342408
95760__sample_007512,2.0,1.0,1796.0,1883.365053392422
248906__sample_007513,4.0,1.0,149.0,1883.9131530510174
78111__sample_007514,2.0,1.0,63.0,1884.2654019056804
40541__sample_007515,4.0,0.3,19.0,1884.5917314714593
297776__sample_007516,8.0,1.0,1374.0,1884.6981003698952
309513__sample_007517,8.0,1.0,1957.0,1885.2446523840192
260536__sample_007518,8.0,0.2,1913.0,1885.4986659090823
2171__sample_007519,4.0,0.1,1537.0,1885.9760306533815
24921__sample_007520,4.0,1.0,1097.0,1886.0879821923274
90113__sample_007521,2.0,1.0,34.0,1886.1273363874877
360685__sample_007522,14.0,1.0,2247.0,1886.22832938591
185948__sample_007523,4.0,0.5,329.0,1886.3801930466711
256879__sample_007524,8.0,1.0,1037.0,1886.5707677280864
311725__sample_007525,4.0,1.0,954.0,1886.7495184065058
65817__sample_007526,2.0,1.0,112.0,1886.946962990463
348671__sample_007527,80.0,0.8,1356.0,1887.4077879235529
439841__sample_007528,14.0,1.0,503.0,1887.4544008158007
197370__sample_007529,8.0,1.0,1527.0,1887.549368905078
299940__sample_007530,8.0,0.4,1691.0,1888.0980449476158
318848__sample_007531,4.0,0.8,131.0,1888.303550564784
91723__sample_007532,2.0,1.0,351.0,1888.522451673646
332258__sample_007533,12.0,1.0,543.0,1888.6850035525324
185133__sample_007534,4.0,0.5,668.0,1888.8840614773687
80889__sample_007535,2.0,1.0,70.0,1888.939248000049
52576__sample_007536,2.0,1.0,200.0,1889.1371403441458
78772__sample_007537,2.0,1.0,104.0,1890.604286456029
294479__sample_007538,8.0,1.0,1386.0,1890.8129915475097
140980__sample_007539,8.0,1.0,3348.0,1890.8243461584345
228199__sample_007540,8.0,1.0,10.0,1891.2222894284637
83914__sample_007541,2.0,1.0,54.0,1891.3485315596256
66922__sample_007542,4.0,1.0,1056.0,1891.3902448569847
394039__sample_007543,14.0,1.0,1020.0,1891.8863137113688
71509__sample_007544,2.0,1.0,174.0,1891.9414670424833
302615__sample_007545,8.0,1.0,2075.0,1892.575308872657
447822__sample_007546,14.0,1.0,62.0,1892.721066790313
242285__sample_007547,4.0,1.0,1771.0,1893.060533203446
183347__sample_007548,4.0,0.5,938.0,1893.2584967017312
59130__sample_007549,2.0,1.0,100.0,1893.3326359711348
264169__sample_007550,8.0,1.0,1996.0,1893.6106288842345
183378__sample_007551,4.0,0.5,217.0,1894.4026303101462
173933__sample_007552,4.0,0.5,96.0,1894.7696550124404
37524__sample_007553,4.0,1.0,106.0,1895.0012516411048
299459__sample_007554,8.0,1.0,2561.0,1896.1687617187192
96269__sample_007555,2.0,1.0,634.0,1896.2458440497014
103852__sample_007556,4.0,1.0,1018.0,1896.261936413668
452922__sample_007557,14.0,1.0,297.0,1896.2701010119465
147347__sample_007558,8.0,1.0,32.0,1896.5801633049778
332874__sample_007559,12.0,1.0,1504.0,1897.0234944620533
281262__sample_007560,8.0,1.0,755.0,1897.2755278141794
275487__sample_007561,8.0,1.0,448.0,1897.8640674140963
445339__sample_007562,8.0,1.0,2084.0,1898.1633796519234
246623__sample_007563,8.0,1.0,1838.0,1898.2792676320742
338330__sample_007564,8.0,0.3,1044.0,1898.3292642868905
172689__sample_007565,4.0,0.5,1758.0,1898.9756587597453
353568__sample_007566,112.0,0.8,1178.0,1899.0030000991637
371039__sample_007567,184.0,0.8,873.0,1899.1987617275827
157835__sample_007568,8.0,1.0,1376.0,1899.2929840286326
157677__sample_007569,8.0,1.0,85.0,1899.3721467767248
100927__sample_007570,4.0,1.0,1766.0,1899.6316447653812
89011__sample_007571,2.0,1.0,3796.0,1899.6973878823796
358995__sample_007572,184.0,0.8,259.0,1900.3177114980065
188387__sample_007573,4.0,0.5,830.0,1900.447948968855
463583__sample_007574,8.0,1.0,197.0,1900.7307653927694
90486__sample_007575,2.0,1.0,582.0,1901.0560292721889
226162__sample_007576,8.0,1.0,8.0,1901.3431966705366
141343__sample_007577,8.0,1.0,3509.0,1901.9274914284074
74198__sample_007578,2.0,1.0,117.0,1901.9932000528318
124602__sample_007579,8.0,1.0,3316.0,1902.0156961493838
324607__sample_007580,12.0,1.0,730.0,1902.0299619679572
332536__sample_007581,12.0,1.0,309.0,1902.5555763665516
3420__sample_007582,8.0,0.5,285.0,1903.4612280690906
296998__sample_007583,8.0,1.0,1038.0,1903.55130077357
370803__sample_007584,104.0,0.8,1384.0,1903.846946511642
344523__sample_007585,13.0,1.0,598.0,1903.8491846967984
38966__sample_007586,4.0,1.0,119.0,1903.9014429376036
157277__sample_007587,8.0,1.0,222.0,1904.193654191339
319470__sample_007588,4.0,0.8,141.0,1904.2106936943896
129445__sample_007589,8.0,1.0,53.0,1904.3687114418838
357640__sample_007590,28.0,0.2,3510.0,1904.6403205689746
332310__sample_007591,12.0,1.0,2587.0,1905.0033844250984
77784__sample_007592,2.0,1.0,37.0,1905.154584226526
416026__sample_007593,92.0,0.4,560.0,1905.4033392871436
5844__sample_007594,4.0,0.5,145.0,1905.5972409547314
123582__sample_007595,8.0,1.0,42.0,1905.6106717980183
241049__sample_007596,92.0,0.8,1540.0,1905.9501516757603
265684__sample_007597,8.0,0.2,1626.0,1905.9974465049181
148031__sample_007598,8.0,1.0,27.0,1906.0055270835173
190874__sample_007599,15.0,1.0,693.0,1906.1555177691937
263094__sample_007600,8.0,0.2,756.0,1906.6573214085138
410277__sample_007601,16.0,1.0,2039.0,1906.6981952122444
337542__sample_007602,8.0,0.3,514.0,1906.7014304391523
301373__sample_007603,8.0,0.4,320.0,1906.7305580606342
58072__sample_007604,2.0,1.0,251.0,1906.8435632795029
31441__sample_007605,4.0,1.0,1331.0,1907.060540745933
245120__sample_007606,8.0,1.0,1950.0,1907.1141524076188
289368__sample_007607,16.0,0.2,1821.0,1907.5189790256175
178926__sample_007608,4.0,0.5,128.0,1907.868871671528
212018__sample_007609,12.0,1.0,71.0,1908.1664414336706
126663__sample_007610,8.0,1.0,4557.0,1908.3335403484457
222488__sample_007611,8.0,1.0,9.0,1908.44715834847
363687__sample_007612,184.0,0.8,236.0,1908.5648940143562
444815__sample_007613,56.0,0.4,629.0,1908.7397208104555
77892__sample_007614,2.0,1.0,133.0,1908.759837570909
35926__sample_007615,10.0,1.0,292.0,1909.0465038041348
143408__sample_007616,8.0,1.0,10.0,1909.1547800312114
189541__sample_007617,15.0,1.0,1541.0,1909.218425292158
238002__sample_007618,20.0,1.0,461.0,1909.2999711043976
463923__sample_007619,8.0,0.4,337.0,1909.349673576306
355305__sample_007620,184.0,0.8,214.0,1909.9292711246665
377868__sample_007621,56.0,0.4,274.0,1909.975563782464
460897__sample_007622,112.0,0.8,332.0,1910.511801302723
257800__sample_007623,8.0,1.0,1357.0,1910.7241015345555
352408__sample_007624,23.0,1.0,1610.0,1911.2293021730643
90901__sample_007625,2.0,1.0,28.0,1911.3899462128315
364968__sample_007626,14.0,1.0,3064.0,1912.0464499195239
208070__sample_007627,32.0,1.0,3557.0,1912.1058527028756
404453__sample_007628,28.0,0.2,226.0,1912.3080998394717
216318__sample_007629,8.0,1.0,9.0,1912.3417224284033
42917__sample_007630,4.0,0.3,14.0,1912.489921354047
82330__sample_007631,2.0,1.0,563.0,1912.700857887568
215933__sample_007632,8.0,1.0,65.0,1912.9335029875767
33244__sample_007633,4.0,1.0,1144.0,1913.0472438320903
399607__sample_007634,14.0,1.0,237.0,1913.0670954626976
46877__sample_007635,2.0,0.2,136.0,1913.3333845735262
118541__sample_007636,8.0,1.0,33.0,1913.5009531953556
401114__sample_007637,112.0,0.8,391.0,1913.5377532540156
194912__sample_007638,4.0,1.0,2053.0,1914.224487277278
357348__sample_007639,56.0,0.4,209.0,1915.0035031403027
309380__sample_007640,8.0,1.0,2004.0,1915.4890434263486
403213__sample_007641,104.0,0.8,523.0,1915.9533072764589
206845__sample_007642,32.0,1.0,640.0,1915.9792785875238
125457__sample_007643,8.0,1.0,13.0,1917.2352128844411
445450__sample_007644,12.0,1.0,2501.0,1917.3630779573323
390708__sample_007645,56.0,0.4,2780.0,1917.4075969376606
26979__sample_007646,8.0,1.0,1183.0,1917.8255605801962
412690__sample_007647,48.0,1.0,3600.0,1917.8895194855745
126914__sample_007648,8.0,1.0,242.0,1918.076248960709
251009__sample_007649,20.0,1.0,1774.0,1918.1104950303695
345846__sample_007650,184.0,0.8,225.0,1918.2714156381612
250635__sample_007651,20.0,1.0,2197.0,1918.475607030405
73081__sample_007652,2.0,1.0,339.0,1918.623220366717
36558__sample_007653,4.0,1.0,49.0,1918.641225127637
419048__sample_007654,12.0,1.0,922.0,1918.807092627164
298017__sample_007655,8.0,1.0,858.0,1918.9653140331793
33115__sample_007656,30.0,0.8,457.0,1919.041138297502
243843__sample_007657,8.0,1.0,1796.0,1919.6776262364087
245867__sample_007658,8.0,1.0,4255.0,1919.812858255965
346139__sample_007659,13.0,1.0,454.0,1920.3118463056023
67513__sample_007660,2.0,1.0,541.0,1920.3408853476176
126496__sample_007661,8.0,1.0,1950.0,1920.4368885450333
96064__sample_007662,2.0,1.0,29.0,1920.48538513285
115699__sample_007663,8.0,1.0,25.0,1920.6166208286875
404364__sample_007664,112.0,0.8,574.0,1920.646214449586
311887__sample_007665,4.0,1.0,954.0,1920.7916314676481
358175__sample_007666,112.0,0.8,2051.0,1920.9008203945664
337449__sample_007667,12.0,1.0,605.0,1920.9640005138376
197809__sample_007668,8.0,1.0,131.0,1921.2209314060622
374170__sample_007669,14.0,1.0,157.0,1921.974463967576
156174__sample_007670,8.0,1.0,29.0,1922.032482757975
227459__sample_007671,8.0,1.0,8.0,1922.3434999609965
80401__sample_007672,2.0,1.0,475.0,1922.6825682359554
151013__sample_007673,8.0,1.0,20.0,1922.854917051124
319630__sample_007674,4.0,0.8,181.0,1923.4248011090249
42932__sample_007675,4.0,0.3,17.0,1924.2730345097443
360573__sample_007676,14.0,1.0,474.0,1924.3854853494322
222373__sample_007677,8.0,1.0,12.0,1924.6486800422028
82939__sample_007678,2.0,1.0,196.0,1924.9200146993214
212337__sample_007679,12.0,1.0,67.0,1925.0492405157447
406572__sample_007680,13.0,1.0,377.0,1925.144479158827
236001__sample_007681,12.0,1.0,4506.0,1925.8230372198345
399538__sample_007682,80.0,0.8,355.0,1926.2131771927616
383803__sample_007683,184.0,0.8,382.0,1926.2435678944419
42999__sample_007684,4.0,0.3,13.0,1926.2754933052797
12114__sample_007685,4.0,1.0,1677.0,1926.9150006430589
58266__sample_007686,2.0,1.0,297.0,1926.9362294274297
450858__sample_007687,112.0,0.8,337.0,1927.2277552955811
449644__sample_007688,14.0,1.0,180.0,1927.2920461787749
135483__sample_007689,8.0,1.0,33.0,1927.3010009940517
260854__sample_007690,8.0,1.0,1080.0,1927.3163734662423
459371__sample_007691,8.0,1.0,322.0,1927.4332839128626
138592__sample_007692,8.0,1.0,92.0,1927.4534748604262
232736__sample_007693,15.0,0.4,95.0,1927.680455818436
165774__sample_007694,4.0,0.3,690.0,1927.9409579378073
196649__sample_007695,8.0,1.0,362.0,1928.0578470231753
334114__sample_007696,120.0,0.8,1168.0,1928.397398246435
225402__sample_007697,8.0,1.0,10.0,1928.56575522884
88276__sample_007698,2.0,1.0,25.0,1928.7063851992627
111394__sample_007699,8.0,1.0,26.0,1928.83702039772
343372__sample_007700,14.0,1.0,842.0,1928.9780359003712
318236__sample_007701,4.0,0.8,120.0,1929.8376645467695
263721__sample_007702,8.0,1.0,1948.0,1930.1236248070995
268995__sample_007703,8.0,0.2,3225.0,1930.2182855155681
379439__sample_007704,184.0,0.8,1049.0,1930.5492185918617
418213__sample_007705,12.0,1.0,2172.0,1930.6494377751874
192297__sample_007706,30.0,0.2,581.0,1930.6830249661998
165045__sample_007707,4.0,0.3,921.0,1930.8442858780052
137391__sample_007708,8.0,1.0,26.0,1931.1918854297405
352838__sample_007709,184.0,0.8,4569.0,1931.3104525718913
91078__sample_007710,2.0,1.0,51.0,1931.8189246140732
80110__sample_007711,2.0,1.0,87.0,1931.9412529118706
182655__sample_007712,4.0,0.5,190.0,1932.0488867352924
253741__sample_007713,8.0,1.0,399.0,1933.635053668333
364739__sample_007714,112.0,0.8,478.0,1933.7997265916954
367198__sample_007715,14.0,1.0,331.0,1934.208699284979
100062__sample_007716,4.0,1.0,2004.0,1934.617372902809
248420__sample_007717,12.0,1.0,2265.0,1935.2695463339358
55376__sample_007718,2.0,1.0,84.0,1935.2917254653591
376674__sample_007719,14.0,1.0,350.0,1935.3708214041303
244172__sample_007720,8.0,1.0,1937.0,1935.7358045751512
108719__sample_007721,8.0,1.0,2712.0,1935.9425322208317
138548__sample_007722,8.0,1.0,12.0,1936.147558671772
255870__sample_007723,8.0,0.3,1211.0,1936.1930036881897
39074__sample_007724,4.0,1.0,142.0,1936.275530377962
255679__sample_007725,8.0,0.3,1009.0,1936.4597184754307
367409__sample_007726,184.0,0.8,1614.0,1936.5408677100468
96546__sample_007727,2.0,1.0,28.0,1936.5998878008086
18260__sample_007728,16.0,1.0,4546.0,1936.6228497613001
238677__sample_007729,20.0,1.0,500.0,1936.6651693129613
259416__sample_007730,8.0,0.4,1795.0,1937.031360631838
464749__sample_007731,56.0,0.4,93.0,1937.348514402847
214369__sample_007732,8.0,1.0,11.0,1937.360243724763
382033__sample_007733,56.0,0.4,2087.0,1937.4170580015318
265653__sample_007734,8.0,1.0,1338.0,1937.622561993248
89796__sample_007735,2.0,1.0,116.0,1937.7199456042517
64492__sample_007736,2.0,1.0,114.0,1938.1531997858228
78460__sample_007737,2.0,1.0,454.0,1938.5374666658945
63372__sample_007738,2.0,1.0,89.0,1939.0929036287516
110157__sample_007739,8.0,1.0,22.0,1939.2998198115743
29009__sample_007740,4.0,1.0,1426.0,1939.4083154650723
447125__sample_007741,48.0,0.4,803.0,1939.6412076117429
105575__sample_007742,4.0,1.0,954.0,1939.6645482181502
5656__sample_007743,4.0,0.5,189.0,1939.6669562829907
54788__sample_007744,2.0,1.0,128.0,1939.671266608195
433709__sample_007745,6.0,1.0,427.0,1939.8021358276167
266598__sample_007746,8.0,1.0,1671.0,1939.866853638743
413224__sample_007747,48.0,1.0,28.0,1939.9096508890534
457531__sample_007748,8.0,1.0,1408.0,1940.1484906633634
335257__sample_007749,12.0,1.0,33.0,1941.4778678817897
218152__sample_007750,8.0,1.0,581.0,1941.5267965543092
423959__sample_007751,12.0,1.0,2625.0,1941.7244432441082
460021__sample_007752,14.0,1.0,555.0,1941.7563241881726
193652__sample_007753,4.0,1.0,1646.0,1942.4367465406099
22587__sample_007754,8.0,1.0,1525.0,1942.5229879001004
127397__sample_007755,8.0,1.0,45.0,1943.049618782829
341451__sample_007756,56.0,0.4,709.0,1943.1328152963038
430467__sample_007757,12.0,1.0,65.0,1943.542857214539
74023__sample_007758,2.0,1.0,133.0,1943.6015920939842
452737__sample_007759,14.0,1.0,4272.0,1943.6881987994143
149816__sample_007760,8.0,1.0,13.0,1943.741644228692
167375__sample_007761,4.0,0.3,198.0,1943.8183638080695
296720__sample_007762,8.0,1.0,1061.0,1944.2686129410288
391454__sample_007763,56.0,0.4,3160.0,1944.5233547774303
286124__sample_007764,8.0,1.0,2808.0,1944.6535231280354
171893__sample_007765,4.0,0.5,140.0,1945.5431704421271
226980__sample_007766,8.0,1.0,25.0,1945.6994778765725
269159__sample_007767,8.0,1.0,1358.0,1946.5741250708816
160875__sample_007768,8.0,1.0,14.0,1946.628846640883
102185__sample_007769,4.0,1.0,1260.0,1947.2163665362882
47807__sample_007770,4.0,0.3,35.0,1947.2198461913501
380437__sample_007771,112.0,0.8,2679.0,1947.4168773065967
158359__sample_007772,8.0,1.0,62.0,1947.5543782619122
23749__sample_007773,5.0,1.0,870.0,1947.7405346193839
74__sample_007774,4.0,0.1,1457.0,1947.9420827017914
338231__sample_007775,8.0,0.3,3762.0,1948.0652601110698
144600__sample_007776,8.0,1.0,22.0,1949.6449533997036
295425__sample_007777,8.0,0.2,1740.0,1950.582718618426
15150__sample_007778,48.0,1.0,955.0,1951.3985913323124
251819__sample_007779,20.0,1.0,1868.0,1952.3654140671342
218681__sample_007780,8.0,1.0,28.0,1952.7591881633712
458483__sample_007781,56.0,0.4,2322.0,1953.8775149381252
225003__sample_007782,8.0,1.0,54.0,1954.4347561996208
251753__sample_007783,20.0,1.0,4147.0,1954.5691909384354
65851__sample_007784,2.0,1.0,494.0,1954.9532112091026
79294__sample_007785,2.0,1.0,342.0,1955.5610086414
420282__sample_007786,12.0,1.0,1123.0,1955.8727340010078
155439__sample_007787,8.0,1.0,17.0,1956.0101179653952
125525__sample_007788,8.0,1.0,3566.0,1956.0271315368166
404298__sample_007789,13.0,1.0,3249.0,1956.441915889189
371784__sample_007790,22.0,0.2,151.0,1957.2049538399676
444651__sample_007791,12.0,1.0,1398.0,1957.3174896831172
147121__sample_007792,8.0,1.0,19.0,1957.358680648217
221852__sample_007793,8.0,1.0,24.0,1957.4574988941972
194148__sample_007794,4.0,1.0,1777.0,1957.6759398569789
125223__sample_007795,8.0,1.0,260.0,1957.7712289760966
268259__sample_007796,8.0,1.0,1104.0,1958.007028047933
252180__sample_007797,20.0,1.0,1822.0,1958.8587230235116
435581__sample_007798,14.0,1.0,3745.0,1959.1364457341247
339792__sample_007799,16.0,0.4,756.0,1959.2490584890077
72265__sample_007800,2.0,1.0,624.0,1959.935313440223
81615__sample_007801,2.0,1.0,96.0,1960.1437811160024
262940__sample_007802,8.0,0.2,3005.0,1960.1781293682093
174424__sample_007803,4.0,0.5,182.0,1960.350907184417
387439__sample_007804,184.0,0.8,537.0,1960.6159737639941
320750__sample_007805,4.0,1.0,1777.0,1961.0714063482703
420526__sample_007806,46.0,0.2,463.0,1961.760493817327
96956__sample_007807,2.0,1.0,527.0,1961.8559612869446
145531__sample_007808,8.0,1.0,3017.0,1961.8982175828323
60792__sample_007809,2.0,1.0,132.0,1961.9173915852896
157723__sample_007810,8.0,1.0,4251.0,1962.2525828696414
140942__sample_007811,8.0,1.0,1491.0,1962.6489622602483
103603__sample_007812,4.0,1.0,916.0,1962.7806049625983
109951__sample_007813,8.0,1.0,24.0,1962.9066193602523
163906__sample_007814,4.0,0.3,2255.0,1963.677689376834
225938__sample_007815,8.0,1.0,8.0,1964.29896001839
100253__sample_007816,4.0,1.0,1759.0,1964.365363822285
417758__sample_007817,12.0,1.0,2528.0,1964.7448152257566
319036__sample_007818,4.0,0.8,126.0,1964.9884941513046
349579__sample_007819,112.0,0.8,729.0,1965.0303689610678
58857__sample_007820,2.0,1.0,79.0,1965.140682598136
161792__sample_007821,8.0,1.0,24.0,1965.1895260728304
243855__sample_007822,8.0,1.0,1815.0,1965.2769707809127
17247__sample_007823,32.0,1.0,952.0,1965.5157944123046
133936__sample_007824,8.0,1.0,29.0,1965.6334015305918
242452__sample_007825,4.0,1.0,1967.0,1965.7586449094135
6013__sample_007826,4.0,0.5,1010.0,1965.952585491445
174265__sample_007827,4.0,0.5,316.0,1965.9754017228488
55282__sample_007828,2.0,1.0,87.0,1966.3110163493152
231508__sample_007829,4.0,1.0,2653.0,1966.4394360775357
105012__sample_007830,4.0,1.0,912.0,1966.6031086751057
170844__sample_007831,4.0,0.5,169.0,1967.5184221092888
270448__sample_007832,8.0,1.0,1028.0,1967.6239605911555
224254__sample_007833,8.0,1.0,8.0,1967.8851471596781
310240__sample_007834,4.0,1.0,2201.0,1968.0097497122913
300898__sample_007835,8.0,1.0,1925.0,1968.5714964386575
905__sample_007836,4.0,0.1,785.0,1969.040427838391
142118__sample_007837,8.0,1.0,40.0,1969.109571921506
10576__sample_007838,4.0,1.0,2175.0,1969.4037794785634
396937__sample_007839,46.0,0.2,249.0,1969.4206276584248
149514__sample_007840,8.0,1.0,45.0,1970.2460927806637
178995__sample_007841,4.0,0.5,240.0,1970.3534003911202
37260__sample_007842,4.0,1.0,440.0,1970.799114356062
221724__sample_007843,8.0,1.0,15.0,1970.89495393677
211915__sample_007844,12.0,1.0,85.0,1971.1453961724135
41610__sample_007845,4.0,0.3,229.0,1972.1728743317494
349005__sample_007846,104.0,0.8,370.0,1972.696259170641
9038__sample_007847,4.0,1.0,2238.0,1972.7399564429106
131780__sample_007848,8.0,1.0,104.0,1972.9381919314276
434120__sample_007849,112.0,0.8,386.0,1973.0453235980756
208970__sample_007850,32.0,1.0,377.0,1973.187763612546
97602__sample_007851,2.0,1.0,110.0,1973.2898245271797
318913__sample_007852,4.0,0.8,105.0,1973.392177466727
403830__sample_007853,14.0,1.0,3467.0,1973.5877011619466
166703__sample_007854,4.0,0.3,857.0,1973.6409883315187
254028__sample_007855,8.0,1.0,2650.0,1973.8337089915149
120377__sample_007856,8.0,1.0,29.0,1973.9154760428985
148436__sample_007857,8.0,1.0,719.0,1974.0007407440987
431526__sample_007858,12.0,1.0,2587.0,1974.3363082269414
432395__sample_007859,112.0,0.8,77.0,1974.3438183093974
164242__sample_007860,4.0,0.3,193.0,1974.4637089067107
11146__sample_007861,4.0,1.0,1747.0,1974.5945745150188
154422__sample_007862,8.0,1.0,46.0,1974.7605250811991
406669__sample_007863,14.0,1.0,1288.0,1975.0369426340742
170968__sample_007864,4.0,0.5,539.0,1975.1523272372958
118062__sample_007865,8.0,1.0,233.0,1975.2122525515604
183620__sample_007866,4.0,0.5,159.0,1975.7526820583387
439943__sample_007867,15.0,1.0,1444.0,1976.7440198964268
419388__sample_007868,12.0,1.0,1325.0,1976.7490743215428
196756__sample_007869,8.0,1.0,39.0,1976.9467460505875
79978__sample_007870,2.0,1.0,1109.0,1977.0512705852211
366904__sample_007871,56.0,0.4,830.0,1977.132353494815
327668__sample_007872,12.0,1.0,372.0,1977.2346112560188
97309__sample_007873,2.0,1.0,131.0,1977.4892459442967
72878__sample_007874,2.0,1.0,568.0,1977.5421472906687
46204__sample_007875,2.0,0.2,50.0,1978.152209146959
299605__sample_007876,8.0,1.0,1987.0,1978.3091026292595
460248__sample_007877,8.0,1.0,554.0,1978.407577009532
455332__sample_007878,8.0,0.4,1396.0,1978.7701853370402
295454__sample_007879,8.0,1.0,310.0,1978.7743057735581
457314__sample_007880,14.0,1.0,309.0,1978.915649487211
76298__sample_007881,2.0,1.0,3485.0,1979.0253934302677
154797__sample_007882,8.0,1.0,19.0,1979.1285951447437
321622__sample_007883,4.0,1.0,4108.0,1979.2313671271734
267773__sample_007884,8.0,1.0,1801.0,1979.2393098186508
405062__sample_007885,14.0,1.0,2801.0,1979.2805627987286
355936__sample_007886,28.0,0.2,821.0,1979.3188171341026
417833__sample_007887,12.0,1.0,3519.0,1980.437583090052
330460__sample_007888,12.0,1.0,258.0,1980.4431868670174
408048__sample_007889,28.0,0.2,696.0,1980.4888893829466
155893__sample_007890,8.0,1.0,13.0,1981.4029876925358
262500__sample_007891,8.0,1.0,1028.0,1981.6503755502895
404427__sample_007892,14.0,1.0,501.0,1981.8001382211717
140694__sample_007893,8.0,1.0,30.0,1981.8206471469643
295225__sample_007894,8.0,1.0,1053.0,1982.0975562390574
198236__sample_007895,8.0,1.0,709.0,1982.134624109522
400847__sample_007896,30.0,0.2,622.0,1982.4126899618086
50476__sample_007897,2.0,0.2,941.0,1983.3806082087772
115634__sample_007898,8.0,1.0,32.0,1983.5704153495303
20101__sample_007899,12.0,1.0,684.0,1983.630641898351
149726__sample_007900,8.0,1.0,173.0,1983.8760384504617
140386__sample_007901,8.0,1.0,3958.0,1984.055875147479
740__sample_007902,4.0,0.1,182.0,1984.2463067516717
429990__sample_007903,112.0,0.8,1347.0,1984.4088798991002
285112__sample_007904,8.0,1.0,1407.0,1984.688895506489
108677__sample_007905,8.0,1.0,192.0,1984.901021614894
123060__sample_007906,8.0,1.0,33.0,1985.9866284488533
260979__sample_007907,8.0,1.0,1106.0,1986.4236072866358
440886__sample_007908,8.0,1.0,3501.0,1986.5004759100077
330570__sample_007909,12.0,1.0,3191.0,1986.8239106502538
17055__sample_007910,32.0,1.0,2446.0,1986.8842058211237
232416__sample_007911,8.0,1.0,279.0,1987.265418448107
190066__sample_007912,15.0,1.0,3198.0,1987.3053308693538
12000__sample_007913,4.0,1.0,2163.0,1987.4657324195011
371202__sample_007914,112.0,0.8,542.0,1987.856617064826
433778__sample_007915,12.0,1.0,2932.0,1987.9387822173774
342932__sample_007916,13.0,1.0,2974.0,1988.3924662609747
47305__sample_007917,4.0,0.3,31.0,1988.6507782554115
211905__sample_007918,12.0,1.0,64.0,1988.7774544241772
266807__sample_007919,8.0,1.0,3991.0,1988.915113292483
300170__sample_007920,8.0,1.0,2029.0,1989.5660072389414
241383__sample_007921,8.0,1.0,124.0,1989.627415566625
451502__sample_007922,112.0,0.8,458.0,1989.9229379132328
421334__sample_007923,184.0,0.8,288.0,1990.2300847356291
170440__sample_007924,4.0,0.5,207.0,1990.869291843879
174370__sample_007925,4.0,0.5,194.0,1991.1815032419024
435705__sample_007926,112.0,0.8,2278.0,1991.4010518047864
111077__sample_007927,8.0,1.0,23.0,1991.9830853290614
196480__sample_007928,8.0,1.0,714.0,1992.4248013600393
370541__sample_007929,184.0,0.8,306.0,1992.7401810552665
255866__sample_007930,8.0,0.3,1337.0,1992.7484612734547
119662__sample_007931,8.0,1.0,13.0,1992.8653710474905
378014__sample_007932,184.0,0.8,342.0,1993.115214192977
346342__sample_007933,112.0,0.8,176.0,1993.2998813913312
408944__sample_007934,28.0,0.2,447.0,1993.396046521808
231154__sample_007935,4.0,1.0,2597.0,1993.4350415852846
463341__sample_007936,56.0,0.4,244.0,1993.6363388451362
309935__sample_007937,8.0,1.0,2115.0,1993.7205280659703
221323__sample_007938,8.0,1.0,7.0,1993.7868453450249
79587__sample_007939,2.0,1.0,659.0,1993.9141180553074
255073__sample_007940,4.0,0.2,100.0,1994.2989694560615
220601__sample_007941,8.0,1.0,8.0,1994.466255597731
91910__sample_007942,2.0,1.0,270.0,1994.5272491665578
272523__sample_007943,8.0,0.2,1377.0,1994.5583292647457
167825__sample_007944,4.0,0.3,2246.0,1994.7311102038989
78841__sample_007945,2.0,1.0,36.0,1995.126525035638
379441__sample_007946,56.0,0.4,165.0,1995.3910015878853
105580__sample_007947,4.0,1.0,955.0,1995.4570414426303
103735__sample_007948,4.0,1.0,912.0,1995.600530098734
451963__sample_007949,112.0,0.8,478.0,1996.0836829768893
175344__sample_007950,4.0,0.5,1786.0,1996.132582068872
425026__sample_007951,12.0,1.0,2778.0,1996.322446858238
133809__sample_007952,8.0,1.0,358.0,1996.4325508840284
43606__sample_007953,4.0,0.3,25.0,1996.4656994861982
81472__sample_007954,2.0,1.0,206.0,1996.4784975271027
215346__sample_007955,8.0,1.0,9.0,1996.6814077981717
59105__sample_007956,2.0,1.0,148.0,1996.6866495872498
158209__sample_007957,8.0,1.0,88.0,1996.7139488081657
69103__sample_007958,2.0,1.0,612.0,1996.8207094731229
416852__sample_007959,12.0,1.0,3834.0,1996.831833371542
151709__sample_007960,8.0,1.0,43.0,1996.959725357368
155387__sample_007961,8.0,1.0,64.0,1996.994645788217
386643__sample_007962,184.0,0.8,1101.0,1997.1022927107354
78363__sample_007963,2.0,1.0,421.0,1997.4938390537645
244423__sample_007964,8.0,1.0,2097.0,1997.739957588636
3997__sample_007965,4.0,0.5,941.0,1997.8873351109264
234741__sample_007966,23.0,1.0,1394.0,1997.9114169448196
443756__sample_007967,15.0,1.0,373.0,1998.1527541417258
464792__sample_007968,15.0,1.0,16.0,1998.1974489968716
465649__sample_007969,16.0,1.0,399.0,1998.2173684918828
21184__sample_007970,24.0,1.0,1853.0,1998.4900265584554
373384__sample_007971,13.0,1.0,1671.0,1999.0978013967836
220796__sample_007972,8.0,1.0,9.0,1999.2521228219591
264220__sample_007973,8.0,1.0,733.0,1999.2625878069298
10215__sample_007974,4.0,1.0,1681.0,1999.7932747062835
449079__sample_007975,8.0,1.0,4039.0,1999.8106051964742
267061__sample_007976,16.0,0.2,3097.0,2000.3159233423412
262527__sample_007977,8.0,1.0,892.0,2000.4402441817465
379990__sample_007978,56.0,0.4,729.0,2000.5539321302103
108151__sample_007979,8.0,1.0,4577.0,2000.749589284049
84496__sample_007980,2.0,1.0,376.0,2001.5367216865313
112331__sample_007981,8.0,1.0,1726.0,2002.1092389854034
315097__sample_007982,4.0,1.0,2402.0,2002.2681143040493
325536__sample_007983,12.0,1.0,4094.0,2002.5656508714674
301806__sample_007984,8.0,1.0,2145.0,2002.782781651398
31570__sample_007985,20.0,0.8,3132.0,2003.0783846958159
83572__sample_007986,2.0,1.0,550.0,2003.520386828192
58576__sample_007987,2.0,1.0,688.0,2003.5291625245648
92216__sample_007988,2.0,1.0,36.0,2003.6277047574945
208836__sample_007989,32.0,1.0,377.0,2004.428265415601
265193__sample_007990,8.0,0.2,652.0,2005.1739018579547
324544__sample_007991,12.0,1.0,4209.0,2005.176722937729
171519__sample_007992,4.0,0.5,1937.0,2005.232959271718
26956__sample_007993,8.0,1.0,1319.0,2006.5025557074816
141603__sample_007994,8.0,1.0,32.0,2006.6722805367183
413660__sample_007995,48.0,1.0,1437.0,2006.8849449134534
222560__sample_007996,8.0,1.0,22.0,2006.930451369242
217354__sample_007997,8.0,1.0,12.0,2007.4923232012413
185124__sample_007998,4.0,0.5,997.0,2007.5580752165424
103037__sample_007999,4.0,1.0,944.0,2007.6106467418535
356280__sample_008000,112.0,0.8,173.0,2007.6753790656167
464722__sample_008001,56.0,0.4,151.0,2008.3056318337622
275206__sample_008002,8.0,1.0,1133.0,2008.6090086177323
374852__sample_008003,104.0,0.8,1414.0,2008.9749065884967
73193__sample_008004,2.0,1.0,3050.0,2009.0932233689327
187593__sample_008005,4.0,0.5,1210.0,2009.6929340904023
351561__sample_008006,14.0,1.0,633.0,2010.0823922005002
242536__sample_008007,4.0,1.0,4424.0,2010.4295638681103
462384__sample_008008,8.0,1.0,1382.0,2011.3141644637396
194618__sample_008009,4.0,1.0,1013.0,2011.4281686715926
130244__sample_008010,8.0,1.0,2787.0,2011.6641957195006
13341__sample_008011,48.0,1.0,1790.0,2012.2659869172742
81377__sample_008012,2.0,1.0,901.0,2012.6572093662317
259437__sample_008013,8.0,1.0,2277.0,2012.8643817765817
310764__sample_008014,4.0,1.0,1244.0,2012.8842004002493
40235__sample_008015,4.0,0.3,68.0,2013.1486088533272
207780__sample_008016,32.0,1.0,511.0,2013.3355390297247
399636__sample_008017,112.0,0.8,678.0,2013.3864295552887
95251__sample_008018,2.0,1.0,552.0,2013.9212340731988
94404__sample_008019,2.0,1.0,513.0,2014.0263465009343
153383__sample_008020,8.0,1.0,22.0,2014.1488898784821
174876__sample_008021,4.0,0.5,13.0,2014.4278815421621
200259__sample_008022,8.0,1.0,127.0,2014.5956295209437
43267__sample_008023,4.0,0.3,17.0,2014.6190097622714
413437__sample_008024,48.0,1.0,1107.0,2014.7415375178969
278721__sample_008025,8.0,1.0,1161.0,2014.7663451639692
4118__sample_008026,4.0,0.5,1452.0,2014.8192571350492
465381__sample_008027,8.0,1.0,539.0,2014.821057209648
340762__sample_008028,8.0,0.2,1859.0,2014.8710705949202
109098__sample_008029,8.0,1.0,43.0,2014.9713569654546
179731__sample_008030,4.0,0.5,312.0,2015.1645227904526
78277__sample_008031,2.0,1.0,28.0,2015.793706379018
137217__sample_008032,8.0,1.0,33.0,2015.9880162847785
397937__sample_008033,46.0,0.2,832.0,2016.293723265101
229186__sample_008034,8.0,1.0,10.0,2016.4043892972752
403960__sample_008035,13.0,1.0,135.0,2016.7525990233426
361540__sample_008036,184.0,0.8,204.0,2016.994803605828
75382__sample_008037,2.0,1.0,1011.0,2017.1487547946435
260662__sample_008038,8.0,1.0,1365.0,2017.2026009753029
413323__sample_008039,48.0,1.0,71.0,2017.2930375305907
71032__sample_008040,2.0,1.0,362.0,2017.5355567391778
167079__sample_008041,4.0,0.3,4002.0,2017.6743627425647
100993__sample_008042,4.0,1.0,1666.0,2018.2247911547895
53176__sample_008043,2.0,1.0,1278.0,2018.2917088226825
354066__sample_008044,30.0,0.2,902.0,2018.3106788451844
71007__sample_008045,2.0,1.0,231.0,2018.5331814807744
257476__sample_008046,8.0,1.0,1546.0,2019.0761822049344
46344__sample_008047,2.0,0.2,293.0,2019.1896120517488
357179__sample_008048,13.0,1.0,489.0,2019.4504381437641
126534__sample_008049,8.0,1.0,103.0,2019.5162383995848
24493__sample_008050,60.0,0.8,1831.0,2019.7206168154323
325922__sample_008051,12.0,1.0,164.0,2020.1069886996859
179976__sample_008052,4.0,0.5,321.0,2020.6113996406298
396249__sample_008053,14.0,1.0,4335.0,2020.6391658095165
70224__sample_008054,2.0,1.0,582.0,2020.7493253767868
12169__sample_008055,4.0,1.0,2101.0,2021.0044913952017
423158__sample_008056,12.0,1.0,1301.0,2021.0133264040892
410022__sample_008057,16.0,1.0,1932.0,2021.3066187715594
460668__sample_008058,8.0,1.0,248.0,2021.4943307919532
176471__sample_008059,4.0,0.5,1267.0,2021.5794490469534
91642__sample_008060,2.0,1.0,108.0,2022.0008323873312
144882__sample_008061,8.0,1.0,72.0,2022.086472821648
113184__sample_008062,8.0,1.0,15.0,2023.2759088632904
46820__sample_008063,2.0,0.2,80.0,2023.6996172246186
121597__sample_008064,8.0,1.0,14.0,2024.007350900333
355767__sample_008065,92.0,0.4,589.0,2024.0231784014748
219631__sample_008066,8.0,1.0,7.0,2024.6098397431294
81775__sample_008067,2.0,1.0,1435.0,2025.0000675290307
319629__sample_008068,4.0,0.8,98.0,2025.0650923875837
453938__sample_008069,12.0,0.5,431.0,2025.189589555914
41253__sample_008070,4.0,0.3,16.0,2025.2677990341294
180461__sample_008071,4.0,0.5,142.0,2026.3081772154865
225271__sample_008072,8.0,1.0,9.0,2026.7895509844002
146036__sample_008073,8.0,1.0,1365.0,2027.4551719438325
101286__sample_008074,4.0,1.0,836.0,2027.8438788807653
54427__sample_008075,2.0,1.0,128.0,2027.9962404772991
69657__sample_008076,2.0,1.0,287.0,2028.0537303622355
274293__sample_008077,8.0,1.0,1519.0,2028.1120541373627
350184__sample_008078,13.0,1.0,2092.0,2028.1531793157485
454942__sample_008079,8.0,1.0,3804.0,2028.3509517739858
161921__sample_008080,8.0,1.0,104.0,2028.9822793408946
370695__sample_008081,104.0,0.8,690.0,2030.1831257889278
327707__sample_008082,12.0,1.0,3126.0,2030.2677993949035
349476__sample_008083,184.0,0.8,663.0,2030.566564669765
412684__sample_008084,48.0,1.0,2526.0,2030.7938301601478
29349__sample_008085,4.0,1.0,1050.0,2030.9616453303215
286733__sample_008086,8.0,1.0,1377.0,2031.235625790972
442009__sample_008087,8.0,1.0,1680.0,2031.3516761223677
33949__sample_008088,4.0,1.0,2472.0,2032.07445061567
72357__sample_008089,2.0,1.0,125.0,2032.3800262823886
229096__sample_008090,8.0,1.0,11.0,2032.730836663505
77809__sample_008091,2.0,1.0,357.0,2032.8002438890076
170843__sample_008092,4.0,0.5,78.0,2032.8463995406016
147614__sample_008093,8.0,1.0,13.0,2032.971758994587
358575__sample_008094,14.0,1.0,349.0,2033.3355870371051
351133__sample_008095,112.0,0.8,1107.0,2034.0339723515035
304437__sample_008096,8.0,0.4,1337.0,2034.1733336866325
76217__sample_008097,2.0,1.0,136.0,2034.5453122597805
207704__sample_008098,16.0,1.0,472.0,2034.704224175199
59592__sample_008099,2.0,1.0,101.0,2034.7916944969054
9519__sample_008100,4.0,1.0,1726.0,2035.1277573197062
257643__sample_008101,8.0,1.0,1850.0,2035.5278795061695
265238__sample_008102,8.0,1.0,1968.0,2035.584554722083
401774__sample_008103,30.0,0.2,1479.0,2035.6755765598325
358045__sample_008104,160.0,0.8,2264.0,2035.846265323133
195552__sample_008105,8.0,1.0,811.0,2035.8978743698983
455550__sample_008106,84.0,0.8,677.0,2036.5585604450735
112576__sample_008107,8.0,1.0,33.0,2036.782274662202
183165__sample_008108,4.0,0.5,280.0,2036.8145750791646
295536__sample_008109,16.0,0.2,1501.0,2036.8654194600554
288480__sample_008110,16.0,0.2,2333.0,2037.6371366531657
463843__sample_008111,16.0,1.0,1271.0,2037.972150262962
69033__sample_008112,2.0,1.0,1052.0,2038.3035960142197
269956__sample_008113,8.0,1.0,790.0,2038.3224112563707
200605__sample_008114,8.0,1.0,177.0,2038.8865725213734
41385__sample_008115,4.0,0.3,257.0,2039.0332003042101
145200__sample_008116,8.0,1.0,49.0,2039.3026949549094
75182__sample_008117,2.0,1.0,284.0,2040.1054790374155
77589__sample_008118,2.0,1.0,659.0,2040.1318226053415
206893__sample_008119,32.0,1.0,633.0,2040.2964010765331
211840__sample_008120,12.0,1.0,104.0,2040.3091225094915
179704__sample_008121,4.0,0.5,148.0,2040.4821821195508
422831__sample_008122,28.0,0.2,133.0,2040.5548569112066
172199__sample_008123,4.0,0.5,123.0,2041.1598207773106
349279__sample_008124,13.0,1.0,624.0,2041.2868998436347
380248__sample_008125,112.0,0.8,203.0,2041.538093218195
195097__sample_008126,4.0,1.0,309.0,2042.0301349321746
154497__sample_008127,8.0,1.0,30.0,2043.05915763524
462472__sample_008128,56.0,0.4,74.0,2043.2343614466968
311927__sample_008129,4.0,1.0,232.0,2043.3864516297306
391426__sample_008130,23.0,1.0,2309.0,2043.406141999198
461225__sample_008131,8.0,1.0,928.0,2043.4093471940537
363160__sample_008132,80.0,0.8,1407.0,2043.6439826164933
136216__sample_008133,8.0,1.0,26.0,2043.6609089930857
250224__sample_008134,20.0,1.0,1679.0,2043.7805707872274
207972__sample_008135,32.0,1.0,530.0,2043.7814740259712
313599__sample_008136,4.0,1.0,2404.0,2044.0202497824093
68821__sample_008137,2.0,1.0,494.0,2044.1587766616901
310327__sample_008138,4.0,1.0,1105.0,2044.1927375403661
82037__sample_008139,2.0,1.0,904.0,2044.2806123473686
110958__sample_008140,8.0,1.0,13.0,2044.4914076746911
260615__sample_008141,8.0,1.0,1365.0,2044.7587050544432
343362__sample_008142,14.0,1.0,334.0,2044.9138353607998
79161__sample_008143,2.0,1.0,377.0,2045.3211933733326
43089__sample_008144,4.0,0.3,63.0,2045.3510132778683
315291__sample_008145,4.0,1.0,1808.0,2045.3730969925914
308814__sample_008146,8.0,1.0,2010.0,2045.3844102201174
350005__sample_008147,104.0,0.8,904.0,2045.5762851600932
285488__sample_008148,8.0,0.2,1446.0,2045.8825261430948
428302__sample_008149,28.0,0.2,547.0,2045.9174915322628
26384__sample_008150,8.0,1.0,1291.0,2046.1721732072663
313608__sample_008151,4.0,1.0,1676.0,2046.3341916938816
381690__sample_008152,112.0,0.8,409.0,2047.4266075407895
227778__sample_008153,8.0,1.0,8.0,2047.7426033693478
384573__sample_008154,56.0,0.4,992.0,2048.0104548120617
167417__sample_008155,4.0,0.3,1005.0,2048.2217089402307
403775__sample_008156,112.0,0.8,2681.0,2049.706539091109
113006__sample_008157,8.0,1.0,715.0,2050.690351391117
458835__sample_008158,16.0,0.2,604.0,2050.883461293201
271552__sample_008159,16.0,0.2,1833.0,2051.0352877827127
61750__sample_008160,2.0,1.0,87.0,2051.190315370865
10248__sample_008161,4.0,1.0,1640.0,2051.330119133692
328455__sample_008162,12.0,1.0,2828.0,2051.519619668696
52735__sample_008163,2.0,1.0,445.0,2051.599527867242
428222__sample_008164,12.0,1.0,58.0,2052.2531295256454
124025__sample_008165,8.0,1.0,13.0,2052.42157847444
331314__sample_008166,120.0,0.8,356.0,2052.8828808967387
176555__sample_008167,4.0,0.5,951.0,2053.0441147996594
192779__sample_008168,2.0,1.0,395.0,2053.360834319231
296402__sample_008169,8.0,1.0,1389.0,2053.4635348872757
316138__sample_008170,4.0,1.0,4528.0,2053.7086134721653
116970__sample_008171,8.0,1.0,32.0,2053.8810873132534
333040__sample_008172,12.0,1.0,1332.0,2053.995453656549
50430__sample_008173,2.0,0.2,1002.0,2054.5287829585727
83991__sample_008174,2.0,1.0,398.0,2054.5586792840368
46710__sample_008175,2.0,0.2,319.0,2054.7255116932083
17141__sample_008176,32.0,1.0,1268.0,2054.7795440803648
416912__sample_008177,12.0,1.0,1947.0,2055.2729635213923
116025__sample_008178,8.0,1.0,4556.0,2055.3460431707663
107537__sample_008179,8.0,1.0,29.0,2055.5969348477183
150941__sample_008180,8.0,1.0,14.0,2055.642184510299
286648__sample_008181,8.0,1.0,1363.0,2055.771946707958
219937__sample_008182,8.0,1.0,29.0,2056.34599111327
314399__sample_008183,4.0,1.0,1733.0,2056.3913909010384
125708__sample_008184,8.0,1.0,160.0,2056.6634543014497
135897__sample_008185,8.0,1.0,657.0,2056.7206536684034
167735__sample_008186,4.0,0.3,372.0,2056.855009839374
412514__sample_008187,48.0,1.0,245.0,2057.049477525
248969__sample_008188,4.0,1.0,2276.0,2057.26475446383
193619__sample_008189,4.0,1.0,688.0,2057.49540168069
54463__sample_008190,2.0,1.0,394.0,2057.750905769922
436664__sample_008191,15.0,1.0,872.0,2057.8301899094904
138152__sample_008192,8.0,1.0,12.0,2057.9584667514473
137456__sample_008193,8.0,1.0,1352.0,2057.9679749587185
146504__sample_008194,8.0,1.0,79.0,2058.3340464766757
35401__sample_008195,4.0,1.0,1054.0,2058.7877004029237
80151__sample_008196,2.0,1.0,2166.0,2058.8432478930445
48584__sample_008197,2.0,0.2,188.0,2058.899485427544
190799__sample_008198,15.0,1.0,2249.0,2058.910221802505
44730__sample_008199,2.0,0.2,521.0,2059.790080437421
151044__sample_008200,8.0,1.0,1166.0,2060.2015884953685
172729__sample_008201,4.0,0.5,314.0,2060.313435110679
146093__sample_008202,8.0,1.0,12.0,2060.477835853253
420428__sample_008203,56.0,0.4,287.0,2060.5641519834107
292085__sample_008204,8.0,1.0,741.0,2060.791508053612
448303__sample_008205,112.0,0.8,55.0,2061.1073577465695
165722__sample_008206,4.0,0.3,113.0,2061.2556237028284
77914__sample_008207,2.0,1.0,489.0,2061.7726881676226
270797__sample_008208,8.0,1.0,712.0,2061.9546362105552
350954__sample_008209,14.0,1.0,380.0,2061.993581415983
384009__sample_008210,184.0,0.8,2584.0,2062.2369894700228
264942__sample_008211,8.0,1.0,778.0,2062.3920709989375
174348__sample_008212,4.0,0.5,315.0,2063.078010537762
25663__sample_008213,40.0,0.2,1716.0,2063.2023620227847
112911__sample_008214,8.0,1.0,43.0,2063.3312653473668
373245__sample_008215,104.0,0.8,787.0,2063.5942739110033
243745__sample_008216,8.0,1.0,2452.0,2063.7814315995493
224412__sample_008217,8.0,1.0,7.0,2063.8987125546623
167442__sample_008218,4.0,0.3,311.0,2065.0444281627833
180641__sample_008219,4.0,0.5,321.0,2065.1343786590787
371924__sample_008220,112.0,0.8,1568.0,2065.2156480866506
380540__sample_008221,60.0,0.4,250.0,2065.7152105052505
130640__sample_008222,8.0,1.0,2484.0,2065.7160551664374
421045__sample_008223,46.0,0.2,3719.0,2065.7722329740905
250056__sample_008224,20.0,1.0,1925.0,2065.9954050232827
290579__sample_008225,8.0,1.0,1048.0,2066.039723759732
3948__sample_008226,4.0,0.5,1635.0,2067.1034211599017
301496__sample_008227,8.0,0.4,1321.0,2067.259417697835
68958__sample_008228,2.0,1.0,1042.0,2067.4868483321275
338668__sample_008229,32.0,0.3,1129.0,2067.5305478539585
359659__sample_008230,104.0,0.8,506.0,2067.6159515484765
112134__sample_008231,8.0,1.0,2550.0,2067.8543360056906
39864__sample_008232,4.0,1.0,106.0,2068.053714926845
35847__sample_008233,80.0,0.8,1757.0,2068.4372557330926
186806__sample_008234,4.0,0.5,2029.0,2068.5156709470566
366101__sample_008235,112.0,0.8,814.0,2068.7806694728733
82241__sample_008236,2.0,1.0,371.0,2068.866635774234
303376__sample_008237,8.0,1.0,2028.0,2069.0875629946527
250312__sample_008238,20.0,1.0,1647.0,2069.319799973742
211958__sample_008239,12.0,1.0,541.0,2069.352281338158
227388__sample_008240,8.0,1.0,12.0,2069.551150030255
46126__sample_008241,2.0,0.2,626.0,2069.5541525636913
401772__sample_008242,13.0,1.0,886.0,2069.7280454686634
125878__sample_008243,8.0,1.0,789.0,2070.0269820594544
302441__sample_008244,8.0,1.0,2885.0,2070.045887381034
164096__sample_008245,4.0,0.3,190.0,2070.7439253565667
73266__sample_008246,2.0,1.0,817.0,2070.8973964116876
114714__sample_008247,8.0,1.0,13.0,2071.594235826195
57264__sample_008248,2.0,1.0,410.0,2071.6226395663984
135644__sample_008249,8.0,1.0,363.0,2072.371086080662
126617__sample_008250,8.0,1.0,3848.0,2072.3999941025263
147882__sample_008251,8.0,1.0,37.0,2072.554734097551
94501__sample_008252,2.0,1.0,142.0,2073.2498573340768
306498__sample_008253,8.0,1.0,1798.0,2073.316079360873
131131__sample_008254,8.0,1.0,3961.0,2073.324930457048
211513__sample_008255,8.0,1.0,84.0,2073.718823279716
29598__sample_008256,4.0,1.0,1009.0,2073.945336383946
206899__sample_008257,32.0,1.0,972.0,2074.125682512372
255961__sample_008258,8.0,1.0,1012.0,2074.134419256949
357159__sample_008259,112.0,0.8,1451.0,2074.399193557435
18775__sample_008260,16.0,1.0,1378.0,2074.4462653921846
411678__sample_008261,16.0,1.0,1858.0,2075.1153912127766
67658__sample_008262,2.0,1.0,27.0,2075.4047644848715
232569__sample_008263,4.0,1.0,35.0,2075.71168906874
381187__sample_008264,92.0,0.4,3341.0,2075.777869417418
310957__sample_008265,4.0,1.0,939.0,2076.3095107510917
285614__sample_008266,8.0,1.0,1226.0,2076.5024136771544
450403__sample_008267,10.0,1.0,597.0,2076.9887885466774
224360__sample_008268,8.0,1.0,10.0,2077.0677909213236
82506__sample_008269,2.0,1.0,94.0,2077.419886768744
270646__sample_008270,8.0,1.0,2833.0,2077.6335486634257
225475__sample_008271,8.0,1.0,8.0,2077.64595636055
341667__sample_008272,28.0,0.2,2767.0,2077.775898703819
105474__sample_008273,4.0,1.0,1520.0,2077.8267065053
373159__sample_008274,184.0,0.8,2630.0,2077.937955671965
44172__sample_008275,4.0,0.3,16.0,2078.0588197537663
307598__sample_008276,8.0,1.0,2061.0,2078.219874892586
356741__sample_008277,13.0,1.0,927.0,2078.4491291681957
196643__sample_008278,8.0,1.0,3519.0,2078.6606907355285
8291__sample_008279,4.0,0.5,213.0,2078.6706337170126
368074__sample_008280,28.0,0.2,270.0,2079.0178974775754
409129__sample_008281,112.0,0.8,1141.0,2079.762782912555
259986__sample_008282,8.0,1.0,780.0,2079.869971958836
252518__sample_008283,20.0,1.0,2729.0,2079.9195075411967
69485__sample_008284,2.0,1.0,624.0,2080.113640588092
102369__sample_008285,4.0,1.0,989.0,2080.4187617900166
133956__sample_008286,8.0,1.0,3596.0,2080.7027662702676
34132__sample_008287,10.0,1.0,1368.0,2080.939524369139
227738__sample_008288,8.0,1.0,13.0,2080.979048389183
191973__sample_008289,16.0,1.0,2779.0,2081.4322812360133
170883__sample_008290,4.0,0.5,132.0,2081.570897936259
424154__sample_008291,12.0,1.0,263.0,2081.6334844194466
224764__sample_008292,8.0,1.0,11.0,2081.6560384026247
451244__sample_008293,14.0,1.0,227.0,2081.7908100066643
201761__sample_008294,8.0,1.0,589.0,2082.0313760353824
70014__sample_008295,2.0,1.0,164.0,2082.3050642536964
19807__sample_008296,4.0,0.2,3200.0,2083.1275022596933
197609__sample_008297,8.0,1.0,137.0,2083.1690596178805
331938__sample_008298,12.0,1.0,727.0,2084.232224734981
65564__sample_008299,2.0,1.0,97.0,2084.4980426915763
70882__sample_008300,2.0,1.0,229.0,2084.649431669294
293411__sample_008301,8.0,1.0,1029.0,2085.197179687404
88522__sample_008302,2.0,1.0,386.0,2085.493614485267
307150__sample_008303,8.0,0.2,1383.0,2085.6008173215946
152868__sample_008304,8.0,1.0,964.0,2086.1395433527164
83145__sample_008305,2.0,1.0,34.0,2086.414158020448
159106__sample_008306,8.0,1.0,2301.0,2086.7141842239403
393932__sample_008307,104.0,0.8,2442.0,2087.2809643110836
46243__sample_008308,2.0,0.2,203.0,2087.429704690346
15071__sample_008309,32.0,1.0,4417.0,2087.6971410144533
228198__sample_008310,8.0,1.0,8.0,2088.0384592529153
370483__sample_008311,184.0,0.8,1370.0,2088.1897158843203
200671__sample_008312,8.0,1.0,106.0,2088.211501125868
425285__sample_008313,12.0,1.0,12.0,2088.5804900035673
84091__sample_008314,2.0,1.0,32.0,2088.5927393425704
460983__sample_008315,8.0,1.0,1115.0,2088.9091255210988
74606__sample_008316,2.0,1.0,323.0,2089.5135549560828
269772__sample_008317,8.0,0.2,1345.0,2089.6200876248668
134057__sample_008318,8.0,1.0,25.0,2089.6470011288907
391387__sample_008319,104.0,0.8,3833.0,2089.713273920344
446559__sample_008320,14.0,1.0,175.0,2089.91981877429
260010__sample_008321,8.0,0.2,1296.0,2090.6345068588776
96012__sample_008322,2.0,1.0,41.0,2090.814011710264
157982__sample_008323,8.0,1.0,16.0,2090.8439152503547
125359__sample_008324,8.0,1.0,30.0,2091.0909849323934
224499__sample_008325,8.0,1.0,9.0,2091.4209664394098
346861__sample_008326,184.0,0.8,415.0,2091.54588992148
223535__sample_008327,8.0,1.0,25.0,2091.8654868517883
459202__sample_008328,12.0,1.0,1083.0,2091.9636818834047
246594__sample_008329,8.0,1.0,2313.0,2092.352763007294
117428__sample_008330,8.0,1.0,49.0,2092.45704831956
237963__sample_008331,20.0,1.0,450.0,2092.531012868268
206302__sample_008332,32.0,1.0,345.0,2093.0593791384154
398801__sample_008333,112.0,0.8,221.0,2093.258159398423
19830__sample_008334,8.0,1.0,836.0,2093.342082234881
379806__sample_008335,104.0,0.8,1580.0,2094.0257586516695
53243__sample_008336,2.0,1.0,129.0,2094.319241772979
450413__sample_008337,15.0,1.0,2847.0,2094.3815817007217
145475__sample_008338,8.0,1.0,31.0,2094.6199775574196
308036__sample_008339,8.0,1.0,1933.0,2095.1307237788446
438888__sample_008340,8.0,1.0,1937.0,2095.42853164456
125995__sample_008341,8.0,1.0,124.0,2095.498711288307
401932__sample_008342,52.0,0.4,988.0,2095.7603455475237
111742__sample_008343,8.0,1.0,17.0,2096.0016891206415
288783__sample_008344,8.0,0.2,1328.0,2096.431563237265
456672__sample_008345,8.0,0.4,1375.0,2096.4806072890533
86377__sample_008346,2.0,1.0,51.0,2096.7812962311914
188333__sample_008347,4.0,0.5,4168.0,2096.7882342931766
390094__sample_008348,13.0,1.0,151.0,2097.0860603908586
61950__sample_008349,2.0,1.0,678.0,2097.893527546696
26840__sample_008350,8.0,1.0,1544.0,2097.9414352146873
212866__sample_008351,10.0,1.0,1372.0,2098.0346725113277
136760__sample_008352,8.0,1.0,32.0,2098.253262792291
153881__sample_008353,8.0,1.0,3572.0,2098.5828236517063
179945__sample_008354,4.0,0.5,318.0,2098.688363850273
299962__sample_008355,8.0,1.0,2635.0,2098.9612176456503
81122__sample_008356,2.0,1.0,30.0,2099.5350673708995
242321__sample_008357,4.0,1.0,1785.0,2099.859234526992
411175__sample_008358,16.0,1.0,2444.0,2100.169586327387
372435__sample_008359,184.0,0.8,2375.0,2100.2898911634775
296809__sample_008360,8.0,1.0,1328.0,2100.895879732384
293615__sample_008361,8.0,1.0,1406.0,2100.9770779388814
182230__sample_008362,4.0,0.5,138.0,2101.0345194079714
129189__sample_008363,8.0,1.0,4555.0,2101.1477466266456
218975__sample_008364,8.0,1.0,22.0,2101.4103137689226
180306__sample_008365,4.0,0.5,32.0,2101.9048564885925
298343__sample_008366,8.0,1.0,1059.0,2101.940270071471
133377__sample_008367,8.0,1.0,28.0,2102.360506473304
95067__sample_008368,2.0,1.0,77.0,2102.779432146872
448781__sample_008369,8.0,1.0,751.0,2103.000460257519
264579__sample_008370,8.0,1.0,3247.0,2103.3579151962126
379891__sample_008371,184.0,0.8,561.0,2103.408101973021
436454__sample_008372,12.0,1.0,3238.0,2103.45455970011
101898__sample_008373,4.0,1.0,958.0,2103.951138653221
312113__sample_008374,4.0,1.0,1271.0,2104.1235013769005
184859__sample_008375,4.0,0.5,1094.0,2104.1940712879555
50222__sample_008376,2.0,0.2,287.0,2104.485845219231
146287__sample_008377,8.0,1.0,30.0,2105.041962433639
45449__sample_008378,2.0,0.2,239.0,2105.292099803807
21077__sample_008379,24.0,1.0,2238.0,2105.398776475281
139230__sample_008380,8.0,1.0,3495.0,2105.5638195763913
5640__sample_008381,4.0,0.5,400.0,2105.91267299129
435453__sample_008382,56.0,0.4,1343.0,2105.9301448526126
149437__sample_008383,8.0,1.0,51.0,2105.991353031324
278261__sample_008384,8.0,1.0,1073.0,2106.146598355528
138943__sample_008385,8.0,1.0,355.0,2106.378335792561
458273__sample_008386,14.0,1.0,499.0,2106.4818987891767
442450__sample_008387,8.0,1.0,1802.0,2106.5704935138833
4010__sample_008388,4.0,0.5,78.0,2106.5810597402674
277279__sample_008389,8.0,1.0,1317.0,2106.589346002858
50371__sample_008390,2.0,0.2,3037.0,2106.6710192542523
184376__sample_008391,4.0,0.5,319.0,2106.860044247541
263757__sample_008392,8.0,0.2,592.0,2107.0632361901626
378752__sample_008393,23.0,1.0,247.0,2107.2335544263874
411395__sample_008394,16.0,1.0,1913.0,2107.3654120593937
11960__sample_008395,4.0,1.0,1680.0,2107.43809760995
308799__sample_008396,8.0,1.0,2077.0,2107.5660935299607
267807__sample_008397,8.0,1.0,1365.0,2107.603439036851
395330__sample_008398,112.0,0.8,113.0,2107.63405418461
197096__sample_008399,8.0,1.0,761.0,2107.7232026559923
1915__sample_008400,4.0,0.1,159.0,2109.065859970997
75305__sample_008401,2.0,1.0,2419.0,2109.1646756587147
28243__sample_008402,8.0,1.0,1305.0,2109.853682869399
289577__sample_008403,8.0,0.2,1373.0,2109.9781857820976
197401__sample_008404,8.0,1.0,3500.0,2110.122698827908
58209__sample_008405,2.0,1.0,1305.0,2110.5214136072577
53519__sample_008406,2.0,1.0,593.0,2110.5459928211376
67999__sample_008407,2.0,1.0,276.0,2110.596311834121
299939__sample_008408,8.0,1.0,1892.0,2111.5071953044876
243713__sample_008409,8.0,1.0,3760.0,2111.6834584164317
381010__sample_008410,46.0,0.2,1926.0,2111.694788754875
340778__sample_008411,8.0,0.2,3657.0,2111.70692374617
382061__sample_008412,112.0,0.8,3124.0,2112.301360530693
183523__sample_008413,4.0,0.5,320.0,2112.817972294044
197873__sample_008414,8.0,1.0,903.0,2112.9712787711605
6292__sample_008415,4.0,0.5,145.0,2113.0158279159996
300882__sample_008416,8.0,1.0,2148.0,2113.459236015992
178389__sample_008417,4.0,0.5,317.0,2113.557348598459
442882__sample_008418,8.0,0.4,1674.0,2113.693124858767
297053__sample_008419,8.0,1.0,1029.0,2113.9799256254473
344723__sample_008420,184.0,0.8,320.0,2114.088931842236
241742__sample_008421,64.0,0.8,974.0,2114.336597823851
319544__sample_008422,4.0,0.8,118.0,2114.8779189561014
118243__sample_008423,8.0,1.0,28.0,2115.2770163948453
385695__sample_008424,104.0,0.8,468.0,2115.3971758171347
179721__sample_008425,4.0,0.5,444.0,2115.482072882879
65880__sample_008426,2.0,1.0,444.0,2115.566119609271
300087__sample_008427,8.0,0.2,2008.0,2115.673274059443
401946__sample_008428,23.0,1.0,318.0,2115.8433401827724
390197__sample_008429,184.0,0.8,539.0,2115.978059658583
120464__sample_008430,8.0,1.0,19.0,2116.0137398935904
304178__sample_008431,8.0,1.0,1963.0,2116.0583588912086
442226__sample_008432,8.0,1.0,860.0,2116.1633499229115
264555__sample_008433,8.0,1.0,1388.0,2116.369770604532
183115__sample_008434,4.0,0.5,20.0,2116.59429979425
310691__sample_008435,4.0,1.0,586.0,2116.7607835304216
46457__sample_008436,2.0,0.2,225.0,2117.09637766728
141943__sample_008437,8.0,1.0,597.0,2117.4305145821218
76774__sample_008438,2.0,1.0,138.0,2117.5700058887005
342598__sample_008439,112.0,0.8,4413.0,2117.6032290195326
334324__sample_008440,12.0,1.0,320.0,2117.7920776455326
433957__sample_008441,112.0,0.8,409.0,2117.912179663184
194816__sample_008442,4.0,1.0,887.0,2117.949282331506
157244__sample_008443,8.0,1.0,77.0,2118.9511022651877
9694__sample_008444,4.0,1.0,1992.0,2119.0665140811802
73507__sample_008445,2.0,1.0,3783.0,2119.3122538541384
389151__sample_008446,160.0,0.8,3008.0,2119.4806531677577
382628__sample_008447,184.0,0.8,1538.0,2119.5191824192943
30561__sample_008448,8.0,1.0,1348.0,2119.533468864255
33485__sample_008449,8.0,1.0,1245.0,2119.779189647839
356907__sample_008450,112.0,0.8,314.0,2119.8501194218115
152033__sample_008451,8.0,1.0,1943.0,2119.91993350557
460471__sample_008452,8.0,1.0,233.0,2120.706433902788
38393__sample_008453,4.0,1.0,26.0,2120.861302762818
104418__sample_008454,4.0,1.0,975.0,2120.868769687428
148728__sample_008455,8.0,1.0,21.0,2120.9725889779215
91139__sample_008456,2.0,1.0,110.0,2121.1921520552473
398487__sample_008457,184.0,0.8,1036.0,2121.2917374722315
183938__sample_008458,4.0,0.5,119.0,2121.2985422357924
242533__sample_008459,4.0,1.0,1725.0,2121.44542897866
354749__sample_008460,56.0,0.4,2754.0,2121.4734151636394
209375__sample_008461,32.0,1.0,553.0,2121.7147591647204
455079__sample_008462,8.0,1.0,229.0,2121.9563836741704
391169__sample_008463,184.0,0.8,1978.0,2121.966006295425
412784__sample_008464,48.0,1.0,1491.0,2122.051863581959
328838__sample_008465,12.0,1.0,742.0,2122.1853386435996
155327__sample_008466,8.0,1.0,32.0,2122.3851123317577
346774__sample_008467,92.0,0.4,607.0,2122.4728790882327
195407__sample_008468,4.0,1.0,239.0,2122.557709440541
307237__sample_008469,8.0,1.0,2150.0,2123.5765679097212
250314__sample_008470,20.0,1.0,1728.0,2123.587258982663
61579__sample_008471,2.0,1.0,189.0,2124.7157582591462
19744__sample_008472,4.0,0.2,1033.0,2124.727990687156
429483__sample_008473,14.0,1.0,382.0,2124.8130299411564
59274__sample_008474,2.0,1.0,74.0,2124.9831819005803
263949__sample_008475,8.0,1.0,1036.0,2125.0218482870464
222756__sample_008476,8.0,1.0,16.0,2125.0580603301055
450184__sample_008477,14.0,1.0,217.0,2125.1320939916127
11685__sample_008478,4.0,1.0,1653.0,2126.039814406859
106854__sample_008479,4.0,1.0,939.0,2126.15937048205
44298__sample_008480,4.0,0.3,35.0,2126.368045194941
155589__sample_008481,8.0,1.0,49.0,2126.6726403892085
4793__sample_008482,4.0,0.5,64.0,2127.0115543620927
113947__sample_008483,8.0,1.0,66.0,2127.302775212638
184303__sample_008484,4.0,0.5,314.0,2127.4054932098297
302224__sample_008485,8.0,1.0,2056.0,2127.4351124803866
167569__sample_008486,4.0,0.3,3104.0,2127.5178352070684
376200__sample_008487,56.0,0.4,543.0,2127.576859234103
62032__sample_008488,2.0,1.0,77.0,2127.613485113204
349640__sample_008489,46.0,0.2,110.0,2127.6196855553526
268969__sample_008490,8.0,1.0,1375.0,2128.3058349892763
251258__sample_008491,20.0,1.0,1761.0,2128.9405206877764
365827__sample_008492,13.0,1.0,2198.0,2128.953453773789
87616__sample_008493,2.0,1.0,36.0,2129.0009669872347
48523__sample_008494,2.0,0.2,3278.0,2129.038527540041
91669__sample_008495,2.0,1.0,36.0,2129.1210785478215
20193__sample_008496,12.0,1.0,2193.0,2129.178139202217
114036__sample_008497,8.0,1.0,3545.0,2129.907154860611
63870__sample_008498,2.0,1.0,91.0,2129.9291361100445
385062__sample_008499,184.0,0.8,184.0,2129.988595996075
348839__sample_008500,52.0,0.4,2997.0,2130.009638025773
431838__sample_008501,112.0,0.8,2598.0,2130.9925076442373
50287__sample_008502,2.0,0.2,600.0,2131.6190305400814
266662__sample_008503,8.0,1.0,1647.0,2131.9342823963316
286627__sample_008504,8.0,1.0,1036.0,2132.0730521217242
80142__sample_008505,2.0,1.0,39.0,2132.1257873656996
140383__sample_008506,8.0,1.0,31.0,2132.18838063804
119610__sample_008507,8.0,1.0,21.0,2132.3346961056104
120440__sample_008508,8.0,1.0,39.0,2132.7001906452238
116451__sample_008509,8.0,1.0,3395.0,2132.7770698489294
449465__sample_008510,12.0,1.0,186.0,2132.870122858886
6164__sample_008511,4.0,0.5,2149.0,2133.099160726407
332899__sample_008512,12.0,1.0,395.0,2133.1670241310917
308325__sample_008513,8.0,1.0,2470.0,2133.3864230532954
285619__sample_008514,8.0,1.0,2560.0,2133.508824027005
29379__sample_008515,4.0,1.0,1240.0,2133.5175671977454
74499__sample_008516,2.0,1.0,924.0,2133.6464016809095
259789__sample_008517,8.0,1.0,424.0,2134.276354724702
208806__sample_008518,32.0,1.0,344.0,2134.3630754423248
108312__sample_008519,8.0,1.0,14.0,2134.4605345569075
95061__sample_008520,2.0,1.0,355.0,2134.4775884453425
68533__sample_008521,2.0,1.0,3207.0,2134.716247244174
299109__sample_008522,8.0,1.0,714.0,2135.1892676924836
68993__sample_008523,2.0,1.0,612.0,2135.2980901463657
74422__sample_008524,2.0,1.0,4120.0,2135.3667801463434
314347__sample_008525,4.0,1.0,1757.0,2136.1511723994936
30955__sample_008526,4.0,1.0,996.0,2136.492866533864
464039__sample_008527,8.0,1.0,14.0,2136.702215373215
124697__sample_008528,8.0,1.0,285.0,2136.79336737165
76707__sample_008529,2.0,1.0,2039.0,2136.8557386173984
363234__sample_008530,56.0,0.4,304.0,2137.1702086612977
321588__sample_008531,4.0,1.0,3962.0,2137.354634371024
297557__sample_008532,8.0,1.0,1363.0,2137.538439264735
166186__sample_008533,4.0,0.3,178.0,2137.557581195401
95879__sample_008534,2.0,1.0,97.0,2137.7370408130278
34425__sample_008535,20.0,0.8,1610.0,2138.1695809227176
461665__sample_008536,8.0,1.0,995.0,2138.9030017495825
195976__sample_008537,8.0,1.0,1269.0,2138.931205025438
327842__sample_008538,12.0,1.0,3491.0,2139.180556640606
463087__sample_008539,16.0,1.0,339.0,2139.390590099423
26219__sample_008540,4.0,1.0,1919.0,2139.9431200451227
237865__sample_008541,20.0,1.0,418.0,2140.2909407711163
88842__sample_008542,2.0,1.0,29.0,2141.1309201021236
330917__sample_008543,12.0,1.0,1931.0,2141.9358425009837
8089__sample_008544,8.0,1.0,233.0,2141.999786658982
214493__sample_008545,8.0,1.0,302.0,2142.3228518824285
266575__sample_008546,8.0,1.0,1655.0,2142.511885923536
361615__sample_008547,13.0,1.0,289.0,2142.5722770928414
441253__sample_008548,14.0,1.0,965.0,2142.6264646888417
30585__sample_008549,10.0,1.0,3709.0,2142.647604922812
57204__sample_008550,2.0,1.0,117.0,2143.04445710496
66404__sample_008551,2.0,1.0,116.0,2143.1425344046515
416094__sample_008552,14.0,1.0,382.0,2143.6287075890777
390189__sample_008553,184.0,0.8,1409.0,2143.863032156113
102331__sample_008554,4.0,1.0,952.0,2144.142965618909
451018__sample_008555,56.0,0.4,443.0,2144.2291782403568
128465__sample_008556,8.0,1.0,4520.0,2144.3819752545974
310234__sample_008557,4.0,1.0,404.0,2144.51486739854
455806__sample_008558,14.0,1.0,406.0,2144.582062414758
54812__sample_008559,2.0,1.0,1233.0,2145.0287735593274
316062__sample_008560,4.0,1.0,4539.0,2145.2720447265
273253__sample_008561,8.0,1.0,983.0,2145.2815823621354
268618__sample_008562,8.0,1.0,1018.0,2145.710166744853
317213__sample_008563,4.0,0.8,125.0,2145.7381896792017
26870__sample_008564,8.0,1.0,1075.0,2145.8674410296708
271286__sample_008565,16.0,0.2,1969.0,2146.079165374103
70226__sample_008566,2.0,1.0,3099.0,2146.0810855407553
120735__sample_008567,8.0,1.0,58.0,2146.345626967826
261287__sample_008568,8.0,0.2,1708.0,2146.61511105174
182780__sample_008569,4.0,0.5,150.0,2146.8793776391403
287717__sample_008570,8.0,1.0,723.0,2146.924000246807
129403__sample_008571,8.0,1.0,3170.0,2146.9978388800596
176722__sample_008572,4.0,0.5,1266.0,2147.068886198084
368531__sample_008573,104.0,0.8,2416.0,2147.8740241500927
7052__sample_008574,8.0,1.0,861.0,2147.89150323897
374756__sample_008575,56.0,0.4,554.0,2148.031490359408
432383__sample_008576,30.0,0.2,397.0,2148.5439686284994
40849__sample_008577,4.0,0.3,26.0,2148.9108078529785
168634__sample_008578,4.0,0.5,597.0,2149.3429225192026
2401__sample_008579,4.0,1.0,1507.0,2150.2394453373217
144021__sample_008580,8.0,1.0,49.0,2150.3618997208805
411992__sample_008581,48.0,1.0,3559.0,2150.4545407718315
32658__sample_008582,20.0,0.8,2312.0,2150.4623256031978
216379__sample_008583,8.0,1.0,10.0,2150.5029610302813
314865__sample_008584,4.0,1.0,2169.0,2150.709353487038
363350__sample_008585,112.0,0.8,3849.0,2150.7522465500874
60212__sample_008586,2.0,1.0,142.0,2151.085487101924
253865__sample_008587,8.0,1.0,1370.0,2151.0949729615063
450465__sample_008588,8.0,1.0,1463.0,2151.170076329386
287059__sample_008589,8.0,1.0,1522.0,2151.4673088937616
144536__sample_008590,8.0,1.0,84.0,2151.5410704488454
435744__sample_008591,112.0,0.8,497.0,2151.86725868701
156727__sample_008592,8.0,1.0,23.0,2153.2392576929915
217551__sample_008593,8.0,1.0,26.0,2153.637998432773
389499__sample_008594,92.0,0.4,2461.0,2153.742573511834
102300__sample_008595,4.0,1.0,960.0,2154.3197039333404
234579__sample_008596,14.0,1.0,1190.0,2154.332837906619
381142__sample_008597,92.0,0.4,2881.0,2154.655590156068
156929__sample_008598,8.0,1.0,52.0,2154.6614898063403
290595__sample_008599,8.0,0.2,700.0,2154.7094481174
436481__sample_008600,14.0,1.0,111.0,2155.8066755151626
433102__sample_008601,15.0,1.0,101.0,2155.9185931989573
1902__sample_008602,4.0,0.1,364.0,2156.347987350656
185092__sample_008603,4.0,0.5,573.0,2156.4659233214425
252898__sample_008604,4.0,1.0,2038.0,2156.924113145704
68694__sample_008605,2.0,1.0,533.0,2157.7653745475322
300522__sample_008606,8.0,1.0,1967.0,2157.9083443230115
253740__sample_008607,8.0,1.0,1217.0,2158.1132199568715
347646__sample_008608,14.0,1.0,487.0,2158.3608654476284
153686__sample_008609,8.0,1.0,4415.0,2159.0435728796915
388056__sample_008610,184.0,0.8,995.0,2159.1177515952213
155572__sample_008611,8.0,1.0,23.0,2159.3539558957714
5121__sample_008612,4.0,0.5,64.0,2159.45211294509
325648__sample_008613,12.0,1.0,430.0,2159.513247257196
195065__sample_008614,4.0,1.0,684.0,2159.5354332962756
96419__sample_008615,2.0,1.0,483.0,2159.777797414335
373542__sample_008616,104.0,0.8,348.0,2160.312246242894
24458__sample_008617,20.0,0.8,971.0,2160.420478273223
146479__sample_008618,8.0,1.0,907.0,2160.621592130572
401710__sample_008619,46.0,0.2,216.0,2160.878491153649
462812__sample_008620,8.0,1.0,891.0,2161.0123775595985
97308__sample_008621,2.0,1.0,67.0,2161.5965367676354
147098__sample_008622,8.0,1.0,2925.0,2161.7091871013695
358052__sample_008623,88.0,0.8,1678.0,2161.742573040999
121797__sample_008624,8.0,1.0,82.0,2161.7814502124725
143514__sample_008625,8.0,1.0,4128.0,2162.335225702544
225640__sample_008626,8.0,1.0,8.0,2163.4411054753523
21134__sample_008627,24.0,1.0,1978.0,2163.526354335779
357429__sample_008628,56.0,0.4,428.0,2163.565109562019
449091__sample_008629,28.0,0.2,215.0,2163.729657044784
171998__sample_008630,4.0,0.5,308.0,2164.0387191227214
357438__sample_008631,184.0,0.8,604.0,2164.2756663481814
408960__sample_008632,14.0,1.0,288.0,2165.030202652995
325674__sample_008633,12.0,1.0,849.0,2165.4558348825626
79470__sample_008634,2.0,1.0,120.0,2165.9639212570437
235801__sample_008635,12.0,1.0,4460.0,2166.158961164894
288073__sample_008636,8.0,1.0,1034.0,2166.258065899484
63425__sample_008637,2.0,1.0,107.0,2166.560509977907
124153__sample_008638,8.0,1.0,21.0,2166.705042208731
47430__sample_008639,4.0,0.3,21.0,2166.789875273575
83828__sample_008640,2.0,1.0,302.0,2166.8311737483123
72272__sample_008641,2.0,1.0,246.0,2167.018801203361
11571__sample_008642,4.0,1.0,1648.0,2167.2443079194227
368898__sample_008643,14.0,1.0,722.0,2167.4545954335345
326890__sample_008644,12.0,1.0,2934.0,2167.4855751158966
183327__sample_008645,4.0,0.5,146.0,2167.6965602612177
223350__sample_008646,8.0,1.0,74.0,2167.7426654328656
356685__sample_008647,14.0,1.0,754.0,2168.0151138785145
442433__sample_008648,20.0,1.0,738.0,2168.1553735770376
178793__sample_008649,4.0,0.5,316.0,2168.62764266208
382863__sample_008650,144.0,0.8,2672.0,2169.004211577771
222531__sample_008651,8.0,1.0,10.0,2169.3263964819816
232699__sample_008652,13.0,1.0,3129.0,2169.6280046883517
109316__sample_008653,8.0,1.0,64.0,2169.833527275426
39581__sample_008654,4.0,1.0,45.0,2169.8492924657844
294564__sample_008655,8.0,1.0,1038.0,2170.115700232938
106883__sample_008656,4.0,1.0,1340.0,2170.2729721972255
270726__sample_008657,8.0,1.0,709.0,2170.43148181295
125123__sample_008658,8.0,1.0,815.0,2170.5505967977447
432662__sample_008659,112.0,0.8,4095.0,2171.2121154731603
96689__sample_008660,2.0,1.0,415.0,2171.2838531471375
57380__sample_008661,2.0,1.0,200.0,2171.3790198529286
289591__sample_008662,8.0,1.0,1147.0,2172.203504905515
106925__sample_008663,4.0,1.0,1403.0,2172.61889007236
344375__sample_008664,112.0,0.8,604.0,2172.6224367141926
184134__sample_008665,4.0,0.5,42.0,2173.2138381721275
74222__sample_008666,2.0,1.0,528.0,2173.2780931868
187469__sample_008667,4.0,0.5,1417.0,2173.5840797066367
134886__sample_008668,8.0,1.0,33.0,2173.785419768862
301938__sample_008669,8.0,1.0,2428.0,2173.9778252709866
407231__sample_008670,14.0,1.0,717.0,2174.2942175839603
357641__sample_008671,13.0,1.0,699.0,2174.3522578154034
403682__sample_008672,14.0,1.0,300.0,2174.3955561907687
20970__sample_008673,24.0,1.0,1888.0,2174.6593816159334
321000__sample_008674,20.0,1.0,1758.0,2174.7452082302493
248628__sample_008675,12.0,1.0,3009.0,2175.6571446008297
181273__sample_008676,4.0,0.5,52.0,2175.807291996819
343921__sample_008677,28.0,0.2,4142.0,2175.8368744549766
117622__sample_008678,8.0,1.0,34.0,2176.1263179108496
320702__sample_008679,4.0,1.0,1789.0,2176.217696129067
38738__sample_008680,4.0,1.0,32.0,2176.257910743813
198636__sample_008681,8.0,1.0,31.0,2176.3953124761006
260044__sample_008682,8.0,1.0,746.0,2177.227919944156
378831__sample_008683,13.0,1.0,688.0,2177.3604350422015
253446__sample_008684,4.0,1.0,520.0,2177.467107393969
41045__sample_008685,4.0,0.3,16.0,2177.6140830948116
41110__sample_008686,4.0,0.3,122.0,2177.617130519567
16717__sample_008687,64.0,1.0,624.0,2177.6528388755514
394520__sample_008688,14.0,1.0,279.0,2178.126577156
375838__sample_008689,52.0,0.4,746.0,2179.081146715089
391247__sample_008690,112.0,0.8,492.0,2179.1241231582444
443899__sample_008691,56.0,0.4,1459.0,2179.3158311787
169044__sample_008692,4.0,0.5,165.0,2180.163643687485
111599__sample_008693,8.0,1.0,3034.0,2180.2062166515043
345850__sample_008694,112.0,0.8,465.0,2180.257760489209
71581__sample_008695,2.0,1.0,2248.0,2180.9114563135336
431202__sample_008696,28.0,0.2,186.0,2181.21723472568
66468__sample_008697,2.0,1.0,87.0,2181.2584435655745
314447__sample_008698,4.0,1.0,1802.0,2181.383453182269
145047__sample_008699,8.0,1.0,14.0,2181.3979319601654
68471__sample_008700,2.0,1.0,1355.0,2181.539636169597
154967__sample_008701,8.0,1.0,11.0,2181.915794738846
16626__sample_008702,64.0,1.0,384.0,2182.117638156608
88640__sample_008703,2.0,1.0,70.0,2182.3782732758027
466265__sample_008704,8.0,1.0,2.0,2182.477208956388
415376__sample_008705,127.2,0.8,604.0,2182.5212131004673
318292__sample_008706,4.0,0.8,153.0,2182.5245139652357
441211__sample_008707,8.0,1.0,1971.0,2182.9550429496635
168325__sample_008708,4.0,0.5,1354.0,2183.2081432671835
159321__sample_008709,8.0,1.0,45.0,2183.2732641790863
31721__sample_008710,80.0,0.8,2135.0,2183.408771865398
225531__sample_008711,8.0,1.0,10.0,2183.8129419703555
162246__sample_008712,8.0,1.0,130.0,2184.0063687433117
275649__sample_008713,8.0,0.2,1917.0,2184.0955945845485
100637__sample_008714,4.0,1.0,1697.0,2184.173309918931
137132__sample_008715,8.0,1.0,22.0,2184.2346616902637
216416__sample_008716,8.0,1.0,9.0,2184.668596112398
23901__sample_008717,20.0,0.8,2640.0,2184.8865810656434
52465__sample_008718,2.0,1.0,228.0,2185.1953241271513
361956__sample_008719,112.0,0.8,1834.0,2185.6870675077353
88882__sample_008720,2.0,1.0,525.0,2186.7701234684428
236793__sample_008721,8.0,1.0,895.0,2186.841871907968
251875__sample_008722,20.0,1.0,1702.0,2186.891759942789
457598__sample_008723,14.0,1.0,1329.0,2187.0467333524184
12526__sample_008724,4.0,1.0,1729.0,2187.0556586136972
215926__sample_008725,8.0,1.0,11.0,2187.4478740586073
93527__sample_008726,2.0,1.0,85.0,2187.9858986210306
149539__sample_008727,8.0,1.0,3150.0,2188.2755208035805
241968__sample_008728,64.0,0.8,3253.0,2188.3535127955806
108546__sample_008729,8.0,1.0,34.0,2188.386369190999
347743__sample_008730,56.0,0.4,604.0,2188.506744231632
249328__sample_008731,4.0,1.0,3557.0,2188.9546875297206
196319__sample_008732,8.0,1.0,547.0,2189.061549191546
134216__sample_008733,8.0,1.0,42.0,2189.0702629448647
86732__sample_008734,2.0,1.0,63.0,2189.1504108278386
82243__sample_008735,2.0,1.0,108.0,2190.3003473107046
150930__sample_008736,8.0,1.0,352.0,2190.5826167999535
349838__sample_008737,104.0,0.8,1446.0,2191.160409334714
383303__sample_008738,104.0,0.8,2962.0,2191.533173395936
144333__sample_008739,8.0,1.0,137.0,2191.7271455985
169328__sample_008740,4.0,0.5,309.0,2191.7673900022173
263349__sample_008741,8.0,1.0,1024.0,2191.874564919628
394292__sample_008742,13.0,1.0,353.0,2192.0936763584127
433971__sample_008743,56.0,0.4,324.0,2192.604950588005
32783__sample_008744,60.0,0.8,921.0,2192.6831749340818
188970__sample_008745,15.0,1.0,1732.0,2192.715482062575
371583__sample_008746,56.0,0.4,1283.0,2192.920064623451
380631__sample_008747,56.0,0.4,813.0,2192.968612926927
180443__sample_008748,4.0,0.5,180.0,2193.204247072928
253931__sample_008749,8.0,1.0,963.0,2193.2807158623114
340860__sample_008750,8.0,0.2,822.0,2193.346369912759
390490__sample_008751,13.0,1.0,1282.0,2193.4737352036045
356796__sample_008752,112.0,0.8,1051.0,2193.6985885419435
401028__sample_008753,184.0,0.8,232.0,2193.8956276134886
24144__sample_008754,20.0,0.8,1586.0,2193.965799089933
311277__sample_008755,4.0,1.0,912.0,2194.5201686844025
362847__sample_008756,13.0,1.0,222.0,2194.549268986096
278268__sample_008757,8.0,1.0,1012.0,2194.5593358677133
317001__sample_008758,4.0,0.2,766.0,2194.7901057167924
359639__sample_008759,52.0,0.4,201.0,2194.8230338838307
111731__sample_008760,8.0,1.0,4143.0,2194.9987781247114
64129__sample_008761,2.0,1.0,415.0,2195.75673866124
71319__sample_008762,2.0,1.0,1736.0,2196.0565515458825
156051__sample_008763,8.0,1.0,3464.0,2196.296779825097
175096__sample_008764,4.0,0.5,44.0,2196.510581805253
27219__sample_008765,8.0,1.0,1515.0,2196.5600541074937
390744__sample_008766,52.0,0.4,775.0,2196.7017478693647
179589__sample_008767,4.0,0.5,53.0,2196.806584436419
260029__sample_008768,8.0,1.0,1383.0,2197.5713819996085
123523__sample_008769,8.0,1.0,4057.0,2197.6407556124664
206739__sample_008770,32.0,1.0,631.0,2197.8001914752786
99085__sample_008771,4.0,1.0,1822.0,2198.4956669169655
206696__sample_008772,32.0,1.0,547.0,2198.884855338198
307391__sample_008773,8.0,0.2,1982.0,2199.719518325769
130552__sample_008774,8.0,1.0,49.0,2199.953852396245
214077__sample_008775,8.0,1.0,14.0,2200.055388801676
100786__sample_008776,4.0,1.0,1788.0,2200.4934991295704
442277__sample_008777,8.0,0.4,2846.0,2200.5796350050073
430196__sample_008778,12.0,1.0,4266.0,2200.6246478794133
64536__sample_008779,2.0,1.0,269.0,2200.9309374682016
287845__sample_008780,16.0,0.2,1902.0,2201.1856260963254
71390__sample_008781,2.0,1.0,1689.0,2201.7135117288067
39512__sample_008782,4.0,1.0,324.0,2202.530559483685
308795__sample_008783,8.0,1.0,2203.0,2203.017132816943
271822__sample_008784,8.0,0.2,674.0,2203.0326074651707
390595__sample_008785,184.0,0.8,1467.0,2203.3056508056875
302108__sample_008786,8.0,1.0,1993.0,2203.689619164034
133026__sample_008787,8.0,1.0,47.0,2204.6929770595266
465926__sample_008788,8.0,0.4,40.0,2204.8103425233394
4227__sample_008789,4.0,0.5,124.0,2204.8568892539465
372228__sample_008790,112.0,0.8,2096.0,2205.336106112428
125371__sample_008791,8.0,1.0,23.0,2205.431592118886
206328__sample_008792,32.0,1.0,402.0,2205.659543505102
5031__sample_008793,4.0,0.5,599.0,2205.783074459855
40470__sample_008794,4.0,0.3,117.0,2205.9117520232994
137734__sample_008795,8.0,1.0,62.0,2206.2413777566344
242316__sample_008796,4.0,1.0,2535.0,2206.3535264182105
189930__sample_008797,15.0,1.0,472.0,2206.6488144754576
252801__sample_008798,4.0,1.0,1859.0,2206.6524225002067
418601__sample_008799,12.0,1.0,1253.0,2206.7505525850383
90052__sample_008800,2.0,1.0,57.0,2206.8466169929957
146177__sample_008801,8.0,1.0,448.0,2207.192028573893
354162__sample_008802,112.0,0.8,3178.0,2207.286451099816
403892__sample_008803,26.0,0.2,311.0,2207.537272399135
185324__sample_008804,4.0,0.5,1316.0,2207.828880969447
57196__sample_008805,2.0,1.0,155.0,2208.0974283689366
139942__sample_008806,8.0,1.0,54.0,2208.328568124636
198729__sample_008807,8.0,1.0,1734.0,2208.4620135902273
47331__sample_008808,4.0,0.3,27.0,2208.5788374063454
11187__sample_008809,4.0,1.0,1652.0,2208.7867007856225
298784__sample_008810,8.0,1.0,1097.0,2208.8031564492726
181716__sample_008811,4.0,0.5,144.0,2209.324661919551
412533__sample_008812,48.0,1.0,102.0,2209.760854856
102334__sample_008813,4.0,1.0,911.0,2209.867163944241
183513__sample_008814,4.0,0.5,180.0,2210.0763139215665
293447__sample_008815,8.0,1.0,1526.0,2210.7492143453915
165881__sample_008816,4.0,0.3,3536.0,2210.8284532080274
20779__sample_008817,24.0,1.0,177.0,2211.1675936720962
404799__sample_008818,184.0,0.8,356.0,2211.1891825175976
458632__sample_008819,4.0,1.0,4093.0,2211.3744373365907
95649__sample_008820,2.0,1.0,187.0,2211.9129120860475
189345__sample_008821,15.0,1.0,241.0,2212.113490420476
176285__sample_008822,4.0,0.5,313.0,2212.3529332570906
102616__sample_008823,4.0,1.0,948.0,2212.9484466678527
259301__sample_008824,8.0,1.0,437.0,2213.2625797437768
38101__sample_008825,4.0,1.0,372.0,2213.560154490267
451910__sample_008826,12.0,0.5,1076.0,2213.780858821575
175159__sample_008827,4.0,0.5,315.0,2214.031449423427
103793__sample_008828,4.0,1.0,1033.0,2214.438484125763
376847__sample_008829,14.0,1.0,2392.0,2215.4070826511797
150770__sample_008830,8.0,1.0,20.0,2215.803666064513
335002__sample_008831,12.0,1.0,1146.0,2216.1110201995957
228516__sample_008832,8.0,1.0,9.0,2216.1474341730423
95808__sample_008833,2.0,1.0,398.0,2216.5721112976144
256250__sample_008834,8.0,1.0,1036.0,2216.9050575077276
174148__sample_008835,4.0,0.5,29.0,2217.2729467197883
260937__sample_008836,8.0,1.0,491.0,2217.3386441639636
321458__sample_008837,4.0,1.0,3918.0,2217.9230514102755
244109__sample_008838,8.0,1.0,1799.0,2217.948637502019
255349__sample_008839,4.0,0.2,98.0,2218.02176494736
290418__sample_008840,16.0,0.2,2638.0,2218.2937004226033
29352__sample_008841,20.0,0.2,3690.0,2218.5736960233917
78341__sample_008842,2.0,1.0,32.0,2218.667669407998
256315__sample_008843,8.0,1.0,658.0,2218.9699323088294
123640__sample_008844,8.0,1.0,31.0,2219.092659684416
97781__sample_008845,2.0,1.0,422.0,2219.0927035672316
295675__sample_008846,8.0,1.0,1022.0,2219.13706875434
80373__sample_008847,2.0,1.0,1442.0,2219.6726497668296
51287__sample_008848,2.0,0.2,73.0,2219.735630066539
296363__sample_008849,8.0,0.2,3155.0,2219.765582371088
215937__sample_008850,8.0,1.0,14.0,2220.0521661039706
193319__sample_008851,4.0,1.0,3601.0,2220.1974363029512
451225__sample_008852,112.0,0.8,78.0,2220.5955703619206
169688__sample_008853,4.0,0.5,306.0,2221.0896922239226
442579__sample_008854,14.0,1.0,1856.0,2221.5573748375273
158885__sample_008855,8.0,1.0,15.0,2221.651233439115
153521__sample_008856,8.0,1.0,100.0,2221.827308696627
41584__sample_008857,4.0,0.3,19.0,2222.0898654872894
69916__sample_008858,2.0,1.0,201.0,2222.1870112488755
84891__sample_008859,2.0,1.0,947.0,2222.197503191583
301467__sample_008860,8.0,1.0,2001.0,2222.36863152268
34516__sample_008861,40.0,0.8,814.0,2222.371856821975
254451__sample_008862,8.0,1.0,3793.0,2223.1240390367243
85944__sample_008863,2.0,1.0,32.0,2223.522287066536
273262__sample_008864,8.0,1.0,1062.0,2223.575588396584
317179__sample_008865,4.0,0.8,678.0,2223.660357414611
114686__sample_008866,8.0,1.0,23.0,2224.6766298081734
308376__sample_008867,8.0,1.0,1842.0,2224.793550810242
226295__sample_008868,8.0,1.0,10.0,2225.1763488888528
113408__sample_008869,8.0,1.0,53.0,2225.3243647991767
352826__sample_008870,104.0,0.8,2569.0,2225.82331629077
361868__sample_008871,112.0,0.8,1859.0,2226.1274571478943
362212__sample_008872,184.0,0.8,1128.0,2226.133251291331
92602__sample_008873,2.0,1.0,387.0,2226.2204244014324
27508__sample_008874,80.0,0.8,987.0,2226.4245314039167
253347__sample_008875,4.0,1.0,1748.0,2227.076042629626
410568__sample_008876,16.0,1.0,1825.0,2227.1029472549963
157752__sample_008877,8.0,1.0,44.0,2227.332747581939
413521__sample_008878,48.0,1.0,3063.0,2227.4226949332256
312225__sample_008879,4.0,1.0,1259.0,2227.9729905426047
375213__sample_008880,104.0,0.8,277.0,2228.335213484767
373694__sample_008881,112.0,0.8,373.0,2228.450604410033
77585__sample_008882,2.0,1.0,429.0,2228.4963157827115
441162__sample_008883,14.0,1.0,493.0,2228.499206929007
38550__sample_008884,4.0,1.0,40.0,2228.741850400995
366986__sample_008885,104.0,0.8,989.0,2228.87212150392
409526__sample_008886,14.0,1.0,3998.0,2228.966616758674
113320__sample_008887,8.0,1.0,3887.0,2230.025057930165
171898__sample_008888,4.0,0.5,54.0,2230.1819643418935
456391__sample_008889,8.0,0.4,1704.0,2230.528377267456
360863__sample_008890,28.0,0.2,622.0,2230.5772023470627
102125__sample_008891,4.0,1.0,1112.0,2230.5805889970634
299913__sample_008892,8.0,1.0,2029.0,2230.715722397193
53329__sample_008893,2.0,1.0,77.0,2230.989625222435
386604__sample_008894,14.0,1.0,590.0,2231.166233330529
222314__sample_008895,8.0,1.0,9.0,2231.7191139874403
424868__sample_008896,112.0,0.8,1957.0,2231.861395167301
37990__sample_008897,4.0,1.0,23.0,2231.954524690033
204179__sample_008898,48.0,1.0,930.0,2232.5739042217238
57907__sample_008899,2.0,1.0,717.0,2232.7044610992198
132880__sample_008900,8.0,1.0,2049.0,2232.783018219178
130900__sample_008901,8.0,1.0,73.0,2232.808709489969
368636__sample_008902,56.0,0.4,154.0,2233.202843013854
457140__sample_008903,16.0,1.0,45.0,2233.638716032556
303658__sample_008904,8.0,1.0,2239.0,2233.6471822267386
349808__sample_008905,184.0,0.8,627.0,2233.758225498298
146820__sample_008906,8.0,1.0,31.0,2234.104675573693
446384__sample_008907,14.0,1.0,154.0,2234.836142474186
162302__sample_008908,8.0,1.0,42.0,2234.954773244374
210440__sample_008909,8.0,1.0,3748.0,2235.46880887809
38293__sample_008910,4.0,1.0,29.0,2235.5939123840785
168145__sample_008911,4.0,0.5,307.0,2235.6433710891592
289640__sample_008912,8.0,1.0,544.0,2235.644234113011
56090__sample_008913,2.0,1.0,592.0,2235.7444210597396
61774__sample_008914,2.0,1.0,1196.0,2235.8633158660386
294821__sample_008915,8.0,0.2,1691.0,2236.5889561832923
431940__sample_008916,16.0,1.0,476.0,2236.6466462584845
3577__sample_008917,8.0,0.5,310.0,2236.7670563097763
68245__sample_008918,2.0,1.0,3343.0,2236.773425285364
266344__sample_008919,8.0,1.0,1048.0,2237.1339190599233
103762__sample_008920,4.0,1.0,1264.0,2237.7506108117946
312048__sample_008921,4.0,1.0,1572.0,2237.8185041567854
427541__sample_008922,184.0,0.8,155.0,2237.9585935334258
319907__sample_008923,4.0,0.8,110.0,2237.9911527744066
151563__sample_008924,8.0,1.0,42.0,2238.1437385069157
147976__sample_008925,8.0,1.0,33.0,2238.179516351583
362791__sample_008926,26.0,0.2,371.0,2238.364758764427
345969__sample_008927,56.0,0.4,163.0,2238.6964088160826
405787__sample_008928,112.0,0.8,572.0,2238.8978997692257
65537__sample_008929,2.0,1.0,391.0,2238.9682318703094
195094__sample_008930,4.0,1.0,763.0,2239.0773918735817
269926__sample_008931,8.0,0.2,564.0,2239.33181549069
241811__sample_008932,92.0,0.8,553.0,2239.5545659294817
408273__sample_008933,56.0,0.4,553.0,2239.591335843983
88146__sample_008934,2.0,1.0,70.0,2240.05733690353
445330__sample_008935,8.0,0.4,1697.0,2240.2185161320294
460374__sample_008936,8.0,1.0,29.0,2240.262810601443
335591__sample_008937,12.0,1.0,1928.0,2240.2955732317405
32571__sample_008938,64.0,0.8,4079.0,2241.1376476808646
400339__sample_008939,112.0,0.8,149.0,2241.2203072913603
246391__sample_008940,8.0,1.0,1803.0,2241.818417203584
20153__sample_008941,12.0,1.0,1994.0,2241.9505735201546
333475__sample_008942,12.0,1.0,611.0,2242.0724816190523
136438__sample_008943,8.0,1.0,23.0,2242.374250162578
227236__sample_008944,8.0,1.0,12.0,2242.3767332754946
289037__sample_008945,8.0,0.2,679.0,2242.479889515804
149__sample_008946,4.0,0.1,863.0,2242.570004939174
369977__sample_008947,184.0,0.8,633.0,2243.076429131968
95203__sample_008948,2.0,1.0,1557.0,2243.264719009539
28755__sample_008949,20.0,0.8,1727.0,2243.3780824073733
178199__sample_008950,4.0,0.5,157.0,2243.4554209844696
162057__sample_008951,8.0,1.0,20.0,2243.678631566748
166186__sample_008952,4.0,0.3,178.0,2243.7197538842443
182420__sample_008953,4.0,0.5,161.0,2243.790412515277
72493__sample_008954,2.0,1.0,3083.0,2243.87731022804
165643__sample_008955,4.0,0.3,27.0,2244.111375525453
291387__sample_008956,8.0,0.2,1558.0,2244.2281793890147
194938__sample_008957,4.0,1.0,2517.0,2244.404374687578
196942__sample_008958,8.0,1.0,421.0,2244.667143460409
446149__sample_008959,8.0,1.0,1700.0,2245.449582840622
351056__sample_008960,104.0,0.8,2633.0,2245.8114523598438
36958__sample_008961,4.0,1.0,743.0,2245.9413587424874
278744__sample_008962,8.0,1.0,894.0,2246.2862136286144
45480__sample_008963,2.0,0.2,685.0,2247.0336222588835
297173__sample_008964,8.0,1.0,417.0,2247.206599518554
217509__sample_008965,8.0,1.0,9.0,2247.338718357682
269273__sample_008966,8.0,1.0,1203.0,2247.359025941818
193979__sample_008967,4.0,1.0,1695.0,2247.9162907676837
171262__sample_008968,4.0,0.5,176.0,2247.987025529216
209513__sample_008969,32.0,1.0,512.0,2248.0035492345874
47230__sample_008970,2.0,0.2,192.0,2248.1961661889322
354946__sample_008971,112.0,0.8,1368.0,2248.663703998732
69533__sample_008972,2.0,1.0,249.0,2248.794190410918
392413__sample_008973,184.0,0.8,240.0,2249.176232634963
270567__sample_008974,8.0,0.2,1574.0,2249.6288092474024
320888__sample_008975,4.0,1.0,1744.0,2249.7802781712116
395656__sample_008976,112.0,0.8,543.0,2250.0037607376485
136696__sample_008977,8.0,1.0,3900.0,2250.1946061031495
85268__sample_008978,2.0,1.0,1089.0,2250.8946304599253
251238__sample_008979,20.0,1.0,1799.0,2251.2178366421663
376016__sample_008980,144.0,0.8,2532.0,2251.866548755618
121831__sample_008981,8.0,1.0,14.0,2251.92866729356
464055__sample_008982,28.0,0.2,432.0,2252.021519044521
71997__sample_008983,2.0,1.0,2404.0,2252.039907395712
383406__sample_008984,184.0,0.8,3595.0,2252.2131481734355
380425__sample_008985,23.0,1.0,1131.0,2252.7308651324965
349116__sample_008986,92.0,0.4,1731.0,2252.829810678742
59526__sample_008987,2.0,1.0,475.0,2252.864133034882
198356__sample_008988,8.0,1.0,141.0,2252.8818583831985
308167__sample_008989,8.0,0.2,1886.0,2253.03018396791
68014__sample_008990,2.0,1.0,1404.0,2253.0749721370494
307046__sample_008991,8.0,1.0,2110.0,2253.181173888487
274701__sample_008992,8.0,1.0,919.0,2253.6098454527532
280888__sample_008993,8.0,0.2,1304.0,2253.73099176237
185959__sample_008994,4.0,0.5,653.0,2253.9663111663176
309994__sample_008995,8.0,1.0,2187.0,2254.1406803290306
227199__sample_008996,8.0,1.0,16.0,2254.457615606099
174108__sample_008997,4.0,0.5,2337.0,2254.5000651692303
167228__sample_008998,4.0,0.3,452.0,2255.132879382425
16281__sample_008999,48.0,1.0,1328.0,2255.390827785468
449649__sample_009000,56.0,0.4,2016.0,2255.46983230563
32611__sample_009001,20.0,0.8,2452.0,2255.502716710476
72823__sample_009002,2.0,1.0,350.0,2255.5432657394504
105554__sample_009003,4.0,1.0,2240.0,2255.9248421890347
240920__sample_009004,64.0,0.8,189.0,2256.1465919602865
399964__sample_009005,14.0,1.0,1208.0,2256.2664068600425
308929__sample_009006,8.0,1.0,2471.0,2256.367611006973
173469__sample_009007,4.0,0.5,229.0,2256.8516767232013
257424__sample_009008,8.0,0.2,1608.0,2257.371062606773
85559__sample_009009,2.0,1.0,1123.0,2257.588690092953
73789__sample_009010,2.0,1.0,3034.0,2257.774560361344
371789__sample_009011,104.0,0.8,854.0,2258.198374736874
120209__sample_009012,8.0,1.0,19.0,2258.544284389356
225981__sample_009013,8.0,1.0,9.0,2258.672126325081
210479__sample_009014,8.0,1.0,2744.0,2258.6937170450224
313485__sample_009015,4.0,1.0,1628.0,2259.059511012329
324608__sample_009016,12.0,1.0,369.0,2259.1057024563775
255261__sample_009017,4.0,0.2,259.0,2259.1098305789637
214509__sample_009018,8.0,1.0,12.0,2259.5731903794394
174916__sample_009019,4.0,0.5,132.0,2259.789028298232
116899__sample_009020,8.0,1.0,485.0,2260.3446624381104
360039__sample_009021,184.0,0.8,688.0,2260.510359653002
215455__sample_009022,8.0,1.0,11.0,2261.162912846162
1038__sample_009023,4.0,0.1,906.0,2261.272140856756
72510__sample_009024,2.0,1.0,867.0,2261.594452735971
395932__sample_009025,144.0,0.8,163.0,2261.683974045191
58722__sample_009026,2.0,1.0,730.0,2261.684265130669
80444__sample_009027,2.0,1.0,473.0,2261.8036710918586
328071__sample_009028,12.0,1.0,995.0,2262.1383001386966
124644__sample_009029,8.0,1.0,391.0,2262.1789369827743
337632__sample_009030,8.0,0.3,962.0,2262.354636398637
135443__sample_009031,8.0,1.0,15.0,2262.414302710654
317019__sample_009032,4.0,1.0,2088.0,2262.4336915278504
111608__sample_009033,8.0,1.0,33.0,2262.673916801899
404510__sample_009034,88.0,0.8,3836.0,2263.4328867919303
281133__sample_009035,8.0,1.0,719.0,2263.5259079942807
41725__sample_009036,4.0,0.3,16.0,2263.743167837021
435740__sample_009037,15.0,1.0,150.0,2264.510799937826
390697__sample_009038,112.0,0.8,4414.0,2264.773600957562
4473__sample_009039,4.0,0.5,695.0,2265.0531363721548
334391__sample_009040,12.0,1.0,428.0,2265.102422646776
47269__sample_009041,4.0,0.3,153.0,2265.2720413236234
301299__sample_009042,8.0,1.0,1973.0,2265.3863952204933
307651__sample_009043,8.0,1.0,2699.0,2265.5455665419863
162636__sample_009044,16.0,1.0,912.0,2265.9489613816377
116685__sample_009045,8.0,1.0,21.0,2266.1033317315537
37474__sample_009046,4.0,1.0,98.0,2266.119559893534
201808__sample_009047,8.0,1.0,64.0,2266.7094589936414
255072__sample_009048,4.0,0.2,776.0,2266.90622231837
461397__sample_009049,8.0,1.0,118.0,2267.5521092943864
143478__sample_009050,8.0,1.0,14.0,2267.7644744758263
143056__sample_009051,8.0,1.0,76.0,2267.782519403623
419933__sample_009052,12.0,1.0,1137.0,2267.983745539258
249318__sample_009053,4.0,1.0,4546.0,2268.1980971112525
373346__sample_009054,13.0,1.0,3332.0,2268.258404860387
165040__sample_009055,4.0,0.3,3573.0,2268.417610317397
93605__sample_009056,2.0,1.0,2109.0,2268.5713984265485
94003__sample_009057,2.0,1.0,88.0,2268.8151938336227
247377__sample_009058,8.0,1.0,1803.0,2268.890339768731
47475__sample_009059,4.0,0.3,118.0,2269.108257807874
347430__sample_009060,104.0,0.8,1896.0,2269.1771803875367
201985__sample_009061,16.0,1.0,1974.0,2269.325029051499
53609__sample_009062,2.0,1.0,96.0,2269.357757243079
319050__sample_009063,4.0,0.8,131.0,2269.3672607459007
461987__sample_009064,8.0,1.0,3143.0,2269.463892380722
331469__sample_009065,12.0,1.0,608.0,2269.5441406581613
33617__sample_009066,10.0,1.0,3339.0,2269.6747538610807
466823__sample_009067,8.0,1.0,1236.0,2270.492181824932
63305__sample_009068,2.0,1.0,150.0,2270.6768379143705
227536__sample_009069,8.0,1.0,9.0,2270.8782359339375
158507__sample_009070,8.0,1.0,34.0,2271.5883502281276
178510__sample_009071,4.0,0.5,215.0,2272.2233931442
212463__sample_009072,30.0,0.4,301.0,2272.762175812634
452401__sample_009073,112.0,0.8,131.0,2272.787959545059
406228__sample_009074,92.0,0.4,338.0,2273.0394432633007
324939__sample_009075,12.0,1.0,427.0,2273.4521371541223
82519__sample_009076,2.0,1.0,363.0,2273.903461867089
117931__sample_009077,8.0,1.0,13.0,2274.1190943540105
268424__sample_009078,8.0,1.0,1348.0,2274.1235069548675
432618__sample_009079,112.0,0.8,696.0,2275.0331762090877
71149__sample_009080,2.0,1.0,3533.0,2275.1929341110354
344365__sample_009081,184.0,0.8,326.0,2275.3179862799525
57548__sample_009082,2.0,1.0,689.0,2275.443596793393
268695__sample_009083,8.0,0.2,1916.0,2275.5815741926795
387041__sample_009084,112.0,0.8,954.0,2275.65090177674
245320__sample_009085,8.0,1.0,1946.0,2275.750028227102
407164__sample_009086,104.0,0.8,3455.0,2276.805986856358
382066__sample_009087,112.0,0.8,728.0,2276.9207697921984
135570__sample_009088,8.0,1.0,13.0,2277.107789466922
83428__sample_009089,2.0,1.0,153.0,2277.579242615645
224279__sample_009090,8.0,1.0,113.0,2277.766633806394
435709__sample_009091,56.0,0.4,341.0,2277.8646920989004
54468__sample_009092,2.0,1.0,535.0,2278.0501456998545
354488__sample_009093,30.0,0.2,839.0,2278.0804296370966
74397__sample_009094,2.0,1.0,2163.0,2278.115247152568
419916__sample_009095,12.0,1.0,1269.0,2278.411377565395
218975__sample_009096,8.0,1.0,22.0,2279.0349976197986
322161__sample_009097,4.0,1.0,3327.0,2279.358360911476
161891__sample_009098,8.0,1.0,43.0,2279.377746789138
430237__sample_009099,14.0,1.0,180.0,2279.5066626203834
10888__sample_009100,4.0,1.0,1679.0,2279.507301833942
253564__sample_009101,4.0,1.0,1904.0,2279.6862557506656
256681__sample_009102,8.0,1.0,1021.0,2279.739927008608
414166__sample_009103,12.0,0.2,1416.0,2280.2464432459087
450978__sample_009104,14.0,1.0,1135.0,2280.273990465628
356356__sample_009105,104.0,0.8,371.0,2280.274349072364
463451__sample_009106,8.0,0.4,323.0,2280.4243297947296
18623__sample_009107,128.0,0.8,117.0,2280.4665626869437
290105__sample_009108,8.0,0.2,615.0,2280.801402387074
229213__sample_009109,8.0,1.0,9.0,2281.432630668125
246028__sample_009110,8.0,1.0,2333.0,2281.4433413680927
11486__sample_009111,4.0,1.0,3498.0,2281.56921373124
328266__sample_009112,12.0,1.0,1519.0,2283.006537600475
370594__sample_009113,112.0,0.8,1741.0,2283.336357299947
101454__sample_009114,4.0,1.0,2927.0,2284.1017593218285
36953__sample_009115,4.0,1.0,1369.0,2284.1465658954094
56015__sample_009116,2.0,1.0,120.0,2284.209120261359
121155__sample_009117,8.0,1.0,75.0,2284.251169084525
192405__sample_009118,15.0,1.0,208.0,2284.341185338954
285805__sample_009119,8.0,1.0,1204.0,2284.6633720725263
108000__sample_009120,8.0,1.0,3135.0,2284.708436991736
23596__sample_009121,8.0,1.0,1253.0,2284.894144297208
60764__sample_009122,2.0,1.0,103.0,2284.972551554089
34673__sample_009123,10.0,1.0,1012.0,2285.414360875494
222988__sample_009124,8.0,1.0,12.0,2285.4160144332986
407701__sample_009125,88.0,0.8,296.0,2285.4791301561354
146191__sample_009126,8.0,1.0,15.0,2285.711499959323
120463__sample_009127,8.0,1.0,13.0,2285.736928004604
230198__sample_009128,4.0,1.0,2621.0,2285.8939140758707
439270__sample_009129,56.0,0.4,7.0,2286.037181236371
131355__sample_009130,8.0,1.0,1514.0,2286.5157020098263
181072__sample_009131,4.0,0.5,3648.0,2286.761174258856
450834__sample_009132,14.0,1.0,341.0,2287.0163802550296
30405__sample_009133,40.0,0.4,958.0,2287.7745187509877
229087__sample_009134,8.0,1.0,9.0,2288.783920627354
94977__sample_009135,2.0,1.0,162.0,2289.048812803149
96746__sample_009136,2.0,1.0,34.0,2289.2333496982205
173026__sample_009137,4.0,0.5,136.0,2289.4674220800944
418119__sample_009138,12.0,1.0,1479.0,2289.587918342277
53784__sample_009139,2.0,1.0,421.0,2290.682558842343
4692__sample_009140,4.0,0.5,18.0,2290.987771840176
342012__sample_009141,104.0,0.8,2825.0,2291.073749174061
9861__sample_009142,4.0,1.0,2191.0,2291.088624660289
465293__sample_009143,14.0,1.0,3431.0,2291.1000628620945
35114__sample_009144,2.0,0.8,1174.0,2291.15738879006
110097__sample_009145,8.0,1.0,367.0,2291.2236775715173
448287__sample_009146,8.0,0.2,525.0,2291.3577328720717
109492__sample_009147,8.0,1.0,13.0,2291.4182017263006
10095__sample_009148,4.0,1.0,1659.0,2291.667380708702
222675__sample_009149,8.0,1.0,9.0,2291.7267086744523
328458__sample_009150,12.0,1.0,310.0,2291.778734400637
342237__sample_009151,112.0,0.8,555.0,2291.938038137892
33638__sample_009152,8.0,1.0,1960.0,2292.486849121397
382656__sample_009153,104.0,0.8,224.0,2292.6447706661384
128168__sample_009154,8.0,1.0,621.0,2292.77831501805
175599__sample_009155,4.0,0.5,186.0,2292.994058740408
85478__sample_009156,2.0,1.0,101.0,2293.0683954566066
180662__sample_009157,4.0,0.5,168.0,2293.1774164437766
10913__sample_009158,4.0,1.0,1635.0,2293.2375636713086
274619__sample_009159,8.0,1.0,1050.0,2293.4496107323284
766__sample_009160,4.0,0.1,796.0,2293.748436325649
92040__sample_009161,2.0,1.0,344.0,2294.02841980327
93034__sample_009162,2.0,1.0,129.0,2294.101951440983
200461__sample_009163,8.0,1.0,360.0,2294.4800839272307
167092__sample_009164,4.0,0.3,1030.0,2294.55399691928
140371__sample_009165,8.0,1.0,29.0,2294.5947183011776
363684__sample_009166,112.0,0.8,1037.0,2294.702340482823
380404__sample_009167,56.0,0.4,1179.0,2294.9300071825232
438135__sample_009168,8.0,1.0,1663.0,2294.968295507352
105827__sample_009169,4.0,1.0,963.0,2295.2293884102505
62557__sample_009170,2.0,1.0,83.0,2295.726456110096
72638__sample_009171,2.0,1.0,811.0,2295.8131869536865
181265__sample_009172,4.0,0.5,63.0,2295.962740137936
414239__sample_009173,12.0,0.2,1186.0,2296.027533366825
76713__sample_009174,2.0,1.0,161.0,2296.1395984918677
383632__sample_009175,104.0,0.8,700.0,2296.1451523714168
74206__sample_009176,2.0,1.0,665.0,2296.913680691557
87635__sample_009177,2.0,1.0,331.0,2297.048097272244
357113__sample_009178,52.0,0.4,391.0,2297.4369177076505
373633__sample_009179,56.0,0.4,1772.0,2297.4753930546053
371977__sample_009180,13.0,1.0,455.0,2297.893693963137
410640__sample_009181,16.0,1.0,1865.0,2298.385485371013
310449__sample_009182,4.0,1.0,911.0,2298.699720780361
235885__sample_009183,12.0,1.0,4198.0,2299.283519352934
233889__sample_009184,14.0,1.0,370.0,2299.3292589316447
195799__sample_009185,8.0,1.0,76.0,2299.491054816212
185917__sample_009186,4.0,0.5,80.0,2299.7330228937017
103808__sample_009187,4.0,1.0,1222.0,2299.959727435045
117832__sample_009188,8.0,1.0,31.0,2300.453121405599
3922__sample_009189,4.0,0.5,467.0,2300.5138595737985
316055__sample_009190,4.0,1.0,3835.0,2300.562147723898
44084__sample_009191,4.0,0.3,172.0,2300.635196984586
27495__sample_009192,8.0,1.0,1542.0,2301.1905636089205
324754__sample_009193,12.0,1.0,190.0,2301.8982328510597
357535__sample_009194,13.0,1.0,400.0,2302.109010405421
357749__sample_009195,144.0,0.8,3960.0,2302.2829841106736
62226__sample_009196,2.0,1.0,197.0,2302.515445664102
225618__sample_009197,8.0,1.0,24.0,2302.754924218847
368864__sample_009198,23.0,1.0,157.0,2302.801598408843
31143__sample_009199,32.0,0.8,445.0,2303.091516331383
449583__sample_009200,56.0,0.4,2130.0,2303.242046555154
84563__sample_009201,2.0,1.0,377.0,2303.4241789909665
57158__sample_009202,2.0,1.0,1025.0,2303.431875405213
50895__sample_009203,2.0,0.2,1431.0,2303.7934466232837
58030__sample_009204,2.0,1.0,414.0,2304.2445483430874
146036__sample_009205,8.0,1.0,1365.0,2304.486064082384
142462__sample_009206,8.0,1.0,206.0,2304.831364555127
251001__sample_009207,20.0,1.0,1701.0,2305.0162702132284
460480__sample_009208,8.0,1.0,526.0,2305.2570852568238
124920__sample_009209,8.0,1.0,288.0,2305.3825400405726
354667__sample_009210,184.0,0.8,353.0,2305.774943262328
223320__sample_009211,8.0,1.0,9.0,2305.932848559022
314976__sample_009212,4.0,1.0,1698.0,2306.2178735167536
234971__sample_009213,8.0,1.0,344.0,2306.460711677069
29294__sample_009214,8.0,1.0,1312.0,2306.7636411222343
153669__sample_009215,8.0,1.0,128.0,2307.1481715786394
81545__sample_009216,2.0,1.0,79.0,2307.3278973274932
274577__sample_009217,8.0,1.0,1044.0,2307.74714717603
269006__sample_009218,8.0,0.2,1362.0,2307.91906633748
9392__sample_009219,4.0,1.0,2025.0,2308.7035880875205
352443__sample_009220,184.0,0.8,95.0,2309.052847805434
339834__sample_009221,16.0,0.4,742.0,2309.099774307098
389895__sample_009222,112.0,0.8,904.0,2309.5421531916586
318765__sample_009223,4.0,0.8,163.0,2309.742663709131
55439__sample_009224,2.0,1.0,581.0,2310.783763604537
289165__sample_009225,8.0,1.0,1171.0,2311.1009528155914
253427__sample_009226,4.0,1.0,1771.0,2311.1229942117275
147555__sample_009227,8.0,1.0,31.0,2311.248609565273
78799__sample_009228,2.0,1.0,34.0,2311.430686810228
67538__sample_009229,2.0,1.0,54.0,2311.8872956625387
90415__sample_009230,2.0,1.0,54.0,2312.214023739058
219757__sample_009231,8.0,1.0,10.0,2312.329278792608
252568__sample_009232,20.0,1.0,1978.0,2312.594198346397
42696__sample_009233,4.0,0.3,14.0,2312.809241472019
70540__sample_009234,2.0,1.0,669.0,2312.842925246631
306348__sample_009235,8.0,1.0,1885.0,2312.9098489334256
55870__sample_009236,2.0,1.0,85.0,2313.0141532747302
421704__sample_009237,46.0,0.2,2929.0,2313.068531696415
69634__sample_009238,2.0,1.0,324.0,2313.1092007983098
459043__sample_009239,32.0,0.2,352.0,2313.1241907916865
133768__sample_009240,8.0,1.0,30.0,2313.640284822194
268111__sample_009241,8.0,1.0,1007.0,2313.72553564005
106313__sample_009242,4.0,1.0,1843.0,2313.811271131491
189165__sample_009243,15.0,1.0,406.0,2313.869010927931
363508__sample_009244,160.0,0.8,1363.0,2314.030289478374
217646__sample_009245,8.0,1.0,7.0,2314.210800642236
25646__sample_009246,40.0,0.4,2957.0,2314.2691879425042
460302__sample_009247,8.0,1.0,953.0,2314.503675303049
300058__sample_009248,8.0,1.0,3149.0,2314.82460970978
409494__sample_009249,52.0,0.4,497.0,2314.941647081474
307568__sample_009250,8.0,0.2,1965.0,2315.161788525894
376280__sample_009251,184.0,0.8,257.0,2315.3362289311594
244844__sample_009252,8.0,1.0,2487.0,2315.390627549636
300086__sample_009253,8.0,1.0,2516.0,2315.71797105463
402626__sample_009254,104.0,0.8,775.0,2316.1221534474307
255710__sample_009255,8.0,0.3,1060.0,2316.3837484011483
437561__sample_009256,14.0,1.0,144.0,2316.481600503572
85144__sample_009257,2.0,1.0,113.0,2317.135214835542
2846__sample_009258,8.0,0.5,174.0,2317.2871216588615
77031__sample_009259,2.0,1.0,739.0,2317.364391837067
222372__sample_009260,8.0,1.0,8.0,2317.4955530974694
390554__sample_009261,112.0,0.8,2061.0,2317.790027930127
446402__sample_009262,8.0,1.0,490.0,2318.2576178862214
141096__sample_009263,8.0,1.0,93.0,2318.3678555324295
6508__sample_009264,4.0,0.5,440.0,2318.434050271756
93141__sample_009265,2.0,1.0,57.0,2318.6802549932354
126179__sample_009266,8.0,1.0,3861.0,2319.315513474784
422754__sample_009267,4.0,1.0,429.0,2319.366132305466
303794__sample_009268,8.0,1.0,2136.0,2319.772294791064
319320__sample_009269,4.0,0.8,815.0,2319.9341505435186
405270__sample_009270,112.0,0.8,696.0,2320.335901393039
425040__sample_009271,12.0,1.0,54.0,2320.511974229612
18436__sample_009272,128.0,0.8,768.0,2320.6304079848924
359850__sample_009273,112.0,0.8,1287.0,2320.928699998344
31808__sample_009274,10.0,1.0,1337.0,2321.5059194474784
55788__sample_009275,2.0,1.0,208.0,2321.602427632746
286329__sample_009276,8.0,1.0,1353.0,2321.7568207665463
198330__sample_009277,8.0,1.0,171.0,2321.8219674315583
208371__sample_009278,32.0,1.0,400.0,2321.8726218038614
127400__sample_009279,8.0,1.0,16.0,2322.2487675952166
264999__sample_009280,8.0,1.0,1424.0,2322.304761105701
290396__sample_009281,8.0,0.2,589.0,2322.6989047876486
154173__sample_009282,8.0,1.0,17.0,2322.8390913545004
153689__sample_009283,8.0,1.0,277.0,2324.1661188140556
227496__sample_009284,8.0,1.0,8.0,2324.221075272498
217648__sample_009285,8.0,1.0,8.0,2324.245472413778
338535__sample_009286,8.0,0.3,4182.0,2324.265079872392
419010__sample_009287,12.0,1.0,869.0,2324.7161664677515
79405__sample_009288,2.0,1.0,380.0,2324.860130339064
126260__sample_009289,8.0,1.0,35.0,2324.860912649219
100413__sample_009290,4.0,1.0,1708.0,2325.380316177337
321312__sample_009291,4.0,1.0,4346.0,2325.904048404713
363493__sample_009292,144.0,0.8,27.0,2326.314560213208
125738__sample_009293,8.0,1.0,56.0,2326.3859208530585
24213__sample_009294,30.0,0.8,396.0,2326.5025244606186
221330__sample_009295,8.0,1.0,8.0,2326.8440750762957
208111__sample_009296,32.0,1.0,533.0,2327.0120943201523
10547__sample_009297,4.0,1.0,2641.0,2327.053852057235
119281__sample_009298,8.0,1.0,20.0,2327.1233834491572
374511__sample_009299,14.0,1.0,2598.0,2328.0225910661825
455378__sample_009300,120.0,0.8,275.0,2328.063518951991
91426__sample_009301,2.0,1.0,28.0,2328.3872494391007
109343__sample_009302,8.0,1.0,23.0,2328.5497801295865
200364__sample_009303,8.0,1.0,55.0,2328.894959275609
146171__sample_009304,8.0,1.0,15.0,2329.165481593629
306400__sample_009305,8.0,1.0,1941.0,2329.3100647036927
184895__sample_009306,4.0,0.5,720.0,2329.4192691393027
268570__sample_009307,8.0,1.0,2981.0,2329.7702404378056
436445__sample_009308,12.0,1.0,3218.0,2329.8678135888754
228201__sample_009309,8.0,1.0,17.0,2330.2553365040612
194172__sample_009310,4.0,1.0,252.0,2330.5400725004843
267374__sample_009311,8.0,0.2,1691.0,2330.7555640793057
251799__sample_009312,20.0,1.0,2279.0,2330.870597557153
454184__sample_009313,56.0,0.4,209.0,2330.9279764337475
88350__sample_009314,2.0,1.0,532.0,2331.237807182562
449029__sample_009315,112.0,0.8,135.0,2331.2617557942945
429895__sample_009316,12.0,1.0,7.0,2332.142955407939
128149__sample_009317,8.0,1.0,4283.0,2333.1057804711104
462355__sample_009318,28.0,0.2,377.0,2333.1406599662323
345671__sample_009319,88.0,0.8,167.0,2333.16809563734
352958__sample_009320,144.0,0.8,2385.0,2333.3011576368863
85842__sample_009321,2.0,1.0,305.0,2334.1300268430327
410804__sample_009322,16.0,1.0,1116.0,2334.257862823894
196513__sample_009323,8.0,1.0,94.0,2334.3709242273376
5710__sample_009324,4.0,0.5,477.0,2334.6749229719862
16663__sample_009325,64.0,1.0,139.0,2334.7241491875043
91045__sample_009326,2.0,1.0,159.0,2334.83702258148
161948__sample_009327,8.0,1.0,480.0,2334.9231059515228
98962__sample_009328,4.0,1.0,1781.0,2335.153139618251
140526__sample_009329,8.0,1.0,1389.0,2335.197548621893
162661__sample_009330,16.0,1.0,2342.0,2335.396455060481
367023__sample_009331,88.0,0.8,208.0,2335.883640130395
387406__sample_009332,15.0,1.0,337.0,2336.06411453935
37046__sample_009333,4.0,1.0,444.0,2336.3517198765953
73669__sample_009334,2.0,1.0,348.0,2336.3712773027555
226097__sample_009335,8.0,1.0,10.0,2336.5202849516445
358036__sample_009336,184.0,0.8,372.0,2336.545210525449
168047__sample_009337,4.0,0.3,1009.0,2336.773946981982
152790__sample_009338,8.0,1.0,258.0,2336.856439368149
119135__sample_009339,8.0,1.0,63.0,2336.9411010587937
154403__sample_009340,8.0,1.0,29.0,2336.961069397274
340846__sample_009341,8.0,0.2,687.0,2337.053921514161
255564__sample_009342,8.0,0.2,1051.0,2337.230569390678
210885__sample_009343,8.0,1.0,2523.0,2337.4502339070455
51988__sample_009344,2.0,1.0,150.0,2337.467481826152
99764__sample_009345,4.0,1.0,2243.0,2337.7309818115223
154837__sample_009346,8.0,1.0,37.0,2337.8987674586942
459385__sample_009347,8.0,0.4,167.0,2338.0912248480995
419511__sample_009348,12.0,1.0,1559.0,2338.5383610192985
167949__sample_009349,4.0,0.3,531.0,2338.6430846564704
415702__sample_009350,4.0,1.0,1061.0,2338.6908902528558
201768__sample_009351,8.0,1.0,398.0,2338.891524858198
466437__sample_009352,8.0,1.0,3875.0,2339.616730026651
308220__sample_009353,8.0,1.0,1915.0,2339.7991152021227
190403__sample_009354,15.0,1.0,2523.0,2340.2449323678925
67377__sample_009355,2.0,1.0,29.0,2340.5986388068186
429211__sample_009356,16.0,1.0,1508.0,2340.781263226977
92175__sample_009357,2.0,1.0,459.0,2341.041978243578
138660__sample_009358,8.0,1.0,19.0,2341.17248367028
414234__sample_009359,12.0,0.2,1115.0,2341.3615739493025
63691__sample_009360,2.0,1.0,176.0,2341.5385304238835
342444__sample_009361,14.0,1.0,1217.0,2341.8472332583574
68907__sample_009362,2.0,1.0,544.0,2341.9791335284763
271853__sample_009363,8.0,1.0,1026.0,2342.0054089775977
339710__sample_009364,16.0,0.4,3570.0,2342.394039333377
97208__sample_009365,2.0,1.0,68.0,2342.6827183566033
56677__sample_009366,2.0,1.0,103.0,2343.432269465598
39731__sample_009367,4.0,1.0,575.0,2343.5722367475373
373035__sample_009368,56.0,0.4,144.0,2343.5925950314186
60289__sample_009369,2.0,1.0,713.0,2343.6250137372117
114310__sample_009370,8.0,1.0,48.0,2343.996067220342
24836__sample_009371,8.0,1.0,1334.0,2344.0136077383418
45393__sample_009372,2.0,0.2,703.0,2344.6096274273905
34121__sample_009373,8.0,1.0,513.0,2344.6923270570046
236400__sample_009374,12.0,1.0,3600.0,2345.2651865221765
243331__sample_009375,8.0,1.0,1863.0,2345.6364466651885
96589__sample_009376,2.0,1.0,471.0,2346.14882229296
217990__sample_009377,8.0,1.0,8.0,2346.209034539526
201728__sample_009378,8.0,1.0,679.0,2346.4354300432606
28998__sample_009379,20.0,0.8,3804.0,2346.459995688043
232673__sample_009380,4.0,1.0,50.0,2346.516495333659
23365__sample_009381,16.0,0.8,2852.0,2346.6092258316385
374272__sample_009382,14.0,1.0,230.0,2346.9467768051486
147752__sample_009383,8.0,1.0,889.0,2346.9530330318153
68234__sample_009384,2.0,1.0,251.0,2347.536596565267
465773__sample_009385,64.0,0.8,1090.0,2347.55495533015
110364__sample_009386,8.0,1.0,1250.0,2347.673053027349
392900__sample_009387,14.0,1.0,1715.0,2347.694194699721
204322__sample_009388,8.0,1.0,110.0,2348.060494292422
175036__sample_009389,4.0,0.5,148.0,2348.0985825671087
185854__sample_009390,4.0,0.5,751.0,2348.638760456558
306107__sample_009391,8.0,1.0,1887.0,2348.8276342084955
110482__sample_009392,8.0,1.0,3568.0,2349.569045666739
436820__sample_009393,14.0,1.0,280.0,2349.654795358261
248708__sample_009394,12.0,1.0,1622.0,2349.806224234182
145246__sample_009395,8.0,1.0,118.0,2350.102468626512
189418__sample_009396,96.0,0.8,379.0,2350.5482874855265
93011__sample_009397,2.0,1.0,142.0,2350.685054916408
121459__sample_009398,8.0,1.0,74.0,2351.242464185857
231203__sample_009399,4.0,1.0,2227.0,2351.2738513658687
224181__sample_009400,8.0,1.0,17.0,2351.582188655317
424450__sample_009401,12.0,1.0,3825.0,2351.6891926430867
377337__sample_009402,14.0,1.0,1385.0,2351.7159040153224
155727__sample_009403,8.0,1.0,37.0,2351.8381148345866
378689__sample_009404,112.0,0.8,84.0,2352.368630340392
261127__sample_009405,8.0,1.0,1744.0,2353.353400168614
37746__sample_009406,4.0,1.0,30.0,2353.4781243730035
304606__sample_009407,8.0,1.0,2435.0,2354.0219283834936
413159__sample_009408,48.0,1.0,880.0,2354.200089599366
61278__sample_009409,2.0,1.0,387.0,2354.515679979209
301034__sample_009410,8.0,1.0,1923.0,2354.5272882137087
380451__sample_009411,26.0,0.2,1995.0,2354.731010709388
21902__sample_009412,4.0,1.0,2590.0,2354.7491969176267
362876__sample_009413,184.0,0.8,560.0,2354.827401748937
98096__sample_009414,4.0,1.0,4091.0,2355.0365489575056
98185__sample_009415,4.0,1.0,515.0,2355.448027452747
140128__sample_009416,8.0,1.0,29.0,2355.6537808592493
80872__sample_009417,2.0,1.0,756.0,2356.341748237504
111722__sample_009418,8.0,1.0,829.0,2356.7573689324545
153059__sample_009419,8.0,1.0,3209.0,2356.799840771998
99969__sample_009420,4.0,1.0,1704.0,2356.922988366287
466823__sample_009421,8.0,1.0,1236.0,2357.1990092439028
418493__sample_009422,12.0,1.0,2095.0,2357.895807076146
394203__sample_009423,104.0,0.8,125.0,2358.995668823995
45335__sample_009424,2.0,0.2,768.0,2359.355789350369
211832__sample_009425,12.0,1.0,665.0,2359.5689829861417
176042__sample_009426,4.0,0.5,211.0,2359.9222552134306
430730__sample_009427,12.0,1.0,395.0,2360.002043726693
295998__sample_009428,8.0,1.0,1414.0,2360.085423935308
373846__sample_009429,184.0,0.8,656.0,2360.3510056065516
39337__sample_009430,4.0,1.0,66.0,2360.8646159265586
348160__sample_009431,13.0,1.0,435.0,2361.739672830337
143577__sample_009432,8.0,1.0,1111.0,2361.844057733758
101440__sample_009433,4.0,1.0,979.0,2362.2421459370094
179243__sample_009434,4.0,0.5,689.0,2362.7189903833273
180179__sample_009435,4.0,0.5,272.0,2362.962982815262
385939__sample_009436,14.0,1.0,699.0,2363.0697540566066
440235__sample_009437,8.0,1.0,1760.0,2363.3110511530226
377285__sample_009438,28.0,0.2,473.0,2363.5305885775897
216784__sample_009439,8.0,1.0,25.0,2363.7637733353413
68489__sample_009440,2.0,1.0,548.0,2364.005183113594
308268__sample_009441,8.0,1.0,2286.0,2364.474607554201
228934__sample_009442,8.0,1.0,8.0,2364.5212145021437
187622__sample_009443,4.0,0.5,415.0,2364.635651836372
161767__sample_009444,8.0,1.0,15.0,2364.8561252057493
46181__sample_009445,2.0,0.2,294.0,2364.939409365742
37572__sample_009446,4.0,1.0,2524.0,2365.89533367944
455913__sample_009447,48.0,0.4,870.0,2365.971676501349
246206__sample_009448,8.0,1.0,2510.0,2366.130221074418
143804__sample_009449,8.0,1.0,14.0,2366.654856871353
138465__sample_009450,8.0,1.0,38.0,2366.6757195738223
256327__sample_009451,8.0,1.0,1070.0,2367.1053765701604
85453__sample_009452,2.0,1.0,149.0,2367.316956037246
328929__sample_009453,12.0,1.0,106.0,2367.325035714578
62188__sample_009454,2.0,1.0,102.0,2367.908072385202
154706__sample_009455,8.0,1.0,14.0,2367.9180688138435
37238__sample_009456,4.0,1.0,26.0,2368.0990827021888
340728__sample_009457,8.0,0.2,1304.0,2368.1116512205144
283025__sample_009458,8.0,0.2,1322.0,2368.1301167091697
176628__sample_009459,4.0,0.5,966.0,2368.675661006074
223709__sample_009460,8.0,1.0,8.0,2369.038583234971
338306__sample_009461,8.0,0.3,751.0,2369.0934150622197
460587__sample_009462,8.0,0.4,144.0,2369.335619135632
194607__sample_009463,4.0,1.0,1180.0,2369.731414995472
313835__sample_009464,4.0,1.0,1713.0,2370.282305090098
463445__sample_009465,8.0,1.0,251.0,2370.440227311667
80153__sample_009466,2.0,1.0,49.0,2371.0097001327467
99354__sample_009467,4.0,1.0,1675.0,2371.186943102412
294399__sample_009468,8.0,1.0,1356.0,2371.4783139181195
338006__sample_009469,8.0,0.3,1394.0,2372.444471889952
143761__sample_009470,8.0,1.0,80.0,2372.511752987117
103752__sample_009471,4.0,1.0,1009.0,2372.557890379184
125866__sample_009472,8.0,1.0,3789.0,2372.6625351185476
114066__sample_009473,8.0,1.0,22.0,2372.707436138484
418620__sample_009474,12.0,1.0,1284.0,2372.7910117685205
102569__sample_009475,4.0,1.0,954.0,2373.130667290573
392532__sample_009476,13.0,1.0,977.0,2373.292961365064
128820__sample_009477,8.0,1.0,109.0,2373.410478790719
49324__sample_009478,2.0,0.2,24.0,2373.525481820589
92667__sample_009479,2.0,1.0,802.0,2373.57956414305
242287__sample_009480,4.0,1.0,1766.0,2373.7278495417245
195818__sample_009481,8.0,1.0,1957.0,2373.9728140120865
113265__sample_009482,8.0,1.0,98.0,2374.010274167526
19619__sample_009483,4.0,0.2,1422.0,2374.9115269839454
389172__sample_009484,112.0,0.8,165.0,2375.057950726842
247426__sample_009485,8.0,1.0,1800.0,2375.7968907872864
105082__sample_009486,4.0,1.0,1220.0,2375.833048673608
231121__sample_009487,4.0,1.0,2100.0,2376.19745969682
108115__sample_009488,8.0,1.0,11.0,2376.4378065986484
124480__sample_009489,8.0,1.0,4197.0,2376.866595276458
365459__sample_009490,14.0,1.0,113.0,2377.0960920207262
435774__sample_009491,184.0,0.8,4075.0,2377.9191999625996
283741__sample_009492,8.0,1.0,594.0,2378.1656984918836
354722__sample_009493,112.0,0.8,100.0,2378.5495179084987
196826__sample_009494,8.0,1.0,1013.0,2379.0745959091937
264334__sample_009495,8.0,1.0,1359.0,2379.3880473244803
332322__sample_009496,12.0,1.0,1083.0,2379.5737560059897
274643__sample_009497,8.0,1.0,612.0,2379.6534003115003
192642__sample_009498,2.0,1.0,380.0,2380.135282418155
355033__sample_009499,184.0,0.8,224.0,2380.2990421957966
382386__sample_009500,28.0,0.2,925.0,2380.541404575478
338601__sample_009501,8.0,0.3,874.0,2380.5620398860906
40151__sample_009502,4.0,0.3,48.0,2380.7340058381997
26522__sample_009503,8.0,1.0,1478.0,2381.0334684376903
110788__sample_009504,8.0,1.0,23.0,2381.2527791612106
97433__sample_009505,2.0,1.0,59.0,2381.4015823892673
128801__sample_009506,8.0,1.0,4199.0,2381.464798648543
415461__sample_009507,63.2,0.8,980.0,2381.5574451047178
282023__sample_009508,8.0,1.0,1411.0,2381.858959146441
448922__sample_009509,112.0,0.8,579.0,2381.922421280173
86140__sample_009510,2.0,1.0,37.0,2382.1654558063856
357928__sample_009511,13.0,1.0,216.0,2382.388195395036
410559__sample_009512,16.0,1.0,1858.0,2383.2683382980117
6091__sample_009513,4.0,0.5,258.0,2383.2840151722958
313353__sample_009514,4.0,1.0,2293.0,2383.3126218242896
413099__sample_009515,48.0,1.0,218.0,2383.4889690080063
256746__sample_009516,16.0,0.2,1741.0,2383.6761920345957
155183__sample_009517,8.0,1.0,13.0,2383.6863786950826
207289__sample_009518,16.0,1.0,505.0,2384.1233460476287
440365__sample_009519,10.0,1.0,845.0,2384.294008415388
142715__sample_009520,8.0,1.0,100.0,2384.40041659898
39812__sample_009521,4.0,1.0,31.0,2384.4964111660915
197751__sample_009522,8.0,1.0,109.0,2384.990464918225
103051__sample_009523,4.0,1.0,1008.0,2385.045231905951
114887__sample_009524,8.0,1.0,41.0,2385.08894460075
351259__sample_009525,112.0,0.8,383.0,2385.148883076776
115830__sample_009526,8.0,1.0,3536.0,2385.394105422249
131248__sample_009527,8.0,1.0,371.0,2385.810516044147
127584__sample_009528,8.0,1.0,1255.0,2385.911000887025
78274__sample_009529,2.0,1.0,420.0,2385.958628232896
206118__sample_009530,8.0,1.0,331.0,2386.0173039360043
195737__sample_009531,8.0,1.0,135.0,2386.2586635306398
166302__sample_009532,4.0,0.3,54.0,2386.3292659384356
128403__sample_009533,8.0,1.0,1911.0,2386.853728895076
176083__sample_009534,4.0,0.5,321.0,2386.881152299357
347967__sample_009535,14.0,1.0,127.0,2386.889378294643
149104__sample_009536,8.0,1.0,39.0,2386.912510824222
177181__sample_009537,4.0,0.5,155.0,2387.3796328135995
181211__sample_009538,4.0,0.5,144.0,2387.642968119249
31817__sample_009539,20.0,0.8,985.0,2388.433974095858
231307__sample_009540,4.0,1.0,3274.0,2388.5364540527476
30438__sample_009541,4.0,1.0,1053.0,2388.596233584789
273692__sample_009542,8.0,1.0,1446.0,2388.802603544528
128694__sample_009543,8.0,1.0,92.0,2388.9955582362177
154656__sample_009544,8.0,1.0,33.0,2389.2190829300935
184570__sample_009545,4.0,0.5,313.0,2389.325831939576
91846__sample_009546,2.0,1.0,1094.0,2389.327310538487
412000__sample_009547,48.0,1.0,3600.0,2389.336225533276
337227__sample_009548,12.0,1.0,1092.0,2389.6087574753983
62351__sample_009549,2.0,1.0,132.0,2389.793952454382
267465__sample_009550,8.0,1.0,1025.0,2390.224060548932
303126__sample_009551,8.0,1.0,1983.0,2390.3133757059245
466763__sample_009552,8.0,1.0,186.0,2390.735864543702
125207__sample_009553,8.0,1.0,15.0,2390.874424602622
350068__sample_009554,56.0,0.4,229.0,2390.8998492945084
2974__sample_009555,8.0,0.5,1301.0,2391.8530245448887
463922__sample_009556,14.0,1.0,186.0,2392.0323516921417
397435__sample_009557,13.0,1.0,1905.0,2392.2805626531226
85845__sample_009558,2.0,1.0,271.0,2392.5583329690494
134258__sample_009559,8.0,1.0,1122.0,2392.6708488110135
284587__sample_009560,8.0,1.0,1151.0,2393.01496285962
32218__sample_009561,60.0,0.8,1543.0,2393.5255310260136
389477__sample_009562,104.0,0.8,1938.0,2393.6479548780617
143107__sample_009563,8.0,1.0,53.0,2393.9154617322497
370805__sample_009564,184.0,0.8,746.0,2394.2692626145513
124623__sample_009565,8.0,1.0,42.0,2394.3219817327117
448122__sample_009566,14.0,1.0,211.0,2394.4230716941443
362687__sample_009567,112.0,0.8,1429.0,2394.4518671314236
348523__sample_009568,14.0,1.0,563.0,2394.6823239290325
183321__sample_009569,4.0,0.5,135.0,2395.085858283265
168041__sample_009570,4.0,0.3,60.0,2395.321798597463
284224__sample_009571,8.0,1.0,1337.0,2395.3713454356393
446973__sample_009572,14.0,1.0,206.0,2395.5689629518274
441100__sample_009573,16.0,1.0,3820.0,2396.0193156480427
12566__sample_009574,4.0,1.0,1638.0,2396.109459424422
155675__sample_009575,8.0,1.0,94.0,2396.556378631441
405782__sample_009576,52.0,0.4,936.0,2396.9402202853407
335303__sample_009577,12.0,1.0,1492.0,2396.94571544069
153626__sample_009578,8.0,1.0,28.0,2397.0141453789365
202095__sample_009579,16.0,1.0,1870.0,2397.2098818462687
282931__sample_009580,8.0,1.0,172.0,2397.526004917224
110637__sample_009581,8.0,1.0,13.0,2398.057178513483
335102__sample_009582,12.0,1.0,1152.0,2398.3133162073896
126863__sample_009583,8.0,1.0,86.0,2398.4329639748885
343533__sample_009584,23.0,1.0,227.0,2398.483991438708
392016__sample_009585,104.0,0.8,1684.0,2398.8408078798484
365887__sample_009586,13.0,1.0,253.0,2398.898722038386
401615__sample_009587,112.0,0.8,950.0,2399.1959360497212
173293__sample_009588,4.0,0.5,141.0,2399.2459184531176
180637__sample_009589,4.0,0.5,741.0,2399.2697858100737
147882__sample_009590,8.0,1.0,37.0,2399.342073338684
47884__sample_009591,4.0,0.3,64.0,2399.4259169804377
466217__sample_009592,28.0,0.2,469.0,2399.6863869420904
185409__sample_009593,4.0,0.5,320.0,2399.73023833428
26368__sample_009594,8.0,1.0,1674.0,2400.396151871319
94983__sample_009595,2.0,1.0,52.0,2400.5982137742913
146384__sample_009596,8.0,1.0,202.0,2400.7670070611143
267866__sample_009597,8.0,0.2,660.0,2400.9096043139425
173913__sample_009598,4.0,0.5,1181.0,2401.118628638381
423809__sample_009599,112.0,0.8,17.0,2401.124304322144
443086__sample_009600,112.0,0.8,244.0,2402.2777656128783
18725__sample_009601,128.0,0.8,163.0,2402.481608088752
136455__sample_009602,8.0,1.0,107.0,2402.490565406957
266318__sample_009603,8.0,1.0,1050.0,2402.71345128148
180878__sample_009604,4.0,0.5,176.0,2402.8571051692347
383367__sample_009605,26.0,0.2,406.0,2402.863187998472
383942__sample_009606,112.0,0.8,51.0,2403.508857845392
218838__sample_009607,8.0,1.0,8.0,2403.5115136198683
310227__sample_009608,4.0,1.0,376.0,2403.7271251018537
344753__sample_009609,112.0,0.8,476.0,2404.543294497844
93707__sample_009610,2.0,1.0,33.0,2404.6111169541227
366404__sample_009611,104.0,0.8,534.0,2404.6844343924968
391693__sample_009612,13.0,1.0,577.0,2404.6845401970227
24788__sample_009613,4.0,1.0,1585.0,2404.701703921671
214729__sample_009614,8.0,1.0,8.0,2404.7131856963742
282844__sample_009615,8.0,0.2,724.0,2405.1456020787227
69696__sample_009616,2.0,1.0,3099.0,2405.5987011718476
100576__sample_009617,4.0,1.0,1832.0,2405.922997545367
127850__sample_009618,8.0,1.0,3478.0,2406.031751284049
449178__sample_009619,28.0,0.2,402.0,2406.462199282099
116229__sample_009620,8.0,1.0,42.0,2406.6562089661516
295570__sample_009621,8.0,1.0,1033.0,2406.746921845548
28714__sample_009622,16.0,0.8,1630.0,2406.8906636877286
308420__sample_009623,8.0,1.0,2633.0,2406.907671245535
116977__sample_009624,8.0,1.0,48.0,2407.632362052914
55970__sample_009625,2.0,1.0,96.0,2407.873677429889
459859__sample_009626,60.0,0.8,563.0,2408.2021561063075
228405__sample_009627,8.0,1.0,9.0,2408.4843595843254
104644__sample_009628,4.0,1.0,1219.0,2408.7598264680255
133666__sample_009629,8.0,1.0,31.0,2408.764179391292
42486__sample_009630,4.0,0.3,17.0,2408.9504849968525
180818__sample_009631,4.0,0.5,184.0,2409.3815712776677
335331__sample_009632,12.0,1.0,366.0,2409.392956338884
138937__sample_009633,8.0,1.0,13.0,2410.174790912755
215508__sample_009634,8.0,1.0,10.0,2410.312772133795
98959__sample_009635,4.0,1.0,2077.0,2410.3983579151663
418152__sample_009636,12.0,1.0,1704.0,2410.588084252667
72578__sample_009637,2.0,1.0,1507.0,2410.991966091349
132056__sample_009638,8.0,1.0,12.0,2411.1529387353935
330031__sample_009639,12.0,1.0,2458.0,2411.4119225389804
296487__sample_009640,8.0,1.0,1514.0,2411.585166531718
308127__sample_009641,8.0,1.0,1904.0,2411.834590714254
218108__sample_009642,8.0,1.0,8.0,2411.8717246826186
85153__sample_009643,2.0,1.0,1977.0,2411.8815823468226
121954__sample_009644,8.0,1.0,15.0,2411.9183889339274
422430__sample_009645,12.0,1.0,3507.0,2412.002550347474
406097__sample_009646,184.0,0.8,2728.0,2412.0755920634847
144378__sample_009647,8.0,1.0,24.0,2412.3143339390117
430013__sample_009648,12.0,1.0,945.0,2412.4664846360924
214812__sample_009649,8.0,1.0,10.0,2412.4763809460555
98186__sample_009650,4.0,1.0,2122.0,2412.4852530035837
69049__sample_009651,2.0,1.0,131.0,2412.508992264708
79445__sample_009652,2.0,1.0,58.0,2412.6178758719147
458416__sample_009653,60.0,0.8,1710.0,2412.619426408055
416296__sample_009654,12.0,1.0,3027.0,2412.7897247687742
459381__sample_009655,8.0,0.4,2938.0,2412.901558269004
112810__sample_009656,8.0,1.0,20.0,2413.1042265639403
201797__sample_009657,8.0,1.0,766.0,2413.4232058816
320456__sample_009658,20.0,1.0,2734.0,2413.495450882026
249560__sample_009659,20.0,1.0,1763.0,2413.5381727700346
414657__sample_009660,12.0,0.2,1168.0,2413.6196238500534
347875__sample_009661,13.0,1.0,1278.0,2413.6200650346
177252__sample_009662,4.0,0.5,147.0,2413.6520270580518
159677__sample_009663,8.0,1.0,831.0,2413.999432394087
144027__sample_009664,8.0,1.0,181.0,2414.062448985444
22921__sample_009665,4.0,1.0,1045.0,2415.354255200769
90045__sample_009666,2.0,1.0,36.0,2415.400185290844
25876__sample_009667,4.0,1.0,1312.0,2415.788889244245
189878__sample_009668,15.0,1.0,2044.0,2416.0941219157344
401223__sample_009669,104.0,0.8,923.0,2416.191322643471
321041__sample_009670,4.0,1.0,2238.0,2416.291717987201
168501__sample_009671,4.0,0.5,139.0,2416.498989257236
209698__sample_009672,16.0,1.0,28.0,2416.977257729962
390692__sample_009673,14.0,1.0,2205.0,2417.0992739465732
415669__sample_009674,8.2,0.5,486.0,2417.115056792723
101548__sample_009675,4.0,1.0,1227.0,2417.232325478682
195619__sample_009676,8.0,1.0,413.0,2417.2904070853583
188264__sample_009677,4.0,0.5,440.0,2417.9904773125895
384741__sample_009678,184.0,0.8,4393.0,2418.2892093918917
451954__sample_009679,60.0,0.8,13.0,2418.302251933735
420285__sample_009680,12.0,1.0,477.0,2418.3889290337374
344838__sample_009681,14.0,1.0,661.0,2418.401809196669
465127__sample_009682,28.0,0.2,96.0,2418.844822923611
260693__sample_009683,8.0,1.0,714.0,2419.4367275961954
83342__sample_009684,2.0,1.0,27.0,2419.4665022104487
391775__sample_009685,144.0,0.8,1852.0,2419.6115863526315
353561__sample_009686,13.0,1.0,3215.0,2420.283219503039
151418__sample_009687,8.0,1.0,15.0,2420.3224448599144
45934__sample_009688,2.0,0.2,1063.0,2420.4087386157066
213265__sample_009689,8.0,1.0,11.0,2420.499438692918
344521__sample_009690,184.0,0.8,1371.0,2420.507068524159
187548__sample_009691,4.0,0.5,1057.0,2420.5163053899146
42029__sample_009692,4.0,0.3,15.0,2421.279607747253
39220__sample_009693,4.0,1.0,46.0,2421.4912363110334
382508__sample_009694,92.0,0.4,2995.0,2421.58279079499
334313__sample_009695,12.0,1.0,549.0,2421.7017659045982
299686__sample_009696,16.0,0.4,3943.0,2422.0154446855154
224542__sample_009697,8.0,1.0,9.0,2422.129575294503
44790__sample_009698,2.0,0.2,825.0,2422.1941903991083
273213__sample_009699,8.0,1.0,1282.0,2422.22104142236
18416__sample_009700,128.0,0.8,448.0,2422.547388747214
256805__sample_009701,16.0,0.2,1511.0,2422.5971738024514
212555__sample_009702,30.0,0.4,364.0,2422.6152219424403
302582__sample_009703,8.0,1.0,2396.0,2422.7544194583593
52872__sample_009704,2.0,1.0,174.0,2422.7645132532534
296343__sample_009705,8.0,1.0,2910.0,2423.6026011890317
281972__sample_009706,8.0,1.0,1034.0,2423.849341839985
120236__sample_009707,8.0,1.0,88.0,2423.890766012838
252750__sample_009708,4.0,1.0,2127.0,2423.9380886849917
160833__sample_009709,8.0,1.0,32.0,2424.148981501677
77996__sample_009710,2.0,1.0,67.0,2424.25921536272
139971__sample_009711,8.0,1.0,62.0,2424.631315677923
111939__sample_009712,8.0,1.0,46.0,2424.8286236600793
136754__sample_009713,8.0,1.0,30.0,2424.970619908683
15322__sample_009714,48.0,1.0,952.0,2425.794695826859
55465__sample_009715,2.0,1.0,423.0,2425.9185688795387
306631__sample_009716,8.0,0.4,332.0,2426.0465299667435
45734__sample_009717,2.0,0.2,255.0,2426.320513252735
5552__sample_009718,4.0,0.5,153.0,2426.735010920592
196995__sample_009719,8.0,1.0,67.0,2426.981029542772
62978__sample_009720,2.0,1.0,993.0,2427.280867269924
69580__sample_009721,2.0,1.0,404.0,2427.3975421707396
365943__sample_009722,14.0,1.0,1011.0,2427.560781999013
287999__sample_009723,8.0,0.2,1947.0,2427.6156430640685
278450__sample_009724,16.0,0.2,1107.0,2427.900694279929
453171__sample_009725,14.0,1.0,627.0,2427.963275418944
358589__sample_009726,28.0,0.2,287.0,2427.9635898153997
311705__sample_009727,4.0,1.0,946.0,2428.6422155082323
391100__sample_009728,184.0,0.8,187.0,2428.7335418282623
129574__sample_009729,8.0,1.0,4467.0,2428.78827743862
164882__sample_009730,4.0,0.3,137.0,2428.8663212479332
246580__sample_009731,8.0,1.0,1911.0,2428.96660774677
398272__sample_009732,104.0,0.8,3520.0,2429.1274811067096
88917__sample_009733,2.0,1.0,69.0,2429.1454495586545
131110__sample_009734,8.0,1.0,3684.0,2429.158977335989
198748__sample_009735,8.0,1.0,136.0,2429.24562693734
356451__sample_009736,184.0,0.8,351.0,2429.3332881318365
102867__sample_009737,4.0,1.0,1494.0,2429.3645786821226
143385__sample_009738,8.0,1.0,3916.0,2429.4942896004018
866__sample_009739,4.0,0.1,791.0,2429.577818388455
137085__sample_009740,8.0,1.0,49.0,2429.5844186416275
214027__sample_009741,8.0,1.0,8.0,2430.1266962742948
270330__sample_009742,8.0,1.0,1374.0,2430.6696271916567
101339__sample_009743,4.0,1.0,1083.0,2430.728299128156
198065__sample_009744,8.0,1.0,168.0,2430.7727437695607
150974__sample_009745,8.0,1.0,28.0,2430.9708711798953
249679__sample_009746,20.0,1.0,1666.0,2431.219943890986
94020__sample_009747,2.0,1.0,1524.0,2432.009757155095
24594__sample_009748,10.0,1.0,490.0,2432.1281992143754
178645__sample_009749,4.0,0.5,161.0,2432.3689140308034
199478__sample_009750,8.0,1.0,32.0,2432.8952188604144
423021__sample_009751,46.0,0.2,4337.0,2433.0446571050225
311933__sample_009752,4.0,1.0,2627.0,2433.0772827442556
27374__sample_009753,8.0,1.0,1476.0,2433.1957644874633
461553__sample_009754,8.0,1.0,1130.0,2433.232474210142
293798__sample_009755,8.0,1.0,999.0,2433.236669073936
231170__sample_009756,4.0,1.0,2770.0,2433.584800564605
371316__sample_009757,46.0,0.2,720.0,2433.6528917934393
145888__sample_009758,8.0,1.0,31.0,2433.653394059103
137738__sample_009759,8.0,1.0,33.0,2434.168171190585
346150__sample_009760,184.0,0.8,1413.0,2434.314823008071
224949__sample_009761,8.0,1.0,10.0,2434.3830574609306
305581__sample_009762,8.0,1.0,1579.0,2434.4592780736652
310251__sample_009763,4.0,1.0,1781.0,2434.5280642863218
376016__sample_009764,144.0,0.8,2532.0,2434.582154736557
271349__sample_009765,8.0,1.0,1457.0,2435.042223458048
443648__sample_009766,8.0,0.2,4260.0,2435.0889057624277
407721__sample_009767,112.0,0.8,291.0,2435.295206925344
148860__sample_009768,8.0,1.0,34.0,2435.315325191675
172059__sample_009769,4.0,0.5,137.0,2436.06187652242
166988__sample_009770,4.0,0.3,376.0,2436.293029023009
225985__sample_009771,8.0,1.0,17.0,2436.87668347757
89936__sample_009772,2.0,1.0,32.0,2437.0035071851084
146143__sample_009773,8.0,1.0,863.0,2437.419575839646
261291__sample_009774,8.0,1.0,420.0,2437.90002205817
48854__sample_009775,2.0,0.2,1225.0,2438.2034851626654
319711__sample_009776,4.0,0.8,128.0,2438.2278738902723
403292__sample_009777,184.0,0.8,187.0,2438.2319265837386
76629__sample_009778,2.0,1.0,1909.0,2438.278075520557
37187__sample_009779,4.0,1.0,36.0,2438.3094937532496
438943__sample_009780,14.0,1.0,136.0,2438.632364979186
10525__sample_009781,4.0,1.0,1628.0,2438.8359152055973
84393__sample_009782,2.0,1.0,84.0,2439.022526280938
99824__sample_009783,4.0,1.0,1650.0,2439.095404397477
264121__sample_009784,8.0,0.2,1599.0,2439.1373929739484
14154__sample_009785,24.0,1.0,1046.0,2439.195233522508
262975__sample_009786,8.0,1.0,1504.0,2439.323055374857
313107__sample_009787,4.0,1.0,1658.0,2439.659961523593
88724__sample_009788,2.0,1.0,36.0,2439.7333921321288
108153__sample_009789,8.0,1.0,16.0,2440.0332321646156
48756__sample_009790,2.0,0.2,1531.0,2440.202310491965
392532__sample_009791,13.0,1.0,977.0,2440.7439764875876
362919__sample_009792,184.0,0.8,608.0,2440.8102657600707
429490__sample_009793,12.0,1.0,4458.0,2440.960114715031
430804__sample_009794,12.0,1.0,3781.0,2440.9855301027837
185430__sample_009795,4.0,0.5,309.0,2441.08757974141
280010__sample_009796,8.0,1.0,746.0,2441.2643306482364
159173__sample_009797,8.0,1.0,70.0,2441.5942141766377
75925__sample_009798,2.0,1.0,128.0,2441.649399885491
2272__sample_009799,4.0,0.1,1110.0,2441.7109044746508
114892__sample_009800,8.0,1.0,115.0,2441.9605359311045
364307__sample_009801,14.0,1.0,299.0,2442.08103789259
304147__sample_009802,100.0,0.8,1036.0,2442.2455286913073
142126__sample_009803,8.0,1.0,38.0,2442.6977065813303
361440__sample_009804,112.0,0.8,47.0,2442.8705354466583
330576__sample_009805,12.0,1.0,1330.0,2443.134782654548
110911__sample_009806,8.0,1.0,30.0,2443.402124952442
48522__sample_009807,2.0,0.2,57.0,2443.809040626007
275940__sample_009808,8.0,1.0,1642.0,2444.0631647431915
5826__sample_009809,4.0,0.5,3079.0,2444.0799160870297
201108__sample_009810,8.0,1.0,91.0,2444.1846194054897
408468__sample_009811,184.0,0.8,1340.0,2445.3193756954797
126205__sample_009812,8.0,1.0,53.0,2445.3740734201983
401869__sample_009813,14.0,1.0,459.0,2445.5949863993524
458767__sample_009814,16.0,1.0,41.0,2446.057769263137
438837__sample_009815,8.0,1.0,2097.0,2446.278579112304
47468__sample_009816,2.0,0.2,31.0,2446.394990500423
82094__sample_009817,2.0,1.0,103.0,2446.415898019808
209571__sample_009818,32.0,1.0,608.0,2446.528120995405
112629__sample_009819,8.0,1.0,21.0,2446.578364864973
96234__sample_009820,2.0,1.0,75.0,2447.3885354333893
136758__sample_009821,8.0,1.0,55.0,2447.7023798908194
124900__sample_009822,8.0,1.0,142.0,2448.048337395207
353121__sample_009823,112.0,0.8,4295.0,2448.1914990292225
289634__sample_009824,8.0,1.0,1374.0,2448.2206226037433
152584__sample_009825,8.0,1.0,4227.0,2448.2981783203168
75569__sample_009826,2.0,1.0,1049.0,2448.373357012582
330637__sample_009827,12.0,1.0,187.0,2448.540119365304
176417__sample_009828,4.0,0.5,699.0,2448.694619917124
418320__sample_009829,12.0,1.0,2398.0,2448.836648965784
112326__sample_009830,8.0,1.0,30.0,2449.007932541526
320140__sample_009831,4.0,0.8,120.0,2450.0940783006986
60135__sample_009832,2.0,1.0,117.0,2450.182659738011
401274__sample_009833,104.0,0.8,2362.0,2450.4214625647523
126432__sample_009834,8.0,1.0,88.0,2450.4899099022928
138889__sample_009835,8.0,1.0,220.0,2450.6470337559044
95557__sample_009836,2.0,1.0,376.0,2450.7028350295645
73684__sample_009837,2.0,1.0,138.0,2450.9070551328155
243062__sample_009838,8.0,1.0,1793.0,2450.984030336798
178241__sample_009839,4.0,0.5,182.0,2450.9934010112393
174798__sample_009840,4.0,0.5,35.0,2451.4156174832156
94102__sample_009841,2.0,1.0,35.0,2451.4499320976274
198944__sample_009842,8.0,1.0,636.0,2451.5646639170595
212456__sample_009843,30.0,0.4,3615.0,2451.7267922844007
243626__sample_009844,8.0,1.0,2114.0,2451.8684121065758
383884__sample_009845,56.0,0.4,1267.0,2452.1917641254377
446929__sample_009846,96.0,0.8,2500.0,2452.4188302549637
438169__sample_009847,8.0,1.0,2088.0,2452.5063512837423
151853__sample_009848,8.0,1.0,21.0,2452.5196231673635
125825__sample_009849,8.0,1.0,398.0,2452.884441729471
451721__sample_009850,14.0,1.0,754.0,2452.9931113246635
138789__sample_009851,8.0,1.0,89.0,2453.5443052457435
62769__sample_009852,2.0,1.0,111.0,2453.6699604122487
390138__sample_009853,184.0,0.8,146.0,2453.986119993178
307737__sample_009854,8.0,1.0,1883.0,2454.687665483477
254725__sample_009855,4.0,0.2,66.0,2454.9509455518564
62244__sample_009856,2.0,1.0,205.0,2455.084336478876
218395__sample_009857,8.0,1.0,8.0,2455.293821497673
25831__sample_009858,8.0,1.0,1719.0,2455.4898331269837
309651__sample_009859,8.0,1.0,2235.0,2455.7095939285164
409785__sample_009860,16.0,1.0,1801.0,2455.7492901077644
125136__sample_009861,8.0,1.0,908.0,2456.049044617965
82138__sample_009862,2.0,1.0,28.0,2456.0882207233317
357221__sample_009863,184.0,0.8,3294.0,2456.0919019142066
125727__sample_009864,8.0,1.0,3933.0,2456.336962670882
186629__sample_009865,4.0,0.5,1066.0,2456.3680457217347
368154__sample_009866,184.0,0.8,246.0,2456.735912546325
41756__sample_009867,4.0,0.3,15.0,2457.238327904563
302519__sample_009868,8.0,1.0,2661.0,2457.9622398738825
371010__sample_009869,28.0,0.2,3335.0,2458.235256038875
435402__sample_009870,56.0,0.4,2932.0,2458.3997082358483
77286__sample_009871,2.0,1.0,2620.0,2458.508282846662
5087__sample_009872,4.0,0.5,1019.0,2458.677072874204
308036__sample_009873,8.0,1.0,1933.0,2458.7298618681334
6830__sample_009874,4.0,0.5,883.0,2458.836951658147
23458__sample_009875,10.0,1.0,480.0,2459.153352126285
133684__sample_009876,8.0,1.0,1420.0,2459.2146428567767
39222__sample_009877,4.0,1.0,26.0,2459.291296952117
134763__sample_009878,8.0,1.0,40.0,2459.6371996989724
63287__sample_009879,2.0,1.0,382.0,2459.68615352707
295176__sample_009880,8.0,1.0,1126.0,2459.756706985202
243637__sample_009881,8.0,1.0,3015.0,2459.761132821804
30018__sample_009882,80.0,0.8,2634.0,2460.0794203160162
110791__sample_009883,8.0,1.0,110.0,2460.3199408800347
138331__sample_009884,8.0,1.0,78.0,2460.6162985349806
246572__sample_009885,8.0,1.0,2441.0,2460.676602428346
379393__sample_009886,144.0,0.8,3009.0,2460.967291262932
404857__sample_009887,52.0,0.4,1016.0,2461.194109527388
301146__sample_009888,8.0,1.0,2399.0,2461.308084606612
71432__sample_009889,2.0,1.0,152.0,2461.452070489962
30975__sample_009890,10.0,1.0,281.0,2461.6618569118286
325306__sample_009891,12.0,1.0,1966.0,2461.8318120932545
281237__sample_009892,8.0,1.0,1794.0,2462.0884976295583
169007__sample_009893,4.0,0.5,134.0,2462.1384091944765
316432__sample_009894,4.0,1.0,4544.0,2462.332927534974
87278__sample_009895,2.0,1.0,1168.0,2462.4825138551164
88428__sample_009896,2.0,1.0,556.0,2462.637033287888
162380__sample_009897,8.0,1.0,19.0,2462.795461540218
20845__sample_009898,24.0,1.0,1829.0,2463.3286129787616
173527__sample_009899,4.0,0.5,318.0,2463.755413485493
51167__sample_009900,2.0,0.2,206.0,2464.0036861557796
228381__sample_009901,8.0,1.0,9.0,2464.318810424366
97396__sample_009902,2.0,1.0,34.0,2464.329746843588
242732__sample_009903,8.0,1.0,1813.0,2464.6703832158014
314758__sample_009904,4.0,1.0,1791.0,2464.8368463334064
40440__sample_009905,4.0,0.3,124.0,2464.9324352208228
157697__sample_009906,8.0,1.0,23.0,2464.970076116179
463917__sample_009907,8.0,0.4,93.0,2464.989622937741
255016__sample_009908,4.0,0.2,383.0,2465.0011039988945
251096__sample_009909,20.0,1.0,2516.0,2465.0452274939
53581__sample_009910,2.0,1.0,1298.0,2465.052879359033
328236__sample_009911,12.0,1.0,431.0,2465.3826712594137
182626__sample_009912,4.0,0.5,136.0,2465.45413024349
348938__sample_009913,14.0,1.0,1314.0,2465.569139776803
130441__sample_009914,8.0,1.0,288.0,2466.001640656444
100508__sample_009915,4.0,1.0,2194.0,2466.0320858312607
84294__sample_009916,2.0,1.0,34.0,2466.4834399524075
222162__sample_009917,8.0,1.0,8.0,2466.738533766889
135176__sample_009918,8.0,1.0,14.0,2466.84318256781
324723__sample_009919,12.0,1.0,422.0,2466.874518734703
394066__sample_009920,112.0,0.8,660.0,2466.8985068229604
50883__sample_009921,2.0,0.2,167.0,2467.000692320547
283064__sample_009922,8.0,1.0,1032.0,2467.0384974734247
151252__sample_009923,8.0,1.0,44.0,2467.116392241793
260660__sample_009924,8.0,0.2,972.0,2467.129994620207
418959__sample_009925,12.0,1.0,1558.0,2467.355966871808
155358__sample_009926,8.0,1.0,83.0,2467.3952110733103
284280__sample_009927,8.0,1.0,1357.0,2467.7486092857785
267283__sample_009928,8.0,0.2,2481.0,2467.8101403653545
348182__sample_009929,14.0,1.0,273.0,2468.2099832764625
105542__sample_009930,4.0,1.0,913.0,2468.26262711294
314203__sample_009931,4.0,1.0,2458.0,2468.5820916652924
258489__sample_009932,8.0,0.2,1405.0,2468.6833609659902
383766__sample_009933,184.0,0.8,235.0,2468.9021001800206
90020__sample_009934,2.0,1.0,179.0,2468.9119574354563
319153__sample_009935,4.0,0.8,117.0,2469.082877684284
50539__sample_009936,2.0,0.2,217.0,2469.1231218008875
5766__sample_009937,4.0,0.5,779.0,2469.28966060536
16492__sample_009938,64.0,1.0,387.0,2469.327761736513
451005__sample_009939,56.0,0.4,153.0,2469.4714202261302
7656__sample_009940,8.0,1.0,2.0,2469.5007281287503
23369__sample_009941,80.0,0.8,588.0,2469.5628279298703
197801__sample_009942,8.0,1.0,50.0,2469.788843713208
432717__sample_009943,15.0,1.0,4190.0,2470.728247201633
256605__sample_009944,8.0,1.0,1804.0,2470.8773361663584
93213__sample_009945,2.0,1.0,550.0,2471.1678629590924
352399__sample_009946,112.0,0.8,1608.0,2471.36168267306
249210__sample_009947,4.0,1.0,2098.0,2471.5341497805925
54889__sample_009948,2.0,1.0,181.0,2471.5508728887703
46408__sample_009949,2.0,0.2,217.0,2471.589830987714
370196__sample_009950,46.0,0.2,821.0,2472.1263497072628
349399__sample_009951,14.0,1.0,165.0,2472.2583275274983
111442__sample_009952,8.0,1.0,28.0,2472.4965224322445
438344__sample_009953,8.0,1.0,4271.0,2472.684340070402
150110__sample_009954,8.0,1.0,1260.0,2472.8033987729204
175683__sample_009955,4.0,0.5,63.0,2472.9260795915243
427637__sample_009956,1.0,1.0,547.0,2473.1287612165897
370820__sample_009957,14.0,1.0,857.0,2473.1667990785927
178371__sample_009958,4.0,0.5,17.0,2473.2892523311575
257626__sample_009959,8.0,1.0,1019.0,2473.4373406061927
138898__sample_009960,8.0,1.0,14.0,2474.4893795049115
58002__sample_009961,2.0,1.0,99.0,2474.597635387659
99146__sample_009962,4.0,1.0,2264.0,2474.8562483835867
421155__sample_009963,10.0,1.0,1264.0,2474.8932039245014
38954__sample_009964,4.0,1.0,23.0,2474.9101348567888
82911__sample_009965,2.0,1.0,516.0,2475.423173203118
11257__sample_009966,4.0,1.0,1662.0,2475.751187926054
181101__sample_009967,4.0,0.5,208.0,2475.8466858530805
108248__sample_009968,8.0,1.0,13.0,2476.022272193131
250371__sample_009969,20.0,1.0,313.0,2476.0587438109287
127663__sample_009970,8.0,1.0,238.0,2476.3657762854536
75851__sample_009971,2.0,1.0,623.0,2476.3840078433022
303978__sample_009972,8.0,1.0,2561.0,2476.737715313725
100600__sample_009973,4.0,1.0,1990.0,2476.935590892257
420676__sample_009974,12.0,1.0,559.0,2477.01731810576
314002__sample_009975,4.0,1.0,4397.0,2477.5134861719966
309684__sample_009976,8.0,0.2,1695.0,2478.58194736379
122319__sample_009977,8.0,1.0,241.0,2478.655321801885
34013__sample_009978,3.0,1.0,467.0,2479.0656134863452
149986__sample_009979,8.0,1.0,14.0,2479.4123534483483
141123__sample_009980,8.0,1.0,409.0,2479.7561328332404
334784__sample_009981,12.0,1.0,3247.0,2480.544145224929
99328__sample_009982,4.0,1.0,1654.0,2480.7108285507957
31160__sample_009983,80.0,0.8,771.0,2480.991171923881
243969__sample_009984,8.0,1.0,1801.0,2481.4253156061345
102726__sample_009985,4.0,1.0,970.0,2481.588574459303
398199__sample_009986,13.0,1.0,3025.0,2481.752745103074
349107__sample_009987,112.0,0.8,240.0,2481.8486666361327
43856__sample_009988,4.0,0.3,29.0,2482.2281386445907
430560__sample_009989,184.0,0.8,598.0,2482.5178851420196
54940__sample_009990,2.0,1.0,572.0,2482.6678630660185
276296__sample_009991,8.0,1.0,1195.0,2482.8037590997237
265071__sample_009992,8.0,0.2,676.0,2482.8225988845957
278131__sample_009993,16.0,0.2,1437.0,2482.8242294774263
40048__sample_009994,4.0,1.0,2283.0,2483.012397498968
217313__sample_009995,8.0,1.0,8.0,2483.147500954712
114729__sample_009996,8.0,1.0,28.0,2483.5449548289553
228168__sample_009997,8.0,1.0,8.0,2483.7405336254733
453387__sample_009998,23.0,1.0,2231.0,2484.430524982089
244704__sample_009999,8.0,1.0,1492.0,2484.485107769114
