episode,episode_seed,training_stage,bgh_bayesian_game_enabled,bgh_heuristic_guidance_enabled,bgh_guidance_lambda,bgh_zero_diff_mode,cloud_enabled,neighbor_feedback_collection_enabled,neighbor_feedback_decision_enabled,neighbor_feedback_episode_terminal_jobs_seen,neighbor_feedback_episode_pair_samples,neighbor_feedback_total_terminal_jobs_seen,neighbor_feedback_total_pair_samples,neighbor_feedback_active_pair_count,wall_time_seconds,simulation_end_time,training_episode_reward,total_jobs,completed_jobs,dropped_jobs,unresolved_jobs,completion_rate,drop_rate,queued_jobs,queue_admission_rate,started_from_waiting_jobs,waiting_timeout_drops,waiting_timeout_drop_rate,max_waiting_queue_length,remaining_waiting_jobs,energy_normalization_j,energy_cost_weight,energy_optimization_enabled,routing_decision_count,routing_actor_controlled_count,routing_forced_action_count,routing_orchestrator_action_count,routing_random_action_count,routing_policy_action_count,routing_self_count,routing_self_rate,routing_edge_count,routing_edge_rate,routing_cloud_count,routing_cloud_rate,routing_drop_count,routing_drop_rate,multi_hop_job_count,multi_hop_job_rate,avg_routing_edge_hops_per_job,max_routing_hops,routing_source_target_matrix_json,routing_reward_by_agent_json,host_decision_count,host_random_action_count,host_policy_action_count,host_started_count,host_started_rate,host_queued_count,host_queued_rate,host_dropped_count,host_dropped_rate,routing_episode_updates,routing_replay_size,routing_replay_trainable_size,routing_update_step,routing_global_decision_steps,routing_training_action_steps,routing_critic_loss,routing_q1_loss,routing_q2_loss,routing_actor_loss,routing_alpha_loss,routing_alpha,routing_policy_entropy,routing_target_entropy,routing_mean_q1,routing_mean_q2,routing_mean_target_q,host_episode_updates,host_replay_size_total,host_training_action_steps_total,host_update_step_total,host_critic_loss,host_q1_loss,host_q2_loss,host_actor_loss,host_alpha_loss,host_alpha_mean,host_policy_entropy,host_target_entropy,host_mean_q1,host_mean_q2,host_mean_target_q,routing_layer_reward_sum,host_layer_reward_sum,terminal_trace_flushed_count,routing_transition_flushed_count,host_transition_flushed_count,pending_trace_count_end,finalized_trace_count_end,causal_terminal_job_gap,sla_satisfied_jobs,sla_violated_completed_jobs,sla_satisfaction_rate,sla_violation_rate,mean_sla_violation_degree,total_completion_time,avg_completion_time,episode_energy_time_s,energy_time_gap_s,edge_idle_energy_j,edge_cpu_dynamic_energy_j,edge_gpu_dynamic_energy_j,edge_total_energy_j,cloud_compute_energy_j,system_compute_energy_j,system_dynamic_compute_energy_j,transfer_energy_j,edge_edge_transfer_energy_j,edge_cloud_transfer_energy_j,total_system_energy_j,total_system_energy_kwh,edge_idle_avg_power_w,edge_cpu_dynamic_avg_power_w,edge_gpu_dynamic_avg_power_w,edge_total_avg_power_w,cloud_compute_avg_power_w,system_compute_avg_power_w,transfer_equivalent_avg_power_w,system_total_equivalent_avg_power_w,edge_idle_energy_share,edge_cpu_dynamic_energy_share,edge_gpu_dynamic_energy_share,cloud_compute_energy_share,transfer_energy_share,system_energy_per_completed_job_j,system_energy_per_total_job_j,task_compute_energy_j,task_transfer_energy_j,task_attributable_energy_j,task_compute_energy_per_completed_job_j,task_attributable_energy_per_total_job_j,transfer_split_gap_j,transfer_job_accounting_gap_j,task_edge_edge_transfer_energy_j,task_edge_cloud_transfer_energy_j,workload_total_cpu_request,workload_mean_cpu_request,workload_max_cpu_request,workload_total_gpu_request,workload_mean_gpu_request,workload_max_gpu_request,workload_gpu_job_ratio,workload_total_duration_s,workload_mean_duration_s,workload_p95_duration_s,workload_max_duration_s,workload_arrival_span_s,workload_observed_arrival_rate,edge_completed_jobs,edge_total_cpu_capacity,edge_total_gpu_capacity,edge_cpu_resource_seconds,edge_gpu_resource_seconds,edge_avg_cpu_load,edge_peak_cpu_load,edge_avg_gpu_load,edge_peak_gpu_load,edge_avg_running_jobs,edge_peak_running_jobs,edge_host_avg_cpu_load_mean,edge_host_avg_cpu_load_std,edge_host_avg_cpu_load_p95,edge_host_avg_gpu_load_mean,edge_host_avg_gpu_load_std,edge_host_busy_ratio_mean,edge_host_busy_ratio_max,cloud_completed_jobs,cloud_cpu_resource_seconds,cloud_gpu_resource_seconds,cloud_avg_used_cpu,cloud_peak_used_cpu,cloud_avg_used_gpu,cloud_peak_used_gpu,cloud_avg_running_jobs,cloud_peak_running_jobs,cloud_busy_ratio
1,42,host_pretrain,True,True,0.0,False,True,True,True,1000,0,1000,0,0,4.539250699999684,15329.962530012708,0.0,1000,589,411,0,0.589,0.411,576,0.576,188,0,0.0,11,0,170000.0,0.3,True,1000,0,0,1000,0,0,1000,1.0,0,0.0,0,0.0,0,0.0,0,0.0,0.0,0,"{""DC-1"": {""DC-1"": 197}, ""DC-2"": {""DC-2"": 192}, ""DC-3"": {""DC-3"": 204}, ""DC-4"": {""DC-4"": 216}, ""DC-5"": {""DC-5"": 191}}","{""DC-1"": 0.0, ""DC-2"": 0.0, ""DC-3"": 0.0, ""DC-4"": 0.0, ""DC-5"": 0.0}",1000,1000,0,401,0.401,576,0.576,23,0.023,0,0,0,0,1000,0,nan,nan,nan,nan,nan,0.10000000149011612,nan,nan,nan,nan,nan,0,1000,1000,0,nan,nan,nan,nan,nan,0.10000000149011612,nan,nan,nan,nan,nan,0.0,-483.1217068708934,1000,0,1000,0,0,0,536,53,0.536,0.464,0.44022701512861157,1026266.4331780291,1742.3878322207624,15329.962530012708,0.0,206954494.15517136,5742383.249999997,120821817.21434727,333518694.61951864,0.0,333518694.61951864,126564200.46434727,0.0,0.0,0.0,333518694.61951864,92.64408183875517,13499.999999999987,374.5856024603888,7881.416342525601,21756.00194498598,0.0,21756.00194498598,0.0,21756.00194498598,0.6205184221869994,0.017217575334273132,0.36226400247872753,0.0,0.0,566245.6614932405,333518.69461951865,127063178.99222441,0.0,127063178.99222441,215726.95923976979,127063.1789922244,0.0,0.0,0.0,0.0,20818.4,20.8184,184.0,843.5,0.8435,1.0,1.0,1021401.0,1021.401,3555.5499999999993,4578.0,6782.032522165604,0.14730097455814092,589,14528.0,254.0,13988496.6,676951.6999999997,0.06280932369269758,0.17263215859030837,0.17385327381006563,0.35472440944881894,51.93691755222705,107,0.06243093374339817,0.06536623418248745,0.21232541297002777,0.33995887072762976,0.202727473730859,0.4563295760121062,0.9684955179070286,0,0.0,0.0,0.0,0.0,0.0,0.0,0.0,0,0.0
2,43,host_pretrain,True,True,0.0,False,True,True,True,1000,0,2000,0,0,4.6342088999954285,15727.293029840692,0.0,1000,605,395,0,0.605,0.395,579,0.579,203,0,0.0,14,0,170000.0,0.3,True,1000,0,0,1000,0,0,1000,1.0,0,0.0,0,0.0,0,0.0,0,0.0,0.0,0,"{""DC-1"": {""DC-1"": 184}, ""DC-2"": {""DC-2"": 198}, ""DC-3"": {""DC-3"": 183}, ""DC-4"": {""DC-4"": 218}, ""DC-5"": {""DC-5"": 217}}","{""DC-1"": 0.0, ""DC-2"": 0.0, ""DC-3"": 0.0, ""DC-4"": 0.0, ""DC-5"": 0.0}",1000,1000,0,402,0.402,579,0.579,19,0.019,0,0,0,0,2000,0,nan,nan,nan,nan,nan,0.10000000149011612,nan,nan,nan,nan,nan,0,2000,2000,0,nan,nan,nan,nan,nan,0.10000000149011612,nan,nan,nan,nan,nan,0.0,-396.3482704958851,1000,0,1000,0,0,0,547,58,0.547,0.453,0.4238054586828237,1060638.987605778,1753.1222935632695,15727.293029840692,0.0,212318455.90284917,6604487.96875,123851108.68662299,342774052.5582222,0.0,342774052.5582222,130455596.65537299,0.0,0.0,0.0,342774052.5582222,95.21501459950616,13499.999999999989,419.93799926145965,7874.915820009843,21794.85381927129,0.0,21794.85381927129,0.0,21794.85381927129,0.6194122755741135,0.019267759386857874,0.36131996503902863,0.0,0.0,566568.6819144168,342774.0525582222,130950256.18914638,0.0,130950256.18914638,216446.70444487006,130950.25618914638,0.0,0.0,0.0,0.0,19093.8,19.093799999999998,184.0,849.7,0.8497,1.0,1.0,1027034.0,1027.034,3559.1499999999987,4583.0,6520.154472751141,0.15321722885170813,605,14528.0,254.0,15625384.0,686299.2000000001,0.06838658063474998,0.16507433920704845,0.17180104352376768,0.3783464566929134,50.57208500476808,112,0.06998966654357662,0.0732976714017618,0.22378143302837977,0.34026280713701473,0.2010592982560106,0.45168510219310987,0.9800160759232782,0,0.0,0.0,0.0,0.0,0.0,0.0,0.0,0,0.0
3,44,host_pretrain,True,True,0.0,False,True,True,True,1000,0,3000,0,0,4.741284899995662,15727.523031691631,0.0,1000,589,411,0,0.589,0.411,588,0.588,194,0,0.0,12,0,170000.0,0.3,True,1000,0,0,1000,0,0,1000,1.0,0,0.0,0,0.0,0,0.0,0,0.0,0.0,0,"{""DC-1"": {""DC-1"": 192}, ""DC-2"": {""DC-2"": 193}, ""DC-3"": {""DC-3"": 216}, ""DC-4"": {""DC-4"": 186}, ""DC-5"": {""DC-5"": 213}}","{""DC-1"": 0.0, ""DC-2"": 0.0, ""DC-3"": 0.0, ""DC-4"": 0.0, ""DC-5"": 0.0}",1000,1000,0,395,0.395,588,0.588,17,0.017,0,0,0,0,3000,0,nan,nan,nan,nan,nan,0.10000000149011612,nan,nan,nan,nan,nan,0,3000,3000,0,nan,nan,nan,nan,nan,0.10000000149011612,nan,nan,nan,nan,nan,0.0,-492.7862613382281,1000,0,1000,0,0,0,541,48,0.541,0.459,0.4318955660899272,1076831.9279804232,1828.2375687273739,15727.523031691631,0.0,212321560.92783707,6194646.874999997,123571086.55903438,342087294.3618715,0.0,342087294.3618715,129765733.43403438,0.0,0.0,0.0,342087294.3618715,95.02424843385319,13500.000000000004,393.8730124583203,7856.996064163019,21750.869076621344,0.0,21750.869076621344,0.0,21750.869076621344,0.6206648549280411,0.018108380454630656,0.3612267646173281,0.0,0.0,580793.3690354355,342087.2943618715,130321161.66313848,0.0,130321161.66313848,221258.33898665276,130321.16166313848,0.0,0.0,0.0,0.0,20290.0,20.29,184.0,846.2,0.8462000000000001,1.0,1.0,1051434.0,1051.434,3540.1,4524.0,6453.958038073245,0.15478873492927758,589,14528.0,254.0,14390009.0,703664.3999999998,0.06297887587378347,0.15163821585903084,0.17614549207031702,0.38503937007874006,51.319269943118734,113,0.06564550207638674,0.06341187605361469,0.21604169800948855,0.33991547742308337,0.22297661645558758,0.44652886447284357,0.9495455813294535,0,0.0,0.0,0.0,0.0,0.0,0.0,0.0,0,0.0
4,45,host_pretrain,True,True,0.0,False,True,True,True,1000,0,4000,0,0,4.728773499999079,14318.594802245952,0.0,1000,607,393,0,0.607,0.393,566,0.566,197,0,0.0,14,0,170000.0,0.3,True,1000,0,0,1000,0,0,1000,1.0,0,0.0,0,0.0,0,0.0,0,0.0,0.0,0,"{""DC-1"": {""DC-1"": 219}, ""DC-2"": {""DC-2"": 195}, ""DC-3"": {""DC-3"": 215}, ""DC-4"": {""DC-4"": 194}, ""DC-5"": {""DC-5"": 177}}","{""DC-1"": 0.0, ""DC-2"": 0.0, ""DC-3"": 0.0, ""DC-4"": 0.0, ""DC-5"": 0.0}",1000,1000,0,410,0.41,566,0.566,24,0.024,0,0,0,0,4000,0,nan,nan,nan,nan,nan,0.10000000149011612,nan,nan,nan,nan,nan,0,4000,4000,0,nan,nan,nan,nan,nan,0.10000000149011612,nan,nan,nan,nan,nan,0.0,-373.5420178827724,1000,0,1000,0,0,0,548,59,0.548,0.452,0.42259173850041554,1056181.4549798325,1740.0023970013715,14318.594802245952,0.0,193301029.8303202,6467860.6875,123730801.11845745,323499691.6362777,0.0,323499691.6362777,130198661.80595745,0.0,0.0,0.0,323499691.6362777,89.86102545452158,13499.999999999989,451.71057473359605,8641.267025661595,22592.97760039518,0.0,22592.97760039518,0.0,22592.97760039518,0.597530800887611,0.019993406036293994,0.3824757930760949,0.0,0.0,532948.4211470801,323499.69163627765,130612121.71986073,0.0,130612121.71986073,215176.47729795836,130612.12171986073,0.0,0.0,0.0,0.0,20743.2,20.7432,184.0,844.5,0.8445,1.0,1.0,1020562.0,1020.562,3422.2999999999997,4547.0,6649.560865356687,0.15023548475278345,607,14528.0,254.0,15695895.8,681896.1999999995,0.0754535845406165,0.1686398678414097,0.18749260983628896,0.3598425196850394,55.13229551521184,106,0.07528509578893267,0.07981555818525998,0.2681008980293134,0.37300531747446664,0.2354949442118036,0.4940363596690659,0.9965363359372267,0,0.0,0.0,0.0,0.0,0.0,0.0,0.0,0,0.0
5,46,host_pretrain,True,True,0.0,False,True,True,True,1000,0,5000,0,0,4.388950399996247,14498.484814032316,0.0,1000,584,416,0,0.584,0.416,580,0.58,192,0,0.0,15,0,170000.0,0.3,True,1000,0,0,1000,0,0,1000,1.0,0,0.0,0,0.0,0,0.0,0,0.0,0.0,0,"{""DC-1"": {""DC-1"": 216}, ""DC-2"": {""DC-2"": 190}, ""DC-3"": {""DC-3"": 198}, ""DC-4"": {""DC-4"": 208}, ""DC-5"": {""DC-5"": 188}}","{""DC-1"": 0.0, ""DC-2"": 0.0, ""DC-3"": 0.0, ""DC-4"": 0.0, ""DC-5"": 0.0}",1000,1000,0,392,0.392,580,0.58,28,0.028,0,0,0,0,5000,0,nan,nan,nan,nan,nan,0.10000000149011612,nan,nan,nan,nan,nan,0,5000,5000,0,nan,nan,nan,nan,nan,0.10000000149011612,nan,nan,nan,nan,nan,0.0,-496.1222647771154,1000,0,1000,0,0,0,534,50,0.534,0.466,0.4400517439243694,1016554.2075834338,1740.675012985332,14498.484814032316,0.0,195729544.9894363,6707744.062499992,119242423.87930073,321679712.93123704,0.0,321679712.93123704,125950167.94180071,0.0,0.0,0.0,321679712.93123704,89.3554758142325,13500.000000000002,462.65138381963345,8224.474861255316,22187.126245074953,0.0,22187.126245074953,0.0,22187.126245074953,0.608460953928033,0.020852244617408786,0.3706868014545582,0.0,0.0,550821.4262521182,321679.71293123707,126559386.17783816,0.0,126559386.17783816,216711.27770177767,126559.38617783817,0.0,0.0,0.0,0.0,20827.0,20.827,192.0,838.4,0.8383999999999999,1.0,1.0,1011745.0,1011.745,3379.1,4500.0,6610.268256103976,0.15112851117313056,584,14528.0,254.0,16538186.0,664221.0,0.07851622715711276,0.1978248898678414,0.1803666618014906,0.35590551181102364,53.11079122245468,106,0.07710856396993901,0.07129950175017512,0.2197258698658454,0.35503432365691395,0.21927704927433958,0.47085594903308303,0.9818267344890204,0,0.0,0.0,0.0,0.0,0.0,0.0,0.0,0,0.0
6,47,host_pretrain,True,True,0.0,False,True,True,True,1000,0,6000,0,0,4.52240310000343,16021.41781534551,0.0,1000,609,391,0,0.609,0.391,539,0.539,168,0,0.0,14,0,170000.0,0.3,True,1000,0,0,1000,0,0,1000,1.0,0,0.0,0,0.0,0,0.0,0,0.0,0.0,0,"{""DC-1"": {""DC-1"": 182}, ""DC-2"": {""DC-2"": 184}, ""DC-3"": {""DC-3"": 207}, ""DC-4"": {""DC-4"": 207}, ""DC-5"": {""DC-5"": 220}}","{""DC-1"": 0.0, ""DC-2"": 0.0, ""DC-3"": 0.0, ""DC-4"": 0.0, ""DC-5"": 0.0}",1000,1000,0,441,0.441,539,0.539,20,0.02,0,0,0,0,6000,0,nan,nan,nan,nan,nan,0.10000000149011612,nan,nan,nan,nan,nan,0,6000,6000,0,nan,nan,nan,nan,nan,0.10000000149011612,nan,nan,nan,nan,nan,0.0,-354.49188393992875,1000,0,1000,0,0,0,569,40,0.569,0.431,0.4119026227516396,1027139.6258889553,1686.6003709178249,16021.41781534551,0.0,216289140.50716418,6549710.21875,124485370.31323974,347324221.03915393,0.0,347324221.03915393,131035080.53198974,0.0,0.0,0.0,347324221.03915393,96.47895028865388,13499.999999999987,408.8096505714124,7769.934705404545,21678.744355975945,0.0,21678.744355975945,0.0,21678.744355975945,0.6227297936782297,0.018857625878074453,0.3584125804436958,0.0,0.0,570318.9179624859,347324.2210391539,131472169.11679186,0.0,131472169.11679186,215882.05109489633,131472.16911679186,0.0,0.0,0.0,0.0,21276.2,21.2762,184.0,828.4000000000001,0.8284000000000001,1.0,1.0,1029525.0,1029.525,3633.0,4570.0,7318.280523459204,0.1365074756013579,609,14528.0,254.0,15784400.8,689705.4999999999,0.06781430614452073,0.14351596916299558,0.1694841252845393,0.3437007874015747,50.59102816878384,100,0.06813494176190207,0.06360076850225645,0.21380276558414732,0.33498592707940433,0.21260768824063891,0.4530984247751229,0.9562199910501251,0,0.0,0.0,0.0,0.0,0.0,0.0,0.0,0,0.0
7,48,host_pretrain,True,True,0.0,False,True,True,True,1000,0,7000,0,0,4.445376199997554,13017.74448225445,0.0,1000,627,373,0,0.627,0.373,534,0.534,185,0,0.0,11,0,170000.0,0.3,True,1000,0,0,1000,0,0,1000,1.0,0,0.0,0,0.0,0,0.0,0,0.0,0.0,0,"{""DC-1"": {""DC-1"": 202}, ""DC-2"": {""DC-2"": 201}, ""DC-3"": {""DC-3"": 201}, ""DC-4"": {""DC-4"": 194}, ""DC-5"": {""DC-5"": 202}}","{""DC-1"": 0.0, ""DC-2"": 0.0, ""DC-3"": 0.0, ""DC-4"": 0.0, ""DC-5"": 0.0}",1000,1000,0,442,0.442,534,0.534,24,0.024,0,0,0,0,7000,0,nan,nan,nan,nan,nan,0.10000000149011612,nan,nan,nan,nan,nan,0,7000,7000,0,nan,nan,nan,nan,nan,0.10000000149011612,nan,nan,nan,nan,nan,0.0,-219.12023789105433,1000,0,1000,0,0,0,578,49,0.578,0.422,0.3955639334748182,1012941.5860717557,1615.5368198911574,13017.74448225445,0.0,175739550.51043516,6570451.562499999,117597587.4813006,299907589.55423576,0.0,299907589.55423576,124168039.0438006,0.0,0.0,0.0,299907589.55423576,83.30766376506548,13500.000000000007,504.73041404804945,9033.637712094249,23038.368126142304,0.0,23038.368126142304,0.0,23038.368126142304,0.5859790036378995,0.021908253713305206,0.3921127426487954,0.0,0.0,478321.5144405674,299907.58955423575,124884844.39607112,0.0,124884844.39607112,199178.38021701932,124884.84439607112,0.0,0.0,0.0,0.0,23442.0,23.442,184.0,848.9,0.8489,1.0,1.0,1002897.0,1002.897,3285.6999999999975,4532.0,6377.177605071812,0.1566523722352485,627,14528.0,254.0,15982658.0,687740.1999999997,0.08450986977573859,0.17070484581497797,0.20799598473976558,0.3940944881889764,61.24601701061534,116,0.0841217356746749,0.06930978596442668,0.24160237382423408,0.38907203793286144,0.237241073508804,0.5219337423172901,0.9718273405385711,0,0.0,0.0,0.0,0.0,0.0,0.0,0.0,0,0.0
8,49,host_pretrain,True,True,0.0,False,True,True,True,1000,0,8000,0,0,4.528741300004185,13931.756421168277,0.0,1000,596,404,0,0.596,0.404,577,0.577,189,0,0.0,13,0,170000.0,0.3,True,1000,0,0,1000,0,0,1000,1.0,0,0.0,0,0.0,0,0.0,0,0.0,0.0,0,"{""DC-1"": {""DC-1"": 210}, ""DC-2"": {""DC-2"": 187}, ""DC-3"": {""DC-3"": 199}, ""DC-4"": {""DC-4"": 216}, ""DC-5"": {""DC-5"": 188}}","{""DC-1"": 0.0, ""DC-2"": 0.0, ""DC-3"": 0.0, ""DC-4"": 0.0, ""DC-5"": 0.0}",1000,1000,0,407,0.407,577,0.577,16,0.016,0,0,0,0,8000,0,nan,nan,nan,nan,nan,0.10000000149011612,nan,nan,nan,nan,nan,0,8000,8000,0,nan,nan,nan,nan,nan,0.10000000149011612,nan,nan,nan,nan,nan,0.0,-446.92234340123986,1000,0,1000,0,0,0,547,49,0.547,0.453,0.42734587078143915,1077947.6877569691,1808.6370599949146,13931.756421168277,0.0,188078711.68577164,6975369.937499996,119247595.45839855,314301677.08167017,0.0,314301677.08167017,126222965.39589855,0.0,0.0,0.0,314301677.08167017,87.30602141157505,13499.999999999993,500.68130152644903,8559.408580903024,22560.089882429464,0.0,22560.089882429464,0.0,22560.089882429464,0.5984018711961886,0.02219323168195336,0.37940489712185815,0.0,0.0,527351.8071840104,314301.67708167015,126843677.81006733,0.0,126843677.81006733,212824.96276856933,126843.67781006733,0.0,0.0,0.0,0.0,20098.4,20.0984,184.0,842.8999999999999,0.8428999999999999,1.0,1.0,1046762.0,1046.762,3476.1,4580.0,6333.811469388304,0.15772493463504994,596,14528.0,254.0,17479047.6,703652.8000000002,0.08635869305062308,0.18027257709251102,0.1988469027468771,0.39251968503937,59.45581985207714,118,0.08344688358774156,0.07556008929187333,0.23472180249993532,0.36680571498044257,0.2241017306476796,0.509285399568792,0.9171851426130858,0,0.0,0.0,0.0,0.0,0.0,0.0,0.0,0,0.0
9,50,host_pretrain,True,True,0.0,False,True,True,True,1000,0,9000,0,0,4.38272539999889,12986.101391461332,0.0,1000,571,429,0,0.571,0.429,597,0.597,188,0,0.0,12,0,170000.0,0.3,True,1000,0,0,1000,0,0,1000,1.0,0,0.0,0,0.0,0,0.0,0,0.0,0.0,0,"{""DC-1"": {""DC-1"": 206}, ""DC-2"": {""DC-2"": 215}, ""DC-3"": {""DC-3"": 190}, ""DC-4"": {""DC-4"": 179}, ""DC-5"": {""DC-5"": 210}}","{""DC-1"": 0.0, ""DC-2"": 0.0, ""DC-3"": 0.0, ""DC-4"": 0.0, ""DC-5"": 0.0}",1000,1000,0,383,0.383,597,0.597,20,0.02,0,0,0,0,9000,0,nan,nan,nan,nan,nan,0.10000000149011612,nan,nan,nan,nan,nan,0,9000,9000,0,nan,nan,nan,nan,nan,0.10000000149011612,nan,nan,nan,nan,nan,0.0,-593.3134879982842,1000,0,1000,0,0,0,518,53,0.518,0.482,0.45379850315140935,1002837.9879884475,1756.2836917485947,12986.101391461332,0.0,175312368.78472808,7185893.124999989,117128326.48725888,299626588.39698696,0.0,299626588.39698696,124314219.61225887,0.0,0.0,0.0,299626588.39698696,83.22960788805193,13500.000000000007,553.3526120260299,9019.514244996848,23072.866857022887,0.0,23072.866857022887,0.0,23072.866857022887,0.58510284325118,0.023982828638288663,0.39091432811053134,0.0,0.0,524740.0847582959,299626.58839698695,124727898.08052875,0.0,124727898.08052875,218437.64987833405,124727.89808052876,0.0,0.0,0.0,0.0,20950.2,20.950200000000002,184.0,838.1,0.8381000000000001,1.0,1.0,1010664.0,1010.664,3217.6999999999994,4551.0,6441.807905141343,0.15508068770611383,571,14528.0,254.0,17448954.0,649569.2000000002,0.09248786987883796,0.19011563876651982,0.19693047035653324,0.3488188976377953,58.532501563540045,103,0.09222543533767176,0.09562376661354499,0.31963989164569157,0.3887924942061341,0.22301302247227345,0.5251682761795293,0.9683429707601359,0,0.0,0.0,0.0,0.0,0.0,0.0,0.0,0,0.0
10,51,host_pretrain,True,True,0.0,False,True,True,True,1000,0,10000,0,0,4.5291483999972115,13701.994920928086,0.0,1000,607,393,0,0.607,0.393,548,0.548,184,0,0.0,14,0,170000.0,0.3,True,1000,0,0,1000,0,0,1000,1.0,0,0.0,0,0.0,0,0.0,0,0.0,0.0,0,"{""DC-1"": {""DC-1"": 203}, ""DC-2"": {""DC-2"": 200}, ""DC-3"": {""DC-3"": 201}, ""DC-4"": {""DC-4"": 194}, ""DC-5"": {""DC-5"": 202}}","{""DC-1"": 0.0, ""DC-2"": 0.0, ""DC-3"": 0.0, ""DC-4"": 0.0, ""DC-5"": 0.0}",1000,1000,0,423,0.423,548,0.548,29,0.029,0,0,0,0,10000,0,nan,nan,nan,nan,nan,0.10000000149011612,nan,nan,nan,nan,nan,0,10000,10000,0,nan,nan,nan,nan,nan,0.10000000149011612,nan,nan,nan,nan,nan,0.0,-308.80225242204415,1000,0,1000,0,0,0,564,43,0.564,0.436,0.41169596205913955,922255.5087436311,1519.3665712415668,13701.994920928086,0.0,184976931.43252924,6034018.468750002,108853762.0888867,299864711.99016595,0.0,299864711.99016595,114887780.5576367,0.0,0.0,0.0,299864711.99016595,83.29575333060166,13500.000000000005,440.37517920356197,7944.37326221937,21884.74844142294,0.0,21884.74844142294,0.0,21884.74844142294,0.6168679542346268,0.020122469325259875,0.3630095764401133,0.0,0.0,494011.05764442496,299864.71199016593,115476614.82163641,0.0,115476614.82163641,190241.54006859375,115476.61482163641,0.0,0.0,0.0,0.0,21636.2,21.636200000000002,184.0,839.0,0.839,1.0,1.0,942927.0,942.927,3082.4999999999977,4543.0,6483.815222363221,0.15407595154074802,607,14528.0,254.0,14107654.4,615959.1000000001,0.070870448093701,0.15068832599118942,0.17698414287599207,0.35,52.81960796048659,107,0.07339586320059363,0.06961754200069101,0.2329973791899317,0.34269248945845854,0.20884116241340644,0.4545678692190318,0.8433078589418523,0,0.0,0.0,0.0,0.0,0.0,0.0,0.0,0,0.0
11,52,host_pretrain,True,True,0.0,False,True,True,True,1000,0,11000,0,0,4.449333699994895,13945.189522697223,0.0,1000,607,393,0,0.607,0.393,556,0.556,183,0,0.0,12,0,170000.0,0.3,True,1000,0,0,1000,0,0,1000,1.0,0,0.0,0,0.0,0,0.0,0,0.0,0.0,0,"{""DC-1"": {""DC-1"": 191}, ""DC-2"": {""DC-2"": 210}, ""DC-3"": {""DC-3"": 206}, ""DC-4"": {""DC-4"": 219}, ""DC-5"": {""DC-5"": 174}}","{""DC-1"": 0.0, ""DC-2"": 0.0, ""DC-3"": 0.0, ""DC-4"": 0.0, ""DC-5"": 0.0}",1000,1000,0,424,0.424,556,0.556,20,0.02,0,0,0,0,11000,0,nan,nan,nan,nan,nan,0.10000000149011612,nan,nan,nan,nan,nan,0,11000,11000,0,nan,nan,nan,nan,nan,0.10000000149011612,nan,nan,nan,nan,nan,0.0,-335.4649813402792,1000,0,1000,0,0,0,561,46,0.561,0.439,0.41188732468895567,987223.9153479694,1626.3985425831456,13945.189522697223,0.0,188260058.55641243,6713107.624999994,109820996.5311882,304794162.71260065,0.0,304794162.71260065,116534104.1561882,0.0,0.0,0.0,304794162.71260065,84.66504519794462,13499.999999999995,481.39235498189,7875.188526655969,21856.580881637856,0.0,21856.580881637856,0.0,21856.580881637856,0.6176629397391982,0.02202505312193259,0.36031200713886913,0.0,0.0,502132.0637769368,304794.16271260066,117010320.56411928,0.0,117010320.56411928,192768.23816164627,117010.32056411928,0.0,0.0,0.0,0.0,20244.2,20.2442,184.0,850.5,0.8505,1.0,1.0,970821.0,970.821,3291.4999999999995,4584.0,6409.332546107692,0.1558664639123274,607,14528.0,254.0,16409103.6,634472.2999999999,0.08099432769713555,0.1704295154185022,0.17912430927376477,0.3818897637795273,54.4506045446082,112,0.08023205916364841,0.08242031215704974,0.27035084348361027,0.3378569088165912,0.22194750840914484,0.4716798235445402,0.979047289230336,0,0.0,0.0,0.0,0.0,0.0,0.0,0.0,0,0.0
12,53,host_pretrain,True,True,0.0,False,True,True,True,1000,0,12000,0,0,4.539810399997805,14325.26009627427,0.0,1000,611,389,0,0.611,0.389,542,0.542,188,0,0.0,12,0,170000.0,0.3,True,1000,0,0,1000,0,0,1000,1.0,0,0.0,0,0.0,0,0.0,0,0.0,0.0,0,"{""DC-1"": {""DC-1"": 210}, ""DC-2"": {""DC-2"": 196}, ""DC-3"": {""DC-3"": 195}, ""DC-4"": {""DC-4"": 200}, ""DC-5"": {""DC-5"": 199}}","{""DC-1"": 0.0, ""DC-2"": 0.0, ""DC-3"": 0.0, ""DC-4"": 0.0, ""DC-5"": 0.0}",1000,1000,0,423,0.423,542,0.542,35,0.035,0,0,0,0,12000,0,nan,nan,nan,nan,nan,0.10000000149011612,nan,nan,nan,nan,nan,0,12000,12000,0,nan,nan,nan,nan,nan,0.10000000149011612,nan,nan,nan,nan,nan,0.0,-281.7474820554833,1000,0,1000,0,0,0,565,46,0.565,0.435,0.41019999058577994,930741.4879469983,1523.3084909116176,14325.26009627427,0.0,193391011.29970258,5654437.031250006,113205997.12980457,312251445.46075714,0.0,312251445.46075714,118860434.16105457,0.0,0.0,0.0,312251445.46075714,86.73651262798809,13499.999999999995,394.71793134985506,7902.543923739808,21797.261855089655,0.0,21797.261855089655,0.0,21797.261855089655,0.6193438464771092,0.01810860162042273,0.3625475519024682,0.0,0.0,511049.8289046762,312251.4454607571,119130878.15610193,0.0,119130878.15610193,194976.8873258624,119130.87815610193,0.0,0.0,0.0,0.0,21275.0,21.275,184.0,854.1,0.8541,1.0,1.0,939707.0,939.707,3107.1499999999996,4548.0,6406.470962212906,0.15593608491982114,611,14528.0,254.0,13723113.0,612517.9999999999,0.0659392939077332,0.15452918502202642,0.16833817834857742,0.3440944881889762,48.980541734281545,99,0.06578632189164244,0.05900904087700177,0.184834267618078,0.3419653355036863,0.22736095021501443,0.4485343505241676,0.979598269468749,0,0.0,0.0,0.0,0.0,0.0,0.0,0.0,0,0.0
13,54,host_pretrain,True,True,0.0,False,True,True,True,1000,0,13000,0,0,4.458625100000063,14378.709491189811,0.0,1000,595,405,0,0.595,0.405,562,0.562,185,0,0.0,11,0,170000.0,0.3,True,1000,0,0,1000,0,0,1000,1.0,0,0.0,0,0.0,0,0.0,0,0.0,0.0,0,"{""DC-1"": {""DC-1"": 193}, ""DC-2"": {""DC-2"": 202}, ""DC-3"": {""DC-3"": 211}, ""DC-4"": {""DC-4"": 197}, ""DC-5"": {""DC-5"": 197}}","{""DC-1"": 0.0, ""DC-2"": 0.0, ""DC-3"": 0.0, ""DC-4"": 0.0, ""DC-5"": 0.0}",1000,1000,0,410,0.41,562,0.562,28,0.028,0,0,0,0,13000,0,nan,nan,nan,nan,nan,0.10000000149011612,nan,nan,nan,nan,nan,0,13000,13000,0,nan,nan,nan,nan,nan,0.10000000149011612,nan,nan,nan,nan,nan,0.0,-420.7612893563693,1000,0,1000,0,0,0,553,42,0.553,0.447,0.4256970338599003,999342.3079024442,1679.5669040377213,14378.709491189811,0.0,194112578.13106248,6412806.406250004,121110410.32707615,321635794.86438864,0.0,321635794.86438864,127523216.73332615,0.0,0.0,0.0,321635794.86438864,89.34327635121907,13500.000000000002,445.9931825021771,8422.898480651791,22368.891663153972,0.0,22368.891663153972,0.0,22368.891663153972,0.6035167143411578,0.019938099268316314,0.3765451863905258,0.0,0.0,540564.3611166195,321635.79486438865,128074086.54213963,0.0,128074086.54213963,215250.5656170414,128074.08654213963,0.0,0.0,0.0,0.0,21455.0,21.455,184.0,841.4000000000001,0.8414,1.0,1.0,989208.0,989.208,3337.7999999999993,4582.0,6872.5677308838485,0.14536051722134477,595,14528.0,254.0,14714307.0,669641.5000000001,0.07043914446318253,0.1481965859030837,0.18335330162161592,0.3696850393700785,53.73542044739267,104,0.07433219708369614,0.07141653476509574,0.24094005330399962,0.36356219090475766,0.22183578124954964,0.4770146865646592,0.9998115622830079,0,0.0,0.0,0.0,0.0,0.0,0.0,0.0,0,0.0
14,55,host_pretrain,True,True,0.0,False,True,True,True,1000,0,14000,0,0,4.36520329999621,14872.007483665708,0.0,1000,619,381,0,0.619,0.381,547,0.547,188,0,0.0,12,0,170000.0,0.3,True,1000,0,0,1000,0,0,1000,1.0,0,0.0,0,0.0,0,0.0,0,0.0,0.0,0,"{""DC-1"": {""DC-1"": 195}, ""DC-2"": {""DC-2"": 183}, ""DC-3"": {""DC-3"": 203}, ""DC-4"": {""DC-4"": 193}, ""DC-5"": {""DC-5"": 226}}","{""DC-1"": 0.0, ""DC-2"": 0.0, ""DC-3"": 0.0, ""DC-4"": 0.0, ""DC-5"": 0.0}",1000,1000,0,431,0.431,547,0.547,22,0.022,0,0,0,0,14000,0,nan,nan,nan,nan,nan,0.10000000149011612,nan,nan,nan,nan,nan,0,14000,14000,0,nan,nan,nan,nan,nan,0.10000000149011612,nan,nan,nan,nan,nan,0.0,-266.1607204693781,1000,0,1000,0,0,0,573,46,0.573,0.427,0.403777787765722,976937.4686857894,1578.2511610432784,14872.007483665708,0.0,200772101.02948704,7267495.156250017,113619072.33734775,321658668.5230848,0.0,321658668.5230848,120886567.49359776,0.0,0.0,0.0,321658668.5230848,89.34963014530133,13500.0,488.6694122654313,7639.793919021246,21628.46333128668,0.0,21628.46333128668,0.0,21628.46333128668,0.6241774920954074,0.02259381097863508,0.3532286969259575,0.0,0.0,519642.4370324472,321658.66852308484,121406316.68239914,0.0,121406316.68239914,196132.98333182413,121406.31668239913,0.0,0.0,0.0,0.0,21575.0,21.575,184.0,835.4000000000001,0.8354000000000001,1.0,1.0,1001491.0,1001.491,3368.7999999999984,4539.0,7067.277249474789,0.14135571093864213,619,14528.0,254.0,17393801.0,637973.8999999997,0.08050429860949478,0.20477698237885464,0.1688883138658453,0.362992125984252,51.36179502592092,111,0.08144490204423835,0.07505403215467846,0.20495691900916257,0.32777984111116487,0.22208495651733526,0.45358955564379094,0.9742464166934844,0,0.0,0.0,0.0,0.0,0.0,0.0,0.0,0,0.0
15,56,host_pretrain,True,True,0.0,False,True,True,True,1000,0,15000,0,0,4.423275700006343,15405.687540197965,0.0,1000,608,392,0,0.608,0.392,557,0.557,194,0,0.0,10,0,170000.0,0.3,True,1000,0,0,1000,0,0,1000,1.0,0,0.0,0,0.0,0,0.0,0,0.0,0.0,0,"{""DC-1"": {""DC-1"": 195}, ""DC-2"": {""DC-2"": 170}, ""DC-3"": {""DC-3"": 202}, ""DC-4"": {""DC-4"": 207}, ""DC-5"": {""DC-5"": 226}}","{""DC-1"": 0.0, ""DC-2"": 0.0, ""DC-3"": 0.0, ""DC-4"": 0.0, ""DC-5"": 0.0}",1000,1000,0,414,0.414,557,0.557,29,0.029,0,0,0,0,15000,0,nan,nan,nan,nan,nan,0.10000000149011612,nan,nan,nan,nan,nan,0,15000,15000,0,nan,nan,nan,nan,nan,0.10000000149011612,nan,nan,nan,nan,nan,0.0,-343.11004433667074,1000,0,1000,0,0,0,557,51,0.557,0.443,0.41907714954937036,1029142.6786657559,1692.668879384467,15405.687540197965,0.0,207976781.79267257,6240634.374999999,119350976.05234993,333568392.2200225,0.0,333568392.2200225,125591610.42734993,0.0,0.0,0.0,333568392.2200225,92.65788672778403,13500.000000000004,405.08639154963714,7747.2021771782765,21652.288568727916,0.0,21652.288568727916,0.0,21652.288568727916,0.6234906743067269,0.01870871017924163,0.3578006155140315,0.0,0.0,548632.2240460897,333568.3922200225,126191733.23891762,0.0,126191733.23891762,207552.19282716713,126191.73323891762,0.0,0.0,0.0,0.0,22030.0,22.03,192.0,843.9000000000001,0.8439000000000001,1.0,1.0,1017507.0,1017.507,3555.5999999999995,4561.0,6760.65018488907,0.14776685269604609,608,14528.0,254.0,15324886.0,682029.6999999998,0.06847157790452907,0.1647852422907489,0.17429642735556178,0.34960629921259845,50.64240060459999,106,0.0675143985916062,0.06035602760308543,0.19347638402847275,0.3344284853601409,0.21309865752752552,0.442422642582234,0.9897643295837001,0,0.0,0.0,0.0,0.0,0.0,0.0,0.0,0,0.0
16,57,host_pretrain,True,True,0.0,False,True,True,True,1000,0,16000,0,0,4.328330799995456,15045.924367246469,0.0,1000,630,370,0,0.63,0.37,553,0.553,204,0,0.0,10,0,170000.0,0.3,True,1000,0,0,1000,0,0,1000,1.0,0,0.0,0,0.0,0,0.0,0,0.0,0.0,0,"{""DC-1"": {""DC-1"": 205}, ""DC-2"": {""DC-2"": 182}, ""DC-3"": {""DC-3"": 190}, ""DC-4"": {""DC-4"": 208}, ""DC-5"": {""DC-5"": 215}}","{""DC-1"": 0.0, ""DC-2"": 0.0, ""DC-3"": 0.0, ""DC-4"": 0.0, ""DC-5"": 0.0}",1000,1000,0,426,0.426,553,0.553,21,0.021,0,0,0,0,16000,0,nan,nan,nan,nan,nan,0.10000000149011612,nan,nan,nan,nan,nan,0,16000,16000,0,nan,nan,nan,nan,nan,0.10000000149011612,nan,nan,nan,nan,nan,0.0,-216.38866691047426,1000,0,1000,0,0,0,591,39,0.591,0.409,0.38719292552029866,1049892.016148787,1666.4952637282333,15045.924367246469,0.0,203119978.95782724,7906757.375,125235954.1570607,336262690.48988795,0.0,336262690.48988795,133142711.5320607,0.0,0.0,0.0,336262690.48988795,93.40630291385776,13499.999999999995,525.508249410867,8323.579934356663,22349.088183767526,0.0,22349.088183767526,0.0,22349.088183767526,0.6040514892149043,0.02351363264084087,0.37243487814425486,0.0,0.0,533750.3023649015,336262.69048988796,133725209.97141455,0.0,133725209.97141455,212262.23804986436,133725.20997141456,0.0,0.0,0.0,0.0,21191.4,21.1914,184.0,839.5,0.8395,1.0,1.0,1009625.0,1009.625,3454.749999999998,4544.0,6979.522575032988,0.14313299932198847,630,14528.0,254.0,18874973.6,685848.7000000002,0.08634986189467297,0.17036068281938327,0.1794633328186551,0.36259842519685054,53.93846068817646,109,0.0875847082351445,0.0806008374881388,0.23796589092719508,0.3589868005556432,0.23065470237287744,0.4760705633174146,0.9967483309066093,0,0.0,0.0,0.0,0.0,0.0,0.0,0.0,0,0.0
17,58,host_pretrain,True,True,0.0,False,True,True,True,1000,0,17000,0,0,4.379963800005498,14681.20924949399,0.0,1000,577,423,0,0.577,0.423,581,0.581,185,0,0.0,11,0,170000.0,0.3,True,1000,0,0,1000,0,0,1000,1.0,0,0.0,0,0.0,0,0.0,0,0.0,0.0,0,"{""DC-1"": {""DC-1"": 193}, ""DC-2"": {""DC-2"": 176}, ""DC-3"": {""DC-3"": 202}, ""DC-4"": {""DC-4"": 237}, ""DC-5"": {""DC-5"": 192}}","{""DC-1"": 0.0, ""DC-2"": 0.0, ""DC-3"": 0.0, ""DC-4"": 0.0, ""DC-5"": 0.0}",1000,1000,0,392,0.392,581,0.581,27,0.027,0,0,0,0,17000,0,nan,nan,nan,nan,nan,0.10000000149011612,nan,nan,nan,nan,nan,0,17000,17000,0,nan,nan,nan,nan,nan,0.10000000149011612,nan,nan,nan,nan,nan,0.0,-556.6069132435081,1000,0,1000,0,0,0,517,60,0.517,0.483,0.45222530948582357,1032485.447272572,1789.4028548918059,14681.20924949399,0.0,198196324.86816898,6974993.906249995,121301234.7063566,326472553.4807756,0.0,326472553.4807756,128276228.6126066,0.0,0.0,0.0,326472553.4807756,90.68682041132655,13500.000000000007,475.09668908849585,8262.34628530599,22237.442974394493,0.0,22237.442974394493,0.0,22237.442974394493,0.6070841874915522,0.021364717590756734,0.371551094917691,0.0,0.0,565810.3179909455,326472.5534807756,128732065.28046642,0.0,128732065.28046642,223105.83237515844,128732.06528046643,0.0,0.0,0.0,0.0,22287.2,22.287200000000002,184.0,845.6,0.8456,1.0,1.0,1016138.0,1016.138,3298.3499999999995,4550.0,6528.765029419139,0.1530151560821114,577,14528.0,254.0,17302447.0,672430.5000000001,0.08112222759639516,0.18495319383259912,0.18032330499748123,0.35826771653543305,53.09317418978043,107,0.07918278151474936,0.07491681947295778,0.24660654515168445,0.3572975008976727,0.2226277480064389,0.4652701415554151,0.9899729479368967,0,0.0,0.0,0.0,0.0,0.0,0.0,0.0,0,0.0
18,59,host_pretrain,True,True,0.0,False,True,True,True,1000,0,18000,0,0,4.8751751000017975,15981.790681662784,0.0,1000,617,383,0,0.617,0.383,562,0.562,203,0,0.0,11,0,170000.0,0.3,True,1000,0,0,1000,0,0,1000,1.0,0,0.0,0,0.0,0,0.0,0,0.0,0.0,0,"{""DC-1"": {""DC-1"": 196}, ""DC-2"": {""DC-2"": 186}, ""DC-3"": {""DC-3"": 196}, ""DC-4"": {""DC-4"": 225}, ""DC-5"": {""DC-5"": 197}}","{""DC-1"": 0.0, ""DC-2"": 0.0, ""DC-3"": 0.0, ""DC-4"": 0.0, ""DC-5"": 0.0}",1000,1000,0,414,0.414,562,0.562,24,0.024,0,0,0,0,18000,0,nan,nan,nan,nan,nan,0.10000000149011612,nan,nan,nan,nan,nan,0,18000,18000,0,nan,nan,nan,nan,nan,0.10000000149011612,nan,nan,nan,nan,nan,0.0,-295.79430515008073,1000,0,1000,0,0,0,566,51,0.566,0.434,0.40757118947520804,1048648.9594649435,1699.5931271717075,15981.790681662784,0.0,215754174.20244753,7202872.624999997,120329848.85151882,343286895.67896634,0.0,343286895.67896634,127532721.47651882,0.0,0.0,0.0,343286895.67896634,95.3574710219351,13499.999999999996,450.6924642220751,7529.18438542579,21479.876849647862,0.0,21479.876849647862,0.0,21479.876849647862,0.6284952234361304,0.020982078592758024,0.35052269797111163,0.0,0.0,556380.7061247429,343286.89567896636,128028346.47496967,0.0,128028346.47496967,207501.37192053432,128028.34647496967,0.0,0.0,0.0,0.0,21668.6,21.668599999999998,184.0,832.3,0.8322999999999999,1.0,1.0,1014457.0,1014.457,3416.299999999999,4551.0,6598.869681412418,0.15138956339961765,617,14528.0,254.0,17241109.599999998,667056.1000000002,0.07425640900329215,0.1508259911894273,0.16432483508393694,0.3535433070866143,49.998214587857674,109,0.07511541070367922,0.06755485484889749,0.2186285780781774,0.3239752261266195,0.20585709513169692,0.4357037588586527,0.9696660598728136,0,0.0,0.0,0.0,0.0,0.0,0.0,0.0,0,0.0
19,60,host_pretrain,True,True,0.0,False,True,True,True,1000,0,19000,0,0,4.325789100003021,13550.565592034684,0.0,1000,575,425,0,0.575,0.425,591,0.591,195,0,0.0,12,0,170000.0,0.3,True,1000,0,0,1000,0,0,1000,1.0,0,0.0,0,0.0,0,0.0,0,0.0,0.0,0,"{""DC-1"": {""DC-1"": 190}, ""DC-2"": {""DC-2"": 197}, ""DC-3"": {""DC-3"": 201}, ""DC-4"": {""DC-4"": 226}, ""DC-5"": {""DC-5"": 186}}","{""DC-1"": 0.0, ""DC-2"": 0.0, ""DC-3"": 0.0, ""DC-4"": 0.0, ""DC-5"": 0.0}",1000,1000,0,380,0.38,591,0.591,29,0.029,0,0,0,0,19000,0,nan,nan,nan,nan,nan,0.10000000149011612,nan,nan,nan,nan,nan,0,19000,19000,0,nan,nan,nan,nan,nan,0.10000000149011612,nan,nan,nan,nan,nan,0.0,-543.0933840572275,1000,0,1000,0,0,0,530,45,0.53,0.47,0.44370970328847914,992555.0714915864,1726.1827330288459,13550.565592034684,0.0,182932635.49246818,7283738.499999999,119098679.41609667,309315053.40856487,0.0,309315053.40856487,126382417.91609667,0.0,0.0,0.0,309315053.40856487,85.9208481690458,13499.999999999996,537.5228399530082,8789.203565503234,22826.72640545624,0.0,22826.72640545624,0.0,22826.72640545624,0.5914120036403079,0.023547959983632384,0.3850400363760597,0.0,0.0,537939.2233192433,309315.0534085649,126887115.40046492,0.0,126887115.40046492,220673.2441747216,126887.11540046493,0.0,0.0,0.0,0.0,22909.4,22.9094,184.0,866.7,0.8667,1.0,1.0,1014173.0,1014.173,3321.0499999999993,4553.0,6453.949488945042,0.1547889399678732,575,14528.0,254.0,17574245.8,662590.2999999999,0.0892716254353427,0.2248761013215859,0.19251028384231147,0.3539370078740157,56.461923659462386,104,0.08958713999216805,0.08445869040506429,0.2521563335709399,0.37913624085329245,0.22088679714249135,0.5011828482274542,0.9626904435389866,0,0.0,0.0,0.0,0.0,0.0,0.0,0.0,0,0.0
20,61,host_pretrain,True,True,0.0,False,True,True,True,1000,0,20000,0,0,4.446815400006017,13660.289944142889,0.0,1000,619,381,0,0.619,0.381,554,0.554,194,0,0.0,13,0,170000.0,0.3,True,1000,0,0,1000,0,0,1000,1.0,0,0.0,0,0.0,0,0.0,0,0.0,0.0,0,"{""DC-1"": {""DC-1"": 218}, ""DC-2"": {""DC-2"": 171}, ""DC-3"": {""DC-3"": 201}, ""DC-4"": {""DC-4"": 207}, ""DC-5"": {""DC-5"": 203}}","{""DC-1"": 0.0, ""DC-2"": 0.0, ""DC-3"": 0.0, ""DC-4"": 0.0, ""DC-5"": 0.0}",1000,1000,0,425,0.425,554,0.554,21,0.021,0,0,0,0,20000,0,nan,nan,nan,nan,nan,0.10000000149011612,nan,nan,nan,nan,nan,0,20000,20000,0,nan,nan,nan,nan,nan,0.10000000149011612,nan,nan,nan,nan,nan,0.0,-290.11764340259094,1000,0,1000,0,0,0,571,48,0.571,0.429,0.4021010215249781,1045542.1775809566,1689.0826778367634,13660.289944142889,0.0,184413914.24592915,5809053.906249999,125432681.29761346,315655649.4497926,0.0,315655649.4497926,131241735.20386346,0.0,0.0,0.0,315655649.4497926,87.68212484716462,13500.000000000011,425.25114254553154,9182.285428091893,23107.536570637436,0.0,23107.536570637436,0.0,23107.536570637436,0.5842249760692515,0.018403136190895175,0.3973718877398532,0.0,0.0,509944.5063809251,315655.64944979263,131881503.0499479,0.0,131881503.0499479,213055.73998376075,131881.5030499479,0.0,0.0,0.0,0.0,20457.0,20.457,184.0,849.5,0.8495,1.0,1.0,1023034.0,1023.034,3308.0,4540.0,6684.702234202415,0.14944569929960325,619,14528.0,254.0,14638284.0,698955.0,0.07376059647937834,0.15686949339207049,0.20144457766524643,0.38897637795275597,58.38023960406049,113,0.07087519042425527,0.06523817673892261,0.21385538480115304,0.39803738772992503,0.25243080463199824,0.507588604703108,0.9439770350942644,0,0.0,0.0,0.0,0.0,0.0,0.0,0.0,0,0.0
21,62,host_pretrain,True,True,0.0,False,True,True,True,1000,0,21000,0,0,4.430072899995139,13012.625104300714,0.0,1000,600,400,0,0.6,0.4,569,0.569,193,0,0.0,15,0,170000.0,0.3,True,1000,0,0,1000,0,0,1000,1.0,0,0.0,0,0.0,0,0.0,0,0.0,0.0,0,"{""DC-1"": {""DC-1"": 189}, ""DC-2"": {""DC-2"": 195}, ""DC-3"": {""DC-3"": 215}, ""DC-4"": {""DC-4"": 216}, ""DC-5"": {""DC-5"": 185}}","{""DC-1"": 0.0, ""DC-2"": 0.0, ""DC-3"": 0.0, ""DC-4"": 0.0, ""DC-5"": 0.0}",1000,1000,0,407,0.407,569,0.569,24,0.024,0,0,0,0,21000,0,nan,nan,nan,nan,nan,0.10000000149011612,nan,nan,nan,nan,nan,0,21000,21000,0,nan,nan,nan,nan,nan,0.10000000149011612,nan,nan,nan,nan,nan,0.0,-419.7101146175396,1000,0,1000,0,0,0,541,59,0.541,0.459,0.42882935863793764,1083516.9568980096,1805.861594830016,13012.625104300714,0.0,175670438.90805966,6692066.406250016,122856571.3851692,305219076.69947886,0.0,305219076.69947886,129548637.79141921,0.0,0.0,0.0,305219076.69947886,84.78307686096635,13500.000000000002,514.2748947741733,9441.336425235573,23455.61132000975,0.0,23455.61132000975,0.0,23455.61132000975,0.5755552398876633,0.021925452624440896,0.4025193074878958,0.0,0.0,508698.46116579813,305219.07669947884,130287064.53681912,0.0,130287064.53681912,217145.1075613652,130287.06453681912,0.0,0.0,0.0,0.0,22072.0,22.072,184.0,853.1,0.8531,1.0,1.0,1097481.0,1097.481,3581.949999999999,4525.0,6503.106127187886,0.1536188984865904,600,14528.0,254.0,16285793.0,728475.2999999999,0.08614660392641235,0.175454295154185,0.2204023376634509,0.41614173228346446,64.11434997264791,126,0.08571248246236202,0.08138800171299615,0.2679741287442085,0.4071663159840741,0.24116222885451036,0.5382873654903793,0.9128826739251831,0,0.0,0.0,0.0,0.0,0.0,0.0,0.0,0,0.0
22,63,host_pretrain,True,True,0.0,False,True,True,True,1000,0,22000,0,0,4.596932599997672,14515.28002263689,0.0,1000,612,388,0,0.612,0.388,548,0.548,193,0,0.0,14,0,170000.0,0.3,True,1000,0,0,1000,0,0,1000,1.0,0,0.0,0,0.0,0,0.0,0,0.0,0.0,0,"{""DC-1"": {""DC-1"": 215}, ""DC-2"": {""DC-2"": 214}, ""DC-3"": {""DC-3"": 192}, ""DC-4"": {""DC-4"": 209}, ""DC-5"": {""DC-5"": 170}}","{""DC-1"": 0.0, ""DC-2"": 0.0, ""DC-3"": 0.0, ""DC-4"": 0.0, ""DC-5"": 0.0}",1000,1000,0,419,0.419,548,0.548,33,0.033,0,0,0,0,22000,0,nan,nan,nan,nan,nan,0.10000000149011612,nan,nan,nan,nan,nan,0,22000,22000,0,nan,nan,nan,nan,nan,0.10000000149011612,nan,nan,nan,nan,nan,0.0,-316.4431309203366,1000,0,1000,0,0,0,557,55,0.557,0.443,0.40988928867715224,1067919.692337106,1744.9668175442907,14515.28002263689,0.0,195956280.30559805,6586102.968749994,125786134.46843135,328328517.7427794,0.0,328328517.7427794,132372237.43718135,0.0,0.0,0.0,328328517.7427794,91.20236603966094,13500.000000000002,453.735853423346,8665.773879130487,22619.509732553834,0.0,22619.509732553834,0.0,22619.509732553834,0.5968299118601541,0.020059491067144247,0.38311059707270173,0.0,0.0,536484.5061156526,328328.5177427794,132839410.02340025,0.0,132839410.02340025,217057.8595153599,132839.41002340024,0.0,0.0,0.0,0.0,23360.0,23.36,184.0,836.9,0.8369,1.0,1.0,1047999.0,1047.999,3571.8999999999983,4584.0,6641.966771511466,0.1504072565199938,612,14528.0,254.0,16051864.0,692253.3999999999,0.07611920115221245,0.17180616740088106,0.1877612476207033,0.374015748031496,55.83474784751482,109,0.0756226422372244,0.061245106673706834,0.20368148223040028,0.3738657550206984,0.23109704309997492,0.4984869488356955,0.9650519988697581,0,0.0,0.0,0.0,0.0,0.0,0.0,0.0,0,0.0
23,64,host_pretrain,True,True,0.0,False,True,True,True,1000,0,23000,0,0,4.358871600001294,17028.50058529274,0.0,1000,589,411,0,0.589,0.411,578,0.578,191,0,0.0,14,0,170000.0,0.3,True,1000,0,0,1000,0,0,1000,1.0,0,0.0,0,0.0,0,0.0,0,0.0,0.0,0,"{""DC-1"": {""DC-1"": 182}, ""DC-2"": {""DC-2"": 212}, ""DC-3"": {""DC-3"": 195}, ""DC-4"": {""DC-4"": 213}, ""DC-5"": {""DC-5"": 198}}","{""DC-1"": 0.0, ""DC-2"": 0.0, ""DC-3"": 0.0, ""DC-4"": 0.0, ""DC-5"": 0.0}",1000,1000,0,398,0.398,578,0.578,24,0.024,0,0,0,0,23000,0,nan,nan,nan,nan,nan,0.10000000149011612,nan,nan,nan,nan,nan,0,23000,23000,0,nan,nan,nan,nan,nan,0.10000000149011612,nan,nan,nan,nan,nan,0.0,-478.1903618879216,1000,0,1000,0,0,0,527,62,0.527,0.473,0.43987718024025374,1006833.5912395073,1709.3948917478901,17028.50058529274,0.0,229884757.90145203,5803657.250000002,120395982.17873886,356084397.3301909,0.0,356084397.3301909,126199639.42873886,0.0,0.0,0.0,356084397.3301909,98.91233259171969,13500.000000000004,340.82021613884984,7070.2632669093055,20911.083483048158,0.0,20911.083483048158,0.0,20911.083483048158,0.6455906510508628,0.016298544090990796,0.3381108048581465,0.0,0.0,604557.5506454854,356084.39733019087,126660345.75428686,0.0,126660345.75428686,215043.0318408945,126660.34575428686,0.0,0.0,0.0,0.0,20729.4,20.729400000000002,184.0,856.7,0.8567,1.0,1.0,987241.0,987.241,3599.25,4575.0,6636.784325560812,0.15052470458509046,589,14528.0,254.0,13802554.8,664879.2999999996,0.055792682192241656,0.13339757709251102,0.15372081800501505,0.36141732283464567,44.45934603624909,103,0.05680336935647495,0.05362808963970079,0.17632305160756365,0.3057685466151387,0.19969952558123386,0.3946115006508944,0.7944915603247413,0,0.0,0.0,0.0,0.0,0.0,0.0,0.0,0,0.0
24,65,host_pretrain,True,True,0.0,False,True,True,True,1000,0,24000,0,0,4.39762139999948,14506.076174068494,0.0,1000,608,392,0,0.608,0.392,564,0.564,199,0,0.0,13,0,170000.0,0.3,True,1000,0,0,1000,0,0,1000,1.0,0,0.0,0,0.0,0,0.0,0,0.0,0.0,0,"{""DC-1"": {""DC-1"": 192}, ""DC-2"": {""DC-2"": 197}, ""DC-3"": {""DC-3"": 194}, ""DC-4"": {""DC-4"": 203}, ""DC-5"": {""DC-5"": 214}}","{""DC-1"": 0.0, ""DC-2"": 0.0, ""DC-3"": 0.0, ""DC-4"": 0.0, ""DC-5"": 0.0}",1000,1000,0,409,0.409,564,0.564,27,0.027,0,0,0,0,24000,0,nan,nan,nan,nan,nan,0.10000000149011612,nan,nan,nan,nan,nan,0,24000,24000,0,nan,nan,nan,nan,nan,0.10000000149011612,nan,nan,nan,nan,nan,0.0,-356.4636519840149,1000,0,1000,0,0,0,550,58,0.55,0.45,0.42066131934026246,1053587.8832422756,1732.874807964269,14506.076174068494,0.0,195832028.34992486,6460666.999999997,121801649.78438695,324094345.1343118,0.0,324094345.1343118,128262316.78438695,0.0,0.0,0.0,324094345.1343118,90.02620698175328,13500.000000000013,445.37660787617284,8396.595214502135,22341.97182237832,0.0,22341.97182237832,0.0,22341.97182237832,0.6042438916012798,0.01993452553861301,0.3758215828601072,0.0,0.0,533049.9097603812,324094.3451343118,128936815.92089064,0.0,128936815.92089064,212067.1314488333,128936.81592089064,0.0,0.0,0.0,0.0,21163.2,21.1632,184.0,849.9000000000001,0.8499000000000001,1.0,1.0,1005152.0,1005.152,3392.199999999999,4516.0,6479.149702865311,0.15418689887011047,608,14528.0,254.0,15304506.6,683077.6000000004,0.07262122126410661,0.16278909691629956,0.18539002949475916,0.37401574803149595,54.71383098199995,114,0.07422943464602885,0.0807190202373752,0.2220914161307911,0.36227205323754325,0.21510848748315786,0.47783111514169074,0.8926604165465524,0,0.0,0.0,0.0,0.0,0.0,0.0,0.0,0,0.0
25,66,host_pretrain,True,True,0.0,False,True,True,True,1000,0,25000,0,0,6.577692999999272,13968.517105522566,0.0,1000,599,401,0,0.599,0.401,578,0.578,202,0,0.0,14,0,170000.0,0.3,True,1000,0,0,1000,0,0,1000,1.0,0,0.0,0,0.0,0,0.0,0,0.0,0.0,0,"{""DC-1"": {""DC-1"": 201}, ""DC-2"": {""DC-2"": 189}, ""DC-3"": {""DC-3"": 192}, ""DC-4"": {""DC-4"": 209}, ""DC-5"": {""DC-5"": 209}}","{""DC-1"": 0.0, ""DC-2"": 0.0, ""DC-3"": 0.0, ""DC-4"": 0.0, ""DC-5"": 0.0}",1000,810,190,397,0.397,578,0.578,25,0.025,0,0,0,0,25000,0,nan,nan,nan,nan,nan,0.10000000149011612,nan,nan,nan,nan,nan,98,25000,25000,98,13.372257018575864,6.7029033777665115,6.6693536408093514,-0.23916787817142904,-5.10146139105972,0.09990348964929581,2.8022967163397343,0.5780743360519409,-0.4610190588353696,-0.47034664074854676,-0.5260182276976352,0.0,-405.35462707507116,1000,0,1000,0,0,0,546,53,0.546,0.454,0.4239205498005853,1038603.8428666225,1733.8962318307554,13968.517105522566,0.0,188574980.92455477,6559905.937499987,119676605.46856071,314811492.33061546,0.0,314811492.33061546,126236511.4060607,0.0,0.0,0.0,314811492.33061546,87.44763675850429,13500.00000000001,469.6207827892107,8567.595584018407,22537.21636680763,0.0,22537.21636680763,0.0,22537.21636680763,0.5990092023912299,0.020837568187030368,0.38015322942173974,0.0,0.0,525561.7568123797,314811.49233061547,126845610.38338459,0.0,126845610.38338459,211762.28778528312,126845.61038338458,0.0,0.0,0.0,0.0,21453.2,21.453200000000002,184.0,836.3,0.8362999999999999,1.0,1.0,1008346.0,1008.346,3453.099999999998,4540.0,6607.214950485431,0.1511983502105685,599,14528.0,254.0,15960044.0,678560.6999999995,0.07864623726869034,0.16967235682819384,0.19125142624061628,0.3763779527559055,57.13927927857457,111,0.07827013046486861,0.0785457817723778,0.24455012499616885,0.3689791540551064,0.22784621537241842,0.5009733111147386,0.9865041432745905,0,0.0,0.0,0.0,0.0,0.0,0.0,0.0,0,0.0
26,67,host_pretrain,True,True,0.0,False,True,True,True,1000,0,26000,0,0,9.08967180000036,13689.52844843617,0.0,1000,650,350,0,0.65,0.35,514,0.514,184,0,0.0,33,0,170000.0,0.3,True,1000,0,0,1000,0,0,1000,1.0,0,0.0,0,0.0,0,0.0,0,0.0,0.0,0,"{""DC-1"": {""DC-1"": 198}, ""DC-2"": {""DC-2"": 213}, ""DC-3"": {""DC-3"": 182}, ""DC-4"": {""DC-4"": 210}, ""DC-5"": {""DC-5"": 197}}","{""DC-1"": 0.0, ""DC-2"": 0.0, ""DC-3"": 0.0, ""DC-4"": 0.0, ""DC-5"": 0.0}",1000,190,810,466,0.466,514,0.514,20,0.02,0,0,0,0,26000,0,nan,nan,nan,nan,nan,0.10000000149011612,nan,nan,nan,nan,nan,408,26000,26000,506,12.145179644519208,6.083843937107161,6.06133569689358,-0.7458898539965352,-4.502906562650905,0.09954065680503846,2.5617869712558448,0.5942693881544412,-0.43386066133551177,-0.4343454258926738,-0.41194881613631096,0.0,-52.59500004614415,1000,0,1000,0,0,0,607,43,0.607,0.393,0.3703581372837986,1094847.4347248366,1684.380668807441,13689.52844843617,0.0,184808634.0538884,6675110.000000007,100246645.66842006,291730389.72230846,0.0,291730389.72230846,106921755.66842008,0.0,0.0,0.0,291730389.72230846,81.03621936730791,13500.00000000001,487.6070074395106,7322.870619394622,21310.47762683414,0.0,21310.47762683414,0.0,21310.47762683414,0.6334911979166914,0.022881092389290994,0.34362770969401774,0.0,0.0,448815.98418816685,291730.38972230844,108528775.62601268,0.0,108528775.62601268,166967.34711694258,108528.77562601268,0.0,0.0,0.0,0.0,22367.2,22.3672,184.0,846.3,0.8462999999999999,1.0,1.0,1064441.0,1064.441,3635.2,4544.0,6470.262935376438,0.15439867127159934,650,14528.0,254.0,17172181.0,756266.6000000007,0.08634379593301127,0.1795842511013216,0.21749672169279496,0.4523622047244095,63.84105948513052,129,0.08126783457325168,0.11326798250441993,0.32062757903722683,0.3142220998482523,0.22430132084376822,0.4345750477096965,0.975602502702364,0,0.0,0.0,0.0,0.0,0.0,0.0,0.0,0,0.0
27,68,host_pretrain,True,True,0.0,False,True,True,True,1000,0,27000,0,0,9.986280400000396,14751.958440807875,0.0,1000,606,394,0,0.606,0.394,560,0.56,182,0,0.0,61,0,170000.0,0.3,True,1000,0,0,1000,0,0,1000,1.0,0,0.0,0,0.0,0,0.0,0,0.0,0.0,0,"{""DC-1"": {""DC-1"": 220}, ""DC-2"": {""DC-2"": 188}, ""DC-3"": {""DC-3"": 171}, ""DC-4"": {""DC-4"": 205}, ""DC-5"": {""DC-5"": 216}}","{""DC-1"": 0.0, ""DC-2"": 0.0, ""DC-3"": 0.0, ""DC-4"": 0.0, ""DC-5"": 0.0}",1000,0,1000,424,0.424,560,0.56,16,0.016,0,0,0,0,27000,0,nan,nan,nan,nan,nan,0.10000000149011612,nan,nan,nan,nan,nan,502,27000,27000,1008,9.4034117360514,4.709833178862158,4.693578576186739,-1.8481335106836372,-2.5767302177698013,0.0992257058620453,1.732330179309465,0.5972193790621967,-0.37868337911383,-0.38102559174273715,-0.3464323797994163,0.0,-233.21685386803898,1000,0,1000,0,0,0,552,54,0.552,0.448,0.41555739150684357,989196.3979608977,1632.3372903645177,14751.958440807875,0.0,199151438.9509063,6387078.593750006,38947028.665308215,244485546.2099645,0.0,244485546.2099645,45334107.25905822,0.0,0.0,0.0,244485546.2099645,67.91265172499014,13500.0,432.96479036177544,2640.1259752447704,16573.090765606543,0.0,16573.090765606543,0.0,16573.090765606543,0.8145734667679486,0.02612456520544071,0.15930196802661067,0.0,0.0,403441.49539598107,244485.54620996452,48485957.490375996,0.0,48485957.490375996,80009.83084220461,48485.95749037599,0.0,0.0,0.0,0.0,23207.0,23.207,184.0,845.9,0.8459,1.0,1.0,989772.0,989.772,3464.3999999999996,4535.0,6557.935977312859,0.15233451553294125,606,14528.0,254.0,17504180.0,658717.4000000001,0.08167445764440699,0.17855176211453744,0.17579873214509667,0.3826771653543306,51.94991587557855,107,0.07216079839362918,0.13700408415744192,0.42329222577274955,0.10734746720946407,0.1347131654870284,0.21508014662590352,0.9990485097571556,0,0.0,0.0,0.0,0.0,0.0,0.0,0.0,0,0.0
28,69,host_pretrain,True,True,0.0,False,True,True,True,1000,0,28000,0,0,9.79741120000108,13905.662488433758,0.0,1000,681,319,0,0.681,0.319,534,0.534,225,0,0.0,64,0,170000.0,0.3,True,1000,0,0,1000,0,0,1000,1.0,0,0.0,0,0.0,0,0.0,0,0.0,0.0,0,"{""DC-1"": {""DC-1"": 204}, ""DC-2"": {""DC-2"": 200}, ""DC-3"": {""DC-3"": 189}, ""DC-4"": {""DC-4"": 222}, ""DC-5"": {""DC-5"": 185}}","{""DC-1"": 0.0, ""DC-2"": 0.0, ""DC-3"": 0.0, ""DC-4"": 0.0, ""DC-5"": 0.0}",1000,0,1000,456,0.456,534,0.534,10,0.01,0,0,0,0,28000,0,nan,nan,nan,nan,nan,0.10000000149011612,nan,nan,nan,nan,nan,498,28000,28000,1506,7.6600587760588255,3.852652506655957,3.8074062631790895,-2.048050428011331,-1.6499560236496977,0.09899927079677581,1.3125913609941322,0.5959294699282053,-0.3483382157521345,-0.3490556359429466,-0.3460693341496599,0.0,263.4203572178988,1000,0,1000,0,0,0,633,48,0.633,0.367,0.3401530812208328,1038763.4621034614,1525.350164615949,13905.662488433758,0.0,187726443.59385562,5762379.687500002,24394932.022506345,217883755.30386198,0.0,217883755.30386198,30157311.71000635,0.0,0.0,0.0,217883755.30386198,60.523265362183885,13499.999999999993,414.39087798175365,1754.316419142,15668.707297123747,0.0,15668.707297123747,0.0,15668.707297123747,0.8615899029831352,0.026447036767214487,0.11196306024965022,0.0,0.0,319946.7772450249,217883.75530386198,34400908.16139069,0.0,34400908.16139069,50515.28364374551,34400.90816139069,0.0,0.0,0.0,0.0,20351.0,20.351,184.0,838.4,0.8383999999999999,1.0,1.0,996627.0,996.627,3212.25,4556.0,6736.779602882058,0.14829043829378333,681,14528.0,254.0,15311013.0,698565.7000000001,0.07578904067393517,0.15280837004405287,0.1977797651643632,0.39212598425196854,59.554587973699405,121,0.06906514633029225,0.142652405741167,0.38669558806032783,0.06883225634133797,0.1355367993744891,0.15849376339015425,0.9936959142718536,0,0.0,0.0,0.0,0.0,0.0,0.0,0.0,0,0.0
29,70,host_pretrain,True,True,0.0,False,True,True,True,1000,0,29000,0,0,9.377616199999466,12822.336121546545,0.0,1000,642,358,0,0.642,0.358,562,0.562,216,0,0.0,112,0,170000.0,0.3,True,1000,0,0,1000,0,0,1000,1.0,0,0.0,0,0.0,0,0.0,0,0.0,0.0,0,"{""DC-1"": {""DC-1"": 199}, ""DC-2"": {""DC-2"": 189}, ""DC-3"": {""DC-3"": 203}, ""DC-4"": {""DC-4"": 215}, ""DC-5"": {""DC-5"": 194}}","{""DC-1"": 0.0, ""DC-2"": 0.0, ""DC-3"": 0.0, ""DC-4"": 0.0, ""DC-5"": 0.0}",1000,0,1000,426,0.426,562,0.562,12,0.012,0,0,0,0,29000,0,nan,nan,nan,nan,nan,0.10000000149011612,nan,nan,nan,nan,nan,500,29000,29000,2006,6.200294567108155,3.1182531461715697,3.0820414276123045,-2.0380094571113587,-1.4316761428117752,0.09878569543361664,1.2139230300188064,0.595947773218155,-0.35064562121406195,-0.35014314924553036,-0.34731249361298977,0.0,17.78626921597948,1000,0,1000,0,0,0,588,54,0.588,0.412,0.38368673708558404,979471.1363258826,1525.6559755854869,12822.336121546545,0.0,173101537.64087832,5206341.093750007,21797811.96706713,200105690.70169544,0.0,200105690.70169544,27004153.060817137,0.0,0.0,0.0,200105690.70169544,55.58491408380429,13499.999999999998,406.0368597732605,1699.98756548257,15606.024425255826,0.0,15606.024425255826,0.0,15606.024425255826,0.8650505492066533,0.026017956188518807,0.10893149460482807,0.0,0.0,311691.10701198666,200105.69070169545,31288465.780345093,0.0,31288465.780345093,48735.92800676806,31288.465780345094,0.0,0.0,0.0,0.0,19246.2,19.2462,184.0,852.4000000000001,0.8524,1.0,1.0,947977.0,947.977,3224.0499999999993,4556.0,6497.121896733489,0.15376039050494958,642,14528.0,254.0,14135044.0,669031.7999999998,0.07587945035582688,0.13615088105726872,0.20542149570863338,0.4066929133858267,59.6000598296456,113,0.06767280996220998,0.14966617421360986,0.4500495185288158,0.06676355555533099,0.142285560199835,0.15610234579029705,0.9966870819599637,0,0.0,0.0,0.0,0.0,0.0,0.0,0.0,0,0.0
30,71,host_pretrain,True,True,0.0,False,True,True,True,1000,0,30000,0,0,9.558879399999569,14370.486322747536,0.0,1000,614,386,0,0.614,0.386,596,0.596,220,0,0.0,82,0,170000.0,0.3,True,1000,0,0,1000,0,0,1000,1.0,0,0.0,0,0.0,0,0.0,0,0.0,0.0,0,"{""DC-1"": {""DC-1"": 199}, ""DC-2"": {""DC-2"": 203}, ""DC-3"": {""DC-3"": 209}, ""DC-4"": {""DC-4"": 202}, ""DC-5"": {""DC-5"": 187}}","{""DC-1"": 0.0, ""DC-2"": 0.0, ""DC-3"": 0.0, ""DC-4"": 0.0, ""DC-5"": 0.0}",1000,0,1000,394,0.394,596,0.596,10,0.01,0,0,0,0,30000,0,nan,nan,nan,nan,nan,0.10000000149011612,nan,nan,nan,nan,nan,500,30000,30000,2506,5.427056290626526,2.72404016494751,2.7030161242485047,-2.015951139450073,-1.3987312706559896,0.09855837672948838,1.2011279147863387,0.5963271160125733,-0.33009060187637806,-0.3297367794662714,-0.3282721274457872,0.0,-178.60396215897896,1000,0,1000,0,0,0,566,48,0.566,0.434,0.40844863103435,1104332.449088608,1798.587050632912,14370.486322747536,0.0,194001565.35709175,5290746.875000006,23735383.781953465,223027696.0140452,0.0,223027696.0140452,29026130.65695347,0.0,0.0,0.0,223027696.0140452,61.95213778167923,13500.000000000002,368.1675592721661,1651.675750484652,15519.843309756818,0.0,15519.843309756818,0.0,15519.843309756818,0.8698541428902824,0.023722376052644243,0.1064234810570734,0.0,0.0,363237.28992515506,223027.6960140452,33754592.28079648,0.0,33754592.28079648,54974.905994782544,33754.59228079648,0.0,0.0,0.0,0.0,21016.4,21.0164,184.0,847.3,0.8472999999999999,1.0,1.0,1041990.0,1041.99,3731.05,4581.0,6674.9887227675,0.14966317420021155,614,14528.0,254.0,14507623.0,731277.9999999999,0.06948946442731302,0.1433783039647577,0.20034445456011776,0.38700787401574804,58.75688414687996,116,0.06136125987869428,0.133202807285142,0.4010744679619188,0.06495256869090708,0.14428668768012898,0.14684474592281643,0.9962694815618354,0,0.0,0.0,0.0,0.0,0.0,0.0,0.0,0,0.0
31,72,host_pretrain,True,True,0.0,False,True,True,True,1000,0,31000,0,0,9.397336599999107,14937.432385136888,0.0,1000,549,451,0,0.549,0.451,639,0.639,196,0,0.0,156,0,170000.0,0.3,True,1000,0,0,1000,0,0,1000,1.0,0,0.0,0,0.0,0,0.0,0,0.0,0.0,0,"{""DC-1"": {""DC-1"": 197}, ""DC-2"": {""DC-2"": 203}, ""DC-3"": {""DC-3"": 234}, ""DC-4"": {""DC-4"": 185}, ""DC-5"": {""DC-5"": 181}}","{""DC-1"": 0.0, ""DC-2"": 0.0, ""DC-3"": 0.0, ""DC-4"": 0.0, ""DC-5"": 0.0}",1000,0,1000,353,0.353,639,0.639,8,0.008,0,0,0,0,31000,0,nan,nan,nan,nan,nan,0.10000000149011612,nan,nan,nan,nan,nan,500,31000,31000,3006,5.002598663806915,2.507961590051651,2.4946370787620546,-1.9868007717132568,-1.228232633471489,0.09835584610700607,1.12508866584301,0.5956866996288299,-0.34922695660591124,-0.3482490262184292,-0.3480522984471172,0.0,-605.8768398101357,1000,0,1000,0,0,0,490,59,0.49,0.51,0.4815119079106487,1029213.7665471832,1874.706314293594,14937.432385136888,0.0,201655337.19934815,5807045.000000001,21240385.401145287,228702767.60049343,0.0,228702767.60049343,27047430.401145287,0.0,0.0,0.0,228702767.60049343,63.52854655569262,13500.000000000011,388.7579103473066,1421.9569236196169,15310.714833966935,0.0,15310.714833966935,0.0,15310.714833966935,0.8817354477826314,0.02539123186363868,0.09287332035373,0.0,0.0,416580.63315208274,228702.76760049342,31053190.959219456,0.0,31053190.959219456,56563.189361055476,31053.190959219457,0.0,0.0,0.0,0.0,22703.2,22.703200000000002,184.0,830.0,0.83,1.0,1.0,1016981.0,1016.981,3595.899999999999,4515.0,6598.507339835862,0.15139787660293036,549,14528.0,254.0,15839555.0,656550.6,0.07298963512780804,0.17634911894273128,0.17304479211981222,0.316535433070866,50.835778226221656,99,0.06479298505788442,0.14032457445259022,0.35270332245937186,0.05509402344266801,0.12155876172280611,0.13456759724048664,0.9996404880158493,0,0.0,0.0,0.0,0.0,0.0,0.0,0.0,0,0.0
32,73,host_pretrain,True,True,0.0,False,True,True,True,1000,0,32000,0,0,9.471546200002194,14203.707102693832,0.0,1000,633,367,0,0.633,0.367,649,0.649,291,0,0.0,72,0,170000.0,0.3,True,1000,0,0,1000,0,0,1000,1.0,0,0.0,0,0.0,0,0.0,0,0.0,0.0,0,"{""DC-1"": {""DC-1"": 214}, ""DC-2"": {""DC-2"": 217}, ""DC-3"": {""DC-3"": 201}, ""DC-4"": {""DC-4"": 186}, ""DC-5"": {""DC-5"": 182}}","{""DC-1"": 0.0, ""DC-2"": 0.0, ""DC-3"": 0.0, ""DC-4"": 0.0, ""DC-5"": 0.0}",1000,0,1000,342,0.342,649,0.649,9,0.009,0,0,0,0,32000,0,nan,nan,nan,nan,nan,0.10000000149011612,nan,nan,nan,nan,nan,500,32000,32000,3506,4.727514946460724,2.366765093803406,2.3607498548030854,-1.9811312341690064,-1.327417072288692,0.09811151623725892,1.1685193908214568,0.5965692784786224,-0.32748723509535194,-0.3271723143737763,-0.3290707870107144,0.0,-67.37247339381608,1000,0,1000,0,0,0,565,68,0.565,0.435,0.3955527419221256,1110985.919011219,1755.1120363526366,14203.707102693832,0.0,191750045.88636667,5652822.968750006,23308455.146693926,220711324.00181058,0.0,220711324.00181058,28961278.11544393,0.0,0.0,0.0,220711324.00181058,61.30870111161405,13499.999999999995,397.98222589917447,1641.0120948124393,15538.994320711608,0.0,15538.994320711608,0.0,15538.994320711608,0.868782092416761,0.025611839330471477,0.10560606825276767,0.0,0.0,348675.07741202303,220711.32400181057,34055924.582576334,0.0,34055924.582576334,53800.82872444919,34055.924582576336,0.0,0.0,0.0,0.0,19808.4,19.808400000000002,184.0,849.3,0.8492999999999999,1.0,1.0,991914.0,991.914,3171.6499999999996,4556.0,6609.215328036727,0.15115258777576457,633,14528.0,254.0,15517391.0,724262.2000000004,0.07519884396041346,0.15528634361233482,0.20075223768245526,0.3858267716535434,58.943907667683106,114,0.06633037098319568,0.1445841820685394,0.41893605726034644,0.0656733128369767,0.14649748646523839,0.1441824051538611,0.9999091021718092,0,0.0,0.0,0.0,0.0,0.0,0.0,0.0,0,0.0
33,74,host_pretrain,True,True,0.0,False,True,True,True,1000,0,33000,0,0,9.533001300005708,15629.534556978493,0.0,1000,639,361,0,0.639,0.361,572,0.572,219,0,0.0,85,0,170000.0,0.3,True,1000,0,0,1000,0,0,1000,1.0,0,0.0,0,0.0,0,0.0,0,0.0,0.0,0,"{""DC-1"": {""DC-1"": 191}, ""DC-2"": {""DC-2"": 190}, ""DC-3"": {""DC-3"": 205}, ""DC-4"": {""DC-4"": 229}, ""DC-5"": {""DC-5"": 185}}","{""DC-1"": 0.0, ""DC-2"": 0.0, ""DC-3"": 0.0, ""DC-4"": 0.0, ""DC-5"": 0.0}",1000,0,1000,420,0.42,572,0.572,8,0.008,0,0,0,0,33000,0,nan,nan,nan,nan,nan,0.10000000149011612,nan,nan,nan,nan,nan,498,33000,33000,4004,4.523470622947417,2.2626009068814628,2.2608697160659545,-2.0160439512337067,-1.1934461726182435,0.0978756383061409,1.1100379621168697,0.5955836574236552,-0.3290723688492783,-0.32881660788622963,-0.32997247538937025,0.0,-15.555649356770083,1000,0,1000,0,0,0,587,52,0.587,0.413,0.3828480978871174,1059882.5397299412,1658.6581216431005,15629.534556978493,0.0,210998716.5192097,5884022.718749998,23500934.90987759,240383674.1478373,0.0,240383674.1478373,29384957.62862759,0.0,0.0,0.0,240383674.1478373,66.7732428188437,13500.000000000004,376.46819854419897,1503.623465190431,15380.091663734634,0.0,15380.091663734634,0.0,15380.091663734634,0.8777580976212399,0.024477630353263054,0.09776427202549696,0.0,0.0,376187.28348644334,240383.6741478373,33885598.56522608,0.0,33885598.56522608,53029.10573587806,33885.59856522608,0.0,0.0,0.0,0.0,19595.4,19.5954,184.0,850.3,0.8503,1.0,1.0,1022369.0,1022.369,3361.299999999999,4509.0,6739.10105764785,0.14823935588060186,639,14528.0,254.0,16122836.8,720009.8999999999,0.07100510626652211,0.14282764317180616,0.1813671824541711,0.39212598425196843,52.85384519855454,111,0.06274469975736652,0.14158464543439056,0.39989987439896607,0.05871707961963866,0.125522937861717,0.14183102613871712,0.98485820669428,0,0.0,0.0,0.0,0.0,0.0,0.0,0.0,0,0.0
34,75,host_pretrain,True,True,0.0,False,True,True,True,1000,0,34000,0,0,9.623018799997226,14123.974658302319,0.0,1000,640,360,0,0.64,0.36,563,0.563,211,0,0.0,62,0,170000.0,0.3,True,1000,0,0,1000,0,0,1000,1.0,0,0.0,0,0.0,0,0.0,0,0.0,0.0,0,"{""DC-1"": {""DC-1"": 189}, ""DC-2"": {""DC-2"": 196}, ""DC-3"": {""DC-3"": 191}, ""DC-4"": {""DC-4"": 211}, ""DC-5"": {""DC-5"": 213}}","{""DC-1"": 0.0, ""DC-2"": 0.0, ""DC-3"": 0.0, ""DC-4"": 0.0, ""DC-5"": 0.0}",1000,0,1000,429,0.429,563,0.563,8,0.008,0,0,0,0,34000,0,nan,nan,nan,nan,nan,0.10000000149011612,nan,nan,nan,nan,nan,500,34000,34000,4504,4.331283261299133,2.164973294734955,2.166309961795807,-2.061505896568298,-1.2477292187809945,0.09762492924928665,1.1319031364917755,0.597720043182373,-0.2953359605409205,-0.29523145567625764,-0.2985752432551235,0.0,-32.178511630064236,1000,0,1000,0,0,0,594,46,0.594,0.406,0.38427092685692715,1107003.3723197381,1729.6927692495908,14123.974658302319,0.0,190673657.88708138,5927996.156249994,32208404.93086529,228810058.97419667,0.0,228810058.97419667,38136401.08711529,0.0,0.0,0.0,228810058.97419667,63.55834971505463,13500.000000000005,419.7116109073033,2280.4065930501106,16200.11820395742,0.0,16200.11820395742,0.0,16200.11820395742,0.8333272529272151,0.02590793509178067,0.14076481198100427,0.0,0.0,357515.7171471823,228810.05897419667,42599148.78107558,0.0,42599148.78107558,66561.1699704306,42599.14878107558,0.0,0.0,0.0,0.0,20539.2,20.5392,184.0,834.8000000000001,0.8348000000000001,1.0,1.0,1070472.0,1070.472,3313.299999999999,4568.0,6401.64930393062,0.15605353442067077,640,14528.0,254.0,16253192.8,735656.3999999999,0.07920925458101596,0.14895374449339208,0.20506161398892,0.41732283464566916,60.813547232974294,122,0.06995193515121727,0.14296195426749964,0.3703443613816796,0.09243524974979853,0.15797600121100314,0.1841688325374573,0.9247668149797208,0,0.0,0.0,0.0,0.0,0.0,0.0,0.0,0,0.0
35,76,host_pretrain,True,True,0.0,False,True,True,True,1000,0,35000,0,0,9.611276399999042,15230.608190378154,0.0,1000,718,282,0,0.718,0.282,521,0.521,250,0,0.0,38,0,170000.0,0.3,True,1000,0,0,1000,0,0,1000,1.0,0,0.0,0,0.0,0,0.0,0,0.0,0.0,0,"{""DC-1"": {""DC-1"": 201}, ""DC-2"": {""DC-2"": 179}, ""DC-3"": {""DC-3"": 197}, ""DC-4"": {""DC-4"": 215}, ""DC-5"": {""DC-5"": 208}}","{""DC-1"": 0.0, ""DC-2"": 0.0, ""DC-3"": 0.0, ""DC-4"": 0.0, ""DC-5"": 0.0}",1000,0,1000,468,0.468,521,0.521,11,0.011,0,0,0,0,35000,0,nan,nan,nan,nan,nan,0.10000000149011612,nan,nan,nan,nan,nan,502,35000,35000,5006,4.1588465858740635,2.0752088795620134,2.0836377063120506,-2.141328348106597,-1.2220715823401493,0.09734365344047546,1.123560266190791,0.5965582509914718,-0.29830091309351514,-0.2979296299376603,-0.30091354779275764,0.0,470.258094620882,1000,0,1000,0,0,0,668,50,0.668,0.332,0.30598009930113806,1134318.1735971337,1579.8303253441975,15230.608190378154,0.0,205613210.57010517,6670964.093750008,36084006.46850543,248368181.13236058,0.0,248368181.13236058,42754970.562255435,0.0,0.0,0.0,248368181.13236058,68.99116142565572,13500.000000000005,437.9972231157749,2369.1769900102404,16307.17421312602,0.0,16307.17421312602,0.0,16307.17421312602,0.8278564896383792,0.026859173599998756,0.14528433676162208,0.0,0.0,345916.68681387266,248368.18113236057,47481630.70400459,0.0,47481630.70400459,66130.40488022924,47481.630704004594,0.0,0.0,0.0,0.0,20269.8,20.2698,184.0,848.2,0.8482000000000001,1.0,1.0,1020727.0,1020.727,3391.1499999999996,4571.0,6779.379235153424,0.14735862463923538,718,14528.0,254.0,18019618.400000002,775320.0000000002,0.08143713987646928,0.1628716960352423,0.20041490836920434,0.41141732283464566,59.07846809219634,123,0.0729995371859624,0.13826230428283526,0.39583679659349913,0.0968945383896294,0.17524558648161884,0.17325536797126287,0.9278027392843823,0,0.0,0.0,0.0,0.0,0.0,0.0,0.0,0,0.0
36,77,host_pretrain,True,True,0.0,False,True,True,True,1000,0,36000,0,0,9.432291299999633,14396.323741007182,0.0,1000,628,372,0,0.628,0.372,593,0.593,223,0,0.0,60,0,170000.0,0.3,True,1000,0,0,1000,0,0,1000,1.0,0,0.0,0,0.0,0,0.0,0,0.0,0.0,0,"{""DC-1"": {""DC-1"": 219}, ""DC-2"": {""DC-2"": 220}, ""DC-3"": {""DC-3"": 199}, ""DC-4"": {""DC-4"": 200}, ""DC-5"": {""DC-5"": 162}}","{""DC-1"": 0.0, ""DC-2"": 0.0, ""DC-3"": 0.0, ""DC-4"": 0.0, ""DC-5"": 0.0}",1000,0,1000,405,0.405,593,0.593,2,0.002,0,0,0,0,36000,0,nan,nan,nan,nan,nan,0.10000000149011612,nan,nan,nan,nan,nan,500,36000,36000,5506,4.034641874313355,2.01227912735939,2.022362739801407,-2.144209400653839,-1.028834547162056,0.09709910303354263,1.0373191602230072,0.5952095351219178,-0.2909153745770454,-0.29006974992528556,-0.290336314111948,0.0,-108.72807378112327,1000,0,1000,0,0,0,584,44,0.584,0.416,0.3914701420116192,1050999.7069609705,1673.5664123582333,14396.323741007182,0.0,194350370.5035968,6571939.625000004,31075009.581879195,231997319.710476,0.0,231997319.710476,37646949.2068792,0.0,0.0,0.0,231997319.710476,64.44369991957667,13499.99999999999,456.50123901285815,2158.5378420855905,16115.039081098439,0.0,16115.039081098439,0.0,16115.039081098439,0.8377267924738907,0.028327653238414734,0.13394555428769456,0.0,0.0,369422.48361540766,231997.319710476,41827134.13509728,0.0,41827134.13509728,66603.71677563261,41827.13413509728,0.0,0.0,0.0,0.0,21091.2,21.0912,184.0,849.8000000000001,0.8498000000000001,1.0,1.0,1029972.0,1029.972,3336.25,4577.0,6690.638822666228,0.14931309647378294,628,14528.0,254.0,17589247.8,705902.9999999998,0.08409880636210551,0.17237059471365637,0.19304551073515286,0.4118110236220472,57.78885047091864,122,0.07608353983547632,0.15677813351921746,0.42135782043239983,0.08701227462896462,0.16418765189477474,0.17248318747856475,0.985668303608686,0,0.0,0.0,0.0,0.0,0.0,0.0,0.0,0,0.0
37,78,host_pretrain,True,True,0.0,False,True,True,True,1000,0,37000,0,0,9.632615499998792,12538.21659780391,0.0,1000,711,289,0,0.711,0.289,551,0.551,267,0,0.0,20,0,170000.0,0.3,True,1000,0,0,1000,0,0,1000,1.0,0,0.0,0,0.0,0,0.0,0,0.0,0.0,0,"{""DC-1"": {""DC-1"": 198}, ""DC-2"": {""DC-2"": 171}, ""DC-3"": {""DC-3"": 210}, ""DC-4"": {""DC-4"": 215}, ""DC-5"": {""DC-5"": 206}}","{""DC-1"": 0.0, ""DC-2"": 0.0, ""DC-3"": 0.0, ""DC-4"": 0.0, ""DC-5"": 0.0}",1000,0,1000,444,0.444,551,0.551,5,0.005,0,0,0,0,37000,0,nan,nan,nan,nan,nan,0.10000000149011612,nan,nan,nan,nan,nan,502,37000,37000,6008,3.9172010701966,1.9543081303516707,1.9628929388950545,-2.1287285322212126,-0.9227738384587831,0.09688283205032348,0.9916344491609064,0.596022245418503,-0.2839823742935145,-0.28345543537956785,-0.28527042688059795,0.0,430.38110172878106,1000,0,1000,0,0,0,669,42,0.669,0.331,0.30820519723177037,1088796.73046413,1531.3596771647397,12538.21659780391,0.0,169265924.07035285,6942994.968750003,31936472.65190894,208145391.6910118,0.0,208145391.6910118,38879467.62065894,0.0,0.0,0.0,208145391.6910118,57.81816435861438,13500.000000000005,553.7466125737595,2547.13039951014,16600.877012083904,0.0,16600.877012083904,0.0,16600.877012083904,0.81321004849161,0.03335646738245715,0.15343348412593288,0.0,0.0,292750.1992841235,208145.39169101178,43804841.64126899,0.0,43804841.64126899,61610.18514946412,43804.84164126899,0.0,0.0,0.0,0.0,20756.4,20.756400000000003,184.0,845.9000000000001,0.8459000000000001,1.0,1.0,1034899.0,1034.899,3623.0,4577.0,6530.781104587241,0.15296791976357915,711,14528.0,254.0,18960669.200000003,776362.7,0.1040907318748248,0.18001101321585902,0.24377837463164298,0.46535433070866145,71.47858652856367,137,0.09229110209562653,0.17954772597285976,0.4713065405664122,0.10286017273189317,0.18793954783416747,0.2071801268093384,0.9978824916390178,0,0.0,0.0,0.0,0.0,0.0,0.0,0.0,0,0.0
38,79,host_pretrain,True,True,0.0,False,True,True,True,1000,0,38000,0,0,9.541418599997996,13698.098942317258,0.0,1000,652,348,0,0.652,0.348,614,0.614,277,0,0.0,33,0,170000.0,0.3,True,1000,0,0,1000,0,0,1000,1.0,0,0.0,0,0.0,0,0.0,0,0.0,0.0,0,"{""DC-1"": {""DC-1"": 202}, ""DC-2"": {""DC-2"": 203}, ""DC-3"": {""DC-3"": 209}, ""DC-4"": {""DC-4"": 203}, ""DC-5"": {""DC-5"": 183}}","{""DC-1"": 0.0, ""DC-2"": 0.0, ""DC-3"": 0.0, ""DC-4"": 0.0, ""DC-5"": 0.0}",1000,0,1000,375,0.375,614,0.614,11,0.011,0,0,0,0,38000,0,nan,nan,nan,nan,nan,0.10000000149011612,nan,nan,nan,nan,nan,496,38000,38000,6504,3.8213724729514893,1.904233920718393,1.9171385539154853,-2.1085128457315507,-0.9160500729997312,0.09666514992713929,0.9877715504938557,0.5960475619762174,-0.27207791261307357,-0.2716386366725689,-0.27135367294953716,0.0,37.49554711097893,1000,0,1000,0,0,0,592,60,0.592,0.408,0.38020417996993056,1109612.6152725948,1701.8598393751454,13698.098942317258,0.0,184924335.721283,6705451.718749997,32393364.421783824,224023151.86181682,0.0,224023151.86181682,39098816.14053382,0.0,0.0,0.0,224023151.86181682,62.22865329494912,13500.0,489.5169575710234,2364.8073034216204,16354.324260992646,0.0,16354.324260992646,0.0,16354.324260992646,0.8254697524983892,0.029931958652586455,0.1445982888490243,0.0,0.0,343593.79119910556,224023.15186181682,43844896.857452676,0.0,43844896.857452676,67246.77432124644,43844.89685745267,0.0,0.0,0.0,0.0,21948.2,21.9482,184.0,849.5,0.8495,1.0,1.0,1033667.0,1033.667,3418.8999999999983,4575.0,6519.7867668344325,0.1532258700670738,652,14528.0,254.0,18129476.0,757128.9,0.09110015623331386,0.18674284140969163,0.21760847643874787,0.4370078740157479,63.820607785164036,127,0.08158615959517058,0.16187856650156854,0.4527252304217127,0.09615430072059222,0.18062270595239402,0.17986131492267482,0.9921814740302102,0,0.0,0.0,0.0,0.0,0.0,0.0,0.0,0,0.0
39,80,host_pretrain,True,True,0.0,False,True,True,True,1000,0,39000,0,0,9.751819299999624,14825.03925819506,0.0,1000,725,275,0,0.725,0.275,466,0.466,202,0,0.0,64,0,170000.0,0.3,True,1000,0,0,1000,0,0,1000,1.0,0,0.0,0,0.0,0,0.0,0,0.0,0.0,0,"{""DC-1"": {""DC-1"": 202}, ""DC-2"": {""DC-2"": 195}, ""DC-3"": {""DC-3"": 201}, ""DC-4"": {""DC-4"": 208}, ""DC-5"": {""DC-5"": 194}}","{""DC-1"": 0.0, ""DC-2"": 0.0, ""DC-3"": 0.0, ""DC-4"": 0.0, ""DC-5"": 0.0}",1000,0,1000,523,0.523,466,0.466,11,0.011,0,0,0,0,39000,0,nan,nan,nan,nan,nan,0.10000000149011612,nan,nan,nan,nan,nan,502,39000,39000,7006,3.7711938420139934,1.880735197627687,1.8904586427240258,-2.1333851833267516,-0.8751602116452746,0.09644591063261032,0.971233641721338,0.5964125698781109,-0.2294510012655797,-0.22915984008951015,-0.23041657990853923,0.0,546.6113183001978,1000,0,1000,0,0,0,686,39,0.686,0.314,0.2926241791663632,1002447.7639509805,1382.6865709668696,14825.03925819506,0.0,200138029.9856334,6898983.125,30407851.73862887,237444864.84926227,0.0,237444864.84926227,37306834.86362887,0.0,0.0,0.0,237444864.84926227,65.95690690257285,13500.000000000005,465.3601926339821,2051.1144158906604,16016.474608524648,0.0,16016.474608524648,0.0,16016.474608524648,0.8428821154447267,0.029055095082303417,0.12806278947296992,0.0,0.0,327510.15841277555,237444.86484926226,41921312.11111822,0.0,41921312.11111822,57822.49946361134,41921.31211111822,0.0,0.0,0.0,0.0,20810.4,20.8104,184.0,847.6000000000001,0.8476000000000001,1.0,1.0,996033.0,996.033,3232.0,4503.0,6803.190947524847,0.14684285766864424,725,14528.0,254.0,18364541.0,738498.0000000001,0.08526649182110083,0.19549834801762114,0.19611903822363744,0.418503937007874,57.16935957059902,116,0.07756003210566369,0.15274040668014677,0.40169734477823155,0.08308913916157623,0.14889149400233326,0.1686078244431941,0.9976702684428916,0,0.0,0.0,0.0,0.0,0.0,0.0,0.0,0,0.0
40,81,host_pretrain,True,True,0.0,False,True,True,True,1000,0,40000,0,0,10.080797599999642,14986.291320906084,0.0,1000,761,239,0,0.761,0.239,443,0.443,212,0,0.0,37,0,170000.0,0.3,True,1000,0,0,1000,0,0,1000,1.0,0,0.0,0,0.0,0,0.0,0,0.0,0.0,0,"{""DC-1"": {""DC-1"": 196}, ""DC-2"": {""DC-2"": 207}, ""DC-3"": {""DC-3"": 208}, ""DC-4"": {""DC-4"": 193}, ""DC-5"": {""DC-5"": 196}}","{""DC-1"": 0.0, ""DC-2"": 0.0, ""DC-3"": 0.0, ""DC-4"": 0.0, ""DC-5"": 0.0}",1000,0,1000,549,0.549,443,0.443,8,0.008,0,0,0,0,40000,0,nan,nan,nan,nan,nan,0.10000000149011612,nan,nan,nan,nan,nan,502,40000,40000,7508,3.6413337362714975,1.8157897738821478,1.825543966663786,-2.118750915109399,-0.7521356276989696,0.09625421315431595,0.9188665887749052,0.5969833498931976,-0.22179874885025846,-0.2211322442914148,-0.2215221966115899,0.0,764.0515714664534,1000,0,1000,0,0,0,725,36,0.725,0.275,0.2576317684301212,1059730.3661725672,1392.5497584396417,14986.291320906084,0.0,202314932.83223206,7426745.843749999,31679257.480231345,241420936.1562134,0.0,241420936.1562134,39106003.323981345,0.0,0.0,0.0,241420936.1562134,67.06137115450372,13499.999999999995,495.56929628010005,2113.8824010473054,16109.4516973274,0.0,16109.4516973274,0.0,16109.4516973274,0.8380173486748578,0.030762642055801086,0.13122000926934116,0.0,0.0,317241.7032276129,241420.9361562134,44216244.71680512,0.0,44216244.71680512,58102.81828752316,44216.24471680512,0.0,0.0,0.0,0.0,20531.8,20.5318,184.0,853.2,0.8532000000000001,1.0,1.0,1023069.0,1023.069,3408.2,4557.0,6693.654821565921,0.14924581960536362,761,14528.0,254.0,19947671.6,793962.1000000003,0.09162040515545665,0.17856552863436123,0.20857962603526176,0.4653543307086613,61.3635475454243,137,0.08259488271335004,0.15856334752894116,0.4216184471327878,0.08494841036648351,0.1665458595258111,0.17031892865848625,0.9782940746352435,0,0.0,0.0,0.0,0.0,0.0,0.0,0.0,0,0.0
41,82,host_pretrain,True,True,0.0,False,True,True,True,1000,0,41000,0,0,9.150621099994169,13904.81417710342,0.0,1000,749,251,0,0.749,0.251,484,0.484,237,0,0.0,38,0,170000.0,0.3,True,1000,0,0,1000,0,0,1000,1.0,0,0.0,0,0.0,0,0.0,0,0.0,0.0,0,"{""DC-1"": {""DC-1"": 191}, ""DC-2"": {""DC-2"": 202}, ""DC-3"": {""DC-3"": 196}, ""DC-4"": {""DC-4"": 214}, ""DC-5"": {""DC-5"": 197}}","{""DC-1"": 0.0, ""DC-2"": 0.0, ""DC-3"": 0.0, ""DC-4"": 0.0, ""DC-5"": 0.0}",1000,0,1000,512,0.512,484,0.484,4,0.004,0,0,0,0,41000,0,nan,nan,nan,nan,nan,0.10000000149011612,nan,nan,nan,nan,nan,498,41000,41000,8006,3.5323725014805314,1.7610711654027302,1.7713013310509034,-2.116162212498217,-0.6799738217429464,0.09608451575040818,0.8865363856396044,0.5968587774349504,-0.18907827753985085,-0.18896191081884933,-0.18983666966463547,0.0,684.5081891216289,1000,0,1000,0,0,0,710,39,0.71,0.29,0.27076101315921935,1038896.6132807635,1387.0448775444106,13904.81417710342,0.0,187714991.39089626,6405881.875000002,29379686.67496106,223500559.94085732,0.0,223500559.94085732,35785568.54996106,0.0,0.0,0.0,223500559.94085732,62.083488872460364,13500.000000000005,460.6952522636618,2112.914728723206,16073.609980986874,0.0,16073.609980986874,0.0,16073.609980986874,0.8398860004671549,0.028661592063550647,0.1314524074692945,0.0,0.0,298398.61140301375,223500.55994085732,40627810.62836757,0.0,40627810.62836757,54242.73782158554,40627.81062836757,0.0,0.0,0.0,0.0,20827.4,20.8274,184.0,850.1,0.8501000000000001,1.0,1.0,1000024.0,1000.024,3398.05,4550.0,6943.209854977553,0.14388157939426557,749,14528.0,254.0,16909671.8,767517.0000000003,0.0837074588281018,0.17767070484581496,0.21731469647517543,0.42559055118110245,63.678161298840806,127,0.07678254204394362,0.1540689690972253,0.44740411777927175,0.08488084486188108,0.16960365878673572,0.17818533261020825,0.9897291560114059,0,0.0,0.0,0.0,0.0,0.0,0.0,0.0,0,0.0
42,83,host_pretrain,True,True,0.0,False,True,True,True,1000,0,42000,0,0,9.12055419999524,13167.3307406444,0.0,1000,827,173,0,0.827,0.173,339,0.339,174,0,0.0,48,0,170000.0,0.3,True,1000,0,0,1000,0,0,1000,1.0,0,0.0,0,0.0,0,0.0,0,0.0,0.0,0,"{""DC-1"": {""DC-1"": 219}, ""DC-2"": {""DC-2"": 180}, ""DC-3"": {""DC-3"": 203}, ""DC-4"": {""DC-4"": 202}, ""DC-5"": {""DC-5"": 196}}","{""DC-1"": 0.0, ""DC-2"": 0.0, ""DC-3"": 0.0, ""DC-4"": 0.0, ""DC-5"": 0.0}",1000,0,1000,653,0.653,339,0.339,8,0.008,0,0,0,0,42000,0,nan,nan,nan,nan,nan,0.10000000149011612,nan,nan,nan,nan,nan,500,42000,42000,8506,3.46233389043808,1.7254123468399047,1.7369215426445008,-2.114112033367157,-0.6939666489623487,0.09590285718441009,0.8910105736255646,0.5957065963745117,-0.18522418260946868,-0.1856403346657753,-0.1863137866333127,0.0,1204.756159860163,1000,0,1000,0,0,0,804,23,0.804,0.196,0.18532721271471295,1037073.7873011574,1254.0190898442047,13167.3307406444,0.0,177758964.99869928,6660261.0937500065,31984087.942300037,216403314.03474933,0.0,216403314.03474933,38644349.036050044,0.0,0.0,0.0,216403314.03474933,60.112031676319255,13499.99999999999,505.8171033246225,2429.048724626686,16434.8658279513,0.0,16434.8658279513,0.0,16434.8658279513,0.8214244120593982,0.030777075311704902,0.14779851262889687,0.0,0.0,261672.68928022892,216403.31403474932,44062824.840904385,0.0,44062824.840904385,53280.32024293154,44062.82484090439,0.0,0.0,0.0,0.0,19844.0,19.844,184.0,844.0,0.844,1.0,1.0,1036427.0,1036.427,3499.05,4490.0,6819.676656773294,0.14648788355790954,827,14528.0,254.0,17628051.0,807862.9999999995,0.0921511422194211,0.19238711453744495,0.24154956344404302,0.46062992125984253,71.51008951977757,140,0.08430285055410368,0.15637041172871483,0.42790824396989785,0.09916876098276661,0.1788858156566509,0.1821693195162777,0.9079288912442804,0,0.0,0.0,0.0,0.0,0.0,0.0,0.0,0,0.0
43,84,host_pretrain,True,True,0.0,False,True,True,True,1000,0,43000,0,0,10.054344199998013,14207.031665917664,0.0,1000,745,255,0,0.745,0.255,449,0.449,202,0,0.0,31,0,170000.0,0.3,True,1000,0,0,1000,0,0,1000,1.0,0,0.0,0,0.0,0,0.0,0,0.0,0.0,0,"{""DC-1"": {""DC-1"": 191}, ""DC-2"": {""DC-2"": 191}, ""DC-3"": {""DC-3"": 199}, ""DC-4"": {""DC-4"": 217}, ""DC-5"": {""DC-5"": 202}}","{""DC-1"": 0.0, ""DC-2"": 0.0, ""DC-3"": 0.0, ""DC-4"": 0.0, ""DC-5"": 0.0}",1000,0,1000,543,0.543,449,0.449,8,0.008,0,0,0,0,43000,0,nan,nan,nan,nan,nan,0.10000000149011612,nan,nan,nan,nan,nan,500,43000,43000,9006,3.3540305790901184,1.673502876996994,1.6805277070999145,-2.1090916481018067,-0.6681763351261616,0.09571765661239624,0.8811348288059234,0.5967253699302674,-0.15692979846894742,-0.15664798694103957,-0.15424912605434657,0.0,667.9105142968339,1000,0,1000,0,0,0,708,37,0.708,0.292,0.269543221661599,1075528.7828476755,1443.662795768692,14207.031665917664,0.0,191794927.48988837,7393157.656249978,30149621.611488976,229337706.7576273,0.0,229337706.7576273,37542779.26773895,0.0,0.0,0.0,229337706.7576273,63.70491854378536,13499.999999999993,520.3872159999466,2122.1619209744713,16142.54913697441,0.0,16142.54913697441,0.0,16142.54913697441,0.8362991424370718,0.03223699129451636,0.1314638662684119,0.0,0.0,307835.84799681517,229337.7067576273,42456918.64488503,0.0,42456918.64488503,56989.15254346984,42456.91864488503,0.0,0.0,0.0,0.0,22194.0,22.194,184.0,847.9000000000001,0.8479000000000001,1.0,1.0,1058584.0,1058.584,3550.2999999999997,4535.0,6915.913015822062,0.14444947438096914,745,14528.0,254.0,19993835.0,794567.1000000001,0.09686947011646524,0.17827643171806168,0.22018793247560484,0.4318897637795275,64.65657440629538,131,0.08673120266665806,0.1650392729967619,0.4444555822591769,0.08451308853491214,0.15891337961490287,0.18188970617017436,0.9178599891931045,0,0.0,0.0,0.0,0.0,0.0,0.0,0.0,0,0.0
44,85,host_pretrain,True,True,0.0,False,True,True,True,1000,0,44000,0,0,10.369775300001493,12657.78525645682,0.0,1000,802,198,0,0.802,0.198,370,0.37,181,0,0.0,53,0,170000.0,0.3,True,1000,0,0,1000,0,0,1000,1.0,0,0.0,0,0.0,0,0.0,0,0.0,0.0,0,"{""DC-1"": {""DC-1"": 216}, ""DC-2"": {""DC-2"": 198}, ""DC-3"": {""DC-3"": 196}, ""DC-4"": {""DC-4"": 192}, ""DC-5"": {""DC-5"": 198}}","{""DC-1"": 0.0, ""DC-2"": 0.0, ""DC-3"": 0.0, ""DC-4"": 0.0, ""DC-5"": 0.0}",1000,0,1000,621,0.621,370,0.37,9,0.009,0,0,0,0,44000,0,nan,nan,nan,nan,nan,0.10000000149011612,nan,nan,nan,nan,nan,502,44000,44000,9508,3.3033673098362772,1.6476954435447297,1.6556718624920483,-2.1029696013348036,-0.6413107510114393,0.09553670883178711,0.8692539982586743,0.5966975893157412,-0.11024658732205272,-0.11058280068965429,-0.1095351135744101,0.0,1048.192644016909,1000,0,1000,0,0,0,774,28,0.774,0.226,0.21086618370205634,1036780.9328882309,1292.7443053469212,12657.78525645682,0.0,170880100.9621672,6440371.562499993,29368930.713691946,206689403.23835915,0.0,206689403.23835915,35809302.276191935,0.0,0.0,0.0,206689403.23835915,57.41372312176643,13500.000000000011,508.8071437469455,2320.2266525031037,16329.03379625006,0.0,16329.03379625006,0.0,16329.03379625006,0.8267482429425963,0.031159660154772437,0.14209209690263122,0.0,0.0,257717.46039695654,206689.40323835914,41388506.02173908,0.0,41388506.02173908,51606.615987205834,41388.50602173908,0.0,0.0,0.0,0.0,20999.0,20.999,184.0,849.3000000000001,0.8493,1.0,1.0,1034172.0,1034.172,3210.899999999999,4566.0,6652.063297804236,0.15017896782938875,802,14528.0,254.0,17463437.0,808623.4000000003,0.09496556734889591,0.16643722466960353,0.25150977271394565,0.47165354330708664,73.73090798202101,136,0.08480119062449103,0.16329831844734657,0.43840864017220343,0.09425912399575477,0.18266990825467144,0.1806629997280993,0.9749251874260029,0,0.0,0.0,0.0,0.0,0.0,0.0,0.0,0,0.0
45,86,host_pretrain,True,True,0.0,False,True,True,True,1000,0,45000,0,0,9.895620900002541,14673.36136359656,0.0,1000,754,246,0,0.754,0.246,442,0.442,203,0,0.0,38,0,170000.0,0.3,True,1000,0,0,1000,0,0,1000,1.0,0,0.0,0,0.0,0,0.0,0,0.0,0.0,0,"{""DC-1"": {""DC-1"": 200}, ""DC-2"": {""DC-2"": 190}, ""DC-3"": {""DC-3"": 215}, ""DC-4"": {""DC-4"": 193}, ""DC-5"": {""DC-5"": 202}}","{""DC-1"": 0.0, ""DC-2"": 0.0, ""DC-3"": 0.0, ""DC-4"": 0.0, ""DC-5"": 0.0}",1000,0,1000,551,0.551,442,0.442,7,0.007,0,0,0,0,45000,0,nan,nan,nan,nan,nan,0.10000000149011612,nan,nan,nan,nan,nan,496,45000,45000,10004,3.2176505356065688,1.602805379657976,1.614845160034395,-2.096094161272049,-0.6432449065088746,0.09535168409347534,0.8696211538007182,0.5966217592358589,-0.10044714703314728,-0.10026512367110099,-0.10121362514403318,0.0,729.2802676871546,1000,0,1000,0,0,0,722,32,0.722,0.278,0.2599405164702615,1017245.5186668203,1349.1319876217776,14673.36136359656,0.0,198090378.40855378,6586411.093750006,32173827.4000547,236850616.90235847,0.0,236850616.90235847,38760238.49380471,0.0,0.0,0.0,236850616.90235847,65.7918380284329,13500.000000000016,448.868594628247,2192.669191660161,16141.537786288422,0.0,16141.537786288422,0.0,16141.537786288422,0.8363515408964142,0.02780829190943273,0.13584016719415318,0.0,0.0,314125.4866079025,236850.61690235848,43091644.28082623,0.0,43091644.28082623,57150.721857859724,43091.644280826236,0.0,0.0,0.0,0.0,20747.4,20.747400000000003,184.0,848.1999999999999,0.8482,1.0,1.0,950542.0,950.542,3207.2,4581.0,6792.510891453323,0.1470737428271174,754,14528.0,254.0,17744177.8,728366.6000000001,0.08323776992453716,0.18082323788546256,0.19542795739252555,0.4169291338582678,58.02378738604949,126,0.07481143243804111,0.14672539942514712,0.4166081319194275,0.08853828497832118,0.16703461184031995,0.17538948841179436,0.929711990453988,0,0.0,0.0,0.0,0.0,0.0,0.0,0.0,0,0.0
46,87,host_pretrain,True,True,0.0,False,True,True,True,1000,0,46000,0,0,9.426672499997949,13598.125452821405,0.0,1000,828,172,0,0.828,0.172,314,0.314,153,0,0.0,26,0,170000.0,0.3,True,1000,0,0,1000,0,0,1000,1.0,0,0.0,0,0.0,0,0.0,0,0.0,0.0,0,"{""DC-1"": {""DC-1"": 202}, ""DC-2"": {""DC-2"": 172}, ""DC-3"": {""DC-3"": 201}, ""DC-4"": {""DC-4"": 210}, ""DC-5"": {""DC-5"": 215}}","{""DC-1"": 0.0, ""DC-2"": 0.0, ""DC-3"": 0.0, ""DC-4"": 0.0, ""DC-5"": 0.0}",1000,0,1000,675,0.675,314,0.314,11,0.011,0,0,0,0,46000,0,nan,nan,nan,nan,nan,0.10000000149011612,nan,nan,nan,nan,nan,504,46000,46000,10508,3.1397803534591007,1.5657823308119698,1.573998022647131,-2.0927010131260704,-0.6789316650893953,0.09514533877372741,0.8845057766588907,0.5966878124172725,-0.07620296617674213,-0.07669063919918641,-0.07542611838924507,0.0,1219.8224780850746,1000,0,1000,0,0,0,801,27,0.801,0.199,0.18195510556055766,1063274.75228384,1284.1482515505313,13598.125452821405,0.0,183574693.61308903,6714255.937499997,31324052.556765072,221613002.1073541,0.0,221613002.1073541,38038308.49426507,0.0,0.0,0.0,221613002.1073541,61.559167252042805,13500.000000000004,493.76334707273134,2303.5566678248147,16297.32001489755,0.0,16297.32001489755,0.0,16297.32001489755,0.8283570542677884,0.03029721123604231,0.14134573449616927,0.0,0.0,267648.5532697513,221613.0021073541,43329300.560438685,0.0,43329300.560438685,52330.07314062643,43329.300560438685,0.0,0.0,0.0,0.0,19313.0,19.313,184.0,839.8,0.8398,1.0,1.0,1037017.0,1037.017,3403.949999999999,4583.0,7011.836309031108,0.14247337729680135,828,14528.0,254.0,17942518.0,803163.9999999999,0.09082355895033783,0.1799284140969163,0.23253668331688349,0.5078740157480315,69.91971086740696,150,0.0822938911787886,0.15882789104790596,0.4491846727287449,0.09270308097785986,0.1631029348740642,0.1910281718246744,0.9983858745518764,0,0.0,0.0,0.0,0.0,0.0,0.0,0.0,0,0.0
47,88,host_pretrain,True,True,0.0,False,True,True,True,1000,0,47000,0,0,9.441909799999848,13731.196153883688,0.0,1000,802,198,0,0.802,0.198,372,0.372,185,0,0.0,18,0,170000.0,0.3,True,1000,0,0,1000,0,0,1000,1.0,0,0.0,0,0.0,0,0.0,0,0.0,0.0,0,"{""DC-1"": {""DC-1"": 191}, ""DC-2"": {""DC-2"": 211}, ""DC-3"": {""DC-3"": 189}, ""DC-4"": {""DC-4"": 202}, ""DC-5"": {""DC-5"": 207}}","{""DC-1"": 0.0, ""DC-2"": 0.0, ""DC-3"": 0.0, ""DC-4"": 0.0, ""DC-5"": 0.0}",1000,0,1000,617,0.617,372,0.372,11,0.011,0,0,0,0,47000,0,nan,nan,nan,nan,nan,0.10000000149011612,nan,nan,nan,nan,nan,498,47000,47000,11006,3.027922557060977,1.5102098043185161,1.5177127564527901,-2.0929825176675636,-0.6672985002578024,0.09493691325187684,0.8815577944598524,0.5981798078640398,-0.018651986543283646,-0.018914330026965184,-0.017733049679951495,0.0,1042.8720759170058,1000,0,1000,0,0,0,774,28,0.774,0.226,0.21068855650359758,1088124.856061245,1356.7641596773628,13731.196153883688,0.0,185371148.07742968,7509862.2499999935,31882517.55330813,224763527.8807378,0.0,224763527.8807378,39392379.80330812,0.0,0.0,0.0,224763527.8807378,62.43431330020495,13499.999999999993,546.9197414295132,2321.903874651924,16368.82361608143,0.0,16368.82361608143,0.0,16368.82361608143,0.8247385588990658,0.03341228143555753,0.14184915966537673,0.0,0.0,280253.7754123913,224763.52788073782,44282323.297734976,0.0,44282323.297734976,55214.86695478176,44282.323297734976,0.0,0.0,0.0,0.0,20776.6,20.7766,184.0,843.6999999999999,0.8436999999999999,1.0,1.0,1036556.0,1036.556,3533.2,4578.0,7114.282702550357,0.14042174619260975,802,14528.0,254.0,19717184.2,812688.2999999999,0.09883953448651955,0.17352698237885464,0.23301394870216888,0.45433070866141717,69.27786839101752,133,0.09115329023825229,0.17975402075001928,0.5354224455471481,0.09283115146814597,0.17345579764276178,0.19359773775252886,0.9943111799036292,0,0.0,0.0,0.0,0.0,0.0,0.0,0.0,0,0.0
48,89,host_pretrain,True,True,0.0,False,True,True,True,1000,0,48000,0,0,9.763920899997174,13157.927297194718,0.0,1000,744,256,0,0.744,0.256,457,0.457,210,0,0.0,26,0,170000.0,0.3,True,1000,0,0,1000,0,0,1000,1.0,0,0.0,0,0.0,0,0.0,0,0.0,0.0,0,"{""DC-1"": {""DC-1"": 222}, ""DC-2"": {""DC-2"": 203}, ""DC-3"": {""DC-3"": 199}, ""DC-4"": {""DC-4"": 180}, ""DC-5"": {""DC-5"": 196}}","{""DC-1"": 0.0, ""DC-2"": 0.0, ""DC-3"": 0.0, ""DC-4"": 0.0, ""DC-5"": 0.0}",1000,0,1000,534,0.534,457,0.457,9,0.009,0,0,0,0,48000,0,nan,nan,nan,nan,nan,0.10000000149011612,nan,nan,nan,nan,nan,502,48000,48000,11508,2.9866485258497564,1.4895285734854846,1.4971199527204748,-2.0689880249509773,-0.6335276627386234,0.0947343111038208,0.8644495858139251,0.5965046407691986,-0.029662365665236317,-0.029799567331444933,-0.027129721926131927,0.0,661.4570176527072,1000,0,1000,0,0,0,718,26,0.718,0.282,0.26597837334082924,1113114.563622887,1496.1217252995793,13157.927297194718,0.0,177632018.5121288,6908916.249999991,33591278.29040754,218132213.05253634,0.0,218132213.05253634,40500194.54040753,0.0,0.0,0.0,218132213.05253634,60.59228140348232,13500.00000000001,525.0763356530308,2552.930832622037,16578.00716827508,0.0,16578.00716827508,0.0,16578.00716827508,0.8143318954424525,0.031673067234393316,0.15399503732315412,0.0,0.0,293188.4584039467,218132.21305253633,45585503.7752183,0.0,45585503.7752183,61270.83840755148,45585.5037752183,0.0,0.0,0.0,0.0,22103.0,22.103,184.0,841.4000000000001,0.8414,1.0,1.0,1048283.0,1048.283,3392.4999999999986,4523.0,6836.016372295933,0.14613774245020972,744,14528.0,254.0,18569153.0,796517.4,0.09714015251473675,0.19913270925110133,0.23832745118291748,0.4204724409448817,71.74830645258804,125,0.08751272260883859,0.15800900959326725,0.46579357495753526,0.10343936353031655,0.19115191056983863,0.19875223714923762,0.976521583512581,0,0.0,0.0,0.0,0.0,0.0,0.0,0.0,0,0.0
49,90,host_pretrain,True,True,0.0,False,True,True,True,1000,0,49000,0,0,9.896733399997174,16082.295065556431,0.0,1000,834,166,0,0.834,0.166,329,0.329,174,0,0.0,21,0,170000.0,0.3,True,1000,0,0,1000,0,0,1000,1.0,0,0.0,0,0.0,0,0.0,0,0.0,0.0,0,"{""DC-1"": {""DC-1"": 191}, ""DC-2"": {""DC-2"": 209}, ""DC-3"": {""DC-3"": 203}, ""DC-4"": {""DC-4"": 195}, ""DC-5"": {""DC-5"": 202}}","{""DC-1"": 0.0, ""DC-2"": 0.0, ""DC-3"": 0.0, ""DC-4"": 0.0, ""DC-5"": 0.0}",1000,0,1000,660,0.66,329,0.329,11,0.011,0,0,0,0,49000,0,nan,nan,nan,nan,nan,0.10000000149011612,nan,nan,nan,nan,nan,498,49000,49000,12006,2.940611848630101,1.4658883105080769,1.474723538720464,-2.060398091274093,-0.6557517151935512,0.09452648162841797,0.8743572541508808,0.5974449986913597,-0.01783162597417233,-0.018140402630001426,-0.016211713439818608,0.0,1247.029668186869,1000,0,1000,0,0,0,803,31,0.803,0.197,0.17983237252330342,1072328.4058260948,1285.7654746116245,16082.295065556431,0.0,217110983.38501188,6212130.468749986,34643384.72099045,257966498.57475233,0.0,257966498.57475233,40855515.189740434,0.0,0.0,0.0,257966498.57475233,71.65736071520898,13500.000000000004,386.2713899619061,2154.131893474983,16040.403283436894,0.0,16040.403283436894,0.0,16040.403283436894,0.8416247248558846,0.024081152021954755,0.13429412312216057,0.0,0.0,309312.348410974,257966.49857475233,46268536.714094155,0.0,46268536.714094155,55477.86176749899,46268.53671409415,0.0,0.0,0.0,0.0,20273.0,20.273,184.0,862.0,0.862,1.0,1.0,1025004.0,1025.004,3386.949999999997,4545.0,7201.2970263253965,0.13872500972366633,834,14528.0,254.0,16567405.0,833549.1999999998,0.07090888098729904,0.17593612334801761,0.20405605981001718,0.4673228346456695,59.07813506262933,135,0.06437856499365116,0.11943562324753645,0.3227388883298304,0.08765403160766012,0.15901957613887174,0.1586093163520459,0.8590813651709344,0,0.0,0.0,0.0,0.0,0.0,0.0,0.0,0,0.0
50,91,host_pretrain,True,True,0.0,False,True,True,True,1000,0,50000,0,0,9.805376700001943,13934.828084515495,0.0,1000,808,192,0,0.808,0.192,364,0.364,181,0,0.0,20,0,170000.0,0.3,True,1000,0,0,1000,0,0,1000,1.0,0,0.0,0,0.0,0,0.0,0,0.0,0.0,0,"{""DC-1"": {""DC-1"": 213}, ""DC-2"": {""DC-2"": 202}, ""DC-3"": {""DC-3"": 190}, ""DC-4"": {""DC-4"": 198}, ""DC-5"": {""DC-5"": 197}}","{""DC-1"": 0.0, ""DC-2"": 0.0, ""DC-3"": 0.0, ""DC-4"": 0.0, ""DC-5"": 0.0}",1000,0,1000,627,0.627,364,0.364,9,0.009,0,0,0,0,50000,0,nan,nan,nan,nan,nan,0.10000000149011612,nan,nan,nan,nan,nan,500,50000,50000,12506,2.8898560464382173,1.441045017004013,1.4488110299110413,-2.053362545967102,-0.6512644103765488,0.09431222975254058,0.871775475025177,0.5968178091049194,0.013657835191115736,0.01310246292874217,0.017091434236615896,0.0,1085.8288606100991,1000,0,1000,0,0,0,778,30,0.778,0.222,0.20538236843838892,1022803.2083743477,1265.845554918747,13934.828084515495,0.0,188120179.14095908,6873804.999999997,30714726.104232997,225708710.24519208,0.0,225708710.24519208,37588531.104233,0.0,0.0,0.0,225708710.24519208,62.6968639569978,13499.999999999993,493.28236834426616,2204.169719062661,16197.45208740692,0.0,16197.45208740692,0.0,16197.45208740692,0.8334644194129691,0.030454318721385806,0.1360812618656451,0.0,0.0,279342.46317474265,225708.71024519208,42413721.072795145,0.0,42413721.072795145,52492.22905048904,42413.721072795146,0.0,0.0,0.0,0.0,20735.2,20.7352,184.0,843.5,0.8435,1.0,1.0,979118.0,979.118,3385.5999999999995,4574.0,6479.540709539142,0.1541775944904981,808,14528.0,254.0,18240628.0,770905.0999999996,0.09010156617554115,0.1883259911894273,0.21780386743281616,0.474803149606299,64.37603640025033,144,0.08221372805737773,0.1582505659226474,0.4539737171321516,0.08848710709034002,0.15021264387596064,0.17764714198653597,0.9589600126903625,0,0.0,0.0,0.0,0.0,0.0,0.0,0.0,0,0.0
51,92,host_pretrain,True,True,0.0,False,True,True,True,1000,0,51000,0,0,8.046840100003465,13037.313285893859,0.0,1000,813,187,0,0.813,0.187,343,0.343,170,0,0.0,25,0,170000.0,0.3,True,1000,0,0,1000,0,0,1000,1.0,0,0.0,0,0.0,0,0.0,0,0.0,0.0,0,"{""DC-1"": {""DC-1"": 219}, ""DC-2"": {""DC-2"": 220}, ""DC-3"": {""DC-3"": 184}, ""DC-4"": {""DC-4"": 193}, ""DC-5"": {""DC-5"": 184}}","{""DC-1"": 0.0, ""DC-2"": 0.0, ""DC-3"": 0.0, ""DC-4"": 0.0, ""DC-5"": 0.0}",1000,0,1000,643,0.643,343,0.343,14,0.014,0,0,0,0,51000,0,nan,nan,nan,nan,nan,0.10000000149011612,nan,nan,nan,nan,nan,502,51000,51000,13008,2.8298627131013756,1.4106191331409363,1.4192435810290485,-2.033395791908659,-0.6501935494848456,0.09408818185329437,0.8706016839737911,0.5964045042535698,0.04688824103417921,0.04678274853993578,0.0487484045130056,0.0,1127.1845769202664,1000,0,1000,0,0,0,792,21,0.792,0.208,0.19640116265345817,1031287.6253035499,1268.4964640880073,13037.313285893859,0.0,176003729.35956708,7126630.031250011,33897048.82727656,217027408.21809363,0.0,217027408.21809363,41023678.85852657,0.0,0.0,0.0,217027408.21809363,60.28539117169267,13499.999999999998,546.6333342592064,2600.002629679273,16646.635963938475,0.0,16646.635963938475,0.0,16646.635963938475,0.8109746635443329,0.032837465506146434,0.15618787094952072,0.0,0.0,266946.3815720709,217027.40821809362,46026641.45437186,0.0,46026641.45437186,56613.335122228615,46026.641454371864,0.0,0.0,0.0,0.0,21192.4,21.192400000000003,184.0,828.2,0.8282,1.0,1.0,1018540.0,1018.54,3344.7999999999993,4560.0,6546.893193687757,0.15259146139167115,813,14528.0,254.0,19502324.400000002,770603.4000000001,0.10296566845296445,0.19666850220264315,0.2327068152014037,0.4799212598425198,71.42844385028161,143,0.0911055557098676,0.16705930786922962,0.45123464020434667,0.10662904384633637,0.18537769203315405,0.1937929836870309,0.9524968624813255,0,0.0,0.0,0.0,0.0,0.0,0.0,0.0,0,0.0
52,93,host_pretrain,True,True,0.0,False,True,True,True,1000,0,52000,0,0,7.8649646999983815,14277.75772725604,0.0,1000,748,252,0,0.748,0.252,446,0.446,205,0,0.0,44,0,170000.0,0.3,True,1000,0,0,1000,0,0,1000,1.0,0,0.0,0,0.0,0,0.0,0,0.0,0.0,0,"{""DC-1"": {""DC-1"": 226}, ""DC-2"": {""DC-2"": 170}, ""DC-3"": {""DC-3"": 239}, ""DC-4"": {""DC-4"": 179}, ""DC-5"": {""DC-5"": 186}}","{""DC-1"": 0.0, ""DC-2"": 0.0, ""DC-3"": 0.0, ""DC-4"": 0.0, ""DC-5"": 0.0}",1000,0,1000,543,0.543,446,0.446,11,0.011,0,0,0,0,52000,0,nan,nan,nan,nan,nan,0.10000000149011612,nan,nan,nan,nan,nan,498,52000,52000,13506,2.8111474047224205,1.4017895669582858,1.4093578401578957,-2.0299503353226136,-0.6273850519135296,0.09386172741651536,0.859491042583343,0.5945716490707245,-0.00546696007319064,-0.006048553380142733,-0.004045802998883897,0.0,681.0936254870447,1000,0,1000,0,0,0,718,30,0.718,0.282,0.2687491293658004,1064829.3169042547,1423.5686054869716,14277.75772725604,0.0,192749729.31795672,7313159.468749998,36047467.18427083,236110355.97097754,0.0,236110355.97097754,43360626.65302083,0.0,0.0,0.0,236110355.97097754,65.5862099919382,13500.000000000013,512.20644084675,2524.7288736001397,16536.935314446902,0.0,16536.935314446902,0.0,16536.935314446902,0.8163544056561811,0.030973480340053042,0.15267211400376587,0.0,0.0,315655.55611093255,236110.35597097754,48090527.69247716,0.0,48090527.69247716,64292.149321493525,48090.52769247716,0.0,0.0,0.0,0.0,22584.4,22.584400000000002,184.0,845.4000000000001,0.8454,1.0,1.0,1020188.0,1020.188,3230.7999999999993,4578.0,6620.111884297582,0.15090379399320342,748,14528.0,254.0,19219459.6,779021.1000000001,0.09265638086882995,0.1892483480176211,0.2148104949889664,0.451968503937008,62.917162285582656,136,0.08536774014112503,0.15140865604581136,0.3937650805730177,0.10305455717259727,0.16964748187711395,0.18889634441820083,0.9942643427644429,0,0.0,0.0,0.0,0.0,0.0,0.0,0.0,0,0.0
53,94,host_pretrain,True,True,0.0,False,True,True,True,1000,0,53000,0,0,8.887834300003306,16056.433637789523,0.0,1000,759,241,0,0.759,0.241,440,0.44,209,0,0.0,29,0,170000.0,0.3,True,1000,0,0,1000,0,0,1000,1.0,0,0.0,0,0.0,0,0.0,0,0.0,0.0,0,"{""DC-1"": {""DC-1"": 199}, ""DC-2"": {""DC-2"": 189}, ""DC-3"": {""DC-3"": 202}, ""DC-4"": {""DC-4"": 205}, ""DC-5"": {""DC-5"": 205}}","{""DC-1"": 0.0, ""DC-2"": 0.0, ""DC-3"": 0.0, ""DC-4"": 0.0, ""DC-5"": 0.0}",1000,0,1000,550,0.55,440,0.44,10,0.01,0,0,0,0,53000,0,nan,nan,nan,nan,nan,0.10000000149011612,nan,nan,nan,nan,nan,500,53000,53000,14006,2.75811054110527,1.3749028970003128,1.3832076399326325,-2.027168834209442,-0.620405671209097,0.09365078955888748,0.8572754497528077,0.5967361831665039,0.07801903762668372,0.07789181173220276,0.07795326457545161,0.0,751.1591896842478,1000,0,1000,0,0,0,725,34,0.725,0.275,0.2581424517007065,1071644.1997881322,1411.9159417498447,16056.433637789523,0.0,216761854.1101587,7911268.812499986,34083359.24744913,258756482.17010784,0.0,258756482.17010784,41994628.059949115,0.0,0.0,0.0,258756482.17010784,71.87680060280773,13500.00000000001,492.71643946389605,2122.722892039515,16115.439331503421,0.0,16115.439331503421,0.0,16115.439331503421,0.8377059863090052,0.03057418599198252,0.13171982769901222,0.0,0.0,340917.63131766516,258756.48217010783,47098739.40901439,0.0,47098739.40901439,62053.67511069089,47098.739409014386,0.0,0.0,0.0,0.0,22501.2,22.5012,184.0,846.0,0.846,1.0,1.0,1048890.0,1048.89,3466.099999999999,4584.0,6710.9194709591475,0.14886186674167012,759,14528.0,254.0,21063572.2,789872.8000000002,0.09029778679140779,0.200454295154185,0.19367535177624798,0.4590551181102362,57.75329820549505,134,0.08211940657731615,0.14770640486515976,0.4066399742125757,0.08640896890917585,0.15531796223271183,0.16380846138186506,0.981026226373151,0,0.0,0.0,0.0,0.0,0.0,0.0,0.0,0,0.0
54,95,host_pretrain,True,True,0.0,False,True,True,True,1000,0,54000,0,0,10.922762000001967,11921.110341919271,0.0,1000,789,211,0,0.789,0.211,427,0.427,233,0,0.0,16,0,170000.0,0.3,True,1000,0,0,1000,0,0,1000,1.0,0,0.0,0,0.0,0,0.0,0,0.0,0.0,0,"{""DC-1"": {""DC-1"": 219}, ""DC-2"": {""DC-2"": 189}, ""DC-3"": {""DC-3"": 198}, ""DC-4"": {""DC-4"": 187}, ""DC-5"": {""DC-5"": 207}}","{""DC-1"": 0.0, ""DC-2"": 0.0, ""DC-3"": 0.0, ""DC-4"": 0.0, ""DC-5"": 0.0}",1000,0,1000,556,0.556,427,0.427,17,0.017,0,0,0,0,54000,0,nan,nan,nan,nan,nan,0.10000000149011612,nan,nan,nan,nan,nan,500,54000,54000,14506,2.695310747385025,1.343262554883957,1.3520481976270675,-2.0039565362930296,-0.6299818357899785,0.0934341698884964,0.8614648840427399,0.596770352602005,0.084308797204867,0.0841814482640475,0.0864132242165506,0.0,952.5670776044304,1000,0,1000,0,0,0,745,44,0.745,0.255,0.22965345115543462,1082460.7440333678,1371.9401065061697,11921.110341919271,0.0,160934989.6159101,7581457.812500009,36941151.91905444,205457599.34746456,0.0,205457599.34746456,44522609.73155445,0.0,0.0,0.0,205457599.34746456,57.07155537429571,13499.999999999996,635.9690997776145,3098.801274337253,17234.77037411486,0.0,17234.77037411486,0.0,17234.77037411486,0.7833002533225409,0.03690035236748992,0.17979939430996916,0.0,0.0,260402.53402720476,205457.59934746457,49581737.23497688,0.0,49581737.23497688,62841.23857411518,49581.73723497688,0.0,0.0,0.0,0.0,23339.6,23.339599999999997,184.0,846.7,0.8467,1.0,1.0,1008810.0,1008.81,3373.8499999999995,4534.0,6304.316194410048,0.15846286404317722,789,14528.0,254.0,20526528.0,797309.7999999996,0.11852035864138144,0.21998898678414097,0.2633156535420966,0.4653543307086615,78.10564396219607,139,0.10599484996293562,0.18860140014429225,0.5079504584609668,0.12736082935673593,0.21115183894110556,0.2276336918963071,0.9929444204854386,0,0.0,0.0,0.0,0.0,0.0,0.0,0.0,0,0.0
55,96,host_pretrain,True,True,0.0,False,True,True,True,1000,0,55000,0,0,9.93783689999691,13998.948603115477,0.0,1000,856,144,0,0.856,0.144,270,0.27,138,0,0.0,27,0,170000.0,0.3,True,1000,0,0,1000,0,0,1000,1.0,0,0.0,0,0.0,0,0.0,0,0.0,0.0,0,"{""DC-1"": {""DC-1"": 200}, ""DC-2"": {""DC-2"": 206}, ""DC-3"": {""DC-3"": 187}, ""DC-4"": {""DC-4"": 204}, ""DC-5"": {""DC-5"": 203}}","{""DC-1"": 0.0, ""DC-2"": 0.0, ""DC-3"": 0.0, ""DC-4"": 0.0, ""DC-5"": 0.0}",1000,0,1000,718,0.718,270,0.27,12,0.012,0,0,0,0,55000,0,nan,nan,nan,nan,nan,0.10000000149011612,nan,nan,nan,nan,nan,500,55000,55000,15006,2.6938789134025574,1.341839880466461,1.3520390284061432,-2.058651550769806,-0.6474985976219177,0.09320258647203446,0.8694025442600251,0.5975388658046722,0.1246037322729826,0.12402221368253231,0.1260694071352482,0.0,1400.2538251306544,1000,0,1000,0,0,0,838,18,0.838,0.162,0.15453221366764766,991471.66720004,1158.2612934579906,13998.948603115477,0.0,188985806.14205885,6909028.000000003,36340775.48644089,232235609.62849975,0.0,232235609.62849975,43249803.48644089,0.0,0.0,0.0,232235609.62849975,64.50989156347215,13499.999999999993,493.53906467392795,2595.9646339692413,16589.503698643162,0.0,16589.503698643162,0.0,16589.503698643162,0.8137675632275934,0.02975008014943171,0.15648235662297494,0.0,0.0,271303.28227628476,232235.60962849975,48411467.84627319,0.0,48411467.84627319,56555.45309144064,48411.46784627319,0.0,0.0,0.0,0.0,21219.8,21.2198,184.0,845.1,0.8451000000000001,1.0,1.0,988499.0,988.499,3361.2999999999997,4516.0,6664.888533408205,0.14988997865342307,856,14528.0,254.0,18548458.200000003,798125.9000000001,0.09120246268144216,0.21010462555066076,0.22446171079280916,0.5405511811023624,65.97074010218665,158,0.08225651077898793,0.14333907219069342,0.4007492088996223,0.10680276193508263,0.17511936467580036,0.18743587625839805,0.9966480706277612,0,0.0,0.0,0.0,0.0,0.0,0.0,0.0,0,0.0
56,97,host_pretrain,True,True,0.0,False,True,True,True,1000,0,56000,0,0,9.89673860000039,15741.149933401102,0.0,1000,815,185,0,0.815,0.185,334,0.334,153,0,0.0,42,0,170000.0,0.3,True,1000,0,0,1000,0,0,1000,1.0,0,0.0,0,0.0,0,0.0,0,0.0,0.0,0,"{""DC-1"": {""DC-1"": 183}, ""DC-2"": {""DC-2"": 203}, ""DC-3"": {""DC-3"": 216}, ""DC-4"": {""DC-4"": 186}, ""DC-5"": {""DC-5"": 212}}","{""DC-1"": 0.0, ""DC-2"": 0.0, ""DC-3"": 0.0, ""DC-4"": 0.0, ""DC-5"": 0.0}",1000,0,1000,662,0.662,334,0.334,4,0.004,0,0,0,0,56000,0,nan,nan,nan,nan,nan,0.10000000149011612,nan,nan,nan,nan,nan,500,56000,56000,15506,2.614688939809799,1.3027901116609573,1.3118988318443299,-2.1222606024742126,-0.5798140521720052,0.09299940913915634,0.8407998213768005,0.5981325697898865,0.13051146202906966,0.1302268082667142,0.13104553505219518,0.0,1104.085133208554,1000,0,1000,0,0,0,792,23,0.792,0.208,0.1950839121103047,1077942.33676849,1322.628634071767,15741.149933401102,0.0,212505524.10091463,7778262.656250005,39349316.25360395,259633103.0107686,0.0,259633103.0107686,47127578.90985396,0.0,0.0,0.0,259633103.0107686,72.12030639188016,13499.999999999984,494.1356056678763,2499.7739313891384,16493.909537057,0.0,16493.909537057,0.0,16493.909537057,0.8184839361262062,0.029958670778307463,0.15155739309548633,0.0,0.0,318568.2245530903,259633.1030107686,52262370.527197964,0.0,52262370.527197964,64125.608008831856,52262.37052719796,0.0,0.0,0.0,0.0,21136.0,21.136,184.0,845.2,0.8452000000000001,1.0,1.0,1077119.0,1077.119,3654.05,4574.0,6485.995524173301,0.1540241580921121,815,14528.0,254.0,21196035.0,818947.3,0.09268561612327175,0.20814977973568283,0.20482632985170365,0.5062992125984253,61.63971527525861,153,0.08235593427797934,0.145881675180639,0.4057422924906157,0.10239830043037604,0.16775464660405903,0.18279470599494047,0.993129476953166,0,0.0,0.0,0.0,0.0,0.0,0.0,0.0,0,0.0
57,98,host_pretrain,True,True,0.0,False,True,True,True,1000,0,57000,0,0,9.624204100000497,14654.93137956501,0.0,1000,814,186,0,0.814,0.186,306,0.306,124,0,0.0,46,0,170000.0,0.3,True,1000,0,0,1000,0,0,1000,1.0,0,0.0,0,0.0,0,0.0,0,0.0,0.0,0,"{""DC-1"": {""DC-1"": 223}, ""DC-2"": {""DC-2"": 190}, ""DC-3"": {""DC-3"": 209}, ""DC-4"": {""DC-4"": 205}, ""DC-5"": {""DC-5"": 173}}","{""DC-1"": 0.0, ""DC-2"": 0.0, ""DC-3"": 0.0, ""DC-4"": 0.0, ""DC-5"": 0.0}",1000,0,1000,690,0.69,306,0.306,4,0.004,0,0,0,0,57000,0,nan,nan,nan,nan,nan,0.10000000149011612,nan,nan,nan,nan,nan,500,57000,57000,16006,2.6074656252861024,1.2992762664556503,1.3081893547773362,-2.1177906918525697,-0.5698929180689156,0.09279375523328781,0.8322933137416839,0.594359395980835,0.09592264443449676,0.09578389209881424,0.09848430163040757,0.0,1114.1630388646097,1000,0,1000,0,0,0,798,16,0.798,0.202,0.195246772792642,971489.8973483697,1193.4765323690046,14654.93137956501,0.0,197841573.6241276,7427081.562499996,36905170.121019386,242173825.307647,0.0,242173825.307647,44332251.68351938,0.0,0.0,0.0,242173825.307647,67.27050702990194,13499.999999999996,506.79743017127987,2518.276555868446,16525.073986039723,0.0,16525.073986039723,0.0,16525.073986039723,0.8169403665850278,0.03066839099173892,0.15239124242323332,0.0,0.0,297510.8419012862,242173.825307647,48843583.770450845,0.0,48843583.770450845,60004.40266640153,48843.583770450845,0.0,0.0,0.0,0.0,19758.0,19.758,184.0,835.1,0.8351000000000001,1.0,1.0,1007567.0,1007.567,3439.7999999999975,4580.0,6496.665766967409,0.153771185995047,814,14528.0,254.0,20098416.0,756503.0999999997,0.0944000470300945,0.19679240088105726,0.20323252182336224,0.46023622047244084,60.34862785050113,137,0.08446623836188001,0.14508923482688665,0.3587003070343068,0.10246221637679004,0.16261404183695588,0.19329836458342115,0.911774996001149,0,0.0,0.0,0.0,0.0,0.0,0.0,0.0,0,0.0
58,99,host_pretrain,True,True,0.0,False,True,True,True,1000,0,58000,0,0,9.869017400000303,12173.978369643452,0.0,1000,884,116,0,0.884,0.116,191,0.191,85,0,0.0,29,0,170000.0,0.3,True,1000,0,0,1000,0,0,1000,1.0,0,0.0,0,0.0,0,0.0,0,0.0,0.0,0,"{""DC-1"": {""DC-1"": 210}, ""DC-2"": {""DC-2"": 192}, ""DC-3"": {""DC-3"": 196}, ""DC-4"": {""DC-4"": 198}, ""DC-5"": {""DC-5"": 204}}","{""DC-1"": 0.0, ""DC-2"": 0.0, ""DC-3"": 0.0, ""DC-4"": 0.0, ""DC-5"": 0.0}",1000,0,1000,799,0.799,191,0.191,10,0.01,0,0,0,0,58000,0,nan,nan,nan,nan,nan,0.10000000149011612,nan,nan,nan,nan,nan,502,58000,58000,16508,2.542067853815527,1.2654114028372139,1.2766564490785637,-2.109150839516841,-0.6349317559386155,0.09255905598402023,0.8621172757737665,0.5966850963246775,0.15467246248576033,0.15440574181136263,0.1561583925476409,0.0,1588.371900979954,1000,0,1000,0,0,0,872,12,0.872,0.128,0.12004861356735609,983151.9566320785,1112.162846868867,12173.978369643452,0.0,164348707.99018678,6852249.406250016,37002562.4449748,208203519.84141162,0.0,208203519.84141162,43854811.85122482,0.0,0.0,0.0,208203519.84141162,57.834311067058785,13500.000000000015,562.8603237325041,3039.4798907514837,17102.340214484004,0.0,17102.340214484004,0.0,17102.340214484004,0.7893656558514044,0.0329113043404327,0.17772303980816276,0.0,0.0,235524.3437120041,208203.51984141162,48600339.2831636,0.0,48600339.2831636,54977.75937009457,48600.3392831636,0.0,0.0,0.0,0.0,20201.2,20.2012,184.0,841.6,0.8416,1.0,1.0,973865.0,973.865,3456.6999999999994,4567.0,7086.44831472097,0.14097329940652165,884,14528.0,254.0,18245974.6,784880.7999999997,0.10316412737416376,0.19176762114537446,0.2538267931762622,0.4677165354330708,75.28426387592165,136,0.09381005395541714,0.15922793244647648,0.4432721163449913,0.12431521595058694,0.19515880030016614,0.22497389373352536,0.9990058120949714,0,0.0,0.0,0.0,0.0,0.0,0.0,0.0,0,0.0
59,100,host_pretrain,True,True,0.0,False,True,True,True,1000,0,59000,0,0,9.877591199998278,14254.53011564053,0.0,1000,782,218,0,0.782,0.218,378,0.378,166,0,0.0,46,0,170000.0,0.3,True,1000,0,0,1000,0,0,1000,1.0,0,0.0,0,0.0,0,0.0,0,0.0,0.0,0,"{""DC-1"": {""DC-1"": 239}, ""DC-2"": {""DC-2"": 174}, ""DC-3"": {""DC-3"": 175}, ""DC-4"": {""DC-4"": 218}, ""DC-5"": {""DC-5"": 194}}","{""DC-1"": 0.0, ""DC-2"": 0.0, ""DC-3"": 0.0, ""DC-4"": 0.0, ""DC-5"": 0.0}",1000,0,1000,616,0.616,378,0.378,6,0.006,0,0,0,0,59000,0,nan,nan,nan,nan,nan,0.10000000149011612,nan,nan,nan,nan,nan,498,59000,59000,17006,2.504356826883722,1.246374570701017,1.2579822573795856,-2.094284664674935,-0.6014106693756149,0.09233252108097076,0.8461775494866581,0.5953866753233484,0.18103485484139986,0.18047884769969616,0.18246779728486356,0.0,889.8018644222713,1000,0,1000,0,0,0,745,37,0.745,0.255,0.23434586691328474,1063815.2564180538,1360.3775657519868,14254.53011564053,0.0,192436156.56114718,7561616.187499996,37669453.56527961,237667226.3139268,0.0,237667226.3139268,45231069.7527796,0.0,0.0,0.0,237667226.3139268,66.01867397609077,13500.000000000002,530.4710941824135,2642.6303259163537,16673.10142009877,0.0,16673.10142009877,0.0,16673.10142009877,0.8096873916766488,0.03181598197099379,0.15849662635235737,0.0,0.0,303922.28428890894,237667.22631392677,49782107.987425886,0.0,49782107.987425886,63659.98463865203,49782.10798742589,0.0,0.0,0.0,0.0,20990.2,20.9902,192.0,837.8,0.8378,1.0,1.0,1035116.0,1035.116,3378.8499999999985,4569.0,6618.5717024707155,0.1509389102224386,782,14528.0,254.0,19939735.2,780119.1000000002,0.09628544669133049,0.1768309471365639,0.215463786912212,0.42913385826771666,64.1245269107158,133,0.08841184903040228,0.1642646040339853,0.4764192869090238,0.1078912624634693,0.16951599429641967,0.20101154794322945,0.9516222428977744,0,0.0,0.0,0.0,0.0,0.0,0.0,0.0,0,0.0
60,101,host_pretrain,True,True,0.0,False,True,True,True,1000,0,60000,0,0,9.655341000005137,12776.664281596512,0.0,1000,882,118,0,0.882,0.118,218,0.218,108,0,0.0,38,0,170000.0,0.3,True,1000,0,0,1000,0,0,1000,1.0,0,0.0,0,0.0,0,0.0,0,0.0,0.0,0,"{""DC-1"": {""DC-1"": 217}, ""DC-2"": {""DC-2"": 212}, ""DC-3"": {""DC-3"": 180}, ""DC-4"": {""DC-4"": 203}, ""DC-5"": {""DC-5"": 188}}","{""DC-1"": 0.0, ""DC-2"": 0.0, ""DC-3"": 0.0, ""DC-4"": 0.0, ""DC-5"": 0.0}",1000,0,1000,774,0.774,218,0.218,8,0.008,0,0,0,0,60000,0,nan,nan,nan,nan,nan,0.10000000149011612,nan,nan,nan,nan,nan,502,60000,60000,17508,2.47820732080604,1.2340313343412848,1.2441759855148802,-2.0827543963474104,-0.5958771190914025,0.09210427552461624,0.8446848746314942,0.596346466664774,0.20708911703060942,0.20690610280178814,0.2074366021099912,0.0,1580.8069960117177,1000,0,1000,0,0,0,866,16,0.866,0.134,0.12320016719799785,905319.7737486302,1026.4396527762246,12776.664281596512,0.0,172484967.8015529,7851517.500000005,33885030.17728622,214221515.4788391,0.0,214221515.4788391,41736547.67728623,0.0,0.0,0.0,214221515.4788391,59.50597652189975,13499.999999999998,614.5201381951719,2652.103039609029,16766.6231778042,0.0,16766.6231778042,0.0,16766.6231778042,0.805171074511379,0.036651395554036126,0.15817752993458495,0.0,0.0,242881.5368240806,214221.5154788391,46123560.27632202,0.0,46123560.27632202,52294.28602757599,46123.56027632202,0.0,0.0,0.0,0.0,22930.0,22.93,184.0,831.0,0.831,1.0,1.0,902562.0,902.562,2996.6499999999996,4581.0,6699.854408472499,0.14910771773438614,882,14528.0,254.0,21954819.0,715813.6000000002,0.11827870104818265,0.22274229074889867,0.2205711692359984,0.4751968503937006,66.11146551112574,135,0.10242002303252859,0.18034467190282913,0.43169168148564646,0.10783909200655885,0.1785262857932979,0.2006373727987826,0.9600055524206087,0,0.0,0.0,0.0,0.0,0.0,0.0,0.0,0,0.0
61,102,host_pretrain,True,True,0.0,False,True,True,True,1000,0,61000,0,0,9.910530900000595,11377.41306420556,0.0,1000,830,170,0,0.83,0.17,283,0.283,121,0,0.0,29,0,170000.0,0.3,True,1000,0,0,1000,0,0,1000,1.0,0,0.0,0,0.0,0,0.0,0,0.0,0.0,0,"{""DC-1"": {""DC-1"": 196}, ""DC-2"": {""DC-2"": 192}, ""DC-3"": {""DC-3"": 192}, ""DC-4"": {""DC-4"": 231}, ""DC-5"": {""DC-5"": 189}}","{""DC-1"": 0.0, ""DC-2"": 0.0, ""DC-3"": 0.0, ""DC-4"": 0.0, ""DC-5"": 0.0}",1000,0,1000,709,0.709,283,0.283,8,0.008,0,0,0,0,61000,0,nan,nan,nan,nan,nan,0.10000000149011612,nan,nan,nan,nan,nan,500,61000,61000,18008,2.4603209829330446,1.2248132970333099,1.2355076895952224,-2.0544692001342773,-0.5864962354600429,0.09187642335891724,0.8397439920902252,0.5958912332057953,0.20987571866065263,0.20958902510255575,0.2122299375664443,0.0,1219.2404515299495,1000,0,1000,0,0,0,812,18,0.812,0.188,0.17886046563905672,1027793.6402748934,1238.3055906926427,11377.41306420556,0.0,153595076.36677498,7450251.187500002,38198996.23466767,199244323.78894264,0.0,199244323.78894264,45649247.42216767,0.0,0.0,0.0,199244323.78894264,55.34564549692851,13499.999999999993,654.8282237320899,3357.4412758947287,17512.269499626807,0.0,17512.269499626807,0.0,17512.269499626807,0.7708880907918692,0.03739253919921941,0.19171937000891157,0.0,0.0,240053.40215535258,199244.32378894262,50310673.28260797,0.0,50310673.28260797,60615.26901519033,50310.673282607975,0.0,0.0,0.0,0.0,22050.6,22.0506,184.0,842.0,0.842,1.0,1.0,1000398.0,1000.398,3446.5999999999995,4525.0,6868.742388141476,0.1454414714584028,830,14528.0,254.0,19991429.4,780134.2,0.12094683017478461,0.2208562775330396,0.2699554345839723,0.4582677165354332,81.73492469264879,146,0.10913803728868164,0.1778030476364308,0.4709092142122593,0.13677247993181282,0.21323774282296687,0.2447982694019758,0.9864435402760692,0,0.0,0.0,0.0,0.0,0.0,0.0,0.0,0,0.0
62,103,host_pretrain,True,True,0.0,False,True,True,True,1000,0,62000,0,0,9.843409699999029,14409.06999251663,0.0,1000,822,178,0,0.822,0.178,346,0.346,178,0,0.0,29,0,170000.0,0.3,True,1000,0,0,1000,0,0,1000,1.0,0,0.0,0,0.0,0,0.0,0,0.0,0.0,0,"{""DC-1"": {""DC-1"": 190}, ""DC-2"": {""DC-2"": 196}, ""DC-3"": {""DC-3"": 207}, ""DC-4"": {""DC-4"": 197}, ""DC-5"": {""DC-5"": 210}}","{""DC-1"": 0.0, ""DC-2"": 0.0, ""DC-3"": 0.0, ""DC-4"": 0.0, ""DC-5"": 0.0}",1000,0,1000,644,0.644,346,0.346,10,0.01,0,0,0,0,62000,0,nan,nan,nan,nan,nan,0.10000000149011612,nan,nan,nan,nan,nan,498,62000,62000,18506,2.360776730809346,1.1752634104715294,1.185513316148735,-2.0697685441817626,-0.6262064763909603,0.09163888990879059,0.8574582077413199,0.5975350828534628,0.231916730434271,0.23168838408263212,0.23250201679990593,0.0,1154.771117410278,1000,0,1000,0,0,0,786,36,0.786,0.214,0.1922270204952745,1080106.8801623592,1313.9986376671036,14409.06999251663,0.0,194522444.8989745,8117348.562500012,39876989.46666936,242516782.92814386,0.0,242516782.92814386,47994338.02916937,0.0,0.0,0.0,242516782.92814386,67.36577303559551,13500.0,563.3499293650297,2767.4922453273894,16830.842174692418,0.0,16830.842174692418,0.0,16830.842174692418,0.8020989003330554,0.03347128584047369,0.16442981382647093,0.0,0.0,295032.5826376446,242516.78292814386,52494973.0774737,0.0,52494973.0774737,63862.49766116022,52494.9730774737,0.0,0.0,0.0,0.0,23480.4,23.480400000000003,184.0,847.8000000000001,0.8478000000000001,1.0,1.0,979958.0,979.958,3140.9999999999973,4584.0,6759.205356599563,0.14779843891332506,822,14528.0,254.0,21917261.4,791376.8999999997,0.10469947529679448,0.22769823788546256,0.2162288814081889,0.44763779527559044,63.51284298537588,132,0.09389165489417149,0.15143715197146015,0.3906590680099486,0.11266284887526384,0.17854121156042949,0.2044995967990132,0.892771012055666,0,0.0,0.0,0.0,0.0,0.0,0.0,0.0,0,0.0
63,104,host_pretrain,True,True,0.0,False,True,True,True,1000,0,63000,0,0,9.792530899998383,12598.279148375583,0.0,1000,944,56,0,0.944,0.056,114,0.114,66,0,0.0,5,0,170000.0,0.3,True,1000,0,0,1000,0,0,1000,1.0,0,0.0,0,0.0,0,0.0,0,0.0,0.0,0,"{""DC-1"": {""DC-1"": 217}, ""DC-2"": {""DC-2"": 198}, ""DC-3"": {""DC-3"": 185}, ""DC-4"": {""DC-4"": 190}, ""DC-5"": {""DC-5"": 210}}","{""DC-1"": 0.0, ""DC-2"": 0.0, ""DC-3"": 0.0, ""DC-4"": 0.0, ""DC-5"": 0.0}",1000,0,1000,878,0.878,114,0.114,8,0.008,0,0,0,0,63000,0,nan,nan,nan,nan,nan,0.10000000149011612,nan,nan,nan,nan,nan,498,63000,63000,19004,2.3158593107179466,1.1521107681903495,1.163748544921358,-2.0835634067834143,-0.6432726684823094,0.09138696938753128,0.8646050085983124,0.597477568680024,0.26747654050394115,0.26780252394838683,0.2687290623731702,0.0,1975.035757310168,1000,0,1000,0,0,0,938,6,0.938,0.062,0.0580571663024215,984288.0841280324,1042.6780552203734,12598.279148375583,0.0,170076768.5030704,7422998.499999997,37223111.69751775,214722878.70058817,0.0,214722878.70058817,44646110.19751775,0.0,0.0,0.0,214722878.70058817,59.64524408349671,13500.000000000004,589.2073363811053,2954.6187426968777,17043.826079077986,0.0,17043.826079077986,0.0,17043.826079077986,0.7920756722912011,0.03457013311725717,0.17335419459154164,0.0,0.0,227460.6765896061,214722.87870058816,49860705.70709673,0.0,49860705.70709673,52818.544181246536,49860.705707096735,0.0,0.0,0.0,0.0,19426.8,19.4268,184.0,844.9,0.8449,1.0,1.0,975027.0,975.027,3291.4999999999995,4581.0,6692.667614922811,0.1492678342149406,944,14528.0,254.0,20075989.6,812674.3999999999,0.10968819850535245,0.21734581497797353,0.25396369409893305,0.506692913385827,76.02347818459745,154,0.09820122273018426,0.16476356327265257,0.4360802052047224,0.12118706706041342,0.17904631289607956,0.20931431196795067,0.9983908877462112,0,0.0,0.0,0.0,0.0,0.0,0.0,0.0,0,0.0
64,105,host_pretrain,True,True,0.0,False,True,True,True,1000,0,64000,0,0,9.790900100000727,12673.769932782334,0.0,1000,831,169,0,0.831,0.169,317,0.317,163,0,0.0,16,0,170000.0,0.3,True,1000,0,0,1000,0,0,1000,1.0,0,0.0,0,0.0,0,0.0,0,0.0,0.0,0,"{""DC-1"": {""DC-1"": 205}, ""DC-2"": {""DC-2"": 207}, ""DC-3"": {""DC-3"": 192}, ""DC-4"": {""DC-4"": 205}, ""DC-5"": {""DC-5"": 191}}","{""DC-1"": 0.0, ""DC-2"": 0.0, ""DC-3"": 0.0, ""DC-4"": 0.0, ""DC-5"": 0.0}",1000,0,1000,668,0.668,317,0.317,15,0.015,0,0,0,0,64000,0,nan,nan,nan,nan,nan,0.10000000149011612,nan,nan,nan,nan,nan,504,64000,64000,19508,2.2861490729782314,1.1384966125090916,1.1476524648448778,-2.0710852619201416,-0.6034191907309587,0.0911450669169426,0.846366559938779,0.5965115049528698,0.2776708485011662,0.2771324925919226,0.276499514793238,0.0,1228.1860599182749,1000,0,1000,0,0,0,804,27,0.804,0.196,0.18119211199818255,1063933.4104310807,1280.3049463671248,12673.769932782334,0.0,171095894.09256172,7271785.718750002,39819124.19774618,218186804.0090579,0.0,218186804.0090579,47090909.91649618,0.0,0.0,0.0,218186804.0090579,60.60744555807164,13500.000000000016,573.7665869995473,3141.8531667320945,17215.61975373166,0.0,17215.61975373166,0.0,17215.61975373166,0.7841715949304559,0.033328256270017675,0.18250014879952645,0.0,0.0,262559.33093749447,218186.8040090579,52239246.48098995,0.0,52239246.48098995,62863.112492166,52239.24648098995,0.0,0.0,0.0,0.0,21828.2,21.828200000000002,184.0,846.0,0.846,1.0,1.0,1004098.0,1004.098,3504.25,4571.0,6413.265162815969,0.15577088653564325,831,14528.0,254.0,19603162.2,823597.8999999998,0.10646686915832194,0.2011976872246696,0.2558442700569829,0.48031496062992135,73.97112342832214,139,0.09562776449992454,0.1614178263749047,0.42453125525154184,0.12934842069048902,0.20274805691223313,0.21716655537480997,0.9700656756102156,0,0.0,0.0,0.0,0.0,0.0,0.0,0.0,0,0.0
65,106,host_pretrain,True,True,0.0,False,True,True,True,1000,0,65000,0,0,9.67444450000039,12968.736301758741,0.0,1000,931,69,0,0.931,0.069,198,0.198,139,0,0.0,6,0,170000.0,0.3,True,1000,0,0,1000,0,0,1000,1.0,0,0.0,0,0.0,0,0.0,0,0.0,0.0,0,"{""DC-1"": {""DC-1"": 215}, ""DC-2"": {""DC-2"": 184}, ""DC-3"": {""DC-3"": 184}, ""DC-4"": {""DC-4"": 221}, ""DC-5"": {""DC-5"": 196}}","{""DC-1"": 0.0, ""DC-2"": 0.0, ""DC-3"": 0.0, ""DC-4"": 0.0, ""DC-5"": 0.0}",1000,0,1000,792,0.792,198,0.198,10,0.01,0,0,0,0,65000,0,nan,nan,nan,nan,nan,0.10000000149011612,nan,nan,nan,nan,nan,498,65000,65000,20006,2.2775889187452782,1.1342183904475476,1.1433705324868122,-2.0587211689317084,-0.6197164733875468,0.09090093076229096,0.8521032599081476,0.5959845003354023,0.2829761826994279,0.28330214894245787,0.28504203642853143,0.0,1876.3501237216271,1000,0,1000,0,0,0,914,17,0.914,0.086,0.07671574201946021,1069764.4645442446,1149.048834096933,12968.736301758741,0.0,175077940.07374302,8813651.000000004,36850673.960536726,220742265.03427973,0.0,220742265.03427973,45664324.96053673,0.0,0.0,0.0,220742265.03427973,61.31729584285548,13500.0,679.6075419318033,2841.5007525088827,17021.108294440684,0.0,17021.108294440684,0.0,17021.108294440684,0.7931328422608812,0.03992733787809646,0.1669398198610224,0.0,0.0,237102.32549331873,220742.26503427973,51129527.94925346,0.0,51129527.94925346,54918.934424547224,51129.52794925346,0.0,0.0,0.0,0.0,22195.4,22.195400000000003,184.0,831.2,0.8312,1.0,1.0,1034066.0,1034.066,3529.3499999999976,4571.0,6953.317796160788,0.14367242074734293,931,14528.0,254.0,24230445.799999997,838815.5999999999,0.12860501774552133,0.24622797356828194,0.25464498199407365,0.46692913385826784,77.63208199888105,146,0.1132679236553005,0.1845938551802181,0.4778841593835829,0.1158491440523971,0.17356007462958228,0.2107264230667723,0.9935196651187335,0,0.0,0.0,0.0,0.0,0.0,0.0,0.0,0,0.0
66,107,host_pretrain,True,True,0.0,False,True,True,True,1000,0,66000,0,0,9.875489999998535,12115.400956978112,0.0,1000,929,71,0,0.929,0.071,188,0.188,122,0,0.0,7,0,170000.0,0.3,True,1000,0,0,1000,0,0,1000,1.0,0,0.0,0,0.0,0,0.0,0,0.0,0.0,0,"{""DC-1"": {""DC-1"": 206}, ""DC-2"": {""DC-2"": 194}, ""DC-3"": {""DC-3"": 194}, ""DC-4"": {""DC-4"": 194}, ""DC-5"": {""DC-5"": 212}}","{""DC-1"": 0.0, ""DC-2"": 0.0, ""DC-3"": 0.0, ""DC-4"": 0.0, ""DC-5"": 0.0}",1000,0,1000,807,0.807,188,0.188,5,0.005,0,0,0,0,66000,0,nan,nan,nan,nan,nan,0.10000000149011612,nan,nan,nan,nan,nan,500,66000,66000,20506,2.219601926445961,1.1050715977549552,1.1145303244590758,-2.0786587047576903,-0.6302094594947993,0.09065437614917755,0.8574640612602233,0.5973308727741241,0.3261993058435619,0.3261184155866504,0.3268657755255699,0.0,1841.8323766941237,1000,0,1000,0,0,0,911,18,0.911,0.089,0.08003095610327238,1067888.6517661181,1149.50339264383,12115.400956978112,0.0,163557912.9192048,8197860.156250019,42978545.65737189,214734318.7328267,0.0,214734318.7328267,51176405.81362191,0.0,0.0,0.0,214734318.7328267,59.64842187022964,13500.000000000024,676.647862118694,3547.4307296959514,17724.07859181467,0.0,17724.07859181467,0.0,17724.07859181467,0.7616757017899137,0.038176758166214825,0.20014754004387147,0.0,0.0,231145.66063813423,214734.3187328267,56631073.27041155,0.0,56631073.27041155,60959.17467213299,56631.07327041155,0.0,0.0,0.0,0.0,20045.0,20.045,184.0,861.9000000000001,0.8619000000000001,1.0,1.0,1029039.0,1029.039,3485.199999999999,4575.0,6647.1041154630875,0.15029101134071857,929,14528.0,254.0,21980911.0,863560.9999999992,0.12488263826387963,0.21283039647577093,0.28062186870791916,0.5354330708661416,82.40693011690671,154,0.11277464368644875,0.18517724545584247,0.4756493038664861,0.14645849372224007,0.21608238361018184,0.25074384984988407,0.998651792283158,0,0.0,0.0,0.0,0.0,0.0,0.0,0.0,0,0.0
67,108,host_pretrain,True,True,0.0,False,True,True,True,1000,0,67000,0,0,9.618521600001259,15121.561820371191,0.0,1000,824,176,0,0.824,0.176,301,0.301,144,0,0.0,18,0,170000.0,0.3,True,1000,0,0,1000,0,0,1000,1.0,0,0.0,0,0.0,0,0.0,0,0.0,0.0,0,"{""DC-1"": {""DC-1"": 193}, ""DC-2"": {""DC-2"": 208}, ""DC-3"": {""DC-3"": 179}, ""DC-4"": {""DC-4"": 206}, ""DC-5"": {""DC-5"": 214}}","{""DC-1"": 0.0, ""DC-2"": 0.0, ""DC-3"": 0.0, ""DC-4"": 0.0, ""DC-5"": 0.0}",1000,0,1000,680,0.68,301,0.301,19,0.019,0,0,0,0,67000,0,nan,nan,nan,nan,nan,0.10000000149011612,nan,nan,nan,nan,nan,500,67000,67000,21006,2.1889802219867707,1.089658503115177,1.0993217106461526,-2.0704463949203493,-0.6332020965963602,0.09040871262550354,0.8587945055961609,0.598155925989151,0.36098235567659137,0.36112628504633904,0.36349009863659737,0.0,1204.3376912644394,1000,0,1000,0,0,0,799,25,0.799,0.201,0.18689565614810025,1012212.3259878964,1228.4130169756024,15121.561820371191,0.0,204141084.57501113,8510699.21875,35052610.56117544,247704394.35493657,0.0,247704394.35493657,43563309.77992544,0.0,0.0,0.0,247704394.35493657,68.80677620970461,13500.000000000004,562.8187960905408,2318.0549058070114,16380.873701897555,0.0,16380.873701897555,0.0,16380.873701897555,0.8241318653495368,0.034358289205620576,0.1415098454448427,0.0,0.0,300612.12907152495,247704.39435493658,48162780.24987915,0.0,48162780.24987915,58449.97603140674,48162.78024987915,0.0,0.0,0.0,0.0,25542.4,25.5424,184.0,827.8,0.8278,1.0,1.0,974853.0,974.853,3486.1499999999996,4584.0,6594.093855653229,0.15149920851422827,824,14528.0,254.0,23371829.0,755739.2000000003,0.10638740596664042,0.2329295154185022,0.1967621609756,0.4700787401574805,59.61183181393578,144,0.09380313268175682,0.15973046644730726,0.4126939331431756,0.09399124190236002,0.13739115208325425,0.17738510062824392,0.9920271581862149,0,0.0,0.0,0.0,0.0,0.0,0.0,0.0,0,0.0
68,109,host_pretrain,True,True,0.0,False,True,True,True,1000,0,68000,0,0,9.449684599996544,13819.58123649091,0.0,1000,800,200,0,0.8,0.2,443,0.443,252,0,0.0,17,0,170000.0,0.3,True,1000,0,0,1000,0,0,1000,1.0,0,0.0,0,0.0,0,0.0,0,0.0,0.0,0,"{""DC-1"": {""DC-1"": 213}, ""DC-2"": {""DC-2"": 196}, ""DC-3"": {""DC-3"": 187}, ""DC-4"": {""DC-4"": 229}, ""DC-5"": {""DC-5"": 175}}","{""DC-1"": 0.0, ""DC-2"": 0.0, ""DC-3"": 0.0, ""DC-4"": 0.0, ""DC-5"": 0.0}",1000,0,1000,548,0.548,443,0.443,9,0.009,0,0,0,0,68000,0,nan,nan,nan,nan,nan,0.10000000149011612,nan,nan,nan,nan,nan,498,68000,68000,21504,2.25197688558973,1.121371044751152,1.1306058405992017,-2.038536052627257,-0.5772296480654951,0.09016863256692886,0.8325982819120568,0.595148750337731,0.3331325328198213,0.33330669974810984,0.3343086466174498,0.0,1002.7838966739937,1000,0,1000,0,0,0,762,38,0.762,0.238,0.21469652472551035,1126053.367751059,1407.5667096888237,13819.58123649091,0.0,186564346.69262707,7538588.437499987,40551632.78567722,234654567.9158043,0.0,234654567.9158043,48090221.2231772,0.0,0.0,0.0,234654567.9158043,65.18182442105675,13499.999999999984,545.5004973373706,2934.3604622837433,16979.8609596211,0.0,16979.8609596211,0.0,16979.8609596211,0.7950595138619576,0.03212632297959307,0.17281416315844927,0.0,0.0,293318.2098947554,234654.5679158043,53783387.3696001,0.0,53783387.3696001,67229.23421200013,53783.3873696001,0.0,0.0,0.0,0.0,21222.0,21.222,184.0,853.5,0.8535,1.0,1.0,1046941.0,1046.941,3492.4999999999995,4581.0,6497.290701030858,0.15375639569913332,800,14528.0,254.0,20561086.0,866453.2000000002,0.10241070014126377,0.22184746696035243,0.24684055272664168,0.49015748031496065,70.51422060654572,141,0.0909167495562286,0.16240020602216274,0.4604012969799358,0.12167777345957974,0.18381158810105572,0.20023314496991426,0.9916496687512134,0,0.0,0.0,0.0,0.0,0.0,0.0,0.0,0,0.0
69,110,host_pretrain,True,True,0.0,False,True,True,True,1000,0,69000,0,0,9.76003729999502,12710.09603058705,0.0,1000,912,88,0,0.912,0.088,221,0.221,143,0,0.0,6,0,170000.0,0.3,True,1000,0,0,1000,0,0,1000,1.0,0,0.0,0,0.0,0,0.0,0,0.0,0.0,0,"{""DC-1"": {""DC-1"": 222}, ""DC-2"": {""DC-2"": 208}, ""DC-3"": {""DC-3"": 190}, ""DC-4"": {""DC-4"": 185}, ""DC-5"": {""DC-5"": 195}}","{""DC-1"": 0.0, ""DC-2"": 0.0, ""DC-3"": 0.0, ""DC-4"": 0.0, ""DC-5"": 0.0}",1000,0,1000,769,0.769,221,0.221,10,0.01,0,0,0,0,69000,0,nan,nan,nan,nan,nan,0.10000000149011612,nan,nan,nan,nan,nan,502,69000,69000,22006,2.1693512996829365,1.0803322225096692,1.0890190769951658,-2.0625882115497056,-0.624918027895974,0.08992233127355576,0.8528403713408694,0.5966645377090728,0.37395362354874373,0.3739695560995979,0.37631914480793405,0.0,1750.956912316906,1000,0,1000,0,0,0,896,16,0.896,0.104,0.09730192728437044,1033121.8650630038,1132.8090625690832,12710.09603058705,0.0,171586296.41292518,8051396.68750002,39401501.020725355,219039194.12115055,0.0,219039194.12115055,47452897.70822538,0.0,0.0,0.0,219039194.12115055,60.84422058920849,13500.0,633.464662117753,3100.0159971966386,17233.48065931439,0.0,17233.48065931439,0.0,17233.48065931439,0.7833588737457682,0.03675778994624493,0.17988333630798692,0.0,0.0,240174.5549574019,219039.19412115056,52665969.825591326,0.0,52665969.825591326,57747.773931569434,52665.969825591324,0.0,0.0,0.0,0.0,21985.2,21.9852,184.0,818.6000000000001,0.8186000000000001,1.0,1.0,996749.0,996.749,3426.199999999999,4569.0,6867.264452779532,0.14547277258205105,912,14528.0,254.0,21698339.4,811216.8999999999,0.11750919063653814,0.2240501101321586,0.25127798524486306,0.5035433070866142,76.34812496024703,154,0.1055774436862919,0.17899263801804025,0.4710448690887511,0.127159277247833,0.19188405874986758,0.2249639630284445,0.9369409716671638,0,0.0,0.0,0.0,0.0,0.0,0.0,0.0,0,0.0
70,111,host_pretrain,True,True,0.0,False,True,True,True,1000,0,70000,0,0,10.260190900000453,11810.8612992602,0.0,1000,916,84,0,0.916,0.084,197,0.197,128,0,0.0,7,0,170000.0,0.3,True,1000,0,0,1000,0,0,1000,1.0,0,0.0,0,0.0,0,0.0,0,0.0,0.0,0,"{""DC-1"": {""DC-1"": 183}, ""DC-2"": {""DC-2"": 233}, ""DC-3"": {""DC-3"": 202}, ""DC-4"": {""DC-4"": 185}, ""DC-5"": {""DC-5"": 197}}","{""DC-1"": 0.0, ""DC-2"": 0.0, ""DC-3"": 0.0, ""DC-4"": 0.0, ""DC-5"": 0.0}",1000,0,1000,788,0.788,197,0.197,15,0.015,0,0,0,0,70000,0,nan,nan,nan,nan,nan,0.10000000149011612,nan,nan,nan,nan,nan,502,70000,70000,22508,2.15377898888284,1.0714206730583276,1.0823583176055278,-2.059184648601182,-0.6379884742794046,0.0896623894572258,0.8598116814377773,0.5982392622655132,0.39437725624269937,0.39447833841993096,0.39419993971923434,0.0,1793.4869995326426,1000,0,1000,0,0,0,896,20,0.896,0.104,0.09475670101517898,981915.6845991944,1071.9603543659327,11810.8612992602,0.0,159446627.54001257,6680737.187499986,38691626.22300457,204818990.95051715,0.0,204818990.95051715,45372363.41050456,0.0,0.0,0.0,204818990.95051715,56.89416415292143,13499.999999999989,565.6435223668616,3275.936042482195,17341.57956484905,0.0,17341.57956484905,0.0,17341.57956484905,0.7784757985578289,0.03261776242767452,0.18890643901449647,0.0,0.0,223601.5185049314,204818.99095051715,50261039.48574375,0.0,50261039.48574375,54870.1304429517,50261.03948574376,0.0,0.0,0.0,0.0,19715.0,19.715,192.0,850.3000000000001,0.8503000000000001,1.0,1.0,959117.0,959.117,3087.949999999999,4486.0,7006.674657308596,0.14257833406863735,916,14528.0,254.0,17573411.0,801000.6,0.10241620182189304,0.19472742290748898,0.2670038695221041,0.4523622047244094,78.36058493532315,136,0.09427392039447711,0.16603098215866668,0.47811880766296966,0.13462886699885288,0.19840761552466732,0.23427711588164388,0.9954880072678755,0,0.0,0.0,0.0,0.0,0.0,0.0,0.0,0,0.0
71,112,host_pretrain,True,True,0.0,False,True,True,True,1000,0,71000,0,0,10.156478000004427,12788.58172780457,0.0,1000,884,116,0,0.884,0.116,249,0.249,141,0,0.0,17,0,170000.0,0.3,True,1000,0,0,1000,0,0,1000,1.0,0,0.0,0,0.0,0,0.0,0,0.0,0.0,0,"{""DC-1"": {""DC-1"": 210}, ""DC-2"": {""DC-2"": 185}, ""DC-3"": {""DC-3"": 208}, ""DC-4"": {""DC-4"": 188}, ""DC-5"": {""DC-5"": 209}}","{""DC-1"": 0.0, ""DC-2"": 0.0, ""DC-3"": 0.0, ""DC-4"": 0.0, ""DC-5"": 0.0}",1000,0,1000,743,0.743,249,0.249,8,0.008,0,0,0,0,71000,0,nan,nan,nan,nan,nan,0.10000000149011612,nan,nan,nan,nan,nan,498,71000,71000,23006,2.1032445175820085,1.0470555996200646,1.0561889193982006,-2.064414967494796,-0.6759643456393696,0.08940173387527466,0.8729812859531387,0.596821987006559,0.40005528214705516,0.3996825527145441,0.39990315795408554,0.0,1573.7190595501445,1000,0,1000,0,0,0,867,17,0.867,0.133,0.12190210580010162,997200.838902491,1128.0552476272524,12788.58172780457,0.0,172645853.32536173,7489743.124999991,40106219.5167948,220241815.96715653,0.0,220241815.96715653,47595962.64179479,0.0,0.0,0.0,220241815.96715653,61.17828221309904,13500.000000000002,585.6586198855815,3136.095962040654,17221.754581926238,0.0,17221.754581926238,0.0,17221.754581926238,0.7838922530093353,0.034006907780477505,0.18210083921018716,0.0,0.0,249142.32575470195,220241.81596715652,52366800.98643058,0.0,52366800.98643058,59238.462654333234,52366.80098643058,0.0,0.0,0.0,0.0,20956.4,20.956400000000002,184.0,839.4000000000001,0.8394000000000001,1.0,1.0,960221.0,960.221,3205.149999999998,4571.0,6540.610431686675,0.15273803728781024,884,14528.0,254.0,19955095.0,792262.2999999993,0.10740526852395689,0.2087692731277533,0.24390061226291204,0.5059055118110238,72.48481651288905,150,0.09760976998093036,0.1631178043321096,0.4222852903363948,0.12884228760235356,0.18947883444763525,0.2303798697638627,0.9888162081181728,0,0.0,0.0,0.0,0.0,0.0,0.0,0.0,0,0.0
72,113,host_pretrain,True,True,0.0,False,True,True,True,1000,0,72000,0,0,9.8530505000017,12461.22825111814,0.0,1000,913,87,0,0.913,0.087,199,0.199,116,0,0.0,19,0,170000.0,0.3,True,1000,0,0,1000,0,0,1000,1.0,0,0.0,0,0.0,0,0.0,0,0.0,0.0,0,"{""DC-1"": {""DC-1"": 195}, ""DC-2"": {""DC-2"": 188}, ""DC-3"": {""DC-3"": 215}, ""DC-4"": {""DC-4"": 184}, ""DC-5"": {""DC-5"": 218}}","{""DC-1"": 0.0, ""DC-2"": 0.0, ""DC-3"": 0.0, ""DC-4"": 0.0, ""DC-5"": 0.0}",1000,0,1000,797,0.797,199,0.199,4,0.004,0,0,0,0,72000,0,nan,nan,nan,nan,nan,0.10000000149011612,nan,nan,nan,nan,nan,502,72000,72000,23508,2.070907504316345,1.0314505937327427,1.03945691378943,-2.0688540327596474,-0.6510136620145276,0.08914085775613785,0.8635161262584398,0.5977544029395419,0.4238996650110856,0.4240569187573109,0.4251959697673639,0.0,1751.6153007347932,1000,0,1000,0,0,0,896,17,0.896,0.104,0.09480219981720034,1009351.0072137088,1105.5323189635365,12461.22825111814,0.0,168226581.39009482,7195881.9375,39506685.35459788,214929148.68219268,0.0,214929148.68219268,46702567.29209788,0.0,0.0,0.0,214929148.68219268,59.70254130060908,13499.999999999995,577.4616909737061,3170.3684868345917,17247.83017780829,0.0,17247.83017780829,0.0,17247.83017780829,0.7827071498749798,0.03348025142992712,0.1838125986950931,0.0,0.0,235409.80140437314,214929.1486821927,51626390.73773695,0.0,51626390.73773695,56545.88251668888,51626.39073773695,0.0,0.0,0.0,0.0,18553.6,18.5536,184.0,847.0,0.847,1.0,1.0,974193.0,974.193,3157.0499999999975,4557.0,6827.124489747188,0.146328077289388,913,14528.0,254.0,19097115.200000003,799048.1999999996,0.10548752084465816,0.2097329295154185,0.2524517641217135,0.5027559055118109,75.5599673664202,147,0.09624361516228436,0.1670497903138711,0.43798714721482357,0.13050001711140174,0.19668429186119965,0.22599655753338188,0.9436546335234034,0,0.0,0.0,0.0,0.0,0.0,0.0,0.0,0,0.0
73,114,host_pretrain,True,True,0.0,False,True,True,True,1000,0,73000,0,0,9.656711700001324,15918.901308495919,0.0,1000,820,180,0,0.82,0.18,343,0.343,171,0,0.0,26,0,170000.0,0.3,True,1000,0,0,1000,0,0,1000,1.0,0,0.0,0,0.0,0,0.0,0,0.0,0.0,0,"{""DC-1"": {""DC-1"": 191}, ""DC-2"": {""DC-2"": 180}, ""DC-3"": {""DC-3"": 207}, ""DC-4"": {""DC-4"": 218}, ""DC-5"": {""DC-5"": 204}}","{""DC-1"": 0.0, ""DC-2"": 0.0, ""DC-3"": 0.0, ""DC-4"": 0.0, ""DC-5"": 0.0}",1000,0,1000,649,0.649,343,0.343,8,0.008,0,0,0,0,73000,0,nan,nan,nan,nan,nan,0.10000000149011612,nan,nan,nan,nan,nan,500,73000,73000,24008,2.05240169107914,1.0222730751037599,1.0301286177039146,-2.0475680956840514,-0.6079429830610752,0.08889296054840087,0.8444469454288482,0.5965065636634826,0.43057660453394053,0.43023315903544423,0.43280368625745175,0.0,1143.7786447458366,1000,0,1000,0,0,0,799,21,0.799,0.201,0.18998605577948696,1045979.7774799638,1275.5850944877607,15918.901308495919,0.0,214905167.66469482,7848648.999999998,41691194.18912694,264445010.85382175,0.0,264445010.85382175,49539843.18912694,0.0,0.0,0.0,264445010.85382175,73.45694745939493,13499.999999999995,493.0396167360604,2618.974348868935,16612.01396560499,0.0,16612.01396560499,0.0,16612.01396560499,0.8126648597786885,0.029679701555566592,0.15765543866574488,0.0,0.0,322493.9156753924,264445.01085382176,54383022.49277778,0.0,54383022.49277778,66320.75913753388,54383.02249277778,0.0,0.0,0.0,0.0,19614.2,19.6142,184.0,843.1,0.8431000000000001,1.0,1.0,1015646.0,1015.646,3531.2,4575.0,6700.269484969488,0.14909848062693992,820,14528.0,254.0,21131790.2,815018.1999999995,0.0913728915905714,0.21890143171806167,0.20156749568851456,0.4799212598425198,58.978504973764956,140,0.08217326945601008,0.14420246788783952,0.3947438922274295,0.10813755086736243,0.15877392259403497,0.18830321510144366,0.9997271117176134,0,0.0,0.0,0.0,0.0,0.0,0.0,0.0,0,0.0
74,115,host_pretrain,True,True,0.0,False,True,True,True,1000,0,74000,0,0,10.753821099999186,12782.610904362586,0.0,1000,862,138,0,0.862,0.138,302,0.302,177,0,0.0,18,0,170000.0,0.3,True,1000,0,0,1000,0,0,1000,1.0,0,0.0,0,0.0,0,0.0,0,0.0,0.0,0,"{""DC-1"": {""DC-1"": 200}, ""DC-2"": {""DC-2"": 178}, ""DC-3"": {""DC-3"": 223}, ""DC-4"": {""DC-4"": 209}, ""DC-5"": {""DC-5"": 190}}","{""DC-1"": 0.0, ""DC-2"": 0.0, ""DC-3"": 0.0, ""DC-4"": 0.0, ""DC-5"": 0.0}",1000,0,1000,685,0.685,302,0.302,13,0.013,0,0,0,0,74000,0,nan,nan,nan,nan,nan,0.10000000149011612,nan,nan,nan,nan,nan,498,74000,74000,24506,2.0711676079824746,1.0316483416710513,1.0395192663114234,-2.0427590627746888,-0.5672553104673883,0.08865558058023452,0.8262364455016262,0.5952721515812548,0.4222610054395524,0.42198481870792715,0.42230658794951487,0.0,1422.3240556019746,1000,0,1000,0,0,0,831,31,0.831,0.169,0.1469882536267851,1124777.3716765726,1304.846138835931,12782.610904362586,0.0,172565247.20889476,8031142.96874999,40496385.060441986,221092775.23808676,0.0,221092775.23808676,48527528.02919198,0.0,0.0,0.0,221092775.23808676,61.41465978835743,13499.999999999989,628.2865862723738,3168.083998130691,17296.370584403056,0.0,17296.370584403056,0.0,17296.370584403056,0.7805105663134652,0.036324764389526275,0.18316466929700848,0.0,0.0,256488.13832724682,221092.77523808676,53859089.039460026,0.0,53859089.039460026,62481.54180911836,53859.08903946003,0.0,0.0,0.0,0.0,22816.0,22.816,192.0,841.8,0.8418,1.0,1.0,1035042.0,1035.042,3341.0499999999975,4543.0,6571.854671995188,0.15201188246859204,862,14528.0,254.0,22019078.0,835346.3000000002,0.11856970225272684,0.2321035242290749,0.25728428919849994,0.5015748031496061,77.00320438167033,146,0.10471443104539575,0.17532891412913032,0.5025963833588993,0.1304830063653707,0.19544419094102825,0.22580264954635643,0.9942635352248306,0,0.0,0.0,0.0,0.0,0.0,0.0,0.0,0,0.0
75,116,host_pretrain,True,True,0.0,False,True,True,True,1000,0,75000,0,0,10.546061000000918,13055.953632190667,0.0,1000,825,175,0,0.825,0.175,360,0.36,193,0,0.0,16,0,170000.0,0.3,True,1000,0,0,1000,0,0,1000,1.0,0,0.0,0,0.0,0,0.0,0,0.0,0.0,0,"{""DC-1"": {""DC-1"": 202}, ""DC-2"": {""DC-2"": 184}, ""DC-3"": {""DC-3"": 196}, ""DC-4"": {""DC-4"": 181}, ""DC-5"": {""DC-5"": 237}}","{""DC-1"": 0.0, ""DC-2"": 0.0, ""DC-3"": 0.0, ""DC-4"": 0.0, ""DC-5"": 0.0}",1000,0,1000,632,0.632,360,0.36,8,0.008,0,0,0,0,75000,0,nan,nan,nan,nan,nan,0.10000000149011612,nan,nan,nan,nan,nan,500,75000,75000,25006,1.9851348031759262,0.9884254237413407,0.9967093796133996,-2.059432457447052,-0.6401108468770981,0.08840127289295197,0.8585866918563843,0.5986780731678009,0.5020501339323818,0.5023578975386918,0.5030713256448507,0.0,1170.6439078980766,1000,0,1000,0,0,0,801,24,0.801,0.199,0.18425515077676136,1110838.9263441493,1346.471425871696,13055.953632190667,0.0,176255374.03457406,8550884.843750011,40929590.893379994,225735849.77170405,0.0,225735849.77170405,49480475.73713,0.0,0.0,0.0,225735849.77170405,62.70440271436224,13500.000000000004,654.9414224838398,3134.9369066740774,17289.87832915792,0.0,17289.87832915792,0.0,17289.87832915792,0.7808036437846642,0.037880048084510606,0.18131630813082536,0.0,0.0,273619.21184448974,225735.84977170406,54990196.055710785,0.0,54990196.055710785,66654.78309783126,54990.19605571079,0.0,0.0,0.0,0.0,20833.0,20.833,184.0,855.6,0.8556,1.0,1.0,1041695.0,1041.695,3611.0499999999993,4578.0,6770.745856591058,0.1475465216328438,825,14528.0,254.0,23177540.0,857017.2000000004,0.12219485181455655,0.2446998898678414,0.2584325557229167,0.5047244094488188,75.93600804123334,150,0.1091569037473065,0.18011966157877127,0.47621872430701156,0.1289068897158459,0.19265135846537468,0.23299587566233115,0.9991818139714684,0,0.0,0.0,0.0,0.0,0.0,0.0,0.0,0,0.0
76,117,host_pretrain,True,True,0.0,False,True,True,True,1000,0,76000,0,0,10.57816879999882,13419.519629716031,0.0,1000,862,138,0,0.862,0.138,362,0.362,231,0,0.0,13,0,170000.0,0.3,True,1000,0,0,1000,0,0,1000,1.0,0,0.0,0,0.0,0,0.0,0,0.0,0.0,0,"{""DC-1"": {""DC-1"": 211}, ""DC-2"": {""DC-2"": 205}, ""DC-3"": {""DC-3"": 187}, ""DC-4"": {""DC-4"": 194}, ""DC-5"": {""DC-5"": 203}}","{""DC-1"": 0.0, ""DC-2"": 0.0, ""DC-3"": 0.0, ""DC-4"": 0.0, ""DC-5"": 0.0}",1000,0,1000,631,0.631,362,0.362,7,0.007,0,0,0,0,76000,0,nan,nan,nan,nan,nan,0.10000000149011612,nan,nan,nan,nan,nan,500,76000,76000,25506,2.008586018323898,0.999502750992775,1.0090832670331,-2.033166949748993,-0.6109945110529661,0.08814442902803421,0.8450485689640045,0.5974016854763031,0.4780613313280046,0.47861026754975317,0.4797361687347293,0.0,1394.672369116054,1000,0,1000,0,0,0,833,29,0.833,0.167,0.14958454445124766,1201601.0134434297,1393.9686930898256,13419.519629716031,0.0,181163515.0011664,7859505.781250001,42989887.907240964,232012908.68965736,0.0,232012908.68965736,50849393.688490964,0.0,0.0,0.0,232012908.68965736,64.44803019157149,13499.999999999998,585.6771328718802,3203.5340379878166,17289.211170859697,0.0,17289.211170859697,0.0,17289.211170859697,0.7808337735358183,0.03387529523955475,0.185290931224627,0.0,0.0,269156.5066005306,232012.90868965737,56722805.10553861,0.0,56722805.10553861,65803.71821988237,56722.80510553861,0.0,0.0,0.0,0.0,20712.0,20.712,184.0,861.9,0.8619,1.0,1.0,1084854.0,1084.854,3535.5999999999995,4496.0,6685.8803488558115,0.14941936556955643,862,14528.0,254.0,20880227.0,916530.3000000002,0.10710072597687594,0.20759911894273128,0.2688909221373055,0.5374015748031498,77.60315039101269,152,0.09761285547864668,0.16789126157730733,0.4733843244513683,0.13225531158879167,0.19903645318529944,0.2239523841748511,0.9961247274819198,0,0.0,0.0,0.0,0.0,0.0,0.0,0.0,0,0.0
77,118,host_pretrain,True,True,0.0,False,True,True,True,1000,0,77000,0,0,10.374078399996506,15565.875526500638,0.0,1000,896,104,0,0.896,0.104,222,0.222,128,0,0.0,18,0,170000.0,0.3,True,1000,0,0,1000,0,0,1000,1.0,0,0.0,0,0.0,0,0.0,0,0.0,0.0,0,"{""DC-1"": {""DC-1"": 200}, ""DC-2"": {""DC-2"": 185}, ""DC-3"": {""DC-3"": 208}, ""DC-4"": {""DC-4"": 200}, ""DC-5"": {""DC-5"": 207}}","{""DC-1"": 0.0, ""DC-2"": 0.0, ""DC-3"": 0.0, ""DC-4"": 0.0, ""DC-5"": 0.0}",1000,0,1000,768,0.768,222,0.222,10,0.01,0,0,0,0,77000,0,nan,nan,nan,nan,nan,0.10000000149011612,nan,nan,nan,nan,nan,500,77000,77000,26006,2.006978646993637,1.0003478635549545,1.0066307809352875,-2.0361272716522216,-0.6317631224989891,0.08788611739873886,0.8521630141735077,0.5968384499549866,0.48595996091142296,0.48597002601623535,0.4866973610371351,0.0,1645.0515492299926,1000,0,1000,0,0,0,874,22,0.874,0.126,0.11412024427435445,1022994.995459351,1141.7354860037399,15565.875526500638,0.0,210139319.6077587,8139905.968749994,40534949.05004262,258814174.62655133,0.0,258814174.62655133,48674855.018792614,0.0,0.0,0.0,258814174.62655133,71.89282628515315,13500.000000000005,522.9327418744897,2604.0905300207855,16627.023271895283,0.0,16627.023271895283,0.0,16627.023271895283,0.8119312626944538,0.03145077343810571,0.1566179638674404,0.0,0.0,288855.1056099903,258814.17462655134,53550853.03056736,0.0,53550853.03056736,59766.57704304393,53550.85303056736,0.0,0.0,0.0,0.0,21608.4,21.608400000000003,184.0,854.4000000000001,0.8544,1.0,1.0,962188.0,962.188,3313.199999999998,4570.0,6713.180183817285,0.14881173641192857,896,14528.0,254.0,22202449.0,803139.9000000001,0.09817965387645221,0.21689151982378854,0.20313461358810328,0.4866141732283466,59.70271305445299,146,0.0871554569790817,0.14834515165377338,0.3902824489692596,0.10716034714270858,0.1537670826618086,0.1853114866066585,0.8246783338674541,0,0.0,0.0,0.0,0.0,0.0,0.0,0.0,0,0.0
78,119,host_pretrain,True,True,0.0,False,True,True,True,1000,0,78000,0,0,9.460543599998346,14538.744127132864,0.0,1000,862,138,0,0.862,0.138,234,0.234,107,0,0.0,20,0,170000.0,0.3,True,1000,0,0,1000,0,0,1000,1.0,0,0.0,0,0.0,0,0.0,0,0.0,0.0,0,"{""DC-1"": {""DC-1"": 186}, ""DC-2"": {""DC-2"": 197}, ""DC-3"": {""DC-3"": 220}, ""DC-4"": {""DC-4"": 184}, ""DC-5"": {""DC-5"": 213}}","{""DC-1"": 0.0, ""DC-2"": 0.0, ""DC-3"": 0.0, ""DC-4"": 0.0, ""DC-5"": 0.0}",1000,0,1000,755,0.755,234,0.234,11,0.011,0,0,0,0,78000,0,nan,nan,nan,nan,nan,0.10000000149011612,nan,nan,nan,nan,nan,498,78000,78000,26504,1.9510321358600295,0.9717538735593658,0.9792782645148924,-2.0618602913546273,-0.7003817654039007,0.08758250921964646,0.881231610554768,0.5978448520223778,0.49064103073167453,0.4904198249199813,0.4926731501814412,0.0,1437.0962487124316,1000,0,1000,0,0,0,846,16,0.846,0.154,0.14330452860326903,988888.3437367138,1147.202254914981,14538.744127132864,0.0,196273045.71629363,8154258.499999986,40326678.25091603,244753982.46720967,0.0,244753982.46720967,48480936.75091601,0.0,0.0,0.0,244753982.46720967,67.98721735200269,13499.999999999998,560.864021589192,2773.7387698884218,16834.602791477613,0.0,16834.602791477613,0.0,16834.602791477613,0.8019197225629979,0.03331614226580535,0.16476413517119665,0.0,0.0,283937.3346487351,244753.98246720966,53072031.96214803,0.0,53072031.96214803,61568.48255469609,53072.03196214803,0.0,0.0,0.0,0.0,22098.6,22.098599999999998,184.0,841.5,0.8415,1.0,1.0,980630.0,980.63,3498.1,4578.0,6722.874270689536,0.14859715648044342,862,14528.0,254.0,21824750.2,780470.2000000005,0.10332765115413854,0.24277257709251102,0.21134681895255333,0.4688976377952754,62.48407648255038,140,0.09347733693153217,0.1551106276834653,0.3991029182159226,0.11381148952968838,0.16948222055781786,0.2010704823518802,0.998196468295695,0,0.0,0.0,0.0,0.0,0.0,0.0,0.0,0,0.0
79,120,host_pretrain,True,True,0.0,False,True,True,True,1000,0,79000,0,0,9.903913900001498,11242.386584475247,0.0,1000,903,97,0,0.903,0.097,231,0.231,145,0,0.0,15,0,170000.0,0.3,True,1000,0,0,1000,0,0,1000,1.0,0,0.0,0,0.0,0,0.0,0,0.0,0.0,0,"{""DC-1"": {""DC-1"": 201}, ""DC-2"": {""DC-2"": 202}, ""DC-3"": {""DC-3"": 195}, ""DC-4"": {""DC-4"": 208}, ""DC-5"": {""DC-5"": 194}}","{""DC-1"": 0.0, ""DC-2"": 0.0, ""DC-3"": 0.0, ""DC-4"": 0.0, ""DC-5"": 0.0}",1000,0,1000,758,0.758,231,0.231,11,0.011,0,0,0,0,79000,0,nan,nan,nan,nan,nan,0.10000000149011612,nan,nan,nan,nan,nan,504,79000,79000,27008,1.9932322646417315,0.9929347815258163,1.0002974767297033,-2.0335642056805745,-0.6378164325382502,0.0872986599802971,0.8543632815754603,0.5966583239653754,0.5004374213435406,0.5001933890365301,0.5017036959558488,0.0,1706.8815108320707,1000,0,1000,0,0,0,890,13,0.89,0.11,0.101336365726168,1003832.0217373134,1111.6633684798599,11242.386584475247,0.0,151772218.8904158,7576747.812499999,38899068.210400775,198248034.91331655,0.0,198248034.91331655,46475816.022900775,0.0,0.0,0.0,198248034.91331655,55.06889858703237,13499.999999999996,673.9447852614164,3460.0365249952342,17633.981310256644,0.0,17633.981310256644,0.0,17633.981310256644,0.765567330625889,0.03821852668457931,0.1962141426895318,0.0,0.0,219543.78174232176,198248.03491331654,51294396.5503295,0.0,51294396.5503295,56804.42585861517,51294.3965503295,0.0,0.0,0.0,0.0,20660.4,20.660400000000003,184.0,834.3000000000001,0.8343,1.0,1.0,965003.0,965.003,3229.25,4576.0,6639.214762561954,0.15046960156090866,903,14528.0,254.0,20459054.0,789293.9000000001,0.12526253671791288,0.2217786343612335,0.2764053945186091,0.5334645669291339,83.20128408426014,154,0.11232413087690275,0.1890164309222178,0.5391626550514076,0.14210211177100956,0.20753820919188237,0.25061896673807765,0.990046150429087,0,0.0,0.0,0.0,0.0,0.0,0.0,0.0,0,0.0
80,121,host_pretrain,True,True,0.0,False,True,True,True,1000,0,80000,0,0,10.2307593000005,12075.106589262776,0.0,1000,879,121,0,0.879,0.121,247,0.247,137,0,0.0,22,0,170000.0,0.3,True,1000,0,0,1000,0,0,1000,1.0,0,0.0,0,0.0,0,0.0,0,0.0,0.0,0,"{""DC-1"": {""DC-1"": 230}, ""DC-2"": {""DC-2"": 185}, ""DC-3"": {""DC-3"": 186}, ""DC-4"": {""DC-4"": 204}, ""DC-5"": {""DC-5"": 195}}","{""DC-1"": 0.0, ""DC-2"": 0.0, ""DC-3"": 0.0, ""DC-4"": 0.0, ""DC-5"": 0.0}",1000,0,1000,742,0.742,247,0.247,11,0.011,0,0,0,0,80000,0,nan,nan,nan,nan,nan,0.10000000149011612,nan,nan,nan,nan,nan,498,80000,80000,27506,1.9824019621414353,0.9869629440896482,0.9954390164958425,-2.03898975935327,-0.6076813885964543,0.08703288584947586,0.840510509100305,0.5955369999131046,0.5068133856809462,0.5070108543056621,0.5059338823095503,0.0,1540.0519993143257,1000,0,1000,0,0,0,860,19,0.86,0.14,0.12771732629540508,1045811.8953655177,1189.7746249892125,12075.106589262776,0.0,163013938.95504752,7646809.000000011,40667660.70715156,211328408.66219908,0.0,211328408.66219908,48314469.70715158,0.0,0.0,0.0,211328408.66219908,58.702335739499745,13500.000000000004,633.270517611793,3367.8924824823807,17501.163000094177,0.0,17501.163000094177,0.0,17501.163000094177,0.771377307892473,0.036184482003189467,0.19243821010433748,0.0,0.0,240419.12248259282,211328.40866219907,53331509.62496426,0.0,53331509.62496426,60672.9347269218,53331.50962496426,0.0,0.0,0.0,0.0,20713.6,20.7136,184.0,838.9,0.8389,1.0,1.0,1011512.0,1011.512,3422.949999999999,4533.0,6937.079217996478,0.14400873459947666,879,14528.0,254.0,20364262.2,819747.4000000005,0.11608386940551377,0.23466409691629955,0.2672731660500381,0.49763779527559066,79.81088969077486,150,0.10554508626863202,0.17337077656514768,0.46446743858245443,0.13846114836673065,0.2040693577707609,0.2350148206058607,0.9596341380436759,0,0.0,0.0,0.0,0.0,0.0,0.0,0.0,0,0.0
81,122,host_pretrain,True,True,0.0,False,True,True,True,1000,0,81000,0,0,9.847610999997414,13422.89551361171,0.0,1000,787,213,0,0.787,0.213,396,0.396,200,0,0.0,23,0,170000.0,0.3,True,1000,0,0,1000,0,0,1000,1.0,0,0.0,0,0.0,0,0.0,0,0.0,0.0,0,"{""DC-1"": {""DC-1"": 202}, ""DC-2"": {""DC-2"": 229}, ""DC-3"": {""DC-3"": 203}, ""DC-4"": {""DC-4"": 177}, ""DC-5"": {""DC-5"": 189}}","{""DC-1"": 0.0, ""DC-2"": 0.0, ""DC-3"": 0.0, ""DC-4"": 0.0, ""DC-5"": 0.0}",1000,0,1000,587,0.587,396,0.396,17,0.017,0,0,0,0,81000,0,nan,nan,nan,nan,nan,0.10000000149011612,nan,nan,nan,nan,nan,500,81000,81000,28006,1.938199327468872,0.9659000900983811,0.9722992345094681,-2.052588674068451,-0.62644025978446,0.08676372170448303,0.8494955222606659,0.5975074117183685,0.5404590598298237,0.5402408636547625,0.5403048691563308,0.0,938.4452136331955,1000,0,1000,0,0,0,757,30,0.757,0.243,0.22952108468075016,1057872.8018902382,1344.1839922366432,13422.89551361171,0.0,181209089.43375814,8075325.5625,40690422.665081814,229974837.66133994,0.0,229974837.66133994,48765748.227581814,0.0,0.0,0.0,229974837.66133994,63.88189935037221,13500.000000000005,601.6083157550532,3031.4191616718626,17133.02747742692,0.0,17133.02747742692,0.0,17133.02747742692,0.7879518093218787,0.0351139526594283,0.17693423801869304,0.0,0.0,292217.07453791605,229974.83766133993,53245780.31294692,0.0,53245780.31294692,67656.64588684488,53245.780312946925,0.0,0.0,0.0,0.0,22878.4,22.878400000000003,184.0,834.2,0.8342,1.0,1.0,1008064.0,1008.064,3364.7999999999984,4580.0,6428.800172644018,0.15539447069003146,787,14528.0,254.0,21267956.8,770761.7000000005,0.10906206809170725,0.22771200440528633,0.22606857654613985,0.4488188976377952,67.90129589221247,135,0.10026805262584221,0.17597248940657162,0.5128903686349703,0.12456100647617438,0.1833452025101074,0.22368128747439311,0.9962900858959932,0,0.0,0.0,0.0,0.0,0.0,0.0,0.0,0,0.0
82,123,host_pretrain,True,True,0.0,False,True,True,True,1000,0,82000,0,0,9.84802420000051,12882.482352366054,0.0,1000,878,122,0,0.878,0.122,274,0.274,163,0,0.0,28,0,170000.0,0.3,True,1000,0,0,1000,0,0,1000,1.0,0,0.0,0,0.0,0,0.0,0,0.0,0.0,0,"{""DC-1"": {""DC-1"": 209}, ""DC-2"": {""DC-2"": 206}, ""DC-3"": {""DC-3"": 190}, ""DC-4"": {""DC-4"": 200}, ""DC-5"": {""DC-5"": 195}}","{""DC-1"": 0.0, ""DC-2"": 0.0, ""DC-3"": 0.0, ""DC-4"": 0.0, ""DC-5"": 0.0}",1000,0,1000,715,0.715,274,0.274,11,0.011,0,0,0,0,82000,0,nan,nan,nan,nan,nan,0.10000000149011612,nan,nan,nan,nan,nan,500,82000,82000,28506,1.9424736905097961,0.9674908098578453,0.9749828748703003,-2.0346691641807557,-0.6430232357680797,0.08648600876331329,0.8544850351810456,0.5966590023040772,0.5424434912316501,0.5423874616511166,0.5435981252454222,0.0,1539.8480875957316,1000,0,1000,0,0,0,860,18,0.86,0.14,0.13020213321391566,1014906.1973398293,1155.929609726457,12882.482352366054,0.0,173913511.75694174,7072219.062500001,37951695.321367696,218937426.14080942,0.0,218937426.14080942,45023914.383867696,0.0,0.0,0.0,218937426.14080942,60.81595170578039,13500.0,548.9795265429636,2945.992416934871,16994.971943477834,0.0,16994.971943477834,0.0,16994.971943477834,0.7943525911604049,0.03230246736321596,0.17334494147637916,0.0,0.0,249359.25528565992,218937.4261408094,50029845.34822635,0.0,50029845.34822635,56981.60062440359,50029.84534822635,0.0,0.0,0.0,0.0,20561.4,20.561400000000003,184.0,848.2,0.8482000000000001,1.0,1.0,980602.0,980.602,3355.8499999999985,4525.0,6572.788848986496,0.15199027733167522,878,14528.0,254.0,18786029.4,796517.7,0.1003759365126844,0.20126651982378854,0.24342330700860307,0.48188976377952775,72.11195595617325,144,0.09149658775716059,0.16012697877589852,0.45070570830372136,0.12114312151286345,0.18060558290907094,0.20964231977497025,0.9895093008981439,0,0.0,0.0,0.0,0.0,0.0,0.0,0.0,0,0.0
83,124,host_pretrain,True,True,0.0,False,True,True,True,1000,0,83000,0,0,10.021334600001865,13746.712267106688,0.0,1000,862,138,0,0.862,0.138,229,0.229,108,0,0.0,18,0,170000.0,0.3,True,1000,0,0,1000,0,0,1000,1.0,0,0.0,0,0.0,0,0.0,0,0.0,0.0,0,"{""DC-1"": {""DC-1"": 192}, ""DC-2"": {""DC-2"": 199}, ""DC-3"": {""DC-3"": 184}, ""DC-4"": {""DC-4"": 226}, ""DC-5"": {""DC-5"": 199}}","{""DC-1"": 0.0, ""DC-2"": 0.0, ""DC-3"": 0.0, ""DC-4"": 0.0, ""DC-5"": 0.0}",1000,0,1000,754,0.754,229,0.229,17,0.017,0,0,0,0,83000,0,nan,nan,nan,nan,nan,0.10000000149011612,nan,nan,nan,nan,nan,500,83000,83000,29006,1.9641147739887237,0.979216103553772,0.9848986682891846,-2.032550001144409,-0.6391372933834791,0.08621512800455093,0.8530569562911987,0.596885906457901,0.5550139549002051,0.5545918715409934,0.5558721057027578,0.0,1448.1127858037382,1000,0,1000,0,0,0,847,15,0.847,0.153,0.14588399647521186,1002160.2725075807,1162.5989240227154,13746.712267106688,0.0,185580615.60594028,7439357.031250004,38519018.29569283,231538990.9328831,0.0,231538990.9328831,45958375.32694283,0.0,0.0,0.0,231538990.9328831,64.31638637024531,13500.0,541.1735465687308,2802.0531416709464,16843.226688239676,0.0,16843.226688239676,0.0,16843.226688239676,0.801509131823655,0.03213003996120235,0.16636082821514261,0.0,0.0,268606.718019586,231538.9909328831,50780518.17084164,0.0,50780518.17084164,58910.11388728729,50780.51817084164,0.0,0.0,0.0,0.0,22062.2,22.0622,184.0,834.9000000000001,0.8349000000000001,1.0,1.0,997133.0,997.133,3245.1499999999987,4453.0,6816.940469178455,0.14654668095119727,862,14528.0,254.0,20098575.0,789821.6999999995,0.10063767459127741,0.23231002202643172,0.22620203227858604,0.46377952755905505,66.8296522215169,136,0.09019559109478842,0.15156181852651227,0.3861595496875326,0.11506899571797981,0.1639514025840501,0.20443739159578658,0.9938870820101933,0,0.0,0.0,0.0,0.0,0.0,0.0,0.0,0,0.0
84,125,host_pretrain,True,True,0.0,False,True,True,True,1000,0,84000,0,0,9.600803900000756,14063.770812946392,0.0,1000,823,177,0,0.823,0.177,317,0.317,155,0,0.0,18,0,170000.0,0.3,True,1000,0,0,1000,0,0,1000,1.0,0,0.0,0,0.0,0,0.0,0,0.0,0.0,0,"{""DC-1"": {""DC-1"": 179}, ""DC-2"": {""DC-2"": 227}, ""DC-3"": {""DC-3"": 198}, ""DC-4"": {""DC-4"": 201}, ""DC-5"": {""DC-5"": 195}}","{""DC-1"": 0.0, ""DC-2"": 0.0, ""DC-3"": 0.0, ""DC-4"": 0.0, ""DC-5"": 0.0}",1000,0,1000,668,0.668,317,0.317,15,0.015,0,0,0,0,84000,0,nan,nan,nan,nan,nan,0.10000000149011612,nan,nan,nan,nan,nan,500,84000,84000,29506,1.8944397438764573,0.9442430498600006,0.9501966912746429,-2.0549984107017516,-0.6315152260623872,0.08594807684421539,0.8505151436328888,0.5980445756912232,0.575825549043715,0.5756150435991585,0.5762079688571393,0.0,1169.3174331706668,1000,0,1000,0,0,0,792,31,0.792,0.208,0.19195877696245492,1069425.083037929,1299.422944153012,14063.770812946392,0.0,189860905.97477627,8605580.624999996,39780938.69378687,238247425.29356313,0.0,238247425.29356313,48386519.31878686,0.0,0.0,0.0,238247425.29356313,66.1798403593231,13499.999999999998,611.8971035192167,2828.6111330231975,16940.508236542413,0.0,16940.508236542413,0.0,16940.508236542413,0.7969064334728232,0.03612035099391481,0.16697321553326205,0.0,0.0,289486.5434915712,238247.42529356314,53508254.410434894,0.0,53508254.410434894,65016.10499445309,53508.25441043489,0.0,0.0,0.0,0.0,23537.8,23.5378,184.0,854.4,0.8543999999999999,1.0,1.0,1021230.0,1021.23,3564.3999999999996,4576.0,7030.018071355667,0.1421048978622829,823,14528.0,254.0,23190182.6,820876.4999999993,0.11350018168181918,0.2156112334801762,0.2297959265035418,0.4913385826771653,67.97920790346744,143,0.10198285058653614,0.17005034799691232,0.4763893380986042,0.11601751562233875,0.16329432660511098,0.20747138401853985,0.9962240372979331,0,0.0,0.0,0.0,0.0,0.0,0.0,0.0,0,0.0
85,126,host_pretrain,True,True,0.0,False,True,True,True,1000,0,85000,0,0,9.44736649999686,11229.2820414585,0.0,1000,906,94,0,0.906,0.094,203,0.203,115,0,0.0,17,0,170000.0,0.3,True,1000,0,0,1000,0,0,1000,1.0,0,0.0,0,0.0,0,0.0,0,0.0,0.0,0,"{""DC-1"": {""DC-1"": 222}, ""DC-2"": {""DC-2"": 200}, ""DC-3"": {""DC-3"": 187}, ""DC-4"": {""DC-4"": 203}, ""DC-5"": {""DC-5"": 188}}","{""DC-1"": 0.0, ""DC-2"": 0.0, ""DC-3"": 0.0, ""DC-4"": 0.0, ""DC-5"": 0.0}",1000,0,1000,791,0.791,203,0.203,6,0.006,0,0,0,0,85000,0,nan,nan,nan,nan,nan,0.10000000149011612,nan,nan,nan,nan,nan,500,85000,85000,30006,1.9075054816007615,0.9508940267562866,0.9566114532351494,-2.0419818124771116,-0.6425988786928356,0.08567100316286087,0.85242427277565,0.5959379456043243,0.5583034252561628,0.5590372511632741,0.5608263110183179,0.0,1709.0539423351966,1000,0,1000,0,0,0,891,15,0.891,0.109,0.10218894236515227,1020207.1556742876,1126.056463216653,11229.2820414585,0.0,151595307.55969006,8087693.468749995,38134187.91193587,197817188.94037592,0.0,197817188.94037592,46221881.380685866,0.0,0.0,0.0,197817188.94037592,54.949219150104426,13500.000000000027,720.2324635618054,3395.959578817638,17616.19204237947,0.0,17616.19204237947,0.0,17616.19204237947,0.7663404195142132,0.040884685057311715,0.19277489542847512,0.0,0.0,218341.2681461103,197817.18894037593,51362288.19204689,0.0,51362288.19204689,56691.267320140054,51362.288192046886,0.0,0.0,0.0,0.0,20016.2,20.0162,184.0,844.8,0.8448,1.0,1.0,1002914.0,1002.914,3247.0,4549.0,6788.744737566217,0.1471553341035097,906,14528.0,254.0,22095768.6,815111.7000000002,0.13544135561414586,0.244011563876652,0.28577972921637945,0.48976377952755895,85.58240824764056,146,0.12003874392696763,0.18851852211250836,0.4896584429989523,0.13884327103404887,0.19366713303056204,0.2433195615824127,0.9936350981549095,0,0.0,0.0,0.0,0.0,0.0,0.0,0.0,0,0.0
86,127,host_pretrain,True,True,0.0,False,True,True,True,1000,0,86000,0,0,9.466897999998764,14164.858652668514,0.0,1000,917,83,0,0.917,0.083,186,0.186,118,0,0.0,9,0,170000.0,0.3,True,1000,0,0,1000,0,0,1000,1.0,0,0.0,0,0.0,0,0.0,0,0.0,0.0,0,"{""DC-1"": {""DC-1"": 194}, ""DC-2"": {""DC-2"": 200}, ""DC-3"": {""DC-3"": 199}, ""DC-4"": {""DC-4"": 176}, ""DC-5"": {""DC-5"": 231}}","{""DC-1"": 0.0, ""DC-2"": 0.0, ""DC-3"": 0.0, ""DC-4"": 0.0, ""DC-5"": 0.0}",1000,0,1000,799,0.799,186,0.186,15,0.015,0,0,0,0,86000,0,nan,nan,nan,nan,nan,0.10000000149011612,nan,nan,nan,nan,nan,502,86000,86000,30508,1.8001820004556284,0.8972856934327054,0.9028963064589348,-2.06934267828664,-0.7009289988995607,0.0853945255279541,0.8776541292904858,0.5990193626320219,0.6101239017875071,0.6099220530846086,0.6087522767966547,0.0,1791.7737615615526,1000,0,1000,0,0,0,906,11,0.906,0.094,0.08804175649819468,1059763.6817795471,1155.6855853648278,14164.858652668514,0.0,191225591.8110248,7854291.312500019,42442155.97807992,241522039.10160476,0.0,241522039.10160476,50296447.290579945,0.0,0.0,0.0,241522039.10160476,67.08945530600133,13499.99999999999,554.4913299237442,2996.299293822057,17050.790623745794,0.0,17050.790623745794,0.0,17050.790623745794,0.791752142050188,0.03251997764558386,0.1757278803042282,0.0,0.0,263382.8125426442,241522.03910160475,55923533.10313766,0.0,55923533.10313766,60985.314180084686,55923.533103137655,0.0,0.0,0.0,0.0,21306.8,21.3068,184.0,843.8000000000001,0.8438000000000001,1.0,1.0,1041310.0,1041.31,3617.2,4570.0,6408.678352931122,0.15588237464641827,917,14528.0,254.0,21198915.0,863512.6999999997,0.10301383541703382,0.23975770925110135,0.24000636946505197,0.5582677165354328,70.59484492714064,166,0.09241522165395713,0.15620946558518695,0.399391486851692,0.12428494121742217,0.1720919385991969,0.2042785901639007,0.9995583253621703,0,0.0,0.0,0.0,0.0,0.0,0.0,0.0,0,0.0
87,128,host_pretrain,True,True,0.0,False,True,True,True,1000,0,87000,0,0,9.239868800003023,15199.783344864205,0.0,1000,850,150,0,0.85,0.15,292,0.292,155,0,0.0,16,0,170000.0,0.3,True,1000,0,0,1000,0,0,1000,1.0,0,0.0,0,0.0,0,0.0,0,0.0,0.0,0,"{""DC-1"": {""DC-1"": 219}, ""DC-2"": {""DC-2"": 190}, ""DC-3"": {""DC-3"": 193}, ""DC-4"": {""DC-4"": 225}, ""DC-5"": {""DC-5"": 173}}","{""DC-1"": 0.0, ""DC-2"": 0.0, ""DC-3"": 0.0, ""DC-4"": 0.0, ""DC-5"": 0.0}",1000,0,1000,695,0.695,292,0.292,13,0.013,0,0,0,0,87000,0,nan,nan,nan,nan,nan,0.10000000149011612,nan,nan,nan,nan,nan,498,87000,87000,31006,1.9234911324269321,0.9594009348666332,0.9640901982784271,-2.022467764984652,-0.5990414020070529,0.08514097332954407,0.8331173644008407,0.5946777999161716,0.5605631358248283,0.5606064061675385,0.5621086101563849,0.0,1343.091442591707,1000,0,1000,0,0,0,820,30,0.82,0.18,0.16391311031602762,1086319.7349021295,1278.023217531917,15199.783344864205,0.0,205197075.1556668,8740746.25,38491641.26800803,252429462.67367482,0.0,252429462.67367482,47232387.51800803,0.0,0.0,0.0,252429462.67367482,70.1192951871319,13500.000000000002,575.0572920470854,2532.380915877582,16607.438207924668,0.0,16607.438207924668,0.0,16607.438207924668,0.8128887689347613,0.03462648994067501,0.15248474112456373,0.0,0.0,296975.8384396174,252429.46267367483,52273069.904871754,0.0,52273069.904871754,61497.729299849125,52273.06990487176,0.0,0.0,0.0,0.0,22238.2,22.2382,184.0,847.0,0.847,1.0,1.0,1015325.0,1015.325,3644.25,4571.0,6819.083385275341,0.14650062824531107,850,14528.0,254.0,23469873.0,817356.3999999997,0.10628390700893445,0.21654735682819384,0.21170950333081298,0.4877952755905511,62.73293364554328,148,0.09584288200784757,0.16697658441337393,0.4668983165214803,0.1036156380829039,0.15804170393730194,0.19019476859832257,0.9908647947482816,0,0.0,0.0,0.0,0.0,0.0,0.0,0.0,0,0.0
88,129,host_pretrain,True,True,0.0,False,True,True,True,1000,0,88000,0,0,9.602570499999274,11287.690855558083,0.0,1000,935,65,0,0.935,0.065,168,0.168,111,0,0.0,10,0,170000.0,0.3,True,1000,0,0,1000,0,0,1000,1.0,0,0.0,0,0.0,0,0.0,0,0.0,0.0,0,"{""DC-1"": {""DC-1"": 200}, ""DC-2"": {""DC-2"": 218}, ""DC-3"": {""DC-3"": 192}, ""DC-4"": {""DC-4"": 188}, ""DC-5"": {""DC-5"": 202}}","{""DC-1"": 0.0, ""DC-2"": 0.0, ""DC-3"": 0.0, ""DC-4"": 0.0, ""DC-5"": 0.0}",1000,0,1000,824,0.824,168,0.168,8,0.008,0,0,0,0,88000,0,nan,nan,nan,nan,nan,0.10000000149011612,nan,nan,nan,nan,nan,498,88000,88000,31504,1.809437179421804,0.9021597017186234,0.9072774801268635,-2.045857838358745,-0.6447976881331469,0.08489129543304444,0.8529799365135561,0.5976755403610597,0.6212616610007892,0.620777577565736,0.6231418109637308,0.0,1904.5733701789316,1000,0,1000,0,0,0,922,13,0.922,0.078,0.07008025357442094,1020188.4696943027,1091.1106627746553,11287.690855558083,0.0,152383826.55003422,7078767.312500001,40164451.61620338,199627045.4787376,0.0,199627045.4787376,47243218.92870338,0.0,0.0,0.0,199627045.4787376,55.45195707742711,13500.00000000001,627.122712969624,3558.252270563055,17685.374983532685,0.0,17685.374983532685,0.0,17685.374983532685,0.7633425931070283,0.035459961327003485,0.20119744556596827,0.0,0.0,213504.86147458566,199627.0454787376,52294588.52496812,0.0,52294588.52496812,55930.041203174456,52294.588524968116,0.0,0.0,0.0,0.0,20662.2,20.662200000000002,184.0,845.5,0.8455,1.0,1.0,980445.0,980.445,3148.4999999999995,4565.0,6673.021383981803,0.149707297866307,935,14528.0,254.0,19080117.6,807481.8999999993,0.11635099709134887,0.21200440528634362,0.2816397648647347,0.5137795275590552,84.95262780233091,153,0.104520452161604,0.16977035790456588,0.44933985523731207,0.14573602972037342,0.20021159005569547,0.24872123027228532,0.977479048343547,0,0.0,0.0,0.0,0.0,0.0,0.0,0.0,0,0.0
89,130,host_pretrain,True,True,0.0,False,True,True,True,1000,0,89000,0,0,9.347454999995534,13344.835415758536,0.0,1000,882,118,0,0.882,0.118,280,0.28,173,0,0.0,15,0,170000.0,0.3,True,1000,0,0,1000,0,0,1000,1.0,0,0.0,0,0.0,0,0.0,0,0.0,0.0,0,"{""DC-1"": {""DC-1"": 206}, ""DC-2"": {""DC-2"": 192}, ""DC-3"": {""DC-3"": 188}, ""DC-4"": {""DC-4"": 232}, ""DC-5"": {""DC-5"": 182}}","{""DC-1"": 0.0, ""DC-2"": 0.0, ""DC-3"": 0.0, ""DC-4"": 0.0, ""DC-5"": 0.0}",1000,0,1000,709,0.709,280,0.28,11,0.011,0,0,0,0,89000,0,nan,nan,nan,nan,nan,0.10000000149011612,nan,nan,nan,nan,nan,502,89000,89000,32006,1.8677579245244365,0.9319031108838628,0.9358548143826633,-2.0229714833407764,-0.5956331933366201,0.08464930355548858,0.831178118983113,0.595421859467647,0.6094331869380586,0.6094742172223282,0.6102672587761069,0.0,1563.8509086807328,1000,0,1000,0,0,0,865,17,0.865,0.135,0.12365944808289452,1027697.1463420638,1165.1895083243353,13344.835415758536,0.0,180155278.1127403,7828659.218750011,39936975.493732475,227920912.8252228,0.0,227920912.8252228,47765634.71248248,0.0,0.0,0.0,227920912.8252228,63.311364673673,13500.000000000005,586.6433698766618,2992.691498208516,17079.33486808518,0.0,17079.33486808518,0.0,17079.33486808518,0.7904289074644469,0.03434813910539786,0.1752229534301552,0.0,0.0,258413.73336193062,227920.9128252228,52690383.85613909,0.0,52690383.85613909,59739.664235985365,52690.383856139095,0.0,0.0,0.0,0.0,21078.0,21.078,184.0,853.2,0.8532000000000001,1.0,1.0,973027.0,973.027,3122.7999999999993,4531.0,6672.880004421815,0.1497104697429008,882,14528.0,254.0,21070763.0,808719.0000000002,0.10868289772960166,0.209113436123348,0.23858915990123988,0.4893700787401574,69.85009338513571,142,0.09777389497944351,0.16590639417801076,0.4645606598905073,0.12311030438486802,0.1711423426678834,0.21467758613426535,0.9934693709884741,0,0.0,0.0,0.0,0.0,0.0,0.0,0.0,0,0.0
90,131,host_pretrain,True,True,0.0,False,True,True,True,1000,0,90000,0,0,9.514865900004224,12011.223459156749,0.0,1000,947,53,0,0.947,0.053,111,0.111,68,0,0.0,12,0,170000.0,0.3,True,1000,0,0,1000,0,0,1000,1.0,0,0.0,0,0.0,0,0.0,0,0.0,0.0,0,"{""DC-1"": {""DC-1"": 200}, ""DC-2"": {""DC-2"": 207}, ""DC-3"": {""DC-3"": 205}, ""DC-4"": {""DC-4"": 182}, ""DC-5"": {""DC-5"": 206}}","{""DC-1"": 0.0, ""DC-2"": 0.0, ""DC-3"": 0.0, ""DC-4"": 0.0, ""DC-5"": 0.0}",1000,0,1000,879,0.879,111,0.111,10,0.01,0,0,0,0,90000,0,nan,nan,nan,nan,nan,0.10000000149011612,nan,nan,nan,nan,nan,500,90000,90000,32506,1.8069776554703711,0.9017682655155659,0.9052093917131424,-2.062755301475525,-0.6227534957826137,0.084418123960495,0.8427531514167785,0.5975388658046722,0.6488418857641518,0.6487020644657314,0.6491004634890706,0.0,1981.9637397603935,1000,0,1000,0,0,0,938,9,0.938,0.062,0.05783967047336323,1039220.046304761,1097.3812526977413,12011.223459156749,0.0,162151516.69861624,7673330.593749999,41295967.86313546,211120815.1555017,0.0,211120815.1555017,48969298.45688546,0.0,0.0,0.0,211120815.1555017,58.644670876528245,13500.000000000011,638.8467103157789,3438.1150266298228,17576.961736945614,0.0,17576.961736945614,0.0,17576.961736945614,0.7680508271019275,0.036345684759213265,0.1956034881388592,0.0,0.0,222936.44683791097,211120.81515550168,54170146.97576594,0.0,54170146.97576594,57201.84474737692,54170.14697576594,0.0,0.0,0.0,0.0,20253.6,20.2536,184.0,840.1,0.8401000000000001,1.0,1.0,1018764.0,1018.764,3539.3499999999985,4515.0,6813.879605665465,0.14661251119984156,947,14528.0,254.0,20507880.4,830401.7999999998,0.11752430675796663,0.2016382158590308,0.2721869621620021,0.49724409448818907,82.58850593973071,147,0.10647445171929648,0.17369579192484833,0.4858640883054865,0.1411348732095783,0.19797363607159266,0.24109924062558946,0.9974765079727491,0,0.0,0.0,0.0,0.0,0.0,0.0,0.0,0,0.0
91,132,host_pretrain,True,True,0.0,False,True,True,True,1000,0,91000,0,0,9.374387299998489,13171.422978570574,0.0,1000,876,124,0,0.876,0.124,209,0.209,93,0,0.0,34,0,170000.0,0.3,True,1000,0,0,1000,0,0,1000,1.0,0,0.0,0,0.0,0,0.0,0,0.0,0.0,0,"{""DC-1"": {""DC-1"": 203}, ""DC-2"": {""DC-2"": 197}, ""DC-3"": {""DC-3"": 210}, ""DC-4"": {""DC-4"": 188}, ""DC-5"": {""DC-5"": 202}}","{""DC-1"": 0.0, ""DC-2"": 0.0, ""DC-3"": 0.0, ""DC-4"": 0.0, ""DC-5"": 0.0}",1000,0,1000,783,0.783,209,0.209,8,0.008,0,0,0,0,91000,0,nan,nan,nan,nan,nan,0.10000000149011612,nan,nan,nan,nan,nan,502,91000,91000,33008,1.7696895936570793,0.8823119586266844,0.8873776370785625,-2.1347231779440468,-0.5969371135955105,0.08418730795383453,0.8328042865036969,0.596936082460016,0.6485393491213718,0.6484086911353576,0.6496405097437036,0.0,1517.224733904265,1000,0,1000,0,0,0,866,10,0.866,0.134,0.1266693384095727,1008589.3483245807,1151.357703566873,13171.422978570574,0.0,177814210.21070266,8251569.500000002,44136170.326655544,230201950.0373582,0.0,230201950.0373582,52387739.826655544,0.0,0.0,0.0,230201950.0373582,63.944986121488384,13499.999999999993,626.4751738232843,3350.903725319845,17477.37889914312,0.0,17477.37889914312,0.0,17477.37889914312,0.7724270371378096,0.035844915730126964,0.1917280471320635,0.0,0.0,262787.6141978975,230201.95003735818,57098306.15422754,0.0,57098306.15422754,65180.714787930985,57098.30615422754,0.0,0.0,0.0,0.0,22959.2,22.9592,184.0,840.3,0.8402999999999999,1.0,1.0,1008473.0,1008.473,3553.749999999999,4552.0,6703.727086649511,0.14902157965074547,876,14528.0,254.0,22515926.4,792112.3,0.11766608195669792,0.26135737885462557,0.2367665488594889,0.47637795275590544,70.63967207747922,140,0.10441252897054737,0.16048619146805237,0.4365841697575689,0.13844804414578912,0.19412568928070303,0.2305155889433556,0.9960199457070156,0,0.0,0.0,0.0,0.0,0.0,0.0,0.0,0,0.0
92,133,host_pretrain,True,True,0.0,False,True,True,True,1000,0,92000,0,0,11.185119900001155,13499.974252806494,0.0,1000,918,82,0,0.918,0.082,171,0.171,98,0,0.0,33,0,170000.0,0.3,True,1000,0,0,1000,0,0,1000,1.0,0,0.0,0,0.0,0,0.0,0,0.0,0.0,0,"{""DC-1"": {""DC-1"": 178}, ""DC-2"": {""DC-2"": 193}, ""DC-3"": {""DC-3"": 226}, ""DC-4"": {""DC-4"": 214}, ""DC-5"": {""DC-5"": 189}}","{""DC-1"": 0.0, ""DC-2"": 0.0, ""DC-3"": 0.0, ""DC-4"": 0.0, ""DC-5"": 0.0}",1000,0,1000,820,0.82,171,0.171,9,0.009,0,0,0,0,92000,0,nan,nan,nan,nan,nan,0.10000000149011612,nan,nan,nan,nan,nan,496,92000,92000,33504,1.7943166874709628,0.8958467615527972,0.8984699284717921,-2.1578951554913677,-0.5234925430756242,0.08400225192308426,0.8014937129712874,0.5962653955624949,0.6257813663462237,0.6255443032282675,0.6249992130286691,0.0,1779.4995828702106,1000,0,1000,0,0,0,900,18,0.9,0.1,0.0894943288993771,1036420.4382916463,1128.998298792643,13499.974252806494,0.0,182249652.41288805,7938515.406249996,45931920.30404019,236120088.12317824,0.0,236120088.12317824,53870435.71029019,0.0,0.0,0.0,236120088.12317824,65.58891336754951,13500.000000000027,588.0392997490101,3402.3709559661906,17490.41025571523,0.0,17490.41025571523,0.0,17490.41025571523,0.7718515347911133,0.033620669335464,0.1945277958734227,0.0,0.0,257211.4249707824,236120.08812317826,58831809.42409155,0.0,58831809.42409155,64086.938370470096,58831.809424091545,0.0,0.0,0.0,0.0,21027.2,21.0272,184.0,842.7,0.8427,1.0,1.0,997996.0,997.996,3210.6999999999975,4583.0,7027.096528268305,0.14216397853384613,918,14528.0,254.0,21823310.8,800810.7000000001,0.11127096804886218,0.23072687224669602,0.2335410403349941,0.4775590551181103,69.36368784594765,146,0.09800654995816839,0.15082825354835555,0.36711175725413214,0.14116086181452034,0.20258015671925417,0.23335912268308212,0.9996315361264144,0,0.0,0.0,0.0,0.0,0.0,0.0,0.0,0,0.0
93,134,host_pretrain,True,True,0.0,False,True,True,True,1000,0,93000,0,0,10.32787339999777,16684.400379149836,0.0,1000,917,83,0,0.917,0.083,165,0.165,88,0,0.0,26,0,170000.0,0.3,True,1000,0,0,1000,0,0,1000,1.0,0,0.0,0,0.0,0,0.0,0,0.0,0.0,0,"{""DC-1"": {""DC-1"": 182}, ""DC-2"": {""DC-2"": 194}, ""DC-3"": {""DC-3"": 200}, ""DC-4"": {""DC-4"": 215}, ""DC-5"": {""DC-5"": 209}}","{""DC-1"": 0.0, ""DC-2"": 0.0, ""DC-3"": 0.0, ""DC-4"": 0.0, ""DC-5"": 0.0}",1000,0,1000,829,0.829,165,0.165,6,0.006,0,0,0,0,93000,0,nan,nan,nan,nan,nan,0.10000000149011612,nan,nan,nan,nan,nan,502,93000,93000,34006,1.7573682767342762,0.8769022197540538,0.8804660540712307,-2.1702001921209204,-0.5768204548347934,0.08377114981412888,0.8237281819263778,0.597425561739629,0.6723762786468543,0.6720848146981868,0.6728088735599086,0.0,1757.5929278626595,1000,0,1000,0,0,0,904,13,0.904,0.096,0.08843350830044738,1096369.0498337115,1195.6041982919428,16684.400379149836,0.0,225239405.11852288,8548847.468749987,48972630.59116979,282760883.17844266,0.0,282760883.17844266,57521478.059919775,0.0,0.0,0.0,282760883.17844266,78.54468977178962,13500.000000000005,512.3856581284942,2935.2346789981084,16947.62033712661,0.0,16947.62033712661,0.0,16947.62033712661,0.7965720101969708,0.03023348694011202,0.1731945028629172,0.0,0.0,308354.2891804173,282760.88317844266,62949644.60728213,0.0,62949644.60728213,68647.37688907539,62949.644607282135,0.0,0.0,0.0,0.0,21477.6,21.4776,184.0,842.0,0.842,1.0,1.0,1062099.0,1062.099,3521.9999999999955,4567.0,6297.52919953654,0.1586336431871599,917,14528.0,254.0,23079727.4,870405.7999999999,0.09521694443894832,0.2538546255506608,0.20538913058400188,0.5578740157480315,60.96964690869125,167,0.0853976096880825,0.1285563527747336,0.33909369659278604,0.12245986991257465,0.1628615330168923,0.1913538619382099,0.7916376795000541,0,0.0,0.0,0.0,0.0,0.0,0.0,0.0,0,0.0
94,135,host_pretrain,True,True,0.0,False,True,True,True,1000,0,94000,0,0,11.030407999998715,13585.330896703348,0.0,1000,909,91,0,0.909,0.091,141,0.141,56,0,0.0,52,0,170000.0,0.3,True,1000,0,0,1000,0,0,1000,1.0,0,0.0,0,0.0,0,0.0,0,0.0,0.0,0,"{""DC-1"": {""DC-1"": 186}, ""DC-2"": {""DC-2"": 193}, ""DC-3"": {""DC-3"": 216}, ""DC-4"": {""DC-4"": 192}, ""DC-5"": {""DC-5"": 213}}","{""DC-1"": 0.0, ""DC-2"": 0.0, ""DC-3"": 0.0, ""DC-4"": 0.0, ""DC-5"": 0.0}",1000,0,1000,853,0.853,141,0.141,6,0.006,0,0,0,0,94000,0,nan,nan,nan,nan,nan,0.10000000149011612,nan,nan,nan,nan,nan,500,94000,94000,34506,1.676478738307953,0.8370752637088299,0.8394034728109837,-2.187403356552124,-0.5813480879850685,0.08353998363018036,0.825471700668335,0.5978680367469787,0.6903760973028839,0.6904231789037585,0.690766772236675,0.0,1714.6737319127337,1000,0,1000,0,0,0,895,14,0.895,0.105,0.09887617196413682,1072982.2460473652,1180.398510503152,13585.330896703348,0.0,183401967.10549533,8960379.53125,42680422.92567244,235042769.56241778,0.0,235042769.56241778,51640802.45692244,0.0,0.0,0.0,235042769.56241778,65.28965821178272,13500.00000000001,659.5628475581959,3141.655013793546,17301.21786135175,0.0,17301.21786135175,0.0,17301.21786135175,0.7802918909053752,0.03812233640682356,0.18158577268780124,0.0,0.0,258572.90380904046,235042.7695624178,56884007.0764299,0.0,56884007.0764299,62578.66565063796,56884.0070764299,0.0,0.0,0.0,0.0,22665.0,22.665,184.0,837.5,0.8375,1.0,1.0,1065122.0,1065.122,3595.3499999999995,4568.0,6678.34008854157,0.14958806930393442,909,14528.0,254.0,24479515.0,850449.5999999999,0.12403000379107652,0.23237885462555066,0.24645897822525856,0.512992125984252,73.75874813937413,152,0.10992714125969932,0.16988943798516756,0.4670434715510937,0.12883756850006006,0.18818649546443195,0.22344198978981097,0.9796770315421774,0,0.0,0.0,0.0,0.0,0.0,0.0,0.0,0,0.0
95,136,host_pretrain,True,True,0.0,False,True,True,True,1000,0,95000,0,0,10.668085700002848,12952.429629669252,0.0,1000,939,61,0,0.939,0.061,135,0.135,84,0,0.0,16,0,170000.0,0.3,True,1000,0,0,1000,0,0,1000,1.0,0,0.0,0,0.0,0,0.0,0,0.0,0.0,0,"{""DC-1"": {""DC-1"": 201}, ""DC-2"": {""DC-2"": 199}, ""DC-3"": {""DC-3"": 196}, ""DC-4"": {""DC-4"": 196}, ""DC-5"": {""DC-5"": 208}}","{""DC-1"": 0.0, ""DC-2"": 0.0, ""DC-3"": 0.0, ""DC-4"": 0.0, ""DC-5"": 0.0}",1000,0,1000,855,0.855,135,0.135,10,0.01,0,0,0,0,95000,0,nan,nan,nan,nan,nan,0.10000000149011612,nan,nan,nan,nan,nan,500,95000,95000,35006,1.7070127594470978,0.8508298783898354,0.8561828809082508,-2.1495183119773866,-0.5716013482902199,0.08332086652517319,0.8204720003604888,0.5974805960655213,0.6972763953953981,0.6972424886971712,0.6965875573605299,0.0,1932.4559327824493,1000,0,1000,0,0,0,932,7,0.932,0.068,0.06454294385945121,1011939.7268068522,1077.6780903161364,12952.429629669252,0.0,174857800.0005347,7796571.6875,42142678.713229716,224797050.40126443,0.0,224797050.40126443,49939250.400729716,0.0,0.0,0.0,224797050.40126443,62.44362511146234,13499.999999999985,601.9389342707505,3253.650466990096,17355.589401260833,0.0,17355.589401260833,0.0,17355.589401260833,0.7778473947430014,0.03468271346791722,0.18746989178908138,0.0,0.0,239400.47966055849,224797.05040126442,55209061.47632164,0.0,55209061.47632164,58795.592626540616,55209.061476321636,0.0,0.0,0.0,0.0,20093.6,20.0936,184.0,846.9000000000001,0.8469000000000001,1.0,1.0,977889.0,977.889,3179.6499999999987,4548.0,6593.385153110852,0.1515154926947742,939,14528.0,254.0,21184150.4,815290.6999999998,0.11257811652714805,0.2495319383259912,0.2478149657852088,0.5114173228346457,73.177004399923,148,0.10032315571179173,0.1512369256367104,0.38766522220008265,0.13433222953124277,0.1793697988808928,0.21978917613525994,0.9997636262114589,0,0.0,0.0,0.0,0.0,0.0,0.0,0.0,0,0.0
96,137,host_pretrain,True,True,0.0,False,True,True,True,1000,0,96000,0,0,10.547902500002238,13625.071832958572,0.0,1000,937,63,0,0.937,0.063,161,0.161,107,0,0.0,16,0,170000.0,0.3,True,1000,0,0,1000,0,0,1000,1.0,0,0.0,0,0.0,0,0.0,0,0.0,0.0,0,"{""DC-1"": {""DC-1"": 212}, ""DC-2"": {""DC-2"": 184}, ""DC-3"": {""DC-3"": 224}, ""DC-4"": {""DC-4"": 188}, ""DC-5"": {""DC-5"": 192}}","{""DC-1"": 0.0, ""DC-2"": 0.0, ""DC-3"": 0.0, ""DC-4"": 0.0, ""DC-5"": 0.0}",1000,0,1000,830,0.83,161,0.161,9,0.009,0,0,0,0,96000,0,nan,nan,nan,nan,nan,0.10000000149011612,nan,nan,nan,nan,nan,500,96000,96000,35506,1.6770418879389764,0.836346261292696,0.8406956273913383,-2.1922545766830446,-0.606753397770226,0.08306147754192353,0.8334154798984528,0.5956500563621521,0.6861613479852676,0.6859556003864855,0.688313884858042,0.0,1883.640522262971,1000,0,1000,0,0,0,914,23,0.914,0.086,0.07529789144163844,1109603.2785812826,1184.2084083044638,13625.071832958572,0.0,183938469.74494064,8746189.468749996,47867333.87242877,240551993.0861194,0.0,240551993.0861194,56613523.34117876,0.0,0.0,0.0,240551993.0861194,66.81999807947761,13499.999999999993,641.918778555961,3513.180294333521,17655.099072889476,0.0,17655.099072889476,0.0,17655.099072889476,0.7646516139198618,0.03635883185394683,0.19898955422619136,0.0,0.0,256725.71300546362,240551.99308611942,62100217.861711524,0.0,62100217.861711524,66275.57936148508,62100.21786171153,0.0,0.0,0.0,0.0,21215.4,21.215400000000002,184.0,857.5,0.8575,1.0,1.0,1027898.0,1027.898,3617.1499999999996,4580.0,6601.956836260039,0.15131877180916656,937,14528.0,254.0,24041951.4,873606.1999999998,0.12145770848343208,0.24995870044052862,0.2524312921322881,0.5708661417322837,73.83249147843658,164,0.10698646309266023,0.16667664291410897,0.46640953643472227,0.14608119314170312,0.18569396994626697,0.2334395121130452,0.9979396928469274,0,0.0,0.0,0.0,0.0,0.0,0.0,0.0,0,0.0
97,138,host_pretrain,True,True,0.0,False,True,True,True,1000,0,97000,0,0,10.129808199999388,12825.969795672201,0.0,1000,913,87,0,0.913,0.087,178,0.178,95,0,0.0,38,0,170000.0,0.3,True,1000,0,0,1000,0,0,1000,1.0,0,0.0,0,0.0,0,0.0,0,0.0,0.0,0,"{""DC-1"": {""DC-1"": 193}, ""DC-2"": {""DC-2"": 200}, ""DC-3"": {""DC-3"": 210}, ""DC-4"": {""DC-4"": 195}, ""DC-5"": {""DC-5"": 202}}","{""DC-1"": 0.0, ""DC-2"": 0.0, ""DC-3"": 0.0, ""DC-4"": 0.0, ""DC-5"": 0.0}",1000,0,1000,818,0.818,178,0.178,4,0.004,0,0,0,0,97000,0,nan,nan,nan,nan,nan,0.10000000149011612,nan,nan,nan,nan,nan,502,97000,97000,36008,1.6817604623349065,0.8391918397519693,0.842568625046675,-2.193574154994402,-0.5823468974201506,0.08282754123210907,0.8238738020102816,0.5969253123044018,0.7053668886957416,0.7059289343632846,0.7073485067900849,0.0,1742.2269874910644,1000,0,1000,0,0,0,905,8,0.905,0.095,0.0906977574269878,1061124.3897752545,1162.2392001919545,12825.969795672201,0.0,173150592.24157485,8270494.468750002,44610111.9186103,226031198.62893516,0.0,226031198.62893516,52880606.3873603,0.0,0.0,0.0,226031198.62893516,62.7864440635931,13500.000000000011,644.8241030117404,3478.108293507977,17622.93239651973,0.0,17622.93239651973,0.0,17622.93239651973,0.7660473124589676,0.03659005712006724,0.19736263042096516,0.0,0.0,247569.76848733315,226031.19862893515,57875154.21152554,0.0,57875154.21152554,63390.09223606302,57875.154211525536,0.0,0.0,0.0,0.0,21661.6,21.6616,184.0,845.9000000000001,0.8459000000000001,1.0,1.0,1024833.0,1024.833,3389.749999999999,4574.0,6340.813338047739,0.15755076624090944,913,14528.0,254.0,23401810.8,819409.7000000001,0.1255895255575349,0.26928689427312774,0.2515226912536019,0.5232283464566929,76.41917263291286,159,0.10747068383529003,0.16804398671486198,0.5019489671524878,0.14377160397042374,0.19453151625905163,0.24075515566002273,0.9504437299457335,0,0.0,0.0,0.0,0.0,0.0,0.0,0.0,0,0.0
98,139,host_pretrain,True,True,0.0,False,True,True,True,1000,0,98000,0,0,8.548497600000701,12743.380296941757,0.0,1000,869,131,0,0.869,0.131,236,0.236,107,0,0.0,27,0,170000.0,0.3,True,1000,0,0,1000,0,0,1000,1.0,0,0.0,0,0.0,0,0.0,0,0.0,0.0,0,"{""DC-1"": {""DC-1"": 210}, ""DC-2"": {""DC-2"": 217}, ""DC-3"": {""DC-3"": 188}, ""DC-4"": {""DC-4"": 201}, ""DC-5"": {""DC-5"": 184}}","{""DC-1"": 0.0, ""DC-2"": 0.0, ""DC-3"": 0.0, ""DC-4"": 0.0, ""DC-5"": 0.0}",1000,0,1000,762,0.762,236,0.236,2,0.002,0,0,0,0,98000,0,nan,nan,nan,nan,nan,0.10000000149011612,nan,nan,nan,nan,nan,498,98000,98000,36506,1.6935551994177231,0.8446958013267881,0.8488594001555538,-2.2155460712900124,-0.6226232767452946,0.08255942910909653,0.8395805923814276,0.596528284520988,0.719447126163237,0.7191191284457245,0.7209084002847174,0.0,1449.5514250224317,1000,0,1000,0,0,0,858,11,0.858,0.142,0.13554931500539888,1011500.5964455579,1163.9822743907455,12743.380296941757,0.0,172035634.0087139,8487442.968749994,48169398.8025661,228692475.78003,0.0,228692475.78003,56656841.771316096,0.0,0.0,0.0,228692475.78003,63.525687716675,13500.000000000015,666.0275979354449,3779.9545866277035,17945.982184563163,0.0,17945.982184563163,0.0,17945.982184563163,0.7522575170955251,0.03711290867703807,0.21062957422743672,0.0,0.0,263167.4059609091,228692.47578003,61121247.56698033,0.0,61121247.56698033,70335.15255118566,61121.24756698033,0.0,0.0,0.0,0.0,22284.0,22.284,184.0,846.0,0.846,1.0,1.0,997679.0,997.679,3414.749999999999,4577.0,6704.06921286136,0.14901397468920483,869,14528.0,254.0,22795338.0,789895.2000000003,0.12312764162828571,0.25963656387665196,0.2440344358861802,0.5043307086614172,72.53507142228423,148,0.11100459965590753,0.16675487447188458,0.4682484316954491,0.15645166969383054,0.20143211453604995,0.26139400720358075,0.8548473573172849,0,0.0,0.0,0.0,0.0,0.0,0.0,0.0,0,0.0
99,140,host_pretrain,True,True,0.0,False,True,True,True,1000,0,99000,0,0,8.518770799993945,12790.113730844057,0.0,1000,897,103,0,0.897,0.103,202,0.202,105,0,0.0,35,0,170000.0,0.3,True,1000,0,0,1000,0,0,1000,1.0,0,0.0,0,0.0,0,0.0,0,0.0,0.0,0,"{""DC-1"": {""DC-1"": 201}, ""DC-2"": {""DC-2"": 194}, ""DC-3"": {""DC-3"": 207}, ""DC-4"": {""DC-4"": 204}, ""DC-5"": {""DC-5"": 194}}","{""DC-1"": 0.0, ""DC-2"": 0.0, ""DC-3"": 0.0, ""DC-4"": 0.0, ""DC-5"": 0.0}",1000,0,1000,792,0.792,202,0.202,6,0.006,0,0,0,0,99000,0,nan,nan,nan,nan,nan,0.10000000149011612,nan,nan,nan,nan,nan,502,99000,99000,37008,1.6643354927163676,0.8298741999078557,0.8344612951238317,-2.2116798613650865,-0.6006370777193739,0.08231514394283294,0.8298243894520034,0.596458114475843,0.7282082902813011,0.7280308761971583,0.729164955169111,0.0,1631.7715740918745,1000,0,1000,0,0,0,881,16,0.881,0.119,0.10888672560099628,1090347.79779195,1215.5493843834447,12790.113730844057,0.0,172666535.36639473,8221854.125000006,46884583.286395125,227772972.77778986,0.0,227772972.77778986,55106437.41139513,0.0,0.0,0.0,227772972.77778986,63.27027021605274,13499.999999999996,642.8288518789756,3665.6893185656663,17808.518170444637,0.0,17808.518170444637,0.0,17808.518170444637,0.7580641955041975,0.036096706403446116,0.20583909809235645,0.0,0.0,253927.5058838237,227772.97277778987,60494245.347814985,0.0,60494245.347814985,67440.63026512261,60494.245347814984,0.0,0.0,0.0,0.0,20100.2,20.1002,184.0,842.6,0.8426,1.0,1.0,1057421.0,1057.421,3568.05,4578.0,6788.320451345771,0.147164531662902,897,14528.0,254.0,22699493.8,868844.1999999997,0.12216194396851655,0.234375,0.2674445691943956,0.5224409448818897,78.93925114717261,152,0.10713814197982918,0.16573714752056062,0.4425176069532747,0.151893313138803,0.19335775170055153,0.24421902460203512,0.9937458670244037,0,0.0,0.0,0.0,0.0,0.0,0.0,0.0,0,0.0
100,141,host_pretrain,True,True,0.0,False,True,True,True,1000,0,100000,0,0,8.682028900002479,13179.837244449553,0.0,1000,880,120,0,0.88,0.12,241,0.241,128,0,0.0,20,0,170000.0,0.3,True,1000,0,0,1000,0,0,1000,1.0,0,0.0,0,0.0,0,0.0,0,0.0,0.0,0,"{""DC-1"": {""DC-1"": 206}, ""DC-2"": {""DC-2"": 183}, ""DC-3"": {""DC-3"": 219}, ""DC-4"": {""DC-4"": 192}, ""DC-5"": {""DC-5"": 200}}","{""DC-1"": 0.0, ""DC-2"": 0.0, ""DC-3"": 0.0, ""DC-4"": 0.0, ""DC-5"": 0.0}",1000,0,1000,752,0.752,241,0.241,7,0.007,0,0,0,0,100000,0,nan,nan,nan,nan,nan,0.10000000149011612,nan,nan,nan,nan,nan,498,100000,100000,37506,1.599178769083387,0.7978609486756075,0.8013178233999804,-2.2087867623830895,-0.6179317434722311,0.0820528358221054,0.836445838572031,0.5961330882516731,0.7301364301902104,0.7297877123369929,0.7310374005993148,0.0,1520.4557864920664,1000,0,1000,0,0,0,859,21,0.859,0.141,0.12669472730704165,1064447.2568362136,1209.5991554956972,13179.837244449553,0.0,177927802.80006897,9193377.187500006,48734758.70829524,235855938.6958642,0.0,235855938.6958642,57928135.89579525,0.0,0.0,0.0,235855938.6958642,65.51553852662894,13500.000000000002,697.5334381592328,3697.6753054229857,17895.208743582218,0.0,17895.208743582218,0.0,17895.208743582218,0.7543918706643489,0.03897878187139841,0.20662934746425285,0.0,0.0,268018.1121543911,235855.9386958642,62683770.06533701,0.0,62683770.06533701,71231.55689242842,62683.77006533701,0.0,0.0,0.0,0.0,21337.0,21.337,184.0,840.5,0.8405,1.0,1.0,1028968.0,1028.968,3481.949999999999,4535.0,6642.369063193728,0.15039814718149208,880,14528.0,254.0,25320992.0,825052.7000000007,0.13224060808216356,0.27677588105726875,0.24645516603369985,0.5078740157480315,73.52753922724735,152,0.11625557302653874,0.17192991711264194,0.46261990683479387,0.15265896024985634,0.1870102357440533,0.25505734831143045,0.9953783976514814,0,0.0,0.0,0.0,0.0,0.0,0.0,0.0,0,0.0
101,142,host_pretrain,True,True,0.0,False,True,True,True,1000,0,101000,0,0,8.623862300002656,11818.405847080106,0.0,1000,964,36,0,0.964,0.036,111,0.111,80,0,0.0,8,0,170000.0,0.3,True,1000,0,0,1000,0,0,1000,1.0,0,0.0,0,0.0,0,0.0,0,0.0,0.0,0,"{""DC-1"": {""DC-1"": 203}, ""DC-2"": {""DC-2"": 200}, ""DC-3"": {""DC-3"": 205}, ""DC-4"": {""DC-4"": 178}, ""DC-5"": {""DC-5"": 214}}","{""DC-1"": 0.0, ""DC-2"": 0.0, ""DC-3"": 0.0, ""DC-4"": 0.0, ""DC-5"": 0.0}",1000,0,1000,884,0.884,111,0.111,5,0.005,0,0,0,0,101000,0,nan,nan,nan,nan,nan,0.10000000149011612,nan,nan,nan,nan,nan,500,101000,101000,38006,1.574604539513588,0.7855659487843514,0.789038587719202,-2.209037381649017,-0.6304907894730568,0.08180418461561204,0.8416707882881165,0.5976976726055145,0.7673713424541057,0.767553210966289,0.7681592951826751,0.0,2075.4907212771923,1000,0,1000,0,0,0,957,7,0.957,0.043,0.039868750236872794,1023640.3252089209,1061.8675572706647,11818.405847080106,0.0,159548478.93558145,8657804.374999998,45860772.10765407,214067055.4182355,0.0,214067055.4182355,54518576.48265407,0.0,0.0,0.0,214067055.4182355,59.46307094950986,13500.0,732.5695603133331,3880.4533116439375,18113.02287195727,0.0,18113.02287195727,0.0,18113.02287195727,0.7453200989935705,0.040444356830548873,0.2142355441758806,0.0,0.0,222061.26080729824,214067.0554182355,59717182.28768068,0.0,59717182.28768068,61947.28453078908,59717.18228768068,0.0,0.0,0.0,0.0,22560.4,22.5604,184.0,847.7,0.8477,1.0,1.0,991727.0,991.727,3568.6499999999987,4583.0,6928.934427114907,0.14417801330181834,964,14528.0,254.0,23706724.0,859421.6999999998,0.1380723805417949,0.26723568281938326,0.2862949575247452,0.5102362204724408,82.81023791730736,146,0.12209492671888887,0.17948935042675,0.46532458462029924,0.15960807442283245,0.20089416207756627,0.2691775423975132,0.9874014211854728,0,0.0,0.0,0.0,0.0,0.0,0.0,0.0,0,0.0
102,143,host_pretrain,True,True,0.0,False,True,True,True,1000,0,102000,0,0,8.423598299996229,12091.863241471143,0.0,1000,918,82,0,0.918,0.082,195,0.195,115,0,0.0,32,0,170000.0,0.3,True,1000,0,0,1000,0,0,1000,1.0,0,0.0,0,0.0,0,0.0,0,0.0,0.0,0,"{""DC-1"": {""DC-1"": 203}, ""DC-2"": {""DC-2"": 191}, ""DC-3"": {""DC-3"": 210}, ""DC-4"": {""DC-4"": 192}, ""DC-5"": {""DC-5"": 204}}","{""DC-1"": 0.0, ""DC-2"": 0.0, ""DC-3"": 0.0, ""DC-4"": 0.0, ""DC-5"": 0.0}",1000,0,1000,803,0.803,195,0.195,2,0.002,0,0,0,0,102000,0,nan,nan,nan,nan,nan,0.10000000149011612,nan,nan,nan,nan,nan,498,102000,102000,38504,1.6062344088851208,0.8015822751155819,0.8046521355050156,-2.210263286728457,-0.6271956610497103,0.08155906051397324,0.8392612297372167,0.596972311596315,0.7608948436240295,0.7609003465847078,0.762001133131155,0.0,1777.1102656620487,1000,0,1000,0,0,0,907,11,0.907,0.093,0.08723758787567075,1014104.294086663,1104.6887735148835,12091.863241471143,0.0,163240153.75986055,8195755.781250002,42017556.21733246,213453465.758443,0.0,213453465.758443,50213311.99858246,0.0,0.0,0.0,213453465.758443,59.29262937734528,13500.00000000001,677.7909754338964,3474.8620107797747,17652.65298621368,0.0,17652.65298621368,0.0,17652.65298621368,0.7647575698985983,0.038395983649779766,0.19684644645162191,0.0,0.0,232520.1152052756,213453.465758443,55274126.64147599,0.0,55274126.64147599,60211.466929712406,55274.12664147599,0.0,0.0,0.0,0.0,22476.0,22.476,184.0,830.1,0.8301000000000001,1.0,1.0,990464.0,990.464,3437.6999999999994,4542.0,6737.94248467636,0.14826484528058187,918,14528.0,254.0,22281534.0,804889.6999999996,0.1268370198165173,0.26500550660792954,0.26206524365459466,0.5216535433070864,78.48715959216672,157,0.11296516257231602,0.17059724960711772,0.4580698705034957,0.14392193661530944,0.18752341916805945,0.2430154184021028,0.9971995017810817,0,0.0,0.0,0.0,0.0,0.0,0.0,0.0,0,0.0
103,144,host_pretrain,True,True,0.0,False,True,True,True,1000,0,103000,0,0,11.137312999999267,12765.67112899708,0.0,1000,973,27,0,0.973,0.027,103,0.103,83,0,0.0,10,0,170000.0,0.3,True,1000,0,0,1000,0,0,1000,1.0,0,0.0,0,0.0,0,0.0,0,0.0,0.0,0,"{""DC-1"": {""DC-1"": 181}, ""DC-2"": {""DC-2"": 192}, ""DC-3"": {""DC-3"": 215}, ""DC-4"": {""DC-4"": 198}, ""DC-5"": {""DC-5"": 214}}","{""DC-1"": 0.0, ""DC-2"": 0.0, ""DC-3"": 0.0, ""DC-4"": 0.0, ""DC-5"": 0.0}",1000,0,1000,890,0.89,103,0.103,7,0.007,0,0,0,0,103000,0,nan,nan,nan,nan,nan,0.10000000149011612,nan,nan,nan,nan,nan,504,103000,103000,39008,1.58286305173995,0.7901334861027343,0.7927295638041364,-2.2246329968883876,-0.6215264534740339,0.08129790872335434,0.8378179974499202,0.5977109438843198,0.7883390422673926,0.7883694708339929,0.7886344392170449,0.0,2129.1856247481496,1000,0,1000,0,0,0,964,9,0.964,0.036,0.029749804449520273,1116632.6440793287,1147.6183392387757,12765.67112899708,0.0,172336560.24146068,8829507.375000007,46617657.84529591,227783725.4617566,0.0,227783725.4617566,55447165.22029592,0.0,0.0,0.0,227783725.4617566,63.273257072710166,13500.000000000007,691.6602570893339,3651.7984345848,17843.45869167414,0.0,17843.45869167414,0.0,17843.45869167414,0.7565797771201827,0.038762678751965644,0.20465754412785173,0.0,0.0,234104.54826490913,227783.72546175658,61059616.878807425,0.0,61059616.878807425,62753.9741817137,61059.61687880743,0.0,0.0,0.0,0.0,19962.2,19.9622,184.0,830.3,0.8302999999999999,1.0,1.0,1058131.0,1058.131,3566.199999999999,4543.0,6828.495069200111,0.1462987070908177,973,14528.0,254.0,23919497.6,884348.8,0.12897411916616275,0.2623898678414097,0.2727383585080585,0.5578740157480314,82.44509743082233,171,0.1152767095148889,0.16861403153084595,0.4590905075243333,0.15035050688719953,0.18915561644992612,0.24720542535990986,0.9964022210718475,0,0.0,0.0,0.0,0.0,0.0,0.0,0.0,0,0.0
104,145,host_pretrain,True,True,0.0,False,True,True,True,1000,0,104000,0,0,14.23307560000103,11446.218568626922,0.0,1000,955,45,0,0.955,0.045,144,0.144,103,0,0.0,8,0,170000.0,0.3,True,1000,0,0,1000,0,0,1000,1.0,0,0.0,0,0.0,0,0.0,0,0.0,0.0,0,"{""DC-1"": {""DC-1"": 180}, ""DC-2"": {""DC-2"": 222}, ""DC-3"": {""DC-3"": 210}, ""DC-4"": {""DC-4"": 197}, ""DC-5"": {""DC-5"": 191}}","{""DC-1"": 0.0, ""DC-2"": 0.0, ""DC-3"": 0.0, ""DC-4"": 0.0, ""DC-5"": 0.0}",1000,0,1000,852,0.852,144,0.144,4,0.004,0,0,0,0,104000,0,nan,nan,nan,nan,nan,0.10000000149011612,nan,nan,nan,nan,nan,498,104000,104000,39506,1.5654548988284835,0.7806976272399166,0.7847572732641994,-2.2229832592738203,-0.5978075395035277,0.08104186207056045,0.8281362853854536,0.5974358787019569,0.7881962560476309,0.7883430643448509,0.789784445722838,0.0,2019.5550177304106,1000,0,1000,0,0,0,947,8,0.947,0.053,0.04890322315069781,1054729.4151342167,1104.4287069468237,11446.218568626922,0.0,154523950.67646372,8033613.000000003,42240011.68585635,204797575.36232007,0.0,204797575.36232007,50273624.68585635,0.0,0.0,0.0,204797575.36232007,56.88821537842224,13500.000000000024,701.8573821418568,3690.3027347068582,17892.16011684874,0.0,17892.16011684874,0.0,17892.16011684874,0.754520410718173,0.03922709038809293,0.20625249889373412,0.0,0.0,214447.72289248175,204797.57536232006,55564172.446629286,0.0,55564172.446629286,58182.37952526627,55564.17244662929,0.0,0.0,0.0,0.0,20515.6,20.5156,184.0,838.2,0.8382000000000001,1.0,1.0,1028417.0,1028.417,3487.5499999999984,4570.0,6904.072084804423,0.1446972145900327,955,14528.0,254.0,22253388.4,846762.7999999999,0.13382223601545978,0.2407213656387665,0.2912500570416358,0.5303149606299215,88.21620816918646,161,0.11697623035697609,0.17921454298957537,0.47222142203277845,0.15163394265047703,0.19938124582427638,0.26448875468845207,0.9981515216394405,0,0.0,0.0,0.0,0.0,0.0,0.0,0.0,0,0.0
105,146,host_pretrain,True,True,0.0,False,True,True,True,1000,0,105000,0,0,13.178750899998704,10818.673615274698,0.0,1000,982,18,0,0.982,0.018,72,0.072,57,0,0.0,3,0,170000.0,0.3,True,1000,0,0,1000,0,0,1000,1.0,0,0.0,0,0.0,0,0.0,0,0.0,0.0,0,"{""DC-1"": {""DC-1"": 216}, ""DC-2"": {""DC-2"": 206}, ""DC-3"": {""DC-3"": 166}, ""DC-4"": {""DC-4"": 194}, ""DC-5"": {""DC-5"": 218}}","{""DC-1"": 0.0, ""DC-2"": 0.0, ""DC-3"": 0.0, ""DC-4"": 0.0, ""DC-5"": 0.0}",1000,0,1000,925,0.925,72,0.072,3,0.003,0,0,0,0,105000,0,nan,nan,nan,nan,nan,0.10000000149011612,nan,nan,nan,nan,nan,502,105000,105000,40008,1.5366722519891671,0.767189035763541,0.7694832175020203,-2.229618086757888,-0.6447184715138013,0.08079864084720612,0.8456548214908615,0.598166267710378,0.8265923072261164,0.8264710993405833,0.8272839439698899,0.0,2206.0998536127013,1000,0,1000,0,0,0,978,4,0.978,0.022,0.01965351580128114,998886.8875936734,1017.1964232114801,10818.673615274698,0.0,146052093.8062085,8375262.968749987,39331623.57667594,193758980.35163444,0.0,193758980.35163444,47706886.54542592,0.0,0.0,0.0,193758980.35163444,53.82193898656512,13500.000000000005,774.1487789154761,3635.5310249071845,17909.67980382267,0.0,17909.67980382267,0.0,17909.67980382267,0.7537823203918221,0.043225160214770596,0.2029925193934071,0.0,0.0,197310.57062284567,193758.98035163444,52845615.20498114,0.0,52845615.20498114,53814.27210283212,52845.61520498114,0.0,0.0,0.0,0.0,21450.0,21.45,184.0,834.0000000000001,0.8340000000000001,1.0,1.0,981913.0,981.913,3262.0499999999993,4551.0,6584.405243037528,0.15172213178348357,982,14528.0,254.0,23237200.0,809413.1000000004,0.1478440822901268,0.2930203744493392,0.2945523509954399,0.5807086614173226,90.26670317710698,176,0.12902479648591292,0.1889449561353433,0.4950334874328012,0.14924116924281608,0.1902898461076007,0.24824587056706704,0.9786808687576858,0,0.0,0.0,0.0,0.0,0.0,0.0,0.0,0,0.0
106,147,host_pretrain,True,True,0.0,False,True,True,True,1000,0,106000,0,0,12.804137600003742,12838.86410128825,0.0,1000,945,55,0,0.945,0.055,154,0.154,105,0,0.0,10,0,170000.0,0.3,True,1000,0,0,1000,0,0,1000,1.0,0,0.0,0,0.0,0,0.0,0,0.0,0.0,0,"{""DC-1"": {""DC-1"": 199}, ""DC-2"": {""DC-2"": 191}, ""DC-3"": {""DC-3"": 205}, ""DC-4"": {""DC-4"": 204}, ""DC-5"": {""DC-5"": 201}}","{""DC-1"": 0.0, ""DC-2"": 0.0, ""DC-3"": 0.0, ""DC-4"": 0.0, ""DC-5"": 0.0}",1000,0,1000,840,0.84,154,0.154,6,0.006,0,0,0,0,106000,0,nan,nan,nan,nan,nan,0.10000000149011612,nan,nan,nan,nan,nan,498,106000,106000,40506,1.5363516841667244,0.7666500938764538,0.7697015900808166,-2.2234518279033493,-0.5919882898690202,0.08057845383882523,0.8234324864594333,0.5967543632629885,0.8074479855477331,0.8076103551567618,0.8074697691453508,0.0,1960.4684172523105,1000,0,1000,0,0,0,932,13,0.932,0.068,0.06116536553675621,1006518.0806496666,1065.0984980419753,12838.86410128825,0.0,173324665.3673916,8797691.718750004,41490365.656126216,223612722.7422678,0.0,223612722.7422678,50288057.374876216,0.0,0.0,0.0,223612722.7422678,62.11464520618549,13500.000000000016,685.2391028788321,3231.6227766569377,17416.861879535783,0.0,17416.861879535783,0.0,17416.861879535783,0.7751109294758807,0.03934343095893552,0.18554563956518388,0.0,0.0,236627.2198330876,223612.7227422678,54941014.56967556,0.0,54941014.56967556,58138.63975627043,54941.01456967556,0.0,0.0,0.0,0.0,22346.0,22.346,184.0,836.2,0.8362,1.0,1.0,952762.0,952.762,3134.6499999999987,4571.0,6759.447037938256,0.14779315443896307,945,14528.0,254.0,24076803.0,792366.5999999995,0.12908220819928046,0.2610820484581498,0.24297737858242996,0.5066929133858268,72.97078562471857,154,0.11420651714647195,0.1686360570791323,0.4677338007279352,0.13180821423526073,0.1654889503507538,0.23108785649132393,0.9985362827940106,0,0.0,0.0,0.0,0.0,0.0,0.0,0.0,0,0.0
107,148,host_pretrain,True,True,0.0,False,True,True,True,1000,0,107000,0,0,13.363245300002745,10541.976249739157,0.0,1000,957,43,0,0.957,0.043,136,0.136,99,0,0.0,6,0,170000.0,0.3,True,1000,0,0,1000,0,0,1000,1.0,0,0.0,0,0.0,0,0.0,0,0.0,0.0,0,"{""DC-1"": {""DC-1"": 191}, ""DC-2"": {""DC-2"": 197}, ""DC-3"": {""DC-3"": 204}, ""DC-4"": {""DC-4"": 195}, ""DC-5"": {""DC-5"": 213}}","{""DC-1"": 0.0, ""DC-2"": 0.0, ""DC-3"": 0.0, ""DC-4"": 0.0, ""DC-5"": 0.0}",1000,0,1000,858,0.858,136,0.136,6,0.006,0,0,0,0,107000,0,nan,nan,nan,nan,nan,0.10000000149011612,nan,nan,nan,nan,nan,498,107000,107000,41004,1.4885195758208691,0.7436211329985813,0.7448984447971405,-2.236181763281305,-0.6177623678245637,0.08034580796957017,0.8341260813326242,0.5977530311867894,0.8246581278831125,0.824728218965741,0.8243436593427715,0.0,2032.2105905871924,1000,0,1000,0,0,0,949,8,0.949,0.051,0.04539374225077344,1058222.5145715196,1105.7706526348168,10541.976249739157,0.0,142316679.37147868,7904116.968749997,45600247.69192898,195821044.03215766,0.0,195821044.03215766,53504364.66067898,0.0,0.0,0.0,195821044.03215766,54.394734453377126,13500.000000000005,749.7756380304472,4325.588164084252,18575.363802114705,0.0,18575.363802114705,0.0,18575.363802114705,0.7267690767091788,0.040363981347438765,0.2328669419433824,0.0,0.0,204619.69073370707,195821.04403215766,59136348.73805579,0.0,59136348.73805579,61793.46785585767,59136.348738055785,0.0,0.0,0.0,0.0,20586.2,20.5862,184.0,844.2,0.8442000000000001,1.0,1.0,1036231.0,1036.231,3450.4999999999986,4508.0,6713.343838978562,0.14880810874004008,957,14528.0,254.0,21961685.8,878847.7,0.14339625501290434,0.2543364537444934,0.32821458073824084,0.5362204724409446,96.63586559732639,156,0.12496260633840793,0.19042687790709129,0.520493410028545,0.17993937569788546,0.2257526599275622,0.2837429050228087,0.9635038049138203,0,0.0,0.0,0.0,0.0,0.0,0.0,0.0,0,0.0
108,149,host_pretrain,True,True,0.0,False,True,True,True,1000,0,108000,0,0,14.819338499997684,10745.357531500445,0.0,1000,944,56,0,0.944,0.056,159,0.159,110,0,0.0,8,0,170000.0,0.3,True,1000,0,0,1000,0,0,1000,1.0,0,0.0,0,0.0,0,0.0,0,0.0,0.0,0,"{""DC-1"": {""DC-1"": 218}, ""DC-2"": {""DC-2"": 179}, ""DC-3"": {""DC-3"": 209}, ""DC-4"": {""DC-4"": 193}, ""DC-5"": {""DC-5"": 201}}","{""DC-1"": 0.0, ""DC-2"": 0.0, ""DC-3"": 0.0, ""DC-4"": 0.0, ""DC-5"": 0.0}",1000,0,1000,834,0.834,159,0.159,7,0.007,0,0,0,0,108000,0,nan,nan,nan,nan,nan,0.10000000149011612,nan,nan,nan,nan,nan,504,108000,108000,41508,1.4901701651868366,0.7440091051338684,0.7461610574216123,-2.2321445336417547,-0.6019761187212896,0.08010802865028381,0.8260404110427887,0.5960427290863461,0.8326486917212605,0.8326792572698896,0.8351067546681161,0.0,1946.4296261777433,1000,0,1000,0,0,0,937,7,0.937,0.063,0.05884034086611822,1064953.8596801695,1128.1290886442473,10745.357531500445,0.0,145062326.6752563,9020597.81249999,46013790.858538166,200096715.34629446,0.0,200096715.34629446,55034388.67103816,0.0,0.0,0.0,200096715.34629446,55.582420929526236,13500.000000000027,839.48791708938,4282.2019391767,18621.689856266108,0.0,18621.689856266108,0.0,18621.689856266108,0.7249610590768885,0.045081188848545686,0.2299577520745659,0.0,0.0,211966.85947700686,200096.71534629446,60283105.88186082,0.0,60283105.88186082,63859.22233247969,60283.10588186082,0.0,0.0,0.0,0.0,24149.0,24.149,184.0,837.4000000000001,0.8374000000000001,1.0,1.0,1024391.0,1024.391,3118.2,4584.0,6505.59561279418,0.1535601133945867,944,14528.0,254.0,24597300.0,837175.7999999999,0.15756535651280015,0.2814564977973568,0.30673411348791063,0.5232283464566929,93.49963433554629,153,0.13991465284823015,0.19471572993590014,0.5046440244406469,0.17726392485462747,0.2273885019707015,0.2867850897408912,0.9902006735983341,0,0.0,0.0,0.0,0.0,0.0,0.0,0.0,0,0.0
109,150,host_pretrain,True,True,0.0,False,True,True,True,1000,0,109000,0,0,12.807855799997924,11321.260473914856,0.0,1000,915,85,0,0.915,0.085,224,0.224,140,0,0.0,9,0,170000.0,0.3,True,1000,0,0,1000,0,0,1000,1.0,0,0.0,0,0.0,0,0.0,0,0.0,0.0,0,"{""DC-1"": {""DC-1"": 217}, ""DC-2"": {""DC-2"": 209}, ""DC-3"": {""DC-3"": 216}, ""DC-4"": {""DC-4"": 207}, ""DC-5"": {""DC-5"": 151}}","{""DC-1"": 0.0, ""DC-2"": 0.0, ""DC-3"": 0.0, ""DC-4"": 0.0, ""DC-5"": 0.0}",1000,0,1000,775,0.775,224,0.224,1,0.001,0,0,0,0,109000,0,nan,nan,nan,nan,nan,0.10000000149011612,nan,nan,nan,nan,nan,496,109000,109000,42004,1.5341915060435571,0.7659448108545714,0.7682466938370659,-2.2234679455718687,-0.5132830088071886,0.07989070415496827,0.7900212274924401,0.5938025378892499,0.8030045349451322,0.8032059717112251,0.8040066473186016,0.0,1740.1746777748938,1000,0,1000,0,0,0,900,15,0.9,0.1,0.09310447044099124,1071718.384498243,1171.2769229488995,11321.260473914856,0.0,152837016.39785057,7684585.3125000065,46081878.26155675,206603479.97190732,0.0,206603479.97190732,53766463.57405676,0.0,0.0,0.0,206603479.97190732,57.389855547752035,13500.000000000002,678.7747115443499,4070.3840678989154,18249.158779443267,0.0,18249.158779443267,0.0,18249.158779443267,0.7397601261054868,0.037194849348834345,0.22304502454567893,0.0,0.0,225796.1529747621,206603.4799719073,58735245.32418277,0.0,58735245.32418277,64191.52494446204,58735.24532418277,0.0,0.0,0.0,0.0,18627.0,18.627,184.0,826.6000000000001,0.8266000000000001,1.0,1.0,988439.0,988.439,3155.949999999997,4488.0,6734.091044973534,0.14834964263598344,915,14528.0,254.0,20502213.0,808590.6000000002,0.12465225155200237,0.22170980176211455,0.28119020548904483,0.5003937007874016,85.41619568139906,153,0.11312911859072491,0.17749345874534891,0.5170395183457752,0.16861547832048907,0.22088790253822585,0.280205815697825,0.9829557961217565,0,0.0,0.0,0.0,0.0,0.0,0.0,0.0,0,0.0
110,151,host_pretrain,True,True,0.0,False,True,True,True,1000,0,110000,0,0,11.160013600005186,13863.179797697612,0.0,1000,974,26,0,0.974,0.026,89,0.089,67,0,0.0,9,0,170000.0,0.3,True,1000,0,0,1000,0,0,1000,1.0,0,0.0,0,0.0,0,0.0,0,0.0,0.0,0,"{""DC-1"": {""DC-1"": 190}, ""DC-2"": {""DC-2"": 183}, ""DC-3"": {""DC-3"": 196}, ""DC-4"": {""DC-4"": 201}, ""DC-5"": {""DC-5"": 230}}","{""DC-1"": 0.0, ""DC-2"": 0.0, ""DC-3"": 0.0, ""DC-4"": 0.0, ""DC-5"": 0.0}",1000,0,1000,907,0.907,89,0.089,4,0.004,0,0,0,0,110000,0,nan,nan,nan,nan,nan,0.10000000149011612,nan,nan,nan,nan,nan,502,110000,110000,42506,1.4459194829501953,0.7220867380381105,0.7238327430717024,-2.2301801713814298,-0.6485546767912004,0.07966335117816925,0.8445701622867964,0.5984708640679895,0.8722617385678914,0.8723114075295004,0.8709548263999808,0.0,2145.5491760064015,1000,0,1000,0,0,0,966,8,0.966,0.034,0.0286289253408236,1037924.9786534546,1065.6313949214114,13863.179797697612,0.0,187152927.2689177,8710238.437500013,42338437.39424833,238201603.10066605,0.0,238201603.10066605,51048675.831748344,0.0,0.0,0.0,238201603.10066605,66.16711197240724,13499.999999999996,628.3001854269107,3054.0206512563495,17182.320836683255,0.0,17182.320836683255,0.0,17182.320836683255,0.7856913002798948,0.036566665900308784,0.1777420338197965,0.0,0.0,244560.16745448258,238201.60310066605,56064904.13314467,0.0,56064904.13314467,57561.50321678098,56064.90413314467,0.0,0.0,0.0,0.0,20154.2,20.1542,184.0,837.5999999999999,0.8375999999999999,1.0,1.0,1000414.0,1000.414,3420.4999999999986,4571.0,6822.537627265766,0.14642645516641353,974,14528.0,254.0,24377976.0,839552.0999999996,0.12104001201931233,0.23237885462555066,0.2384246094027722,0.5314960629921266,71.01877162146543,161,0.10471669757115165,0.1755593459204639,0.5227059760334931,0.12465215594239049,0.16248412229205736,0.21863570866268806,0.9963656763809773,0,0.0,0.0,0.0,0.0,0.0,0.0,0.0,0,0.0
